face_id,pred_label,pred_name,pred_confidence,prob_background,prob_rivet,prob_surface_feature
1,0,background,0.8045095801353455,0.8045095801353455,0.0013818639563396,0.1943771094083786
2,0,background,0.9040182828903198,0.9040182828903198,0.0013814284466207,0.0947311520576477
3,0,background,0.8243491649627686,0.8243491649627686,0.0013767862692475,0.1745143234729766
4,0,background,0.9385167956352234,0.9385167956352234,0.0013813377590849,0.0601849965751171
5,0,background,0.8986436128616333,0.8986436128616333,0.0013741054572165,0.1001198589801788
6,0,background,0.8927424550056458,0.8927424550056458,0.0013976523187011,0.1060080528259277
7,0,background,0.8125199675559998,0.8125199675559998,0.0014062712434679,0.1863357871770858
8,0,background,0.9049142003059388,0.9049142003059388,0.0013814639532938,0.0938340052962303
9,0,background,0.877380907535553,0.877380907535553,0.0014065143186599,0.1213833093643188
10,0,background,0.8997086882591248,0.8997086882591248,0.0013720092829316,0.0990552380681037
11,0,background,0.811822235584259,0.811822235584259,0.0013803926995024,0.1870556026697158
12,0,background,0.9389908909797668,0.9389908909797668,0.0013817877043038,0.0597097873687744
13,0,background,0.936915397644043,0.936915397644043,0.0013652925845235,0.0618037283420562
14,0,background,0.9026868343353271,0.9026868343353271,0.001375705585815,0.0960695892572403
15,0,background,0.9202749729156494,0.9202749729156494,0.0013723516603931,0.0784603431820869
16,0,background,0.8105674982070923,0.8105674982070923,0.0014045821735635,0.188292384147644
17,0,background,0.9142601490020752,0.9142601490020752,0.001382369431667,0.0844742581248283
18,0,background,0.8957114815711975,0.8957114815711975,0.001398189458996,0.1030343472957611
19,0,background,0.9201257228851318,0.9201257228851318,0.0013719988055527,0.0786101147532463
20,0,background,0.8693658113479614,0.8693658113479614,0.00141007383354,0.1294065415859222
21,0,background,0.9026960134506226,0.9026960134506226,0.0013759204884991,0.0960602387785911
22,0,background,0.9029666781425476,0.9029666781425476,0.0013699828414246,0.095794603228569
23,0,background,0.9029256105422974,0.9029256105422974,0.0013696200912818,0.0958360433578491
24,0,background,0.861887514591217,0.861887514591217,0.0014088817406445,0.1368965208530426
25,0,background,0.8994645476341248,0.8994645476341248,0.0013735695974901,0.0992982611060142
26,0,background,0.8993139863014221,0.8993139863014221,0.0013731570215895,0.099449373781681
27,0,background,0.8645979166030884,0.8645979166030884,0.0014093366917222,0.1341818273067474
28,0,background,0.9046066999435424,0.9046066999435424,0.0013692985521629,0.0941529050469398
29,0,background,0.9044883847236632,0.9044883847236632,0.0013689799234271,0.094271644949913
30,0,background,0.8662187457084656,0.8662187457084656,0.0014009492006152,0.1325660198926925
31,0,background,0.9050638675689696,0.9050638675689696,0.001372200786136,0.0936924964189529
32,0,background,0.905036687850952,0.905036687850952,0.0013717616675421,0.0937201157212257
33,0,background,0.8641693592071533,0.8641693592071533,0.0014104061992838,0.1346100866794586
34,0,background,0.9005520939826965,0.9005520939826965,0.0013666865415871,0.0982154384255409
35,0,background,0.9003919959068298,0.9003919959068298,0.0013664971338585,0.0983759313821792
36,0,background,0.84368896484375,0.84368896484375,0.0014070046599954,0.1551222503185272
37,0,background,0.9033867716789246,0.9033867716789246,0.0013747586635872,0.0953695997595787
38,0,background,0.9032452702522278,0.9032452702522278,0.0013745569158345,0.0955114737153053
39,0,background,0.787842333316803,0.787842333316803,0.0014057283988222,0.2110486328601837
40,0,background,0.8985275030136108,0.8985275030136108,0.001371631748043,0.1002383679151535
41,0,background,0.898384153842926,0.898384153842926,0.0013714599190279,0.1003820747137069
42,0,background,0.9011439681053162,0.9011439681053162,0.001382456975989,0.0976085215806961
43,0,background,0.9005415439605713,0.9005415439605713,0.0013782522873952,0.098215602338314
44,0,background,0.9023091793060304,0.9023091793060304,0.0013835482532158,0.0964407101273536
45,0,background,0.9031937122344972,0.9031937122344972,0.0013741990551352,0.0955633893609047
46,0,background,0.9031942486763,0.9031942486763,0.0013741983566433,0.0955628603696823
47,0,background,0.9022949934005736,0.9022949934005736,0.0013835442950949,0.0964549109339714
48,0,background,0.9005162715911865,0.9005162715911865,0.001378201181069,0.0982409715652465
49,0,background,0.90107262134552,0.90107262134552,0.0013824418419972,0.0976799800992012
50,0,background,0.9337237477302552,0.9337237477302552,0.0014104042202234,0.0649574473500251
51,1,rivet,0.9988788962364196,0.0010293293744325,0.9988788962364196,0.0818606987595558
52,0,background,0.823443591594696,0.823443591594696,0.0028504284564405,0.1742025315761566
53,1,rivet,0.9988144636154176,0.0011083809658885,0.9988144636154176,0.0650806725025177
54,0,background,0.869195818901062,0.869195818901062,0.0013914873125031,0.1295929849147796
55,0,background,0.934658706188202,0.934658706188202,0.0014052879996597,0.0640260130167007
56,1,rivet,0.9983464479446412,0.001526471809484,0.9983464479446412,0.0768528804183006
57,0,background,0.8694222569465637,0.8694222569465637,0.0013941852375864,0.1293639242649078
58,1,rivet,0.9982989430427552,0.00156825047452,0.9982989430427552,0.0780728757381439
59,0,background,0.9325063228607178,0.9325063228607178,0.0014113568468019,0.0661756992340087
60,1,rivet,0.9988954067230223,0.0010245530866086,0.9988954067230223,0.0724612027406692
61,1,rivet,0.9988954067230223,0.0010245464509353,0.9988954067230223,0.0724672302603721
62,1,rivet,0.9988954067230223,0.0010245504090562,0.9988954067230223,0.0724636986851692
63,1,rivet,0.9988954067230223,0.0010245505254715,0.9988954067230223,0.0724635273218154
64,1,rivet,0.9988954067230223,0.0010245464509353,0.9988954067230223,0.0724671930074691
65,1,rivet,0.9988954067230223,0.0010245533194392,0.9988954067230223,0.0724609792232513
66,1,rivet,0.9988825917243958,0.0010245578596368,0.9988825917243958,0.0830944776535034
67,1,rivet,0.9988864064216614,0.0010188651503995,0.9988864064216614,0.0850655436515808
68,1,rivet,0.9988932013511658,0.0010260796407237,0.9988932013511658,0.0729302167892456
69,1,rivet,0.9988932013511658,0.0010260792914777,0.9988932013511658,0.0729304403066635
70,1,rivet,0.9988932013511658,0.0010260776616632,0.9988932013511658,0.0729319602251052
71,1,rivet,0.9988932013511658,0.0010260778944939,0.9988932013511658,0.0729317963123321
72,1,rivet,0.9988932013511658,0.0010260794078931,0.9988932013511658,0.0729303508996963
73,1,rivet,0.9988932013511658,0.0010260798735544,0.9988932013511658,0.0729299709200859
74,1,rivet,0.9988797307014464,0.001028100028634,0.9988797307014464,0.0822741985321044
75,0,background,0.8820721507072449,0.8820721507072449,0.0013798841973766,0.1167090013623237
76,0,background,0.9093690514564514,0.9093690514564514,0.0013690228806808,0.0893842875957489
77,0,background,0.8940573930740356,0.8940573930740356,0.0013730380451306,0.1047132909297943
78,0,background,0.9261383414268494,0.9261383414268494,0.0013722131261602,0.0725890696048736
79,0,background,0.6136378645896912,0.6136378645896912,0.0014070100151002,0.385497510433197
80,0,background,0.8716489672660828,0.8716489672660828,0.0013752379454672,0.1271506547927856
81,0,background,0.8794910311698914,0.8794910311698914,0.0013779024593532,0.1192954629659652
82,0,background,0.8887906074523926,0.8887906074523926,0.0013731517829,0.1099872514605522
83,0,background,0.9037503004074096,0.9037503004074096,0.0013737325789406,0.0950065329670906
84,0,background,0.8879083395004272,0.8879083395004272,0.0013726335018873,0.1108712181448936
85,0,background,0.8863962292671204,0.8863962292671204,0.0013737815897911,0.1123844012618064
86,0,background,0.880714476108551,0.880714476108551,0.0013739170972257,0.1180738508701324
87,0,background,0.8904451727867126,0.8904451727867126,0.0013720105635002,0.1083314344286918
88,0,background,0.8808545470237732,0.8808545470237732,0.0013744345633313,0.1179330870509147
89,0,background,0.9027867317199708,0.9027867317199708,0.0013733165105804,0.0959717482328414
90,0,background,0.9003430604934692,0.9003430604934692,0.0013684050645679,0.0984232276678085
91,0,background,0.9025596976280212,0.9025596976280212,0.0013682238059118,0.0962036848068237
92,0,background,0.9028977155685424,0.9028977155685424,0.0013733800733461,0.0958605855703353
93,0,background,0.8808720707893372,0.8808720707893372,0.0013744418974965,0.1179155558347702
94,0,background,0.890450656414032,0.890450656414032,0.0013720333809033,0.1083259508013725
95,0,background,0.8809207081794739,0.8809207081794739,0.0013739602873101,0.1178672984242439
96,0,background,0.8882614374160767,0.8882614374160767,0.0013739661080762,0.1105165109038353
97,0,background,0.8867146372795105,0.8867146372795105,0.0013744065072387,0.1120649799704551
98,0,background,0.9265096187591552,0.9265096187591552,0.001375300809741,0.0722143724560737
99,0,background,0.9106168746948242,0.9106168746948242,0.0013720204588025,0.0881320014595985
100,0,background,0.9093790650367736,0.9093790650367736,0.0013692054199054,0.0893741399049758
101,0,background,0.911332666873932,0.911332666873932,0.0013855550205335,0.0874028801918029
102,0,background,0.903189480304718,0.903189480304718,0.0013855617726221,0.0955573543906211
103,0,background,0.9149730205535888,0.9149730205535888,0.0013797336723655,0.0837628319859504
104,0,background,0.922674000263214,0.922674000263214,0.0013821574393659,0.0760489255189895
105,0,background,0.9099581837654114,0.9099581837654114,0.001387495547533,0.0887775346636772
106,0,background,0.9068956971168518,0.9068956971168518,0.0013832200784236,0.0918481200933456
107,0,background,0.8960645198822021,0.8960645198822021,0.0013781210873275,0.1026989072561264
108,0,background,0.9109377861022948,0.9109377861022948,0.0013871963601559,0.0877968370914459
109,0,background,0.8819257616996765,0.8819257616996765,0.0013861213810741,0.1168500855565071
110,0,background,0.919816553592682,0.919816553592682,0.0014093461213633,0.0788852646946907
111,0,background,0.9172385931015016,0.9172385931015016,0.0013897080207243,0.0814849659800529
112,0,background,0.9172309041023254,0.9172309041023254,0.001389633747749,0.0814927145838737
113,0,background,0.9198086857795716,0.9198086857795716,0.0014092702185735,0.0788931995630264
114,0,background,0.8820371031761169,0.8820371031761169,0.0013860698090866,0.1167386770248413
115,0,background,0.9109686017036438,0.9109686017036438,0.0013871063711121,0.0877660065889358
116,0,background,0.8961986899375916,0.8961986899375916,0.0013781236484646,0.102564513683319
117,0,background,0.906972587108612,0.906972587108612,0.0013832030817866,0.0917712077498436
118,0,background,0.9094382524490356,0.9094382524490356,0.0013872591080144,0.0892983376979827
119,0,background,0.9227010011672974,0.9227010011672974,0.0013821844477206,0.0760219022631645
120,0,background,0.914971888065338,0.914971888065338,0.0013797414721921,0.0837639644742012
121,0,background,0.9031941890716552,0.9031941890716552,0.0013855643337592,0.0955526158213615
122,0,background,0.911929190158844,0.911929190158844,0.0013855511788278,0.0868055149912834
123,0,background,0.9275233149528505,0.9275233149528505,0.0013991852756589,0.0711770951747894
124,0,background,0.8977616429328918,0.8977616429328918,0.0014074991922825,0.1009729504585266
125,0,background,0.9085094928741456,0.9085094928741456,0.0013984751421958,0.0902182161808013
126,0,background,0.9072275757789612,0.9072275757789612,0.0014024884440004,0.0914982482790947
127,0,background,0.8983315825462341,0.8983315825462341,0.0014059437671676,0.100403606891632
128,0,background,0.9286816716194152,0.9286816716194152,0.0013998529175296,0.0700164437294006
129,1,rivet,0.9988061189651488,0.0011129670310765,0.9988061189651488,0.0677739605307579
130,1,rivet,0.9988160133361816,0.0011043072445318,0.9988160133361816,0.0672976002097129
131,0,background,0.9064443111419678,0.9064443111419678,0.0013622845290228,0.0923191979527473
132,0,background,0.9061288237571716,0.9061288237571716,0.0013627840671688,0.0926346108317375
133,0,background,0.9152169823646544,0.9152169823646544,0.0013659961987286,0.0835311040282249
134,0,background,0.9110162258148192,0.9110162258148192,0.0013655247166752,0.0877380296587944
135,0,background,0.0010295646497979,0.0010295646497979,0.9988418221473694,0.1110478714108467
136,1,rivet,0.9988182187080384,0.0011050719767808,0.9988182187080384,0.064909853041172
137,1,rivet,0.9988225102424622,0.0011010521557182,0.9988225102424622,0.0649157240986824
138,0,background,0.0010250891791656,0.0010250891791656,0.9988402724266052,0.1160948127508163
139,1,rivet,0.998815655708313,0.0011074045905843,0.998815655708313,0.0649639889597892
140,0,background,0.635367751121521,0.635367751121521,0.0013910009292885,0.3637472689151764
141,0,background,0.9086695313453674,0.9086695313453674,0.0016727421898394,0.0898079350590705
142,0,background,0.9037829041481018,0.9037829041481018,0.0013912777649238,0.0949579179286956
143,0,background,0.9337140917778016,0.9337140917778016,0.0014468954177573,0.0649329349398613
144,0,background,0.9387909173965454,0.9387909173965454,0.0013890834525227,0.0599031969904899
145,0,background,0.9338738918304444,0.9338738918304444,0.0014710852410644,0.0647502690553665
146,0,background,0.8969048857688904,0.8969048857688904,0.0014238463481888,0.1018162369728088
147,0,background,0.9335767030715942,0.9335767030715942,0.001448219991289,0.0650693178176879
148,0,background,0.9038402438163756,0.9038402438163756,0.001391289755702,0.0949004665017128
149,0,background,0.9389630556106568,0.9389630556106568,0.001390763791278,0.0597292967140674
150,0,background,0.9339075684547424,0.9339075684547424,0.0014715715078637,0.0647160932421684
151,0,background,0.9045369625091552,0.9045369625091552,0.0014057853259146,0.0941896736621856
152,0,background,0.910411775112152,0.910411775112152,0.0013819495216012,0.088328368961811
153,0,background,0.8885066509246826,0.8885066509246826,0.0014126946916803,0.1102364212274551
154,0,background,0.90309339761734,0.90309339761734,0.0014056332875043,0.0956353768706321
155,0,background,0.9091889262199402,0.9091889262199402,0.0013771108351647,0.0895573049783706
156,0,background,0.9025372266769408,0.9025372266769408,0.0014153569936752,0.0961835086345672
157,0,background,0.9291558861732484,0.9291558861732484,0.001417908235453,0.069524772465229
158,0,background,0.8613054752349854,0.8613054752349854,0.00137971539516,0.1375045180320739
159,0,background,0.9379848837852478,0.9379848837852478,0.0013811731478199,0.0607178136706352
160,0,background,0.9373946189880372,0.9373946189880372,0.0013828777009621,0.0613072402775287
161,0,background,0.92957866191864,0.92957866191864,0.0014007251011207,0.0691174045205116
162,0,background,0.8450806736946106,0.8450806736946106,0.0013859760947525,0.1537464410066604
163,0,background,0.9099715948104858,0.9099715948104858,0.0013813192490488,0.0887696519494056
164,0,background,0.9239683151245116,0.9239683151245116,0.0013961836230009,0.0747398659586906
165,0,background,0.9249569773674012,0.9249569773674012,0.0013990546576678,0.0737471282482147
166,0,background,0.92527836561203,0.92527836561203,0.0013973568566143,0.0734268724918365
167,0,background,0.9240347743034364,0.9240347743034364,0.0013956278562545,0.0746737420558929
168,0,background,0.9104273915290833,0.9104273915290833,0.0013798939762637,0.0883145704865455
169,0,background,0.8449353575706482,0.8449353575706482,0.0013863311614841,0.1538916230201721
170,0,background,0.9037556052207948,0.9037556052207948,0.0013846443034708,0.0949913263320922
171,0,background,0.9052034020423888,0.9052034020423888,0.0013802554458379,0.0935454592108726
172,0,background,0.8948299288749695,0.8948299288749695,0.0013891805429011,0.103925235569477
173,0,background,0.8988151550292969,0.8988151550292969,0.001385094015859,0.0999381244182586
174,0,background,0.8910689353942871,0.8910689353942871,0.0013740753056481,0.1077050194144249
175,0,background,0.8980312347412109,0.8980312347412109,0.0013810055097565,0.1007269173860549
176,0,background,0.8974888920783997,0.8974888920783997,0.0013778101420029,0.1012728363275528
177,0,background,0.897484302520752,0.897484302520752,0.0013778101420029,0.1012774109840393
178,0,background,0.8979169726371765,0.8979169726371765,0.0013810357777401,0.1008412167429924
179,0,background,0.8910709619522095,0.8910709619522095,0.0013740924187004,0.1077029630541801
180,0,background,0.8984947800636292,0.8984947800636292,0.0013852647971361,0.1002588346600532
181,0,background,0.8947444558143616,0.8947444558143616,0.0013892032438889,0.1040108278393745
182,0,background,0.862573504447937,0.862573504447937,0.0014004303375259,0.1362168192863464
183,0,background,0.8993118405342102,0.8993118405342102,0.0013890867121517,0.0994371995329856
184,0,background,0.937571346759796,0.937571346759796,0.0013713372172787,0.0611411742866039
185,0,background,0.8542276620864868,0.8542276620864868,0.0014008318539708,0.1445740461349487
186,0,background,0.8974138498306274,0.8974138498306274,0.0013884307118132,0.1013384312391281
187,0,background,0.93747740983963,0.93747740983963,0.0013715103268623,0.0612350553274154
188,0,background,0.930834949016571,0.930834949016571,0.0013991858577355,0.0678608492016792
189,0,background,0.8721053600311279,0.8721053600311279,0.0014184862375259,0.1266558170318603
190,0,background,0.860515832901001,0.860515832901001,0.0014167784247547,0.1382632851600647
191,0,background,0.8364635705947876,0.8364635705947876,0.0014214017428457,0.162345752120018
192,0,background,0.9125239253044128,0.9125239253044128,0.0013851514086127,0.0862103030085563
193,0,background,0.9125692844390868,0.9125692844390868,0.0013849535025656,0.0861650854349136
194,0,background,0.8396250605583191,0.8396250605583191,0.0014214504044502,0.1591797322034835
195,0,background,0.9353312849998474,0.9353312849998474,0.0013814028352499,0.0633749067783355
196,0,background,0.88687664270401,0.88687664270401,0.0014139614067971,0.1118675842881202
197,0,background,0.84183669090271,0.84183669090271,0.0014049815945327,0.1569788306951522
198,0,background,0.9411961436271667,0.9411961436271667,0.0013651573099195,0.057517159730196
199,0,background,0.8847465515136719,0.8847465515136719,0.0014148288173601,0.1139998808503151
200,0,background,0.8526099324226379,0.8526099324226379,0.0014034716878086,0.1461917906999588
201,0,background,0.9413933157920836,0.9413933157920836,0.0013650150503963,0.057319950312376
202,0,background,0.934873104095459,0.934873104095459,0.0013802193570882,0.0638347715139389
203,0,background,0.8645545840263367,0.8645545840263367,0.001418383559212,0.1342173814773559
204,0,background,0.7815662622451782,0.7815662622451782,0.0014420190127566,0.2173050642013549
205,0,background,0.8020537495613098,0.8020537495613098,0.0014422512613236,0.1967878192663192
206,0,background,0.8915479183197021,0.8915479183197021,0.0014097918756306,0.1071934103965759
207,0,background,0.8924737572669983,0.8924737572669983,0.0014100824482738,0.106266051530838
208,0,background,0.8811041116714478,0.8811041116714478,0.0014110315823927,0.1176508367061615
209,0,background,0.8901365995407104,0.8901365995407104,0.0014099630061537,0.1086065992712974
210,0,background,0.9203376173973083,0.9203376173973083,0.0014461680548265,0.0783294886350631
211,0,background,0.8837887644767761,0.8837887644767761,0.0014089972246438,0.1149642691016197
212,0,background,0.8908566236495972,0.8908566236495972,0.0014080128166824,0.107887290418148
213,0,background,0.8816171884536743,0.8816171884536743,0.0014094468206167,0.1171384677290916
214,0,background,0.9410670399665833,0.9410670399665833,0.0013743947492912,0.0576377734541893
215,0,background,0.8319963812828064,0.8319963812828064,0.0013820871245115,0.166852131485939
216,0,background,0.9358997941017152,0.9358997941017152,0.0013972762972116,0.0627906695008277
217,0,background,0.8398792147636414,0.8398792147636414,0.0014109334442764,0.1589340567588806
218,0,background,0.8442061543464661,0.8442061543464661,0.0014016658533364,0.1546089053153991
219,0,background,0.8946821689605713,0.8946821689605713,0.0014104297151789,0.1040541529655456
220,0,background,0.8443715572357178,0.8443715572357178,0.0014016577042639,0.1544432938098907
221,0,background,0.9022619724273682,0.9022619724273682,0.0013845039065927,0.0964870825409889
222,0,background,0.9071270227432252,0.9071270227432252,0.0013942477526143,0.0916064605116844
223,0,background,0.9275882244110109,0.9275882244110109,0.0013934026937931,0.071117490530014
224,0,background,0.9275983572006226,0.9275983572006226,0.0013930848799645,0.0711076259613037
225,0,background,0.8972796201705933,0.8972796201705933,0.0014099086401984,0.1014535725116729
226,0,background,0.913631796836853,0.913631796836853,0.0013905685627833,0.085095927119255
227,0,background,0.913583517074585,0.913583517074585,0.0013912513386458,0.0851436778903007
228,0,background,0.8524463176727295,0.8524463176727295,0.001411524019204,0.1463487893342971
229,0,background,0.8393909335136414,0.8393909335136414,0.0014125386951491,0.159421756863594
230,0,background,0.902564525604248,0.902564525604248,0.0013979678042232,0.0961719453334808
231,0,background,0.8601434230804443,0.8601434230804443,0.0014172128867357,0.138635829091072
232,0,background,0.9025710821151732,0.9025710821151732,0.0013979723444208,0.0961653366684913
233,0,background,0.8394326567649841,0.8394326567649841,0.0014125360175967,0.1593799740076065
234,0,background,0.8969923257827759,0.8969923257827759,0.0013922586804255,0.101757101714611
235,0,background,0.8763067126274109,0.8763067126274109,0.0013839823659509,0.1224788501858711
236,0,background,0.8931030631065369,0.8931030631065369,0.0013921339996159,0.1056519001722335
237,0,background,0.8756279945373535,0.8756279945373535,0.0013847108930349,0.1231578141450882
238,0,background,0.8289164304733276,0.8289164304733276,0.0014215423725545,0.1699035465717315
239,0,background,0.9000142216682434,0.9000142216682434,0.0014061641413718,0.098718374967575
240,0,background,0.8314897418022156,0.8314897418022156,0.0014029692392796,0.1673420667648315
241,0,background,0.8358670473098755,0.8358670473098755,0.0014227402862161,0.1629419773817062
242,0,background,0.8993428945541382,0.8993428945541382,0.0014065203722566,0.0993903577327728
243,0,background,0.821330189704895,0.821330189704895,0.0014061393449082,0.1775132864713668
244,0,background,0.9149309992790222,0.9149309992790222,0.0013909413246437,0.0837946012616157
245,0,background,0.8677648305892944,0.8677648305892944,0.0014120322884991,0.1310081332921981
246,0,background,0.9054422974586488,0.9054422974586488,0.001418212079443,0.0932717472314834
247,0,background,0.8072535395622253,0.8072535395622253,0.0014015736524015,0.1916134357452392
248,0,background,0.817918062210083,0.817918062210083,0.0014066878939047,0.1809297949075698
249,0,background,0.9150652289390564,0.9150652289390564,0.0013909810222685,0.0836600959300994
250,0,background,0.867656409740448,0.867656409740448,0.001412276411429,0.1311164796352386
251,0,background,0.8502050638198853,0.8502050638198853,0.001405089860782,0.1485986858606338
252,0,background,0.909857213497162,0.909857213497162,0.0013866613153368,0.0888793990015983
253,0,background,0.8228952288627625,0.8228952288627625,0.0014116921229287,0.1759414672851562
254,0,background,0.9099650382995604,0.9099650382995604,0.0013875623699277,0.0887705609202385
255,0,background,0.9238258004188538,0.9238258004188538,0.0013881807681173,0.0748899579048156
256,0,background,0.9297932982444764,0.9297932982444764,0.0013939309865236,0.0689088925719261
257,0,background,0.9238060712814332,0.9238060712814332,0.0013881345512345,0.0749097764492034
258,0,background,0.9280465245246888,0.9280465245246888,0.0014417966594919,0.0706134960055351
259,0,background,0.8599444031715393,0.8599444031715393,0.0013941135257482,0.1388551145792007
260,0,background,0.9237529039382936,0.9237529039382936,0.0013927009422332,0.0749587640166282
261,0,background,0.9148234128952026,0.9148234128952026,0.001400523004122,0.0838935375213623
262,0,background,0.8683299422264099,0.8683299422264099,0.001395113649778,0.1304569095373153
263,0,background,0.9137806296348572,0.9137806296348572,0.0013993658358231,0.0849388539791107
264,0,background,0.9218010306358336,0.9218010306358336,0.001391984289512,0.0769140347838401
265,0,background,0.8683480024337769,0.8683480024337769,0.0013951283181086,0.1304388493299484
266,0,background,0.859968900680542,0.859968900680542,0.0013941295910626,0.1388304829597473
267,0,background,0.9045608639717102,0.9045608639717102,0.0014013302279636,0.0941697806119918
268,0,background,0.9399813413619996,0.9399813413619996,0.0014008611906319,0.0587000362575054
269,0,background,0.895356297492981,0.895356297492981,0.0014048678567633,0.1033840700984001
270,0,background,0.8910448551177979,0.8910448551177979,0.0014058428350836,0.1077007353305816
271,0,background,0.9392381310462952,0.9392381310462952,0.0014034289633855,0.0594418719410896
272,0,background,0.9001376628875732,0.9001376628875732,0.001402141759172,0.0985984429717063
273,0,background,0.9392459392547609,0.9392459392547609,0.0013718041591346,0.0594638437032699
274,0,background,0.8621109127998352,0.8621109127998352,0.001395758241415,0.1366841048002243
275,0,background,0.876654863357544,0.876654863357544,0.0014123766450211,0.122105173766613
276,0,background,0.9052810072898864,0.9052810072898864,0.0014052778715267,0.0934449955821037
277,0,background,0.8759296536445618,0.8759296536445618,0.0014143222942948,0.1228297725319862
278,0,background,0.9167813062667848,0.9167813062667848,0.0014178595738485,0.0819170027971267
279,0,background,0.9185410737991332,0.9185410737991332,0.0013937372714281,0.0801769495010376
280,0,background,0.839386522769928,0.839386522769928,0.001388014294207,0.1594467759132385
281,0,background,0.8475725054740906,0.8475725054740906,0.0013634811621159,0.1512702405452728
282,0,background,0.9179116487503052,0.9179116487503052,0.0013917967444285,0.0808090716600418
283,0,background,0.8848453760147095,0.8848453760147095,0.0013708441983908,0.1139400079846382
284,0,background,0.9402767419815063,0.9402767419815063,0.0013610038440674,0.0584417432546615
285,0,background,0.9373615384101868,0.9373615384101868,0.0013631707988679,0.0613589435815811
286,0,background,0.8453044891357422,0.8453044891357422,0.0014106391463428,0.15350142121315
287,0,background,0.8770625591278076,0.8770625591278076,0.0014001169474795,0.121707759797573
288,0,background,0.8462066054344177,0.8462066054344177,0.0014104028232395,0.1525982022285461
289,0,background,0.8646660447120667,0.8646660447120667,0.0014028262812644,0.1341192573308944
290,0,background,0.865969181060791,0.865969181060791,0.0014130688505247,0.1328054219484329
291,0,background,0.875845730304718,0.875845730304718,0.0013998989015817,0.1229265034198761
292,0,background,0.862159788608551,0.862159788608551,0.0014155396493151,0.1366180926561355
293,0,background,0.8741317391395569,0.8741317391395569,0.001400280976668,0.1246425062417984
294,0,background,0.844637930393219,0.844637930393219,0.0014172311639413,0.1541633307933807
295,0,background,0.8654043078422546,0.8654043078422546,0.0014070596080273,0.1333763152360916
296,0,background,0.8506962060928345,0.8506962060928345,0.0014176111435517,0.1480961143970489
297,0,background,0.8805119395256042,0.8805119395256042,0.0014015149790793,0.1182522475719451
298,0,background,0.851938009262085,0.851938009262085,0.0014130661729723,0.1468565016984939
299,0,background,0.8661154508590698,0.8661154508590698,0.0014045734424144,0.1326662749052047
300,0,background,0.863299548625946,0.863299548625946,0.0014060416724532,0.1354849487543106
301,0,background,0.890653133392334,0.890653133392334,0.0013862454798072,0.1081104949116706
302,0,background,0.9329382181167604,0.9329382181167604,0.0013912513386458,0.0657620206475257
303,0,background,0.8628053069114685,0.8628053069114685,0.0014029939193278,0.1359825432300567
304,0,background,0.8993712067604065,0.8993712067604065,0.0014017171924933,0.0993663817644119
305,0,background,0.9068782329559326,0.9068782329559326,0.0013905459782108,0.0918589606881141
306,0,background,0.9375929236412048,0.9375929236412048,0.0013667248422279,0.0611239150166511
307,0,background,0.8399718999862671,0.8399718999862671,0.0014215614646673,0.1588322967290878
308,0,background,0.8918004035949707,0.8918004035949707,0.0013992266030982,0.1069500595331192
309,0,background,0.8582807779312134,0.8582807779312134,0.0013979877112433,0.1405176967382431
310,0,background,0.845160186290741,0.845160186290741,0.0014059264212846,0.1536498665809631
311,0,background,0.8646280765533447,0.8646280765533447,0.0014129469636827,0.1341485530138015
312,0,background,0.8442935943603516,0.8442935943603516,0.0014072539051994,0.1545166075229644
313,0,background,0.9393283724784852,0.9393283724784852,0.0013751174556091,0.0593781322240829
314,0,background,0.9296359419822692,0.9296359419822692,0.0013975710608065,0.0690630078315734
315,0,background,0.9271037578582764,0.9271037578582764,0.0013988413847982,0.0715975388884544
316,0,background,0.931425392627716,0.931425392627716,0.0013837768929079,0.067283920943737
317,0,background,0.8991889953613281,0.8991889953613281,0.0013663552235811,0.0995806902647018
318,0,background,0.9392477869987488,0.9392477869987488,0.0013715310487896,0.059462271630764
319,0,background,0.9347699284553528,0.9347699284553528,0.0013812285615131,0.063937172293663
320,0,background,0.9358330965042114,0.9358330965042114,0.0013783612521365,0.062875211238861
321,0,background,0.9329793453216552,0.9329793453216552,0.001385401468724,0.0657263621687889
322,0,background,0.9057607650756836,0.9057607650756836,0.0013715103268623,0.0929952785372734
323,0,background,0.939240336418152,0.939240336418152,0.0013717924011871,0.0594694688916206
324,0,background,0.9296385049819946,0.9296385049819946,0.0013975710608065,0.0690604224801063
325,0,background,0.8475969433784485,0.8475969433784485,0.0013634688220918,0.1512458175420761
326,0,background,0.8398370146751404,0.8398370146751404,0.001388220465742,0.158995509147644
327,0,background,0.9185256361961364,0.9185256361961364,0.0013939270284026,0.0801922157406807
328,0,background,0.9271045327186584,0.9271045327186584,0.0013988360296934,0.0715967416763305
329,0,background,0.9314246773719788,0.9314246773719788,0.0013837761944159,0.0672846287488937
330,0,background,0.9393242001533508,0.9393242001533508,0.0013751069782301,0.0593823678791523
331,0,background,0.8991880416870117,0.8991880416870117,0.001366356620565,0.09958166629076
332,0,background,0.9168556332588196,0.9168556332588196,0.0014182269806042,0.0818421989679336
333,0,background,0.8623723983764648,0.8623723983764648,0.0013959269272163,0.1364220976829528
334,0,background,0.8768858909606934,0.8768858909606934,0.0014123598812147,0.1218739002943039
335,0,background,0.9178902506828308,0.9178902506828308,0.0013919550692662,0.0808303654193878
336,0,background,0.9053587913513184,0.9053587913513184,0.0014056654181331,0.0933668166399002
337,0,background,0.8647447824478149,0.8647447824478149,0.0014129442861303,0.1340316832065582
338,0,background,0.8627910614013672,0.8627910614013672,0.0014029933372512,0.1359967440366745
339,0,background,0.845304012298584,0.845304012298584,0.0014106399612501,0.1535018384456634
340,0,background,0.8770602345466614,0.8770602345466614,0.0014001169474795,0.1217100471258163
341,0,background,0.8462064266204834,0.8462064266204834,0.0014104035217314,0.1525983661413192
342,0,background,0.8646628260612488,0.8646628260612488,0.0014028262812644,0.1341225057840347
343,0,background,0.8659717440605164,0.8659717440605164,0.0014130674535408,0.132802814245224
344,0,background,0.8994547128677368,0.8994547128677368,0.0014017112553119,0.099282756447792
345,0,background,0.876162052154541,0.876162052154541,0.0014143073931336,0.1225970238447189
346,0,background,0.8432685732841492,0.8432685732841492,0.0014057175721973,0.1555443257093429
347,0,background,0.840157151222229,0.840157151222229,0.0014215749688446,0.1586468517780304
348,0,background,0.8740670680999756,0.8740670680999756,0.0014002876123413,0.124707281589508
349,0,background,0.8621007204055786,0.8621007204055786,0.0014155579265207,0.1366772055625915
350,0,background,0.8757917284965515,0.8757917284965515,0.0013999035581946,0.1229805275797844
351,0,background,0.844575822353363,0.844575822353363,0.0014172506053,0.1542254388332367
352,0,background,0.8652483820915222,0.8652483820915222,0.0014070582110434,0.1335323899984359
353,0,background,0.8902674317359924,0.8902674317359924,0.0013990693259984,0.1084852963685989
354,0,background,0.8457098007202148,0.8457098007202148,0.0014071721816435,0.153098464012146
355,0,background,0.9063963294029236,0.9063963294029236,0.0013905293308198,0.0923415273427963
356,0,background,0.8506259322166443,0.8506259322166443,0.0014180114958435,0.14816614985466
357,0,background,0.8803315758705139,0.8803315758705139,0.0014019449008628,0.1184325292706489
358,0,background,0.8518139719963074,0.8518139719963074,0.001413432881236,0.1469803303480148
359,0,background,0.8657636642456055,0.8657636642456055,0.0014050282770767,0.1330182254314422
360,0,background,0.8646858334541321,0.8646858334541321,0.0014066363219171,0.1340962052345276
361,0,background,0.8577990531921387,0.8577990531921387,0.0013974792091175,0.1410005092620849
362,0,background,0.9333001375198364,0.9333001375198364,0.001393077080138,0.0653978660702705
363,0,background,0.93748539686203,0.93748539686203,0.0013676643138751,0.0612306706607341
364,0,background,0.932961106300354,0.932961106300354,0.0013854732969775,0.0657445192337036
365,0,background,0.8888524174690247,0.8888524174690247,0.0013867201050743,0.1099132895469665
366,0,background,0.9347842931747437,0.9347842931747437,0.0013813127297908,0.0639226511120796
367,0,background,0.8849299550056458,0.8849299550056458,0.0013708110200241,0.1138553023338317
368,0,background,0.9402889609336852,0.9402889609336852,0.0013609669404104,0.0584296211600303
369,0,background,0.9373823404312134,0.9373823404312134,0.0013631677720695,0.0613381266593933
370,0,background,0.9358381628990172,0.9358381628990172,0.001378531800583,0.062869943678379
371,0,background,0.905797243118286,0.905797243118286,0.0013718021800741,0.092958427965641
372,0,background,0.9392558932304382,0.9392558932304382,0.0013715310487896,0.0594541318714618
373,0,background,0.93892902135849,0.93892902135849,0.0013562131207436,0.059795893728733
374,0,background,0.938897967338562,0.938897967338562,0.001355845015496,0.0598273016512393
375,0,background,0.861391007900238,0.861391007900238,0.001363861025311,0.1374325901269912
376,0,background,0.9317882657051086,0.9317882657051086,0.0013611846370622,0.0669416785240173
377,0,background,0.8816271424293518,0.8816271424293518,0.0013738084817305,0.1171599328517913
378,0,background,0.9055593609809875,0.9055593609809875,0.0014272994594648,0.0931462422013282
379,0,background,0.9294368624687196,0.9294368624687196,0.0014578410191461,0.0692061707377433
380,0,background,0.9398075938224792,0.9398075938224792,0.0014069630997255,0.058868296444416
381,0,background,0.9053900837898254,0.9053900837898254,0.0014269337989389,0.0933161303400993
382,0,background,0.9398375153541564,0.9398375153541564,0.001407224452123,0.0588380917906761
383,0,background,0.9291357398033142,0.9291357398033142,0.0014572220388799,0.0695082917809486
384,0,background,0.9358616471290588,0.9358616471290588,0.0013954631285741,0.0628305822610855
385,0,background,0.9346794486045836,0.9346794486045836,0.0014474348863586,0.0639656782150268
386,0,background,0.9348529577255248,0.9348529577255248,0.0014484724961221,0.0637909844517707
387,0,background,0.9359695315361024,0.9359695315361024,0.0013958777999505,0.062722124159336
388,0,background,0.939009964466095,0.939009964466095,0.0013558464124798,0.0597151257097721
389,0,background,0.9388775825500488,0.9388775825500488,0.0013564559631049,0.0598471388220787
390,0,background,0.8623826503753662,0.8623826503753662,0.0013638981617987,0.1364395469427108
391,0,background,0.9316917657852172,0.9316917657852172,0.0013616131618618,0.0670379027724266
392,0,background,0.8814699053764343,0.8814699053764343,0.0013739863643422,0.117317259311676
393,0,background,0.93803471326828,0.93803471326828,0.0013509426498785,0.0606963336467742
394,0,background,0.9382181763648988,0.9382181763648988,0.0013514457968994,0.060512188822031
395,0,background,0.8436505794525146,0.8436505794525146,0.0013611199101433,0.1551995575428009
396,0,background,0.8667607307434082,0.8667607307434082,0.0013737848494201,0.1320468634366989
397,0,background,0.9269031882286072,0.9269031882286072,0.0013576644705608,0.0718366354703903
398,0,background,0.9045920968055724,0.9045920968055724,0.00142724707257,0.0941150113940239
399,0,background,0.9283547401428224,0.9283547401428224,0.0014570999192073,0.0702905729413032
400,0,background,0.9391729831695556,0.9391729831695556,0.0014060001121833,0.0595046803355217
401,0,background,0.9044075012207032,0.9044075012207032,0.0014267559163272,0.0943002924323082
402,0,background,0.9391738772392272,0.9391738772392272,0.0014062076807022,0.059503611177206
403,0,background,0.9279204607009888,0.9279204607009888,0.001456354279071,0.0707261860370636
404,0,background,0.9351601600646972,0.9351601600646972,0.0014485953142866,0.0634832382202148
405,0,background,0.9365603923797609,0.9365603923797609,0.0013960060896351,0.0621303245425224
406,0,background,0.9364439845085144,0.9364439845085144,0.0013953588204458,0.0622475333511829
407,0,background,0.9350628852844238,0.9350628852844238,0.0014481028774753,0.0635810866951942
408,0,background,0.938141405582428,0.938141405582428,0.0013514425372704,0.0605890974402427
409,0,background,0.9381113052368164,0.9381113052368164,0.0013507644180208,0.0606198012828826
410,0,background,0.8437373638153076,0.8437373638153076,0.0013611976755782,0.15511254966259
411,0,background,0.8692799806594849,0.8692799806594849,0.0013740321155637,0.1295240074396133
412,0,background,0.9272140264511108,0.9272140264511108,0.0013574201148003,0.0715256184339523
413,0,background,0.7776857614517212,0.7776857614517212,0.0013983212411403,0.2212252914905548
414,0,background,0.6183280944824219,0.6183280944824219,0.0013669891050085,0.3808255195617676
415,0,background,0.7786201238632202,0.7786201238632202,0.0013981143711134,0.2202897667884826
416,0,background,0.8268325328826904,0.8268325328826904,0.0013908228138461,0.172015905380249
417,0,background,0.5682175159454346,0.5682175159454346,0.001380271743983,0.4309971034526825
418,0,background,0.8258677124977112,0.8258677124977112,0.0013910790439695,0.1729818731546402
419,0,background,0.8250350952148438,0.8250350952148438,0.0013796783750876,0.1738250851631164
420,0,background,0.8635585308074951,0.8635585308074951,0.0013818343868479,0.1352465152740478
421,0,background,0.5939032435417175,0.5939032435417175,0.0013713352382183,0.4052811563014984
422,0,background,0.8636754155158997,0.8636754155158997,0.0013817100552842,0.1351296007633209
423,0,background,0.8254474997520447,0.8254474997520447,0.0013795747654512,0.1734122037887573
424,0,background,0.7082638740539551,0.7082638740539551,0.0013752083759754,0.2907607555389404
425,0,background,0.7607985734939575,0.7607985734939575,0.0013991012237966,0.2381355315446853
426,0,background,0.8508710861206055,0.8508710861206055,0.001384547445923,0.14794921875
427,0,background,0.8108675479888916,0.8108675479888916,0.0013810055097565,0.1880111247301101
428,0,background,0.8054830431938171,0.8054830431938171,0.0013929409906268,0.1933934092521667
429,0,background,0.6114884614944458,0.6114884614944458,0.0013811639510095,0.3876658082008362
430,0,background,0.8064901232719421,0.8064901232719421,0.0013927300460636,0.1923850774765014
431,0,background,0.8110889196395874,0.8110889196395874,0.0013809798983857,0.1877894252538681
432,0,background,0.7196987867355347,0.7196987867355347,0.0013766046613454,0.2793090939521789
433,0,background,0.6272556781768799,0.6272556781768799,0.0013721326831728,0.3718824088573456
434,0,background,0.8508999943733215,0.8508999943733215,0.0013844253262504,0.1479203552007675
435,0,background,0.7617965340614319,0.7617965340614319,0.0013989367289468,0.2371362894773483
436,0,background,0.6495159268379211,0.6495159268379211,0.0013700232375413,0.3495929837226867
437,0,background,0.9004857540130615,0.9004857540130615,0.0013825655914843,0.098267488181591
438,0,background,0.9164700508117676,0.9164700508117676,0.0013777633430436,0.0822655782103538
439,0,background,0.9206649661064148,0.9206649661064148,0.0013816534774377,0.0780612453818321
440,0,background,0.8640695810317993,0.8640695810317993,0.0013933628797531,0.1347247064113617
441,0,background,0.6520363688468933,0.6520363688468933,0.0013721223222091,0.3470677733421325
442,0,background,0.8671270608901978,0.8671270608901978,0.0013931712601333,0.1316631585359573
443,0,background,0.9212211966514589,0.9212211966514589,0.0013818428851664,0.0775041207671165
444,0,background,0.5138401389122009,0.5138401389122009,0.001369236735627,0.4854553341865539
445,0,background,0.5651953816413879,0.5651953816413879,0.0013701806310564,0.4340291023254394
446,0,background,0.9173658490180968,0.9173658490180968,0.0013780081644654,0.0813682451844215
447,0,background,0.9022805094718932,0.9022805094718932,0.0013822496403008,0.0964705646038055
448,0,background,0.5260424613952637,0.5260424613952637,0.0013799570733681,0.4732305705547333
449,0,background,0.892702043056488,0.892702043056488,0.0013820653548464,0.1060624569654464
450,0,background,0.9236452579498292,0.9236452579498292,0.0013711327919736,0.0750865563750267
451,0,background,0.9142466187477112,0.9142466187477112,0.0013822574401274,0.0844878926873207
452,0,background,0.8889837265014648,0.8889837265014648,0.0013857735320925,0.1097826212644577
453,0,background,0.6027030348777771,0.6027030348777771,0.0013667697785422,0.3964721262454986
454,0,background,0.8913668394088745,0.8913668394088745,0.0013855617726221,0.1073964163661003
455,0,background,0.9151366353034972,0.9151366353034972,0.0013824588386341,0.0835964381694793
456,0,background,0.6024541258811951,0.6024541258811951,0.0013594448100775,0.3967257738113403
457,0,background,0.5017804503440857,0.5017804503440857,0.0013781229499727,0.4975270628929138
458,0,background,0.9242581725120544,0.9242581725120544,0.0013713182415813,0.0744725987315177
459,0,background,0.8949328660964966,0.8949328660964966,0.0013818350853398,0.1038287729024887
460,0,background,0.5810393691062927,0.5810393691062927,0.0013774702092632,0.4181591868400574
461,0,background,0.8803916573524475,0.8803916573524475,0.0014030026504769,0.1183714270591735
462,0,background,0.920310080051422,0.920310080051422,0.0013930405257269,0.0784061178565025
463,0,background,0.9140198826789856,0.9140198826789856,0.0013871367555111,0.0847104638814926
464,0,background,0.899044394493103,0.899044394493103,0.0013925371458753,0.099701851606369
465,0,background,0.6355032920837402,0.6355032920837402,0.0013891396811231,0.3636126220226288
466,0,background,0.900788962841034,0.900788962841034,0.0013922890648245,0.097955122590065
467,0,background,0.914636254310608,0.914636254310608,0.0013874908909201,0.0840929895639419
468,0,background,0.6358301043510437,0.6358301043510437,0.0013779536820948,0.3632925450801849
469,0,background,0.5753626227378845,0.5753626227378845,0.0013732577208429,0.4238461852073669
470,0,background,0.9208428859710692,0.9208428859710692,0.0013931373832747,0.0778724402189254
471,0,background,0.882687509059906,0.882687509059906,0.001402762136422,0.1160726025700569
472,0,background,0.7057856917381287,0.7057856917381287,0.0013809438096359,0.2932383418083191
473,0,background,0.8779394030570984,0.8779394030570984,0.0013920955825597,0.1208367645740509
474,0,background,0.921332597732544,0.921332597732544,0.0013817574363201,0.0773925706744194
475,0,background,0.9110977053642272,0.9110977053642272,0.0013933914015069,0.0876310691237449
476,0,background,0.8965656161308289,0.8965656161308289,0.0013963804813101,0.1021807119250297
477,0,background,0.6649953126907349,0.6649953126907349,0.0013755339896306,0.3340886831283569
478,0,background,0.8981721997261047,0.8981721997261047,0.0013961610384285,0.1005720570683479
479,0,background,0.9118244051933287,0.9118244051933287,0.0013934856979176,0.0869032070040702
480,0,background,0.6615908741950989,0.6615908741950989,0.0013665797887369,0.3375037908554077
481,0,background,0.5556493401527405,0.5556493401527405,0.0013848394155502,0.4435800909996032
482,0,background,0.9218162894248962,0.9218162894248962,0.0013820719905197,0.0769079402089119
483,0,background,0.8798518776893616,0.8798518776893616,0.0013919596094638,0.1189216971397399
484,0,background,0.7230622172355652,0.7230622172355652,0.0013884862419217,0.2759324610233307
485,0,background,0.7572631239891052,0.7572631239891052,0.0013990252045914,0.2416759431362152
486,0,background,0.8492979407310486,0.8492979407310486,0.0013844035565853,0.1495247185230255
487,0,background,0.810115396976471,0.810115396976471,0.0013807313516736,0.1887645125389099
488,0,background,0.8025164604187012,0.8025164604187012,0.0013928394764661,0.1963642388582229
489,0,background,0.6119763851165771,0.6119763851165771,0.0013810488162562,0.3871772885322571
490,0,background,0.8037532567977905,0.8037532567977905,0.001392638660036,0.1951258331537246
491,0,background,0.8105736970901489,0.8105736970901489,0.0013806879287585,0.1883056163787841
492,0,background,0.7180933356285095,0.7180933356285095,0.0013765706680715,0.2809168398380279
493,0,background,0.6282737255096436,0.6282737255096436,0.0013718171976506,0.3708631694316864
494,0,background,0.8495268821716309,0.8495268821716309,0.0013842862099409,0.1492955088615417
495,0,background,0.7586986422538757,0.7586986422538757,0.0013988680439069,0.2402385622262954
496,0,background,0.6498053073883057,0.6498053073883057,0.0013698001857846,0.3493033945560455
497,0,background,0.7742323279380798,0.7742323279380798,0.0013982340460643,0.2246836274862289
498,0,background,0.6177118420600891,0.6177118420600891,0.0013667510356754,0.3814427256584167
499,0,background,0.7755011320114136,0.7755011320114136,0.0013980451039969,0.2234131693840026
500,0,background,0.8242400884628296,0.8242400884628296,0.0013907274696975,0.1746119856834411
501,0,background,0.569080114364624,0.569080114364624,0.0013801569584757,0.4301334023475647
502,0,background,0.8230271935462952,0.8230271935462952,0.0013909743865951,0.1758263856172561
503,0,background,0.8207702040672302,0.8207702040672302,0.0013796179555356,0.1780958622694015
504,0,background,0.8624078035354614,0.8624078035354614,0.0013817481230944,0.1363989263772964
505,0,background,0.5937818288803101,0.5937818288803101,0.0013713117223232,0.405402809381485
506,0,background,0.8626720905303955,0.8626720905303955,0.0013816270511597,0.1361343562602996
507,0,background,0.821421205997467,0.821421205997467,0.0013795266859233,0.177444040775299
508,0,background,0.7116182446479797,0.7116182446479797,0.0013752967352047,0.2874017357826233
509,0,background,0.9002984166145325,0.9002984166145325,0.0013824985362589,0.0984552502632141
510,0,background,0.9162992238998412,0.9162992238998412,0.0013776820851489,0.0824366435408592
511,0,background,0.9205928444862366,0.9205928444862366,0.0013815942220389,0.0781335234642028
512,0,background,0.863518476486206,0.863518476486206,0.0013933257432654,0.1352766752243042
513,0,background,0.6524002552032471,0.6524002552032471,0.0013720105635002,0.3467033803462982
514,0,background,0.8666383624076843,0.8666383624076843,0.0013931368011981,0.1321526169776916
515,0,background,0.9211550951004028,0.9211550951004028,0.0013817877043038,0.0775702819228172
516,0,background,0.5138006806373596,0.5138006806373596,0.0013691630447283,0.48549485206604
517,0,background,0.5652773380279541,0.5652773380279541,0.0013701329007744,0.4339471161365509
518,0,background,0.9172120690345764,0.9172120690345764,0.0013779307482764,0.0815223604440689
519,0,background,0.9021151065826416,0.9021151065826416,0.0013821864267811,0.0966362953186035
520,0,background,0.5258545279502869,0.5258545279502869,0.0013798867585137,0.4734188020229339
521,0,background,0.8923253417015076,0.8923253417015076,0.0013820140156894,0.1064397618174552
522,0,background,0.9235959053039552,0.9235959053039552,0.0013710388448089,0.0751360952854156
523,0,background,0.9140458106994628,0.9140458106994628,0.0013822087785229,0.0846889987587928
524,0,background,0.8885954022407532,0.8885954022407532,0.0013856897130608,0.1101715266704559
525,0,background,0.6031693816184998,0.6031693816184998,0.0013666781596839,0.3960051238536834
526,0,background,0.8910177946090698,0.8910177946090698,0.001385482493788,0.1077460199594497
527,0,background,0.9149548411369324,0.9149548411369324,0.001382412854582,0.0837785378098487
528,0,background,0.6026985049247742,0.6026985049247742,0.0013594086049124,0.3964810967445373
529,0,background,0.5015841126441956,0.5015841126441956,0.0013780855806544,0.4977237284183502
530,0,background,0.9242140650749208,0.9242140650749208,0.0013712308136746,0.0745168626308441
531,0,background,0.8946425318717957,0.8946425318717957,0.0013817870058119,0.1041195467114448
532,0,background,0.5814881324768066,0.5814881324768066,0.0013774131657555,0.4177098572254181
533,0,background,0.8800577521324158,0.8800577521324158,0.0014029158046469,0.1187058463692665
534,0,background,0.920258641242981,0.920258641242981,0.001392952282913,0.078457698225975
535,0,background,0.9139123558998108,0.9139123558998108,0.0013870628317818,0.0848182365298271
536,0,background,0.8988961577415466,0.8988961577415466,0.0013924788217991,0.0998504012823104
537,0,background,0.6357892751693726,0.6357892751693726,0.001389043056406,0.3633263707160949
538,0,background,0.9006549119949341,0.9006549119949341,0.0013922341167926,0.0980894193053245
539,0,background,0.9145363569259644,0.9145363569259644,0.0013874220894649,0.0841930285096168
540,0,background,0.6367254257202148,0.6367254257202148,0.0013779019936919,0.3623960614204407
541,0,background,0.5753896236419678,0.5753896236419678,0.0013732342049479,0.4238191246986389
542,0,background,0.9207965731620787,0.9207965731620787,0.0013930543791502,0.0779189020395279
543,0,background,0.8823838829994202,0.8823838829994202,0.0014026793651282,0.1163766905665397
544,0,background,0.7060709595680237,0.7060709595680237,0.0013808524236083,0.2929527163505554
545,0,background,0.8777145743370056,0.8777145743370056,0.001392034580931,0.1210619062185287
546,0,background,0.9213146567344666,0.9213146567344666,0.0013816929422318,0.0774105861783027
547,0,background,0.9109867811203004,0.9109867811203004,0.0013933103764429,0.0877421721816062
548,0,background,0.896290123462677,0.896290123462677,0.0013962872326374,0.1024566143751144
549,0,background,0.6655464768409729,0.6655464768409729,0.0013754338724538,0.3335368633270263
550,0,background,0.8979295492172241,0.8979295492172241,0.0013960725627839,0.1008151322603225
551,0,background,0.9117213487625122,0.9117213487625122,0.0013934114249423,0.0870064198970794
552,0,background,0.662361204624176,0.662361204624176,0.0013665308943018,0.3367323577404022
553,0,background,0.5554792881011963,0.5554792881011963,0.0013847958762198,0.4437504410743713
554,0,background,0.9218048453330994,0.9218048453330994,0.001382011338137,0.0769194215536117
555,0,background,0.8796480298042297,0.8796480298042297,0.0013919019838795,0.1191258803009986
556,0,background,0.7232314348220825,0.7232314348220825,0.0013883942738175,0.275763064622879
557,0,background,0.8861868381500244,0.8861868381500244,0.0013934491435065,0.1125766187906265
558,0,background,0.8862791657447815,0.8862791657447815,0.0013935036258772,0.1124840676784515
559,0,background,0.8861345648765564,0.8861345648765564,0.0013949071289971,0.1126276478171348
560,0,background,0.8860391974449158,0.8860391974449158,0.0013948518317192,0.1127231493592262
561,0,background,0.8984751105308533,0.8984751105308533,0.0014105344889685,0.1002558097243309
562,0,background,0.8984794616699219,0.8984794616699219,0.0014103638241067,0.1002515777945518
563,0,background,0.9358426928520204,0.9358426928520204,0.0014085068833082,0.0628373175859451
564,0,background,0.9122853875160216,0.9122853875160216,0.0014060563407838,0.0864300951361656
565,0,background,0.9123146533966064,0.9123146533966064,0.0014060845132917,0.0864007547497749
566,0,background,0.9358826279640198,0.9358826279640198,0.0014110066695138,0.0627950057387352
567,0,background,0.9290330410003662,0.9290330410003662,0.0014120625564828,0.0696532726287841
568,0,background,0.9290539026260376,0.9290539026260376,0.0014120436972007,0.069632388651371
569,0,background,0.9117188453674316,0.9117188453674316,0.0014062926638871,0.0869972258806228
570,0,background,0.9117431044578552,0.9117431044578552,0.0014063222333788,0.0869728848338127
571,0,background,0.8862178921699524,0.8862178921699524,0.001393680809997,0.1125453263521194
572,0,background,0.8861389756202698,0.8861389756202698,0.0013936382019892,0.112624354660511
573,0,background,0.898604691028595,0.898604691028595,0.0014085222501307,0.1001278236508369
574,0,background,0.8985916376113892,0.8985916376113892,0.0014086905866861,0.1001407578587532
575,0,background,0.8856434226036072,0.8856434226036072,0.0013936097966507,0.1131206080317497
576,0,background,0.885564923286438,0.885564923286438,0.0013935626484453,0.1131992787122726
577,0,background,0.9357176423072816,0.9357176423072816,0.0014082420384511,0.0629628449678421
578,0,background,0.9117181301116944,0.9117181301116944,0.0014062438858672,0.0869979560375213
579,0,background,0.911741018295288,0.911741018295288,0.0014062706613913,0.0869750529527664
580,0,background,0.9356740713119508,0.9356740713119508,0.0014088865136727,0.0630058050155639
581,0,background,0.9291146993637084,0.9291146993637084,0.0014121810672804,0.0695713981986045
582,0,background,0.9291346073150636,0.9291346073150636,0.0014121622079983,0.0695514678955078
583,0,background,0.9120296239852904,0.9120296239852904,0.0014062009286135,0.0866860970854759
584,0,background,0.9120008945465088,0.9120008945465088,0.0014061714755371,0.0867148637771606
585,0,background,0.6272530555725098,0.6272530555725098,0.0013787668431177,0.3718808889389038
586,0,background,0.647511899471283,0.647511899471283,0.0013798335567116,0.3515933454036712
587,0,background,0.9237127900123596,0.9237127900123596,0.0014058741508051,0.0749867483973503
588,0,background,0.9407750964164734,0.9407750964164734,0.0013973714085295,0.0579085014760494
589,2,surface_feature,0.5026525259017944,0.4966617822647095,0.0013786946656182,0.5026525259017944
590,0,background,0.656821608543396,0.656821608543396,0.0013857570011168,0.3422668874263763
591,0,background,0.5813801288604736,0.5813801288604736,0.0013872676063328,0.4178121984004974
592,0,background,0.5198414325714111,0.5198414325714111,0.0013870232505723,0.4794364869594574
593,0,background,0.9411681294441224,0.9411681294441224,0.0013967601116746,0.0575154311954975
594,0,background,0.9243670701980592,0.9243670701980592,0.0014051694888621,0.0743321627378463
595,0,background,0.6811292171478271,0.6811292171478271,0.0013712568907067,0.3179354667663574
596,0,background,0.5099877715110779,0.5099877715110779,0.0013670555781573,0.4893140494823456
597,0,background,0.5395493507385254,0.5395493507385254,0.0013928905827924,0.4596981108188629
598,0,background,0.9315759539604188,0.9315759539604188,0.0014166731853038,0.0671024173498153
599,0,background,0.5343517065048218,0.5343517065048218,0.0013929158449172,0.4649029374122619
600,0,background,0.5759984254837036,0.5759984254837036,0.001383532420732,0.4232035279273987
601,0,background,0.9272392392158508,0.9272392392158508,0.0014166299952194,0.0714453682303428
602,0,background,0.5931068062782288,0.5931068062782288,0.0013888294342905,0.4060683250427246
603,0,background,0.9271216988563538,0.9271216988563538,0.0014168836642056,0.0715628042817115
604,0,background,0.5314310789108276,0.5314310789108276,0.001374804531224,0.4678373336791992
605,2,surface_feature,0.5186149477958679,0.4807204902172088,0.0013805025955662,0.5186149477958679
606,0,background,0.931094229221344,0.931094229221344,0.0014168067136779,0.0675846934318542
607,0,background,0.5441690683364868,0.5441690683364868,0.0013886952074244,0.4550741612911224
608,0,background,0.5751395225524902,0.5751395225524902,0.001390857854858,0.4240594208240509
609,0,background,0.5295506715774536,0.5295506715774536,0.0013885933440178,0.4697129726409912
610,0,background,0.5182964205741882,0.5182964205741882,0.0013861239422112,0.4809841513633728
611,0,background,0.9390389919281006,0.9390389919281006,0.0013948646374046,0.0596493482589721
612,0,background,0.9394249320030212,0.9394249320030212,0.001390631427057,0.0592668540775775
613,2,surface_feature,0.5540119409561157,0.4453740119934082,0.0013767960481345,0.5540119409561157
614,0,background,0.9401614665985109,0.9401614665985109,0.0013893552822992,0.0585304275155067
615,0,background,0.5140976905822754,0.5140976905822754,0.0013851718977093,0.4851891994476318
616,0,background,0.6262453198432922,0.6262453198432922,0.0013775541447103,0.3728907704353332
617,0,background,0.9398407936096193,0.9398407936096193,0.0013941434444859,0.0588470883667469
618,2,surface_feature,0.5561797618865967,0.4432116746902466,0.0013711993815377,0.5561797618865967
619,0,background,0.5939933657646179,0.5939933657646179,0.0013893333962187,0.4051802158355713
620,0,background,0.9260504841804504,0.9260504841804504,0.001417297986336,0.0726351514458656
621,0,background,0.5892594456672668,0.5892594456672668,0.0013837022706866,0.4099240303039551
622,0,background,0.5287870764732361,0.5287870764732361,0.0013932004803791,0.4704751670360565
623,0,background,0.9309783577919006,0.9309783577919006,0.0014175066025927,0.0677000805735588
624,0,background,0.5294987559318542,0.5294987559318542,0.0013904732186347,0.4697640240192413
625,0,background,0.9320709109306335,0.9320709109306335,0.0014164911117404,0.0666069462895393
626,2,surface_feature,0.5261322259902954,0.4732133150100708,0.001381104812026,0.5261322259902954
627,0,background,0.5429327487945557,0.5429327487945557,0.0013764441246166,0.4563189148902893
628,0,background,0.9279962778091432,0.9279962778091432,0.0014158484991639,0.0706879720091819
629,0,background,0.573383629322052,0.573383629322052,0.001389077398926,0.4258188009262085
630,0,background,0.5356030464172363,0.5356030464172363,0.0013870139373466,0.463653028011322
631,0,background,0.9348475337028505,0.9348475337028505,0.0014233028050512,0.0638200119137764
632,0,background,0.901086926460266,0.901086926460266,0.0014169247588142,0.0976344943046569
633,0,background,0.9096232652664183,0.9096232652664183,0.0013989533763378,0.0891024023294448
634,0,background,0.92242169380188,0.92242169380188,0.0013916157186031,0.0762928798794746
635,0,background,0.5917553305625916,0.5917553305625916,0.0013869405956938,0.4074227511882782
636,0,background,0.6128355264663696,0.6128355264663696,0.0013896411983296,0.3863116800785064
637,0,background,0.914733111858368,0.914733111858368,0.0014345761155709,0.0839527770876884
638,0,background,0.9363745450973512,0.9363745450973512,0.0013996636262163,0.0623130463063716
639,2,surface_feature,0.5416094660758972,0.4577519595623016,0.0013931075809523,0.5416094660758972
640,0,background,0.6169347167015076,0.6169347167015076,0.0013891323469579,0.3822070956230163
641,0,background,0.916150689125061,0.916150689125061,0.0014325979864224,0.082534946501255
642,0,background,0.9383890628814696,0.9383890628814696,0.00138947495725,0.060305256396532
643,0,background,0.930782914161682,0.930782914161682,0.0013907386455684,0.067920796573162
644,0,background,0.9374266862869264,0.9374266862869264,0.0013980317162349,0.0612609349191188
645,0,background,0.5000775456428528,0.5000775456428528,0.0013886793749406,0.4992270469665527
646,2,surface_feature,0.5263932347297668,0.4729514420032501,0.0013836357975378,0.5263932347297668
647,0,background,0.9249466061592102,0.9249466061592102,0.0014112519565969,0.0737461894750595
648,0,background,0.9253682494163512,0.9253682494163512,0.0013997356873005,0.0733346417546272
649,0,background,0.9337784647941588,0.9337784647941588,0.001396125764586,0.0649160593748092
650,0,background,0.93181973695755,0.93181973695755,0.0013920201454311,0.0668813586235046
651,0,background,0.9296169877052308,0.9296169877052308,0.0014044598210602,0.0690756142139434
652,0,background,0.93181973695755,0.93181973695755,0.0013920201454311,0.0668813586235046
653,0,background,0.9337784647941588,0.9337784647941588,0.001396125764586,0.0649160593748092
654,0,background,0.9321672916412354,0.9321672916412354,0.0013931653229519,0.0665322467684745
655,2,surface_feature,0.5170773863792419,0.4822538197040558,0.0013849047245457,0.5170773863792419
656,0,background,0.5039930939674377,0.5039930939674377,0.0013887453824281,0.4953060448169708
657,0,background,0.941701352596283,0.941701352596283,0.0013774696271866,0.0569997020065784
658,0,background,0.9420543909072876,0.9420543909072876,0.001377670909278,0.05664599314332
659,0,background,0.9291178584098816,0.9291178584098816,0.0013882693601772,0.0695905163884162
660,0,background,0.932982861995697,0.932982861995697,0.0014436526689678,0.065668299794197
661,0,background,0.929084539413452,0.929084539413452,0.0013882905477657,0.0696238502860069
662,0,background,0.9358943104743958,0.9358943104743958,0.001414242084138,0.0627802535891532
663,0,background,0.9145432710647584,0.9145432710647584,0.0014118769904598,0.0841637328267097
664,0,background,0.906980276107788,0.906980276107788,0.0014210239751264,0.0917290151119232
665,0,background,0.9221375584602356,0.9221375584602356,0.0013863153290003,0.0765822380781173
666,0,background,0.922128438949585,0.922128438949585,0.0013863088097423,0.0765914171934127
667,0,background,0.8944556713104248,0.8944556713104248,0.0013865332584828,0.1043024063110351
668,0,background,0.8962479829788208,0.8962479829788208,0.0014303213683888,0.1024682521820068
669,0,background,0.8981504440307617,0.8981504440307617,0.0014236979186534,0.1005690246820449
670,0,background,0.9040857553482056,0.9040857553482056,0.0013952577719464,0.0946510583162307
671,0,background,0.9149543642997742,0.9149543642997742,0.0014057168737053,0.0837576389312744
672,0,background,0.9149328470230104,0.9149328470230104,0.0014057832304388,0.0837791785597801
673,0,background,0.8979883790016174,0.8979883790016174,0.0014094616053625,0.1007441058754921
674,0,background,0.8960503339767456,0.8960503339767456,0.0014113903744146,0.1026832088828086
675,0,background,0.9325345158576964,0.9325345158576964,0.0013817797880619,0.066175177693367
676,0,background,0.9325286746025084,0.9325286746025084,0.0013817574363201,0.066180981695652
677,0,background,0.8981818556785583,0.8981818556785583,0.0014182796003296,0.1005424186587333
678,0,background,0.9353706240653992,0.9353706240653992,0.0013899428304284,0.0633274689316749
679,0,background,0.9365985989570618,0.9365985989570618,0.0013756192056462,0.0621112026274204
680,0,background,0.936606764793396,0.936606764793396,0.0013756788102909,0.0621029771864414
681,0,background,0.9234777688980104,0.9234777688980104,0.0013908863766118,0.0752360001206398
682,0,background,0.9234983325004578,0.9234983325004578,0.0013908048858866,0.0752154812216758
683,0,background,0.9290386438369752,0.9290386438369752,0.0013814264675602,0.0696762278676033
684,0,background,0.9290467500686646,0.9290467500686646,0.0013814829289913,0.0696680769324302
685,0,background,0.9347770810127258,0.9347770810127258,0.0014100455446168,0.0639029815793037
686,0,background,0.9312399625778198,0.9312399625778198,0.0013762466842308,0.0674766078591346
687,0,background,0.9312318563461304,0.9312318563461304,0.0013762736925855,0.0674847587943077
688,0,background,0.9391111731529236,0.9391111731529236,0.0014077833620831,0.0595648884773254
689,0,background,0.9329978823661804,0.9329978823661804,0.0014206223422661,0.0656747594475746
690,0,background,0.9372723698616028,0.9372723698616028,0.0013720747083425,0.061439823359251
691,0,background,0.9372716546058656,0.9372716546058656,0.0013720903079956,0.0614405497908592
692,0,background,0.926073431968689,0.926073431968689,0.0014752110000699,0.0725583732128143
693,0,background,0.9437124729156494,0.9437124729156494,0.0013779090950265,0.054985374212265
694,0,background,0.9437198042869568,0.9437198042869568,0.0013777798740193,0.0549781769514083
695,0,background,0.94499933719635,0.94499933719635,0.0013740138383582,0.0537004768848419
696,0,background,0.945001780986786,0.945001780986786,0.0013738477136939,0.0536981783807277
697,0,background,0.9236257076263428,0.9236257076263428,0.0014057838125154,0.075074091553688
698,0,background,0.9236257672309875,0.9236257672309875,0.0014057838125154,0.0750739946961402
699,0,background,0.9450010657310486,0.9450010657310486,0.0013740046415477,0.0536987110972404
700,0,background,0.9450035691261292,0.9450035691261292,0.0013738385168835,0.0536963827908039
701,0,background,0.9437156319618224,0.9437156319618224,0.0013778965221717,0.0549822524189949
702,0,background,0.943722367286682,0.943722367286682,0.0013777679996564,0.0549756065011024
703,0,background,0.9236194491386414,0.9236194491386414,0.0014057671651244,0.0750803500413894
704,0,background,0.9236193299293518,0.9236193299293518,0.0014057671651244,0.0750804767012596
705,0,background,0.9450028538703918,0.9450028538703918,0.0013739968417212,0.0536969378590583
706,0,background,0.9450053572654724,0.9450053572654724,0.0013738287379965,0.0536946356296539
707,0,background,0.943718671798706,0.943718671798706,0.001377883600071,0.0549792200326919
708,0,background,0.9437249302864076,0.9437249302864076,0.0013777549611404,0.0549730621278286
709,0,background,0.9236132502555848,0.9236132502555848,0.0014057498192414,0.0750865414738655
710,0,background,0.9236131310462952,0.9236131310462952,0.0014057498192414,0.0750866755843162
711,0,background,0.9450045228004456,0.9450045228004456,0.0013739877613261,0.0536952465772628
712,0,background,0.945007026195526,0.945007026195526,0.001373820239678,0.0536929182708263
713,0,background,0.9437215924263,0.9437215924263,0.0013778723077848,0.0549762733280658
714,0,background,0.943727433681488,0.943727433681488,0.0013777423882856,0.0549705848097801
715,0,background,0.9236072301864624,0.9236072301864624,0.0014057336375117,0.0750926360487937
716,0,background,0.9236071109771729,0.9236071109771729,0.0014057323569431,0.0750927329063415
717,0,background,0.9450061917304992,0.9450061917304992,0.0013739778660237,0.0536936074495315
718,0,background,0.9450086951255798,0.9450086951255798,0.0013738123234361,0.0536912903189659
719,0,background,0.9437239766120912,0.9437239766120912,0.0013778612483292,0.0549738928675651
720,0,background,0.943729817867279,0.943729817867279,0.0013777300482615,0.0549682453274726
721,0,background,0.9236014485359192,0.9236014485359192,0.0014057168737053,0.0750983655452728
722,0,background,0.9236013293266296,0.9236013293266296,0.0014057175721973,0.0750984996557235
723,0,background,0.9450078010559082,0.9450078010559082,0.0013739692512899,0.0536920167505741
724,0,background,0.9450101852416992,0.9450101852416992,0.0013738038251176,0.0536896921694278
725,0,background,0.9437263011932372,0.9437263011932372,0.0013778493739664,0.0549716278910636
726,0,background,0.9437320232391356,0.9437320232391356,0.0013777194544672,0.0549659505486488
727,0,background,0.9235958456993104,0.9235958456993104,0.0014057016232982,0.0751039758324623
728,0,background,0.9235957860946656,0.9235957860946656,0.0014057016232982,0.0751040577888488
729,0,background,0.9450093507766724,0.9450093507766724,0.0013739614514634,0.0536904707551002
730,0,background,0.9450117945671082,0.9450117945671082,0.001373796025291,0.053688146173954
731,0,background,0.943728506565094,0.943728506565094,0.0013778388965874,0.0549694336950778
732,0,background,0.9437342286109924,0.9437342286109924,0.0013777076965197,0.0549637600779533
733,0,background,0.9235904216766356,0.9235904216766356,0.0014056862564757,0.075109414756298
734,0,background,0.923590362071991,0.923590362071991,0.0014056862564757,0.0751094967126846
735,0,background,0.9450108408927916,0.9450108408927916,0.0013739537680521,0.0536889806389808
736,0,background,0.9450133442878724,0.9450133442878724,0.0013737889239564,0.0536866411566734
737,0,background,0.943730652332306,0.943730652332306,0.0013778271386399,0.054967276751995
738,0,background,0.9437363743782043,0.9437363743782043,0.0013776971027255,0.0549616068601608
739,0,background,0.9235852360725404,0.9235852360725404,0.0014056720538064,0.0751146897673606
740,0,background,0.9235851168632508,0.9235851168632508,0.0014056720538064,0.0751147791743278
741,0,background,0.9450123310089112,0.9450123310089112,0.0013739464338868,0.0536875128746032
742,0,background,0.9450147747993468,0.9450147747993468,0.0013737808912992,0.053685188293457
743,0,background,0.943732738494873,0.943732738494873,0.0013778178254142,0.0549651980400085
744,0,background,0.9437384605407716,0.9437384605407716,0.0013776860432699,0.0549595281481742
745,0,background,0.9235801696777344,0.9235801696777344,0.001405656686984,0.0751198157668113
746,0,background,0.9235800504684448,0.9235800504684448,0.001405656686984,0.0751198977231979
747,0,background,0.9450137615203856,0.9450137615203856,0.0013739393325522,0.0536861084401607
748,0,background,0.9450162053108216,0.9450162053108216,0.0013737718109041,0.0536837801337242
749,0,background,0.9437347650527954,0.9437347650527954,0.0013778074644505,0.0549631901085376
750,0,background,0.9437404870986938,0.9437404870986938,0.0013776761479675,0.0549574941396713
751,0,background,0.923575222492218,0.923575222492218,0.0014056427171453,0.0751247480511665
752,0,background,0.9235751032829284,0.9235751032829284,0.0014056427171453,0.075124867260456
753,0,background,0.945015013217926,0.945015013217926,0.0013739333953708,0.0536847561597824
754,0,background,0.9450175762176514,0.9450175762176514,0.0013737638946622,0.0536824129521846
755,0,background,0.9437366127967834,0.9437366127967834,0.0013777968706563,0.0549612492322921
756,0,background,0.9437425136566162,0.9437425136566162,0.0013776670675724,0.0549555644392967
757,0,background,0.923570454120636,0.923570454120636,0.001405629212968,0.0751295387744903
758,0,background,0.9235702753067015,0.9235702753067015,0.0014056286308914,0.0751296654343605
759,0,background,0.945016384124756,0.945016384124756,0.0013739274581894,0.0536834187805652
760,0,background,0.9450188279151917,0.9450188279151917,0.0013737560948356,0.0536811053752899
761,0,background,0.943738579750061,0.943738579750061,0.0013777875574305,0.054959375411272
762,0,background,0.9437443614006042,0.9437443614006042,0.001377657870762,0.0549536682665348
763,0,background,0.9235658645629884,0.9235658645629884,0.0014056159416213,0.0751341804862022
764,0,background,0.9235657453536988,0.9235657453536988,0.0014056159416213,0.07513427734375
765,0,background,0.9441301226615906,0.9441301226615906,0.0013776093255728,0.0545674785971641
766,0,background,0.9441397786140442,0.9441397786140442,0.0013774689286947,0.0545579381287097
767,0,background,0.9453701972961426,0.9453701972961426,0.0013737076660618,0.0533293522894382
768,0,background,0.945377767086029,0.945377767086029,0.0013735258253291,0.0533219762146472
769,0,background,0.9232313632965088,0.9232313632965088,0.0014049452729523,0.0754697620868682
770,0,background,0.9232319593429564,0.9232319593429564,0.0014049459714442,0.0754691064357757
771,0,background,0.9452661275863647,0.9452661275863647,0.0013736082473769,0.053433634340763
772,0,background,0.9452735781669616,0.9452735781669616,0.0013734276872128,0.0534263551235199
773,0,background,0.9436973929405212,0.9436973929405212,0.0013769153738394,0.0550014190375804
774,0,background,0.9437031149864196,0.9437031149864196,0.001376811764203,0.054995771497488
775,0,background,0.9232612252235411,0.9232612252235411,0.0014059063978493,0.075438916683197
776,0,background,0.923260509967804,0.923260509967804,0.0014059056993573,0.0754396244883537
777,0,background,0.9452492594718932,0.9452492594718932,0.0013736134860664,0.0534505732357502
778,0,background,0.9452565908432008,0.9452565908432008,0.0013734350213781,0.0534433908760547
779,0,background,0.9436795711517334,0.9436795711517334,0.0013769206125289,0.0550192669034004
780,0,background,0.9436869621276855,0.9436869621276855,0.001376815023832,0.0550119802355766
781,0,background,0.9232779145240784,0.9232779145240784,0.0014059285167604,0.0754221975803375
782,0,background,0.9232771992683412,0.9232771992683412,0.0014059285167604,0.0754228979349136
783,0,background,0.9452325701713562,0.9452325701713562,0.0013736200053244,0.0534672290086746
784,0,background,0.9452398419380188,0.9452398419380188,0.0013734394451603,0.0534601733088493
785,0,background,0.9436625838279724,0.9436625838279724,0.0013769234064966,0.0550362542271614
786,0,background,0.9436701536178588,0.9436701536178588,0.0013768171193078,0.0550287663936615
787,0,background,0.9232921004295348,0.9232921004295348,0.0014059505192562,0.0754079595208168
788,0,background,0.9232914447784424,0.9232914447784424,0.0014059505192562,0.0754086449742317
789,0,background,0.9452160000801086,0.9452160000801086,0.0013736239634454,0.053483847528696
790,0,background,0.945223033428192,0.945223033428192,0.0013734466629102,0.0534768998622894
791,0,background,0.9436457753181458,0.9436457753181458,0.0013769271317869,0.0550530925393104
792,0,background,0.9436532855033876,0.9436532855033876,0.0013768209610134,0.0550456531345844
793,0,background,0.923305869102478,0.923305869102478,0.0014059727545827,0.0753941312432289
794,0,background,0.9233052134513856,0.9233052134513856,0.0014059720560908,0.075394831597805
795,0,background,0.9451993703842164,0.9451993703842164,0.0013736292021349,0.0535004846751689
796,0,background,0.9452064037322998,0.9452064037322998,0.0013734526000916,0.0534936487674713
797,0,background,0.9436289668083192,0.9436289668083192,0.0013769298093393,0.0550699308514595
798,0,background,0.9436364769935608,0.9436364769935608,0.0013768249191343,0.0550625473260879
799,0,background,0.9233196377754213,0.9233196377754213,0.0014059948734939,0.0753803551197052
800,0,background,0.9233189225196838,0.9233189225196838,0.0014059933600947,0.0753810703754425
801,0,background,0.945182740688324,0.945182740688324,0.0013736357213929,0.0535171031951904
802,0,background,0.945189654827118,0.945189654827118,0.0013734585372731,0.0535103678703308
803,0,background,0.9436121582984924,0.9436121582984924,0.0013769323704764,0.0550867803394794
804,0,background,0.9436195492744446,0.9436195492744446,0.0013768282951787,0.0550794415175914
805,0,background,0.9233332872390748,0.9233332872390748,0.0014060174580663,0.0753666535019874
806,0,background,0.9233326315879822,0.9233326315879822,0.0014060161774978,0.0753673091530799
807,0,background,0.9451661705970764,0.9451661705970764,0.0013736396795138,0.0535337403416633
808,0,background,0.945172905921936,0.945172905921936,0.0013734650565311,0.0535271354019641
809,0,background,0.9435953497886658,0.9435953497886658,0.0013769357465207,0.0551036112010479
810,0,background,0.943602740764618,0.943602740764618,0.0013768301578238,0.0550963096320629
811,0,background,0.923346996307373,0.923346996307373,0.0014060396933928,0.0753529220819473
812,0,background,0.9233463406562804,0.9233463406562804,0.0014060389949008,0.0753536224365234
813,0,background,0.945149540901184,0.945149540901184,0.0013736463151872,0.0535503700375556
814,0,background,0.9451562166213988,0.9451562166213988,0.0013734708772972,0.0535438880324363
815,0,background,0.9435785412788392,0.9435785412788392,0.0013769390061497,0.0551204308867454
816,0,background,0.9435858726501464,0.9435858726501464,0.0013768341159448,0.0551132224500179
817,0,background,0.9233605861663818,0.9233605861663818,0.0014060623943805,0.0753392428159713
818,0,background,0.9233599305152892,0.9233599305152892,0.0014060616958886,0.0753399357199668
819,0,background,0.9451329708099364,0.9451329708099364,0.0013736500404775,0.0535670071840286
820,0,background,0.945139467716217,0.945139467716217,0.0013734761159867,0.0535606369376182
821,0,background,0.9435617327690125,0.9435617327690125,0.0013769423821941,0.0551372766494751
822,0,background,0.9435689449310304,0.9435689449310304,0.0013768379576504,0.0551301091909408
823,0,background,0.9233742356300354,0.9233742356300354,0.0014060852117836,0.0753256380558013
824,0,background,0.923373520374298,0.923373520374298,0.0014060852117836,0.0753263160586357
825,0,background,0.9451163411140442,0.9451163411140442,0.0013736552791669,0.0535836406052112
826,0,background,0.9451227188110352,0.9451227188110352,0.0013734826352447,0.0535773932933807
827,0,background,0.943544864654541,0.943544864654541,0.0013769462238997,0.0551541186869144
828,0,background,0.9435520768165588,0.9435520768165588,0.0013768420321866,0.0551470145583152
829,0,background,0.9233877658843994,0.9233877658843994,0.0014061079127714,0.075312040746212
830,0,background,0.923387050628662,0.923387050628662,0.0014061065157875,0.0753127187490463
831,0,background,0.9451817870140076,0.9451817870140076,0.0013737665722146,0.053517922759056
832,0,background,0.9451881051063538,0.9451881051063538,0.0013735939282923,0.0535118207335472
833,0,background,0.943926215171814,0.943926215171814,0.0013776519335806,0.0547715835273265
834,0,background,0.9439350962638856,0.9439350962638856,0.0013775122351944,0.054762840270996
835,0,background,0.9233922362327576,0.9233922362327576,0.00140519766137,0.0753083899617195
836,0,background,0.9233915209770204,0.9233915209770204,0.0014051968464627,0.075309082865715
837,0,background,0.9437310695648192,0.9437310695648192,0.0013768209610134,0.0549678355455398
838,0,background,0.9437313675880432,0.9437313675880432,0.0013767174677923,0.0549676269292831
839,0,background,0.9452983736991882,0.9452983736991882,0.0013735207030549,0.0534014962613582
840,0,background,0.9452983140945436,0.9452983140945436,0.0013733368832617,0.053401656448841
841,0,background,0.9231970906257628,0.9231970906257628,0.00140569685027,0.0755033791065216
842,0,background,0.9231976866722108,0.9231976866722108,0.00140569685027,0.0755027383565902
843,0,background,0.9456802010536194,0.9456802010536194,0.0013737404951825,0.0530188828706741
844,0,background,0.9456818103790284,0.9456818103790284,0.0013735964894294,0.0530174188315868
845,0,background,0.944189429283142,0.944189429283142,0.0013775896513834,0.0545080937445163
846,0,background,0.944189727306366,0.944189727306366,0.0013774530962109,0.0545078851282596
847,0,background,0.9234707355499268,0.9234707355499268,0.0014041910180822,0.0752306878566742
848,0,background,0.923470139503479,0.923470139503479,0.0014041916001588,0.0752312839031219
849,0,background,0.9455698132514954,0.9455698132514954,0.0013736246619373,0.0531295053660869
850,0,background,0.9455710053443908,0.9455710053443908,0.0013734839158132,0.0531285069882869
851,0,background,0.943740725517273,0.943740725517273,0.0013769246870651,0.0549580417573452
852,0,background,0.9437406063079834,0.9437406063079834,0.001376818283461,0.0549582429230213
853,0,background,0.9235600829124452,0.9235600829124452,0.0014051836915314,0.0751403197646141
854,0,background,0.9235594272613524,0.9235594272613524,0.0014051836915314,0.075140967965126
855,0,background,0.9452452063560486,0.9452452063560486,0.0013735493412241,0.0534546971321105
856,0,background,0.9452449083328248,0.9452449083328248,0.0013733650557696,0.0534551776945591
857,0,background,0.9436773657798768,0.9436773657798768,0.0013768445933237,0.0550215020775795
858,0,background,0.9436772465705872,0.9436772465705872,0.0013767397031188,0.0550217479467392
859,0,background,0.9232537150382996,0.9232537150382996,0.0014057905646041,0.07544656842947
860,0,background,0.923253059387207,0.923253059387207,0.0014057898661121,0.0754472017288208
861,0,background,0.9452276825904846,0.9452276825904846,0.0013735599350184,0.0534721538424491
862,0,background,0.945227324962616,0.945227324962616,0.0013733754167333,0.0534727685153484
863,0,background,0.9436595439910888,0.9436595439910888,0.0013768530916422,0.055039320141077
864,0,background,0.9436594247817992,0.9436594247817992,0.0013767462223768,0.0550396032631397
865,0,background,0.9232699275016784,0.9232699275016784,0.0014058221131563,0.0754303038120269
866,0,background,0.9232692122459412,0.9232692122459412,0.0014058221131563,0.0754309743642807
867,0,background,0.9452959895133972,0.9452959895133972,0.0013736722758039,0.0534037500619888
868,0,background,0.9452953934669496,0.9452953934669496,0.0013734886888414,0.0534044839441776
869,0,background,0.9440550804138184,0.9440550804138184,0.0013775378465652,0.0546426884829998
870,0,background,0.9440551400184632,0.9440551400184632,0.0013773993123322,0.0546427108347415
871,0,background,0.9232664704322816,0.9232664704322816,0.0014049119781702,0.075434535741806
872,0,background,0.923265814781189,0.923265814781189,0.0014049119781702,0.0754351988434791
873,0,background,0.945496141910553,0.945496141910553,0.0013736644759774,0.0532032735645771
874,0,background,0.945495307445526,0.945495307445526,0.001373540260829,0.0532042123377323
875,0,background,0.9436659812927246,0.9436659812927246,0.0013769541401416,0.0550328567624092
876,0,background,0.9436656832695008,0.9436656832695008,0.0013768472708761,0.0550332143902778
877,0,background,0.923628866672516,0.923628866672516,0.0014053100021556,0.0750713571906089
878,0,background,0.9236282110214232,0.9236282110214232,0.0014053107006475,0.0750720053911209
879,0,background,0.9454782605171204,0.9454782605171204,0.0013736736727878,0.0532212555408477
880,0,background,0.9454763531684875,0.9454763531684875,0.0013735534157603,0.0532232150435447
881,0,background,0.943647801876068,0.943647801876068,0.0013769613578915,0.0550510361790657
882,0,background,0.9436475038528442,0.9436475038528442,0.0013768550707027,0.0550514347851276
883,0,background,0.923642098903656,0.923642098903656,0.0014053428312763,0.075058065354824
884,0,background,0.9236414432525636,0.9236414432525636,0.0014053421327844,0.075058713555336
885,0,background,0.9455472826957704,0.9455472826957704,0.0013738148845732,0.0531518906354904
886,0,background,0.945544958114624,0.945544958114624,0.0013736984692513,0.0531543456017971
887,0,background,0.944045066833496,0.944045066833496,0.0013776591513305,0.054652564227581
888,0,background,0.9440450072288512,0.9440450072288512,0.001377519336529,0.0546527728438377
889,0,background,0.923583209514618,0.923583209514618,0.0014044584240764,0.0751178264617919
890,0,background,0.9235825538635254,0.9235825538635254,0.0014044584240764,0.0751184821128845
891,0,background,0.945140540599823,0.945140540599823,0.0013736095279455,0.0535594187676906
892,0,background,0.945139467716217,0.945139467716217,0.0013734238455072,0.0535606481134891
893,0,background,0.9435707330703736,0.9435707330703736,0.0013768931385129,0.0551282539963722
894,0,background,0.94357031583786,0.94357031583786,0.001376784290187,0.0551287308335304
895,0,background,0.9233499765396118,0.9233499765396118,0.0014059814857318,0.0753499716520309
896,0,background,0.923349380493164,0.923349380493164,0.0014059799723327,0.075350597500801
897,0,background,0.9451231360435486,0.9451231360435486,0.0013736200053244,0.0535768494009971
898,0,background,0.945122003555298,0.945122003555298,0.0013734343228861,0.0535781756043434
899,0,background,0.9435530304908752,0.9435530304908752,0.0013769009383395,0.0551459975540638
900,0,background,0.9435526132583618,0.9435526132583618,0.0013767927885055,0.0551465153694152
901,0,background,0.923365831375122,0.923365831375122,0.0014060122193768,0.0753340646624565
902,0,background,0.9233652353286744,0.9233652353286744,0.0014060122193768,0.0753346905112266
903,0,background,0.9451057314872742,0.9451057314872742,0.0013736297842115,0.0535942502319812
904,0,background,0.9451044201850892,0.9451044201850892,0.0013734435196965,0.0535957440733909
905,0,background,0.9435352683067322,0.9435352683067322,0.0013769088545814,0.0551637336611747
906,0,background,0.9435348510742188,0.9435348510742188,0.0013767993077635,0.0551642701029777
907,0,background,0.9233816266059875,0.9233816266059875,0.0014060442335903,0.075318194925785
908,0,background,0.9233810305595398,0.9233810305595398,0.0014060442335903,0.0753188282251358
909,0,background,0.943761110305786,0.943761110305786,0.001377674867399,0.0549369044601917
910,0,background,0.9437670707702636,0.9437670707702636,0.0013775411061942,0.054931104183197
911,0,background,0.9450320601463318,0.9450320601463318,0.0013738516718149,0.0536678470671176
912,0,background,0.9450348019599916,0.9450348019599916,0.0013736607506871,0.053665280342102
913,0,background,0.92351096868515,0.92351096868515,0.0014054545899853,0.0751892477273941
914,0,background,0.92351096868515,0.92351096868515,0.0014054552884772,0.0751892328262329
915,0,background,0.9450322985649108,0.9450322985649108,0.0013738516718149,0.0536676049232482
916,0,background,0.9450350403785706,0.9450350403785706,0.0013736593537032,0.0536650121212005
917,0,background,0.9437614679336548,0.9437614679336548,0.0013776728883385,0.0549365431070327
918,0,background,0.9437674283981324,0.9437674283981324,0.0013775397092103,0.0549307316541671
919,0,background,0.9235101342201232,0.9235101342201232,0.0014054526109248,0.0751900896430015
920,0,background,0.9235100746154784,0.9235100746154784,0.0014054526109248,0.0751901119947433
921,0,background,0.9450324773788452,0.9450324773788452,0.001373850274831,0.0536673963069915
922,0,background,0.9450352787971495,0.9450352787971495,0.0013736586552113,0.053664818406105
923,0,background,0.9437618255615234,0.9437618255615234,0.00137767160777,0.0549362488090992
924,0,background,0.9437676668167114,0.9437676668167114,0.0013775378465652,0.054930429905653
925,0,background,0.923509418964386,0.923509418964386,0.0014054499333724,0.0751907899975776
926,0,background,0.923509418964386,0.923509418964386,0.0014054512139409,0.0751907899975776
927,0,background,0.9450326561927797,0.9450326561927797,0.0013738488778471,0.0536672621965408
928,0,background,0.9450353980064392,0.9450353980064392,0.0013736566761508,0.0536646768450737
929,0,background,0.9437620043754578,0.9437620043754578,0.0013776702107861,0.0549360439181327
930,0,background,0.9437679052352904,0.9437679052352904,0.0013775364495813,0.0549302250146865
931,0,background,0.923508882522583,0.923508882522583,0.0014054493512958,0.0751913189888
932,0,background,0.923508882522583,0.923508882522583,0.0014054493512958,0.0751913189888
933,0,background,0.9450327754020692,0.9450327754020692,0.0013738488778471,0.0536671541631221
934,0,background,0.9450355172157288,0.9450355172157288,0.0013736566761508,0.0536645501852035
935,0,background,0.943762183189392,0.943762183189392,0.0013776696287095,0.0549358800053596
936,0,background,0.94376802444458,0.94376802444458,0.0013775357510894,0.0549300871789455
937,0,background,0.9235085248947144,0.9235085248947144,0.0014054485363885,0.0751916691660881
938,0,background,0.9235085248947144,0.9235085248947144,0.0014054485363885,0.0751916840672493
939,0,background,0.945032835006714,0.945032835006714,0.0013738488778471,0.0536670945584774
940,0,background,0.9450355768203736,0.9450355768203736,0.0013736559776589,0.0536645017564296
941,0,background,0.9437622427940368,0.9437622427940368,0.0013776682317256,0.0549358054995536
942,0,background,0.9437681436538696,0.9437681436538696,0.0013775344705209,0.0549299865961074
943,0,background,0.9235084056854248,0.9235084056854248,0.0014054471394047,0.0751918852329254
944,0,background,0.9235084056854248,0.9235084056854248,0.0014054471394047,0.0751918852329254
945,0,background,0.945032835006714,0.945032835006714,0.0013738482957705,0.0536670945584774
946,0,background,0.9450355768203736,0.9450355768203736,0.0013736559776589,0.0536645017564296
947,0,background,0.9437623023986816,0.9437623023986816,0.0013776682317256,0.0549357794225215
948,0,background,0.9437681436538696,0.9437681436538696,0.0013775344705209,0.0549299754202365
949,0,background,0.9235082864761353,0.9235082864761353,0.0014054478378966,0.0751919075846672
950,0,background,0.92350834608078,0.92350834608078,0.0014054471394047,0.0751919150352478
951,0,background,0.9450327754020692,0.9450327754020692,0.0013738488778471,0.0536671206355094
952,0,background,0.9450355768203736,0.9450355768203736,0.0013736566761508,0.0536645166575908
953,0,background,0.9437622427940368,0.9437622427940368,0.0013776689302176,0.0549358427524566
954,0,background,0.9437680840492249,0.9437680840492249,0.0013775357510894,0.0549300275743007
955,0,background,0.9235084652900696,0.9235084652900696,0.0014054471394047,0.075191780924797
956,0,background,0.9235085248947144,0.9235085248947144,0.0014054471394047,0.0751917660236358
957,0,background,0.9450327157974244,0.9450327157974244,0.0013738495763391,0.0536671914160251
958,0,background,0.945035457611084,0.945035457611084,0.0013736566761508,0.0536646209657192
959,0,background,0.9437620639801024,0.9437620639801024,0.0013776696287095,0.0549359805881977
960,0,background,0.9437679648399352,0.9437679648399352,0.0013775371480733,0.0549301616847515
961,0,background,0.9235087633132936,0.9235087633132936,0.0014054485363885,0.0751914605498313
962,0,background,0.9235087037086488,0.9235087037086488,0.0014054485363885,0.0751914829015731
963,0,background,0.94503253698349,0.94503253698349,0.001373850274831,0.0536673404276371
964,0,background,0.9450353384017944,0.9450353384017944,0.0013736573746427,0.0536647699773311
965,0,background,0.9437618851661682,0.9437618851661682,0.001377670909278,0.0549361519515514
966,0,background,0.943767786026001,0.943767786026001,0.0013775371480733,0.0549303330481052
967,0,background,0.9235091805458068,0.9235091805458068,0.0014054499333724,0.0751910284161567
968,0,background,0.9235091805458068,0.9235091805458068,0.0014054499333724,0.0751910284161567
969,0,background,0.9450324177742004,0.9450324177742004,0.0013738509733229,0.0536675043404102
970,0,background,0.94503515958786,0.94503515958786,0.0013736593537032,0.0536649413406848
971,0,background,0.9437615871429444,0.9437615871429444,0.0013776728883385,0.0549364238977432
972,0,background,0.943767547607422,0.943767547607422,0.0013775378465652,0.0549306161701679
973,0,background,0.9235097765922546,0.9235097765922546,0.0014054526109248,0.075190395116806
974,0,background,0.9235098361968994,0.9235098361968994,0.0014054526109248,0.075190357863903
975,0,background,0.9450321197509766,0.9450321197509766,0.0013738516718149,0.0536677539348602
976,0,background,0.945034921169281,0.945034921169281,0.0013736607506871,0.0536651685833931
977,0,background,0.9437612295150756,0.9437612295150756,0.001377674867399,0.0549367517232894
978,0,background,0.943767249584198,0.943767249584198,0.0013775397092103,0.054930955171585
979,0,background,0.9235105514526368,0.9235105514526368,0.0014054538914933,0.0751896277070045
980,0,background,0.9235106110572816,0.9235106110572816,0.0014054538914933,0.0751895830035209
981,0,background,0.9441561698913574,0.9441561698913574,0.0013774845283478,0.0545414872467517
982,0,background,0.9441655278205872,0.9441655278205872,0.001377354725264,0.0545322448015213
983,0,background,0.9453880786895752,0.9453880786895752,0.0013736082473769,0.0533115863800048
984,0,background,0.9453958868980408,0.9453958868980408,0.0013734480598941,0.0533038154244422
985,0,background,0.9231757521629332,0.9231757521629332,0.0014047473669052,0.0755256041884422
986,0,background,0.9231763482093812,0.9231763482093812,0.0014047473669052,0.0755250006914138
987,0,background,0.945281982421875,0.945281982421875,0.0013735153479501,0.0534178800880909
988,0,background,0.9452897906303406,0.9452897906303406,0.0013733557425439,0.0534102246165275
989,0,background,0.9437162280082704,0.9437162280082704,0.0013768236385658,0.0549826510250568
990,0,background,0.943720817565918,0.943720817565918,0.0013767279451712,0.0549781545996665
991,0,background,0.923212707042694,0.923212707042694,0.0014057202497497,0.0754876583814621
992,0,background,0.9232120513916016,0.9232120513916016,0.0014057189691811,0.0754883214831352
993,0,background,0.9455717206001282,0.9455717206001282,0.001373618026264,0.0531276501715183
994,0,background,0.9455816149711608,0.9455816149711608,0.0013734780950471,0.0531178824603557
995,0,background,0.9437437653541564,0.9437437653541564,0.0013769180513918,0.0549550168216228
996,0,background,0.943750023841858,0.943750023841858,0.0013768216595053,0.0549488291144371
997,0,background,0.9235531687736512,0.9235531687736512,0.0014051742618903,0.0751472935080528
998,0,background,0.9235525131225586,0.9235525131225586,0.0014051727484911,0.0751479417085647
999,0,background,0.9455530643463136,0.9455530643463136,0.0013736279215663,0.053146306425333
1000,0,background,0.9455624222755432,0.9455624222755432,0.0013734918320551,0.0531370416283607
1001,0,background,0.9437243938446044,0.9437243938446044,0.0013769258512184,0.0549743995070457
1002,0,background,0.943731725215912,0.943731725215912,0.0013768294593319,0.0549671798944473
1003,0,background,0.9235722422599792,0.9235722422599792,0.0014052055776119,0.0751281157135963
1004,0,background,0.9235716462135316,0.9235716462135316,0.0014052049955353,0.0751287415623664
1005,0,background,0.9452291131019592,0.9452291131019592,0.0013735441025346,0.053470816463232
1006,0,background,0.9452363848686218,0.9452363848686218,0.0013733860105276,0.0534636192023754
1007,0,background,0.9436609745025636,0.9436609745025636,0.0013768465723842,0.0550378933548927
1008,0,background,0.9436683058738708,0.9436683058738708,0.0013767501804977,0.0550306849181652
1009,0,background,0.9232664108276368,0.9232664108276368,0.0014058139640837,0.0754337981343269
1010,0,background,0.9232657551765442,0.9232657551765442,0.0014058139640837,0.075434461236
1011,0,background,0.94521164894104,0.94521164894104,0.0013735534157603,0.053488302975893
1012,0,background,0.9452188014984132,0.9452188014984132,0.0013733963714912,0.0534812398254871
1013,0,background,0.9436432719230652,0.9436432719230652,0.0013768544886261,0.0550557002425193
1014,0,background,0.943650484085083,0.943650484085083,0.0013767579803243,0.0550485551357269
1015,0,background,0.9232826232910156,0.9232826232910156,0.0014058462111279,0.0754175931215286
1016,0,background,0.9232819676399232,0.9232819676399232,0.0014058462111279,0.0754182338714599
1017,0,background,0.945194125175476,0.945194125175476,0.0013735644752159,0.0535057485103607
1018,0,background,0.9452012181282043,0.9452012181282043,0.0013734074309468,0.0534988418221473
1019,0,background,0.9436254501342772,0.9436254501342772,0.0013768629869446,0.0550734996795654
1020,0,background,0.9436326622962952,0.9436326622962952,0.0013767660129815,0.0550664141774177
1021,0,background,0.9232986569404602,0.9232986569404602,0.0014058775268495,0.075401447713375
1022,0,background,0.9232980608940125,0.9232980608940125,0.0014058782253414,0.075402095913887
1023,0,background,0.9454780220985411,0.9454780220985411,0.0013736664550378,0.0532214380800724
1024,0,background,0.9454885721206664,0.9454885721206664,0.0013735493412241,0.0532109849154949
1025,0,background,0.9436503052711488,0.9436503052711488,0.001376956119202,0.0550485551357269
1026,0,background,0.9436573386192322,0.9436573386192322,0.0013768590288236,0.0550415627658367
1027,0,background,0.923634946346283,0.923634946346283,0.0014053328195586,0.0750651806592941
1028,0,background,0.9236342906951904,0.9236342906951904,0.0014053328195586,0.0750658363103866
1029,0,background,0.9454587697982788,0.9454587697982788,0.0013736756518483,0.0532406978309154
1030,0,background,0.9454705119132996,0.9454705119132996,0.0013735631946474,0.0532290302217006
1031,0,background,0.9436318278312684,0.9436318278312684,0.00137696263846,0.0550669878721237
1032,0,background,0.9436389207839966,0.9436389207839966,0.0013768675271421,0.0550600439310073
1033,0,background,0.923649251461029,0.923649251461029,0.001405366230756,0.0750508829951286
1034,0,background,0.9236485958099364,0.9236485958099364,0.0014053655322641,0.0750515311956405
1035,0,background,0.9451419115066528,0.9451419115066528,0.0013735939282923,0.0535580776631832
1036,0,background,0.9451485276222228,0.9451485276222228,0.0013734370004385,0.0535516217350959
1037,0,background,0.9435722231864928,0.9435722231864928,0.0013768860371783,0.055126816034317
1038,0,background,0.9435791373252868,0.9435791373252868,0.0013767909258604,0.0551199354231357
1039,0,background,0.9233466386795044,0.9233466386795044,0.0014059746172279,0.0753533318638801
1040,0,background,0.9233460426330566,0.9233460426330566,0.0014059739187359,0.0753539204597473
1041,0,background,0.9451245069503784,0.9451245069503784,0.0013736044056713,0.0535755157470703
1042,0,background,0.9451308846473694,0.9451308846473694,0.0013734473614022,0.0535691976547241
1043,0,background,0.9435545206069946,0.9435545206069946,0.0013768931385129,0.05514457821846
1044,0,background,0.9435613751411438,0.9435613751411438,0.001376798027195,0.0551377460360527
1045,0,background,0.9233625531196594,0.9233625531196594,0.001406006864272,0.0753373280167579
1046,0,background,0.9233619570732116,0.9233619570732116,0.001406006864272,0.0753379613161087
1047,0,background,0.945189654827118,0.945189654827118,0.0013737195404246,0.0535101555287838
1048,0,background,0.9451959133148192,0.9451959133148192,0.0013735650572925,0.0535040125250816
1049,0,background,0.9439377188682556,0.9439377188682556,0.0013775909319519,0.0547601543366909
1050,0,background,0.9439461827278136,0.9439461827278136,0.0013774629915133,0.0547517351806163
1051,0,background,0.9233657717704772,0.9233657717704772,0.0014051221078261,0.0753349512815475
1052,0,background,0.9233651757240297,0.9233651757240297,0.0014051221078261,0.0753355845808982
1053,0,background,0.9437113404273988,0.9437113404273988,0.0013769193319603,0.0549874193966388
1054,0,background,0.9437114596366882,0.9437114596366882,0.0013768196804448,0.0549874082207679
1055,0,background,0.9452812671661376,0.9452812671661376,0.0013736031251028,0.0534185320138931
1056,0,background,0.945280373096466,0.945280373096466,0.0013734356034547,0.053419604897499
1057,0,background,0.9232503175735474,0.9232503175735474,0.0014059037202969,0.0754498988389968
1058,0,background,0.9232510328292848,0.9232510328292848,0.0014059037202969,0.0754491686820983
1059,0,background,0.945264220237732,0.945264220237732,0.0013736089458689,0.0534355789422988
1060,0,background,0.945263147354126,0.945263147354126,0.0013734401436522,0.053436741232872
1061,0,background,0.9436946511268616,0.9436946511268616,0.0013769167708232,0.0550041832029819
1062,0,background,0.9436941742897034,0.9436941742897034,0.0013768236385658,0.0550047680735588
1063,0,background,0.9232687950134276,0.9232687950134276,0.0014059237437322,0.0754313394427299
1064,0,background,0.9232680797576904,0.9232680797576904,0.0014059224631637,0.0754320546984672
1065,0,background,0.9452476501464844,0.9452476501464844,0.0013736148830503,0.0534521900117397
1066,0,background,0.9452465176582336,0.9452465176582336,0.0013734460808336,0.0534534454345703
1067,0,background,0.94367778301239,0.94367778301239,0.0013769193319603,0.0550210177898407
1068,0,background,0.943677306175232,0.943677306175232,0.0013768261997029,0.055021621286869
1069,0,background,0.9232825636863708,0.9232825636863708,0.0014059452805668,0.0754174888134002
1070,0,background,0.9232819080352784,0.9232819080352784,0.0014059459790587,0.0754181891679763
1071,0,background,0.9452309608459472,0.9452309608459472,0.0013736200053244,0.0534688010811805
1072,0,background,0.9452298283576964,0.9452298283576964,0.0013734513195231,0.0534701198339462
1073,0,background,0.9436609745025636,0.9436609745025636,0.0013769234064966,0.0550378635525703
1074,0,background,0.9436604976654052,0.9436604976654052,0.0013768289936706,0.0550384819507598
1075,0,background,0.9232963919639589,0.9232963919639589,0.001405966700986,0.0754036754369735
1076,0,background,0.9232956767082214,0.9232956767082214,0.001405966700986,0.0754043757915496
1077,0,background,0.9452143907546996,0.9452143907546996,0.0013736253604292,0.0534854307770729
1078,0,background,0.9452131390571594,0.9452131390571594,0.0013734579551964,0.0534868165850639
1079,0,background,0.9436442255973816,0.9436442255973816,0.001376926433295,0.055054672062397
1080,0,background,0.9436436891555786,0.9436436891555786,0.0013768314383924,0.0550553314387798
1081,0,background,0.9233100414276124,0.9233100414276124,0.0014059894019737,0.0753899067640304
1082,0,background,0.923309326171875,0.923309326171875,0.0014059887034818,0.0753906145691871
1083,0,background,0.945197820663452,0.945197820663452,0.0013736304827034,0.0535020306706428
1084,0,background,0.9451964497566224,0.9451964497566224,0.0013734630774706,0.0535035468637943
1085,0,background,0.9436273574829102,0.9436273574829102,0.0013769305078312,0.0550715290009975
1086,0,background,0.9436268210411072,0.9436268210411072,0.0013768341159448,0.0550721995532512
1087,0,background,0.9233237504959106,0.9233237504959106,0.0014060122193768,0.0753761902451515
1088,0,background,0.923323094844818,0.923323094844818,0.0014060107059776,0.075376883149147
1089,0,background,0.9451811909675598,0.9451811909675598,0.0013736364198848,0.053518671542406
1090,0,background,0.9451797604560852,0.9451797604560852,0.0013734683161601,0.0535202547907829
1091,0,background,0.9436106085777284,0.9436106085777284,0.0013769323704764,0.0550883561372756
1092,0,background,0.9436100125312804,0.9436100125312804,0.0013768373755738,0.0550890490412712
1093,0,background,0.923337459564209,0.923337459564209,0.001406033639796,0.0753624886274337
1094,0,background,0.9233368039131165,0.9233368039131165,0.0014060322428122,0.0753631666302681
1095,0,background,0.9454644918441772,0.9454644918441772,0.0013737292028963,0.0532349571585655
1096,0,background,0.9454628229141236,0.9454628229141236,0.0013736044056713,0.053236749023199
1097,0,background,0.9436350464820862,0.9436350464820862,0.0013770216610282,0.0550637356936931
1098,0,background,0.9436343908309937,0.9436343908309937,0.0013769271317869,0.0550644844770431
1099,0,background,0.9236745238304138,0.9236745238304138,0.0014054753119125,0.0750254616141319
1100,0,background,0.9236738085746764,0.9236738085746764,0.0014054746134206,0.075026161968708
1101,0,background,0.9451479315757751,0.9451479315757751,0.0013736475957557,0.0535519607365131
1102,0,background,0.945146381855011,0.945146381855011,0.0013734800741076,0.0535537004470825
1103,0,background,0.9435769319534302,0.9435769319534302,0.0013769404031336,0.0551220253109931
1104,0,background,0.9435762166976928,0.9435762166976928,0.0013768445933237,0.0551227927207946
1105,0,background,0.9233646392822266,0.9233646392822266,0.0014060778776183,0.0753351897001266
1106,0,background,0.923363983631134,0.923363983631134,0.0014060778776183,0.0753358677029609
1107,0,background,0.9451314210891724,0.9451314210891724,0.0013736534165218,0.0535685680806636
1108,0,background,0.9451296329498292,0.9451296329498292,0.0013734853127971,0.0535704270005226
1109,0,background,0.9435601830482484,0.9435601830482484,0.0013769441284239,0.0551388449966907
1110,0,background,0.9435594081878662,0.9435594081878662,0.0013768485514447,0.055139672011137
1111,0,background,0.9233782291412354,0.9233782291412354,0.0014061005786061,0.0753216072916984
1112,0,background,0.9233775734901428,0.9233775734901428,0.0014061005786061,0.0753222629427909
1113,0,background,0.9451147317886353,0.9451147317886353,0.0013736593537032,0.0535852052271366
1114,0,background,0.9451130032539368,0.9451130032539368,0.0013734905514866,0.0535871610045433
1115,0,background,0.9435433149337769,0.9435433149337769,0.0013769468059763,0.05515568703413
1116,0,background,0.9435425400733948,0.9435425400733948,0.0013768511125817,0.0551565289497375
1117,0,background,0.9233917593955994,0.9233917593955994,0.0014061225811019,0.0753080025315284
1118,0,background,0.9233911037445068,0.9233911037445068,0.00140612188261,0.0753087028861045
1119,0,background,0.9450981020927428,0.9450981020927428,0.0013736644759774,0.0536018833518028
1120,0,background,0.94509619474411,0.94509619474411,0.0013734970707446,0.053603921085596
1121,0,background,0.9435253143310548,0.9435253143310548,0.0013769507640972,0.0551737323403358
1122,0,background,0.9435256123542786,0.9435256123542786,0.0013768537901341,0.0551735050976276
1123,0,background,0.9234055280685424,0.9234055280685424,0.0014061452820897,0.0752941742539405
1124,0,background,0.92340487241745,0.92340487241745,0.0014061459805816,0.0752948522567749
1125,0,background,0.937379002571106,0.937379002571106,0.0013714189408347,0.0613336339592933
1126,0,background,0.9373777508735656,0.9373777508735656,0.0013714332599192,0.0613349340856075
1127,0,background,0.9280552864074708,0.9280552864074708,0.0014256677823141,0.0706197172403335
1128,0,background,0.9338315725326538,0.9338315725326538,0.0013790073571726,0.06487887352705
1129,0,background,0.9300121068954468,0.9300121068954468,0.0014052732149139,0.0686791166663169
1130,0,background,0.939689874649048,0.939689874649048,0.0013832985423505,0.0590084083378315
1131,0,background,0.9396897554397584,0.9396897554397584,0.0013832893455401,0.0590085424482822
1132,0,background,0.9333644509315492,0.9333644509315492,0.0013894254807382,0.0653368905186653
1133,0,background,0.9333634972572328,0.9333634972572328,0.0013894345611333,0.0653378292918205
1134,0,background,0.9351415634155272,0.9351415634155272,0.0014155679382383,0.0635328292846679
1135,0,background,0.9351364374160768,0.9351364374160768,0.0014155362732708,0.0635379776358604
1136,0,background,0.9349216222763062,0.9349216222763062,0.0013801837339997,0.0637862011790275
1137,0,background,0.9348892569541932,0.9348892569541932,0.0013801654567942,0.0638186857104301
1138,0,background,0.7181422710418701,0.7181422710418701,0.0013977554626762,0.2808525860309601
1139,0,background,0.9420416951179504,0.9420416951179504,0.0014131859643384,0.056625161319971
1140,0,background,0.9399794340133668,0.9399794340133668,0.0013809122610837,0.0587207078933715
1141,2,surface_feature,0.5462908744812012,0.4530745446681976,0.0013985943514853,0.5462908744812012
1142,0,background,0.9128687381744384,0.9128687381744384,0.0013657280942425,0.0858828574419021
1143,0,background,0.9126040935516356,0.9126040935516356,0.0013645483413711,0.0861489102244377
1144,0,background,0.9015578031539916,0.9015578031539916,0.0013614692725241,0.0972131118178367
1145,0,background,0.935649871826172,0.935649871826172,0.0014013168402016,0.0630371570587158
1146,2,surface_feature,0.546291172504425,0.453074187040329,0.0013988093705847,0.546291172504425
1147,0,background,0.9420421719551086,0.9420421719551086,0.0014131017960608,0.0566246844828128
1148,0,background,0.9399837255477904,0.9399837255477904,0.0013810364762321,0.0587162934243679
1149,0,background,0.7174040675163269,0.7174040675163269,0.0013978759525343,0.2815917134284973
1150,0,background,0.9118898510932922,0.9118898510932922,0.00136610341724,0.0868627279996872
1151,0,background,0.900580883026123,0.900580883026123,0.0013619044329971,0.0981909707188606
1152,0,background,0.9121251106262208,0.9121251106262208,0.0013649084139615,0.0866282507777214
1153,0,background,0.935855507850647,0.935855507850647,0.0014015097403898,0.0628310516476631
1154,0,background,0.9088782668113708,0.9088782668113708,0.0013888955581933,0.0898576378822326
1155,0,background,0.9085158705711364,0.9085158705711364,0.0013888756511732,0.0902205854654312
1156,0,background,0.9341703653335572,0.9341703653335572,0.0013917192118242,0.0645277351140976
1157,0,background,0.9349035620689392,0.9349035620689392,0.0013911691494286,0.0637940391898155
1158,0,background,0.8937909603118896,0.8937909603118896,0.0013884677318856,0.1049663126468658
1159,0,background,0.8917519450187683,0.8917519450187683,0.0013891713460907,0.1070075631141662
1160,0,background,0.927699327468872,0.927699327468872,0.0013981967931613,0.0710017532110214
1161,0,background,0.9280479550361632,0.9280479550361632,0.0013982420787215,0.0706525593996048
1162,0,background,0.9233781695365906,0.9233781695365906,0.0014842925593256,0.0752492472529411
1163,0,background,0.9419424533843994,0.9419424533843994,0.0013607991859316,0.0567740276455879
1164,0,background,0.9419423937797546,0.9419423937797546,0.0013608023291453,0.0567740648984909
1165,0,background,0.9333478212356568,0.9333478212356568,0.0013715814566239,0.0653702765703201
1166,0,background,0.9333478212356568,0.9333478212356568,0.0013715814566239,0.0653702765703201
1167,0,background,0.9300189018249512,0.9300189018249512,0.0014173289528116,0.068661093711853
1168,0,background,0.8911139965057373,0.8911139965057373,0.0013873296556994,0.1076480001211166
1169,0,background,0.891026496887207,0.891026496887207,0.0013871367555111,0.1077357977628707
1170,0,background,0.9028027653694152,0.9028027653694152,0.0013880935730412,0.0959423035383224
1171,0,background,0.9031153321266174,0.9031153321266174,0.0013883421197533,0.0956290438771247
1172,0,background,0.9108092784881592,0.9108092784881592,0.0013970608124509,0.0879164785146713
1173,0,background,0.9086180329322816,0.9086180329322816,0.0013871222035959,0.0901198089122772
1174,0,background,0.9088127613067628,0.9088127613067628,0.0013862031046301,0.0899256393313407
1175,0,background,0.904135525226593,0.904135525226593,0.0013806236675009,0.0946145132184028
1176,0,background,0.9043169021606444,0.9043169021606444,0.0013810981763526,0.0944324135780334
1177,0,background,0.9301448464393616,0.9301448464393616,0.0014180365251377,0.0685342624783515
1178,0,background,0.9108766317367554,0.9108766317367554,0.0013959150528535,0.0878500118851661
1179,0,background,0.9045624732971193,0.9045624732971193,0.0013801791938021,0.0941873118281364
1180,0,background,0.9047174453735352,0.9047174453735352,0.0013806708157062,0.0940317139029502
1181,0,background,0.891344428062439,0.891344428062439,0.0013870482798665,0.1074175238609314
1182,0,background,0.8912377953529358,0.8912377953529358,0.0013868851820006,0.1075244769454002
1183,0,background,0.9086140990257264,0.9086140990257264,0.0013854429125785,0.0901253297924995
1184,0,background,0.9087774753570556,0.9087774753570556,0.0013845110079273,0.0899626016616821
1185,0,background,0.90280282497406,0.90280282497406,0.001387073425576,0.0959432274103164
1186,0,background,0.9031355977058412,0.9031355977058412,0.0013873218558728,0.0956097096204757
1187,0,background,0.9248421788215636,0.9248421788215636,0.0013938997872173,0.0738668590784072
1188,0,background,0.9248420000076294,0.9248420000076294,0.0013935242313891,0.0738674253225326
1189,0,background,0.9019225239753724,0.9019225239753724,0.0013951787259429,0.0968173742294311
1190,0,background,0.9022010564804076,0.9022010564804076,0.0013956889742985,0.09653802216053
1191,0,background,0.9248396754264832,0.9248396754264832,0.0013936834875494,0.0738696008920669
1192,0,background,0.9248371124267578,0.9248371124267578,0.001393303158693,0.0738724991679191
1193,0,background,0.9370834827423096,0.9370834827423096,0.0014091475168243,0.061594121158123
1194,0,background,0.937153697013855,0.937153697013855,0.0014092320343479,0.0615238100290298
1195,0,background,0.9296706318855286,0.9296706318855286,0.0014049648307263,0.0690213963389396
1196,0,background,0.9296818375587464,0.9296818375587464,0.0014050953323021,0.0690100118517875
1197,0,background,0.9114843010902404,0.9114843010902404,0.0013916085008531,0.0872455239295959
1198,0,background,0.9115790724754332,0.9115790724754332,0.0013913023285567,0.0871508717536926
1199,0,background,0.8959118723869324,0.8959118723869324,0.0013884016079828,0.1028425171971321
1200,0,background,0.8960108757019043,0.8960108757019043,0.0013888420071452,0.1027429774403572
1201,0,background,0.911550998687744,0.911550998687744,0.0013915887102484,0.0871787145733833
1202,0,background,0.9116389155387878,0.9116389155387878,0.0013912884751334,0.0870909467339515
1203,0,background,0.9296767711639404,0.9296767711639404,0.001403997070156,0.0690161734819412
1204,0,background,0.9296902418136596,0.9296902418136596,0.0014041046379134,0.0690024942159652
1205,0,background,0.9370880722999572,0.9370880722999572,0.0014091245830059,0.061589628458023
1206,0,background,0.9371550679206848,0.9371550679206848,0.0014092093333601,0.0615224465727806
1207,0,background,0.9258502125740052,0.9258502125740052,0.0013957507908344,0.0728557333350181
1208,0,background,0.925786554813385,0.925786554813385,0.0013961130753159,0.0729191526770591
1209,0,background,0.903083562850952,0.903083562850952,0.0013933822046965,0.0956563130021095
1210,0,background,0.902749478816986,0.902749478816986,0.0013926405226811,0.0959915369749069
1211,0,background,0.9257734417915344,0.9257734417915344,0.0013958851341158,0.0729324594140052
1212,0,background,0.9257420897483826,0.9257420897483826,0.0013963099336251,0.0729634910821914
1213,0,background,0.9372172355651855,0.9372172355651855,0.0014100624248385,0.0614593550562858
1214,0,background,0.9371416568756104,0.9371416568756104,0.001409736694768,0.0615353323519229
1215,0,background,0.9257391095161438,0.9257391095161438,0.0013957256451249,0.0729670226573944
1216,0,background,0.9256979823112488,0.9256979823112488,0.0013961503282189,0.0730077624320983
1217,0,background,0.902934193611145,0.902934193611145,0.0013931286521255,0.095806136727333
1218,0,background,0.9026294946670532,0.9026294946670532,0.0013923911610618,0.0961119532585144
1219,0,background,0.9258146286010742,0.9258146286010742,0.0013955840840935,0.0728915408253669
1220,0,background,0.9257414937019348,0.9257414937019348,0.0013959469506517,0.0729644000530242
1221,0,background,0.9372501373291016,0.9372501373291016,0.001409818069078,0.0614266358315944
1222,0,background,0.9372217059135436,0.9372217059135436,0.0014095515944063,0.0614553652703762
1223,0,background,0.9069583415985109,0.9069583415985109,0.0014057905646041,0.0917648747563362
1224,0,background,0.9069587588310242,0.9069587588310242,0.0014057939406484,0.0917644724249839
1225,0,background,0.937567412853241,0.937567412853241,0.0014035867061465,0.0611147731542587
1226,0,background,0.8587527275085449,0.8587527275085449,0.0014230093220248,0.1400235444307327
1227,0,background,0.8587570190429688,0.8587570190429688,0.0014230160741135,0.1400192528963089
1228,0,background,0.8378393650054932,0.8378393650054932,0.0014128051698207,0.1609752625226974
1229,0,background,0.9079737663269044,0.9079737663269044,0.0014000808587297,0.0907532349228859
1230,0,background,0.907977819442749,0.907977819442749,0.0014000742230564,0.0907491818070411
1231,0,background,0.8525538444519043,0.8525538444519043,0.0014009131118655,0.1462501436471939
1232,0,background,0.8525521755218506,0.8525521755218506,0.0014009037986397,0.146251767873764
1233,0,background,0.9378284811973572,0.9378284811973572,0.0014037330402061,0.0608531944453716
1234,0,background,0.8647931218147278,0.8647931218147278,0.0014240883756428,0.1339735686779022
1235,0,background,0.8648023009300232,0.8648023009300232,0.0014240966411307,0.1339643895626068
1236,0,background,0.8495914340019226,0.8495914340019226,0.0014117794344201,0.1492073982954025
1237,0,background,0.9106687903404236,0.9106687903404236,0.0014004476834088,0.0880540609359741
1238,0,background,0.9106624722480774,0.9106624722480774,0.0014004575787112,0.0880603715777397
1239,0,background,0.859015166759491,0.859015166759491,0.0013989000581204,0.1397814750671386
1240,0,background,0.8590134382247925,0.8590134382247925,0.0013988894643262,0.1397832483053207
1241,0,background,0.884689450263977,0.884689450263977,0.0013952439185231,0.1140744760632515
1242,0,background,0.884691596031189,0.884691596031189,0.0013952311128377,0.1140723153948783
1243,0,background,0.8713753819465637,0.8713753819465637,0.0013932787114754,0.1274088472127914
1244,0,background,0.8712466955184937,0.8712466955184937,0.0013931036228314,0.1275379061698913
