face_id,pred_label,pred_name,pred_confidence,prob_background,prob_rivet,prob_surface_feature
1,0,background,0.9262031316757202,0.9262031316757202,0.0015187640674412,0.0723880752921104
2,0,background,0.925061285495758,0.925061285495758,0.0015161371557042,0.0735339969396591
3,0,background,0.9262229204177856,0.9262229204177856,0.0015189333353191,0.0723680630326271
4,0,background,0.9258686304092408,0.9258686304092408,0.0015194728039205,0.0727223828434944
5,0,background,0.9259139895439148,0.9259139895439148,0.0015198143664747,0.0726766660809516
6,0,background,0.9261860251426696,0.9261860251426696,0.001520171877928,0.0724039003252983
7,0,background,0.9260849356651306,0.9260849356651306,0.0015201154164969,0.0725051909685134
8,0,background,0.926135241985321,0.926135241985321,0.0015199307817965,0.0724550038576126
9,0,background,0.9261777997016908,0.9261777997016908,0.0015191084239631,0.0724131315946579
10,0,background,0.8877019286155701,0.8877019286155701,0.0015084644546732,0.1109569743275642
11,0,background,0.8907124996185303,0.8907124996185303,0.0015084672486409,0.1079418659210205
12,0,background,0.9046207666397096,0.9046207666397096,0.0015083467587828,0.0940126553177833
13,0,background,0.8909083008766174,0.8909083008766174,0.0015083035686984,0.107745923101902
14,0,background,0.8806227445602417,0.8806227445602417,0.0015062490710988,0.1180487945675849
15,0,background,0.9260257482528688,0.9260257482528688,0.0015196588356047,0.0725648701190948
16,0,background,0.9262528419494628,0.9262528419494628,0.0015189303085207,0.0723380744457244
17,0,background,0.8882359862327576,0.8882359862327576,0.0015088048530742,0.1104217767715454
18,0,background,0.8896781802177429,0.8896781802177429,0.0015088551444932,0.1089774295687675
19,0,background,0.9038721919059752,0.9038721919059752,0.0015088896034285,0.0947619155049324
20,0,background,0.890365719795227,0.890365719795227,0.0015086814528331,0.1082889884710311
21,0,background,0.8821653127670288,0.8821653127670288,0.0015060560544952,0.1165041178464889
22,0,background,0.8877466917037964,0.8877466917037964,0.0015083712060004,0.1109122410416603
23,0,background,0.8913751244544983,0.8913751244544983,0.001508088200353,0.1072785034775734
24,0,background,0.9047855734825134,0.9047855734825134,0.0015083042671903,0.0938476920127868
25,0,background,0.8919234871864319,0.8919234871864319,0.0015080565353855,0.1067293658852577
26,0,background,0.8823215365409851,0.8823215365409851,0.0015060001751407,0.1163477152585983
27,0,background,0.8867859244346619,0.8867859244346619,0.0015077908756211,0.1118749678134918
28,0,background,0.8884983658790588,0.8884983658790588,0.0015083209145814,0.1101595088839531
29,0,background,0.9034797549247742,0.9034797549247742,0.0015087029896676,0.0951551273465156
30,0,background,0.8912718892097473,0.8912718892097473,0.0015080766752362,0.107382021844387
31,0,background,0.8830761909484863,0.8830761909484863,0.0015059177530929,0.1155919507145881
32,0,background,0.8877402544021606,0.8877402544021606,0.0015088387299329,0.1109183058142662
33,0,background,0.889847993850708,0.889847993850708,0.0015084336046129,0.108807735145092
34,0,background,0.9038878679275512,0.9038878679275512,0.0015090765664353,0.0947460457682609
35,0,background,0.8908239603042603,0.8908239603042603,0.0015086993807926,0.1078299880027771
36,0,background,0.8835155367851257,0.8835155367851257,0.0015057665295898,0.1151520460844039
37,0,background,0.8859375715255737,0.8859375715255737,0.0015079302247613,0.1127244979143142
38,0,background,0.8888761401176453,0.8888761401176453,0.0015079136937856,0.1097814291715622
39,0,background,0.9040420055389404,0.9040420055389404,0.0015085075283423,0.0945921763777732
40,0,background,0.8905771374702454,0.8905771374702454,0.0015084443148225,0.1080774739384651
41,0,background,0.8828127384185791,0.8828127384185791,0.0015058453427627,0.1158558577299118
42,0,background,0.8867889642715454,0.8867889642715454,0.0015080306911841,0.1118716746568679
43,0,background,0.8903979659080505,0.8903979659080505,0.001507360371761,0.108257919549942
44,0,background,0.9044261574745178,0.9044261574745178,0.001508385525085,0.0942075476050376
45,0,background,0.8924819231033325,0.8924819231033325,0.0015076688723638,0.1061704754829406
46,0,background,0.8821450471878052,0.8821450471878052,0.0015058073913678,0.1165246292948722
47,0,background,0.8863064050674438,0.8863064050674438,0.0015089916996657,0.1123541146516799
48,0,background,0.8884788155555725,0.8884788155555725,0.0015086928615346,0.1101786792278289
49,0,background,0.902993142604828,0.902993142604828,0.001509525696747,0.0956416875123977
50,0,background,0.8900743722915649,0.8900743722915649,0.0015088767977431,0.1085806116461753
51,0,background,0.8821031451225281,0.8821031451225281,0.0015057708369567,0.1165666133165359
52,0,background,0.8866949677467346,0.8866949677467346,0.0015083323232829,0.1119655445218086
53,0,background,0.8881214261054993,0.8881214261054993,0.0015093114925548,0.1105360686779022
54,0,background,0.903173565864563,0.903173565864563,0.0015095104463398,0.0954610705375671
55,0,background,0.890252947807312,0.890252947807312,0.0015088078798726,0.108401782810688
56,0,background,0.8812127709388733,0.8812127709388733,0.0015058718854561,0.117458201944828
57,0,background,0.8873254656791687,0.8873254656791687,0.0015080694574862,0.111334390938282
58,0,background,0.8887428045272827,0.8887428045272827,0.0015090851811692,0.1099139973521232
59,0,background,0.9034540057182312,0.9034540057182312,0.0015091598033905,0.0951804667711258
60,0,background,0.8905895948410034,0.8905895948410034,0.0015085908817127,0.1080648377537727
61,0,background,0.8816754221916199,0.8816754221916199,0.0015059212455525,0.1169948801398277
62,0,background,0.9261306524276732,0.9261306524276732,0.0015194279840216,0.0724600031971931
63,0,background,0.8877652883529663,0.8877652883529663,0.001508212997578,0.1108937114477157
64,0,background,0.8896011114120483,0.8896011114120483,0.0015087517676874,0.1090546697378158
65,0,background,0.9038495421409608,0.9038495421409608,0.0015088854124769,0.0947845503687858
66,0,background,0.891444742679596,0.891444742679596,0.0015082288300618,0.1072086989879608
67,0,background,0.8816932439804077,0.8816932439804077,0.0015060338191688,0.1169769242405891
68,0,background,0.9262024164199828,0.9262024164199828,0.0015189970145002,0.072388507425785
69,0,background,0.8874537348747253,0.8874537348747253,0.0015093042748048,0.1112048178911209
70,0,background,0.8912677764892578,0.8912677764892578,0.0015083990292623,0.1073858365416526
71,0,background,0.9046809673309326,0.9046809673309326,0.0015084773767739,0.0939522758126258
72,0,background,0.8901911973953247,0.8901911973953247,0.0015088716754689,0.1084636002779007
73,0,background,0.881852924823761,0.881852924823761,0.0015061212470754,0.1168168634176254
74,0,background,0.926256000995636,0.926256000995636,0.0015187554527074,0.0723351463675499
75,0,background,0.8884080052375793,0.8884080052375793,0.0015092223184183,0.1102491915225982
76,0,background,0.8899309039115906,0.8899309039115906,0.0015091591048985,0.1087240651249885
77,0,background,0.9038707613945008,0.9038707613945008,0.0015091082314029,0.0947630777955055
78,0,background,0.8906060457229614,0.8906060457229614,0.0015087905339896,0.1080482006072998
79,0,background,0.8818334937095642,0.8818334937095642,0.0015062239253893,0.1168362721800804
80,0,background,0.9262292981147766,0.9262292981147766,0.0015186440432444,0.072361946105957
81,0,background,0.887815535068512,0.887815535068512,0.0015090563101693,0.1108426228165626
82,0,background,0.8899558782577515,0.8899558782577515,0.0015094876289367,0.1086987107992172
83,0,background,0.903105854988098,0.903105854988098,0.00150954851415,0.0955287590622901
84,0,background,0.8916150331497192,0.8916150331497192,0.0015084157930687,0.107038028538227
85,0,background,0.8814811706542969,0.8814811706542969,0.0015063430182635,0.1171890795230865
86,0,background,0.9262582659721376,0.9262582659721376,0.0015186967793852,0.0723328590393066
87,0,background,0.888386607170105,0.888386607170105,0.0015097614377737,0.1102700755000114
88,0,background,0.8899257183074951,0.8899257183074951,0.0015096556162461,0.1087287664413452
89,0,background,0.9036834239959716,0.9036834239959716,0.0015093014808371,0.0949505716562271
90,0,background,0.8895254135131836,0.8895254135131836,0.0015093000838533,0.1091299727559089
91,0,background,0.8811392188072205,0.8811392188072205,0.0015064125182107,0.1175313964486122
92,0,background,0.926182508468628,0.926182508468628,0.0015189875848591,0.0724084749817848
93,0,background,0.8880406022071838,0.8880406022071838,0.0015091095119714,0.1106172427535057
94,0,background,0.8894949555397034,0.8894949555397034,0.0015101244207471,0.1091597825288772
95,0,background,0.9032530188560486,0.9032530188560486,0.0015095205744728,0.0953814461827278
96,0,background,0.8901805281639099,0.8901805281639099,0.0015089873922988,0.1084741577506065
97,0,background,0.8803243637084961,0.8803243637084961,0.0015064993640407,0.1183474063873291
98,0,background,0.9260393381118774,0.9260393381118774,0.0015194034203886,0.0725514739751815
99,0,background,0.8866890668869019,0.8866890668869019,0.0015094731934368,0.1119704693555831
100,0,background,0.8903698325157166,0.8903698325157166,0.0015092259272933,0.1082843765616417
101,0,background,0.9036290049552916,0.9036290049552916,0.0015093251131474,0.0950050950050354
102,0,background,0.8902686834335327,0.8902686834335327,0.0015088078798726,0.1083860620856285
103,0,background,0.879233181476593,0.879233181476593,0.0015065560583025,0.1194401979446411
104,0,background,0.9259817600250244,0.9259817600250244,0.0015198057517409,0.0726087689399719
105,0,background,0.8859739899635315,0.8859739899635315,0.0015095968265086,0.1126865297555923
106,0,background,0.8896134495735168,0.8896134495735168,0.001509350258857,0.1090417355298996
107,0,background,0.9031820297241212,0.9031820297241212,0.0015097995055839,0.0954523384571075
108,0,background,0.8897089958190918,0.8897089958190918,0.0015090801753103,0.1089463457465171
109,0,background,0.8783580660820007,0.8783580660820007,0.0015065488405525,0.120316594839096
110,0,background,0.8873258829116821,0.8873258829116821,0.0015089428052306,0.1113332062959671
111,0,background,0.8881585001945496,0.8881585001945496,0.0015098174335435,0.1104984730482101
112,0,background,0.9032984375953674,0.9032984375953674,0.0015098828589543,0.0953356027603149
113,0,background,0.8895047903060913,0.8895047903060913,0.0015091942623257,0.1091507598757743
114,0,background,0.8780607581138611,0.8780607581138611,0.0015064957551658,0.1206144839525222
115,0,background,0.9081708788871764,0.9081708788871764,0.0015752990730106,0.0903962180018425
116,0,background,0.926341950893402,0.926341950893402,0.0015193318249657,0.07224852591753
117,0,background,0.8872992992401123,0.8872992992401123,0.001509687397629,0.1113591939210891
118,0,background,0.8888359069824219,0.8888359069824219,0.0015095709823071,0.1098203286528587
119,0,background,0.9030773043632508,0.9030773043632508,0.0015096615534275,0.0955572724342346
120,0,background,0.8887887597084045,0.8887887597084045,0.0015094788977876,0.1098675578832626
121,0,background,0.8801085948944092,0.8801085948944092,0.0015063098398968,0.1185636296868324
122,0,background,0.9536428451538086,0.9536428451538086,0.001515720738098,0.0449094884097576
123,0,background,0.9200598001480104,0.9200598001480104,0.0016164252301678,0.0784505978226661
124,0,background,0.9544219374656676,0.9544219374656676,0.0014952742494642,0.0441488176584243
125,0,background,0.9233643412590028,0.9233643412590028,0.0015227637486532,0.0752274394035339
126,0,background,0.922048270702362,0.922048270702362,0.0015202240319922,0.0765478387475013
127,0,background,0.9232438802719116,0.9232438802719116,0.0015229746932163,0.0753479078412056
128,0,background,0.9230445623397828,0.9230445623397828,0.0015236113686114,0.0755468979477882
129,0,background,0.9230619668960572,0.9230619668960572,0.0015240577049553,0.0755291283130645
130,0,background,0.9233609437942504,0.9233609437942504,0.0015245235990732,0.0752292275428772
131,0,background,0.9233077764511108,0.9233077764511108,0.0015244198730215,0.0752825364470481
132,0,background,0.9232884645462036,0.9232884645462036,0.0015241142828017,0.0753021761775016
133,0,background,0.9235460758209229,0.9235460758209229,0.0015231727156788,0.0750450491905212
134,0,background,0.8791680932044983,0.8791680932044983,0.0015106479404494,0.1195018440485
135,0,background,0.8801676034927368,0.8801676034927368,0.0015110003296285,0.1185005009174346
136,0,background,0.901011884212494,0.901011884212494,0.0015090722590684,0.0976263955235481
137,0,background,0.8923739194869995,0.8923739194869995,0.0015080895973369,0.1062782332301139
138,0,background,0.8842646479606628,0.8842646479606628,0.0015053591923788,0.1144021973013877
139,0,background,0.9233949184417723,0.9233949184417723,0.0015237994957715,0.0751958265900611
140,0,background,0.9234375953674316,0.9234375953674316,0.0015229877317324,0.0751538649201393
141,0,background,0.8795793056488037,0.8795793056488037,0.0015103027690201,0.1190902441740036
142,0,background,0.8805656433105469,0.8805656433105469,0.0015106565551832,0.1181020885705947
143,0,background,0.9012720584869384,0.9012720584869384,0.0015086871571838,0.0973661541938781
144,0,background,0.8927024602890015,0.8927024602890015,0.0015077500138431,0.1059495285153389
145,0,background,0.8844854831695557,0.8844854831695557,0.0015052546514198,0.1141811683773994
146,0,background,0.8803813457489014,0.8803813457489014,0.0015099036972969,0.1182873398065567
147,0,background,0.880843997001648,0.880843997001648,0.0015105372294783,0.1178234070539474
148,0,background,0.9018797278404236,0.9018797278404236,0.0015082382597029,0.0967579558491706
149,0,background,0.8928825259208679,0.8928825259208679,0.0015076257986947,0.1057692766189575
150,0,background,0.8845052123069763,0.8845052123069763,0.0015051737427711,0.1141614094376564
151,0,background,0.8793394565582275,0.8793394565582275,0.0015098584117367,0.1193309128284454
152,0,background,0.8795303702354431,0.8795303702354431,0.0015108177904039,0.1191388443112373
153,0,background,0.9011644721031188,0.9011644721031188,0.0015082935569807,0.0974742546677589
154,0,background,0.8917463421821594,0.8917463421821594,0.0015079862205311,0.1069068908691406
155,0,background,0.8846215009689331,0.8846215009689331,0.001505107153207,0.1140449941158294
156,0,background,0.8795942664146423,0.8795942664146423,0.00151074223686,0.1190749034285545
157,0,background,0.8810492157936096,0.8810492157936096,0.0015104465419426,0.1176180243492126
158,0,background,0.9016505479812622,0.9016505479812622,0.0015084055485203,0.0969872921705246
159,0,background,0.8920134902000427,0.8920134902000427,0.0015080572338774,0.1066392734646797
160,0,background,0.8850092887878418,0.8850092887878418,0.001505012391135,0.1136567369103431
161,0,background,0.8786738514900208,0.8786738514900208,0.0015102222096174,0.1199971586465835
162,0,background,0.8788909316062927,0.8788909316062927,0.0015111794928088,0.1197789385914802
163,0,background,0.9006251692771912,0.9006251692771912,0.0015086950734257,0.0980139970779419
164,0,background,0.891141414642334,0.891141414642334,0.001508331624791,0.1075124070048332
165,0,background,0.8845345377922058,0.8845345377922058,0.0015050432411953,0.114132210612297
166,0,background,0.8792344331741333,0.8792344331741333,0.0015105904312804,0.1194353550672531
167,0,background,0.8814722895622253,0.8814722895622253,0.0015102208126336,0.1171944513916969
168,0,background,0.9020798802375792,0.9020798802375792,0.0015081448946148,0.0965576469898223
169,0,background,0.892476499080658,0.892476499080658,0.0015079316217452,0.1061756536364555
170,0,background,0.8843042254447937,0.8843042254447937,0.0015050525544211,0.114362820982933
171,0,background,0.8787848949432373,0.8787848949432373,0.0015109587693586,0.1198852509260177
172,0,background,0.8797920346260071,0.8797920346260071,0.0015113111585378,0.1188762784004211
173,0,background,0.9007737636566162,0.9007737636566162,0.0015093509573489,0.0978645756840705
174,0,background,0.8922929763793945,0.8922929763793945,0.0015082706231623,0.1063591167330741
175,0,background,0.8844044208526611,0.8844044208526611,0.0015050854999572,0.1142624542117118
176,0,background,0.8796864151954651,0.8796864151954651,0.001510550151579,0.1189827322959899
177,0,background,0.8791806101799011,0.8791806101799011,0.0015118769370019,0.1194881722331047
178,0,background,0.9017091989517212,0.9017091989517212,0.001508978777565,0.0969281122088432
179,0,background,0.8913503289222717,0.8913503289222717,0.0015088365180417,0.107302725315094
180,0,background,0.8840391635894775,0.8840391635894775,0.0015051657101139,0.1146282330155372
181,0,background,0.8787807822227478,0.8787807822227478,0.0015109644737094,0.119889348745346
182,0,background,0.8810397982597351,0.8810397982597351,0.0015106090577319,0.1176272332668304
183,0,background,0.9018141627311708,0.9018141627311708,0.0015085836639627,0.0968233197927475
184,0,background,0.8920354843139648,0.8920354843139648,0.0015083416365087,0.1066169962286949
185,0,background,0.8839170932769775,0.8839170932769775,0.001505278982222,0.1147503927350044
186,0,background,0.9233108758926392,0.9233108758926392,0.0015234280144795,0.0752803608775138
187,0,background,0.8795899152755737,0.8795899152755737,0.001510502770543,0.1190794631838798
188,0,background,0.8813155293464661,0.8813155293464661,0.0015104279154911,0.1173512712121009
189,0,background,0.9023756980895996,0.9023756980895996,0.0015081226592883,0.0962613746523857
190,0,background,0.8920693397521973,0.8920693397521973,0.0015082188183441,0.1065831631422042
191,0,background,0.8837468028068542,0.8837468028068542,0.0015053987735882,0.1149208024144172
192,0,background,0.9234601259231568,0.9234601259231568,0.0015228478005155,0.0751314535737037
193,0,background,0.8799781203269958,0.8799781203269958,0.0015103877522051,0.1186908110976219
194,0,background,0.8801776170730591,0.8801776170730591,0.0015113415429368,0.1184900999069213
195,0,background,0.901637077331543,0.901637077331543,0.0015087575884535,0.0970005020499229
196,0,background,0.8918372988700867,0.8918372988700867,0.0015084501355886,0.106815367937088
197,0,background,0.8841007947921753,0.8841007947921753,0.0015054796822369,0.1145661920309066
198,0,background,0.92355877161026,0.92355877161026,0.0015225274255499,0.0750329345464706
199,0,background,0.8799754977226257,0.8799754977226257,0.0015109198866412,0.1186929196119308
200,0,background,0.8803606629371643,0.8803606629371643,0.0015113386325538,0.1183068379759788
201,0,background,0.902006447315216,0.902006447315216,0.0015086432686075,0.0966306775808334
202,0,background,0.8906550407409668,0.8906550407409668,0.0015090234810486,0.1079989001154899
203,0,background,0.8841702342033386,0.8841702342033386,0.0015055598923936,0.1144965887069702
204,0,background,0.92342209815979,0.92342209815979,0.0015224128728732,0.0751699358224868
205,0,background,0.8793375492095947,0.8793375492095947,0.0015107435174286,0.1193320006132125
206,0,background,0.8815907835960388,0.8815907835960388,0.0015104063786566,0.1170757040381431
207,0,background,0.902107000350952,0.902107000350952,0.0015083848265931,0.0965302437543869
208,0,background,0.8920972347259521,0.8920972347259521,0.0015082749305292,0.1065551713109016
209,0,background,0.8835834860801697,0.8835834860801697,0.0015056832926347,0.1150841116905212
210,0,background,0.9235618710517884,0.9235618710517884,0.0015224447706714,0.0750299021601677
211,0,background,0.8793771862983704,0.8793771862983704,0.0015113658737391,0.1192917078733444
212,0,background,0.8803513050079346,0.8803513050079346,0.0015111851971596,0.1183163598179817
213,0,background,0.9016590118408204,0.9016590118408204,0.00150898238644,0.0969782769680023
214,0,background,0.8907089829444885,0.8907089829444885,0.0015090665547177,0.1079448536038398
215,0,background,0.8839564919471741,0.8839564919471741,0.0015056933043524,0.1147105693817138
216,0,background,0.923575222492218,0.923575222492218,0.0015227898256853,0.0750162675976753
217,0,background,0.8786531686782837,0.8786531686782837,0.0015116552822291,0.1200166493654251
218,0,background,0.8800774216651917,0.8800774216651917,0.0015113732079043,0.1185904145240783
219,0,background,0.9010029435157776,0.9010029435157776,0.0015094624832272,0.0976349636912345
220,0,background,0.8908883333206177,0.8908883333206177,0.0015090779634192,0.107765182852745
221,0,background,0.8839377760887146,0.8839377760887146,0.0015057069249451,0.1147292256355285
222,0,background,0.9233543872833252,0.9233543872833252,0.0015233337180688,0.0752369239926338
223,0,background,0.878982424736023,0.878982424736023,0.001511056558229,0.1196873933076858
224,0,background,0.880744218826294,0.880744218826294,0.0015109868254512,0.1179229468107223
225,0,background,0.90202796459198,0.90202796459198,0.0015087381470948,0.0966090634465217
226,0,background,0.8914589881896973,0.8914589881896973,0.0015087848296388,0.1071939766407013
227,0,background,0.8831786513328552,0.8831786513328552,0.0015057305572554,0.1154894679784774
228,0,background,0.923486590385437,0.923486590385437,0.0015238509513437,0.0751040130853653
229,0,background,0.878173291683197,0.878173291683197,0.001511585433036,0.1204972937703132
230,0,background,0.8789506554603577,0.8789506554603577,0.0015122505137696,0.1197181120514869
231,0,background,0.9004321098327637,0.9004321098327637,0.0015100338496267,0.0982061475515365
232,0,background,0.8910077810287476,0.8910077810287476,0.0015092849498614,0.1076454147696495
233,0,background,0.8836802840232849,0.8836802840232849,0.0015056374249979,0.1149872243404388
234,0,background,0.8777630925178528,0.8777630925178528,0.0015117186121642,0.1209079474210739
235,0,background,0.8802961111068726,0.8802961111068726,0.0015109946252778,0.1183717623353004
236,0,background,0.9012092351913452,0.9012092351913452,0.0015093947295099,0.0974284186959266
237,0,background,0.8918719291687012,0.8918719291687012,0.0015087000792846,0.106780469417572
238,0,background,0.8831264972686768,0.8831264972686768,0.0015055972617119,0.1155418753623962
239,0,background,0.9125627875328064,0.9125627875328064,0.0015799008542671,0.0859931781888008
240,0,background,0.9236289858818054,0.9236289858818054,0.001523500541225,0.074961744248867
241,0,background,0.8781488537788391,0.8781488537788391,0.0015120093012228,0.1205213516950607
242,0,background,0.8810350298881531,0.8810350298881531,0.0015108594670891,0.1176318526268005
243,0,background,0.901921808719635,0.901921808719635,0.0015088380314409,0.0967152491211891
244,0,background,0.89042729139328,0.89042729139328,0.0015092949615791,0.1082267761230468
245,0,background,0.8839356303215027,0.8839356303215027,0.0015054567484185,0.1147316992282867
246,0,background,0.9537253379821776,0.9537253379821776,0.0015178597532212,0.0448248349130153
247,0,background,0.9240421056747437,0.9240421056747437,0.001621171599254,0.0744574293494224
248,0,background,0.954355001449585,0.954355001449585,0.0014979465631768,0.0442132875323295
249,0,background,0.9243649244308472,0.9243649244308472,0.0015140711329877,0.0742334276437759
250,0,background,0.9226875901222228,0.9226875901222228,0.0015114077832549,0.0759157612919807
251,0,background,0.9242861866950988,0.9242861866950988,0.0015147019876167,0.0743116736412048
252,0,background,0.9243937134742736,0.9243937134742736,0.0015150344697758,0.074203684926033
253,0,background,0.9242947697639464,0.9242947697639464,0.001515015726909,0.0743027701973915
254,0,background,0.9243296980857848,0.9243296980857848,0.0015148023376241,0.074267990887165
255,0,background,0.9243410229682922,0.9243410229682922,0.0015143090859055,0.0742571130394935
256,0,background,0.9244641065597534,0.9244641065597534,0.0015139501774683,0.0741341710090637
257,0,background,0.924521267414093,0.924521267414093,0.0015136926667764,0.0740771442651748
258,0,background,0.924255669116974,0.924255669116974,0.001514665200375,0.0743422657251358
259,0,background,0.9245131611824036,0.9245131611824036,0.0015136214205995,0.0740853399038314
260,0,background,0.924222469329834,0.924222469329834,0.0015147459926083,0.0743754506111145
261,0,background,0.9245427250862122,0.9245427250862122,0.0015136639121919,0.0740557238459587
262,0,background,0.9243174195289612,0.9243174195289612,0.0015143624041229,0.0742807015776634
263,0,background,0.9244608879089355,0.9244608879089355,0.0015138996532186,0.0741374418139457
264,0,background,0.8854069709777832,0.8854069709777832,0.0015063802711665,0.1132572069764137
265,0,background,0.8882918357849121,0.8882918357849121,0.0015064002946019,0.110368013381958
266,0,background,0.900895059108734,0.900895059108734,0.0015070573426783,0.0977452099323272
267,0,background,0.8871355652809143,0.8871355652809143,0.0015069568762555,0.1115255057811737
268,0,background,0.8743043541908264,0.8743043541908264,0.001504314597696,0.1243784502148628
269,0,background,0.924527108669281,0.924527108669281,0.0015138880116865,0.0740711316466331
270,0,background,0.8861518502235413,0.8861518502235413,0.0015065681654959,0.1125111207365989
271,0,background,0.8875724673271179,0.8875724673271179,0.0015066125197336,0.111088253557682
272,0,background,0.90007483959198,0.90007483959198,0.0015074176480993,0.0985663682222366
273,0,background,0.8864529132843018,0.8864529132843018,0.0015072125243023,0.1122089922428131
274,0,background,0.8759176135063171,0.8759176135063171,0.0015040984144434,0.12276291847229
275,0,background,0.924040138721466,0.924040138721466,0.0015137280570343,0.0745590254664421
276,0,background,0.8857522010803223,0.8857522010803223,0.0015059441793709,0.1129118725657463
277,0,background,0.8892951011657715,0.8892951011657715,0.0015056889969855,0.1093639284372329
278,0,background,0.9009550213813782,0.9009550213813782,0.0015066829510033,0.0976854264736175
279,0,background,0.8881078362464905,0.8881078362464905,0.0015064161270856,0.1105523407459259
280,0,background,0.8760421276092529,0.8760421276092529,0.0015039995778352,0.1226383447647094
281,0,background,0.9254685044288636,0.9254685044288636,0.0015168512472882,0.0731255412101745
282,0,background,0.8840619921684265,0.8840619921684265,0.0015056288102641,0.1146049574017524
283,0,background,0.88584303855896,0.88584303855896,0.0015061766607686,0.1128207147121429
284,0,background,0.8988550305366516,0.8988550305366516,0.0015074462862685,0.0997879803180694
285,0,background,0.8865668177604675,0.8865668177604675,0.0015067596687003,0.1120953261852264
286,0,background,0.8767976760864258,0.8767976760864258,0.0015038864221423,0.1218816936016082
287,0,background,0.9242395162582396,0.9242395162582396,0.0015138346934691,0.074359230697155
288,0,background,0.8858118653297424,0.8858118653297424,0.0015063981991261,0.1128517687320709
289,0,background,0.8879812359809875,0.8879812359809875,0.0015059972647577,0.1106794402003288
290,0,background,0.9000239968299866,0.9000239968299866,0.0015073795802891,0.0986172407865524
291,0,background,0.8868334889411926,0.8868334889411926,0.0015070200897753,0.1118279844522476
292,0,background,0.8772788643836975,0.8772788643836975,0.0015037045814096,0.1214000284671783
293,0,background,0.8841083645820618,0.8841083645820618,0.0015056058764457,0.1145585179328918
294,0,background,0.8870553374290466,0.8870553374290466,0.0015056201955303,0.1116070970892906
295,0,background,0.9002737998962402,0.9002737998962402,0.0015068465145304,0.0983675643801689
296,0,background,0.886965274810791,0.886965274810791,0.0015068551292642,0.1116961985826492
297,0,background,0.8764567375183105,0.8764567375183105,0.0015037875855341,0.1222233325242996
298,0,background,0.8846960663795471,0.8846960663795471,0.0015057091368362,0.1139697805047035
299,0,background,0.8882938623428345,0.8882938623428345,0.0015050483634695,0.1103671491146087
300,0,background,0.9004415273666382,0.9004415273666382,0.0015068263746798,0.0981996282935142
301,0,background,0.8885347843170166,0.8885347843170166,0.0015060933073982,0.1101250201463699
302,0,background,0.8756117820739746,0.8756117820739746,0.0015037446282804,0.1230694949626922
303,0,background,0.8841720223426819,0.8841720223426819,0.0015064942417666,0.1144939363002777
304,0,background,0.8864200711250305,0.8864200711250305,0.0015062583843246,0.1122427210211753
305,0,background,0.898966908454895,0.898966908454895,0.0015079525765031,0.0996754541993141
306,0,background,0.885940432548523,0.885940432548523,0.0015073257964104,0.1127221584320068
307,0,background,0.8756210803985596,0.8756210803985596,0.0015037016710266,0.1230602860450744
308,0,background,0.8844462037086487,0.8844462037086487,0.0015058281132951,0.114219956099987
309,0,background,0.8859155178070068,0.8859155178070068,0.0015068278880789,0.1127475649118423
310,0,background,0.8991085290908813,0.8991085290908813,0.0015078554861247,0.099533662199974
311,0,background,0.886133074760437,0.886133074760437,0.0015072633977979,0.112529270350933
312,0,background,0.8746243715286255,0.8746243715286255,0.0015038106357678,0.1240583881735801
313,0,background,0.8851428031921387,0.8851428031921387,0.0015057555865496,0.1135224029421806
314,0,background,0.8866222500801086,0.8866222500801086,0.0015068077482283,0.1120397597551345
315,0,background,0.8994527459144592,0.8994527459144592,0.0015076171839609,0.0991891920566558
316,0,background,0.8865535855293274,0.8865535855293274,0.0015070609515532,0.1121083199977874
317,0,background,0.8751160502433777,0.8751160502433777,0.00150389643386,0.1235659122467041
318,0,background,0.8856377005577087,0.8856377005577087,0.0015059328870847,0.1130266487598419
319,0,background,0.8874517679214478,0.8874517679214478,0.0015064856270328,0.1112092956900596
320,0,background,0.899944543838501,0.899944543838501,0.0015073788817971,0.0986968278884887
321,0,background,0.8875492811203003,0.8875492811203003,0.0015067124040797,0.1111114621162414
322,0,background,0.8752137422561646,0.8752137422561646,0.0015040439320728,0.1234679371118545
323,0,background,0.8853654265403748,0.8853654265403748,0.0015070503577589,0.1132982745766639
324,0,background,0.8890417814254761,0.8890417814254761,0.0015061557060107,0.109617181122303
325,0,background,0.9009150862693788,0.9009150862693788,0.0015070230001583,0.0977251306176185
326,0,background,0.8862784504890442,0.8862784504890442,0.0015073997201398,0.1123835667967796
327,0,background,0.8755431175231934,0.8755431175231934,0.0015041672158986,0.1231379434466362
328,0,background,0.8861775398254395,0.8861775398254395,0.0015069929650053,0.1124850064516067
329,0,background,0.887671172618866,0.887671172618866,0.0015069225337356,0.1109891608357429
330,0,background,0.9001859426498413,0.9001859426498413,0.0015076487325131,0.098454862833023
331,0,background,0.8868891000747681,0.8868891000747681,0.0015073257964104,0.1117720752954483
332,0,background,0.8758131265640259,0.8758131265640259,0.0015042830491438,0.1228674054145813
333,0,background,0.8854275345802307,0.8854275345802307,0.001506824279204,0.1132363155484199
334,0,background,0.887545645236969,0.887545645236969,0.001507262699306,0.1111145690083503
335,0,background,0.8994898796081543,0.8994898796081543,0.0015081212623044,0.0991515666246414
336,0,background,0.8881314992904663,0.8881314992904663,0.0015069196233525,0.1105281040072441
337,0,background,0.8756364583969116,0.8756364583969116,0.0015043914318084,0.1230442225933075
338,0,background,0.8858577013015747,0.8858577013015747,0.0015075582778081,0.1128047630190849
339,0,background,0.8874150514602661,0.8874150514602661,0.0015074419789016,0.1112452074885368
340,0,background,0.9001960754394531,0.9001960754394531,0.0015079553704708,0.0984444767236709
341,0,background,0.8860322833061218,0.8860322833061218,0.0015078139258548,0.1126297265291214
342,0,background,0.8753662705421448,0.8753662705421448,0.0015044537140056,0.1233147904276847
343,0,background,0.8853746652603149,0.8853746652603149,0.0015068995999172,0.1132891327142715
344,0,background,0.88686603307724,0.88686603307724,0.0015079200966283,0.111794613301754
345,0,background,0.8997300267219543,0.8997300267219543,0.0015081950696185,0.0989109650254249
346,0,background,0.886742115020752,0.886742115020752,0.0015074823750182,0.1119191348552703
347,0,background,0.8745152950286865,0.8745152950286865,0.0015045324107632,0.1241669803857803
348,0,background,0.8838935494422913,0.8838935494422913,0.0015072727110236,0.1147721484303474
349,0,background,0.8874991536140442,0.8874991536140442,0.001507040229626,0.1111613288521766
350,0,background,0.900020182132721,0.900020182132721,0.0015079316217452,0.0986205860972404
351,0,background,0.886775016784668,0.886775016784668,0.0015073049580678,0.1118863224983215
352,0,background,0.8732721209526062,0.8732721209526062,0.0015045912005007,0.1254120022058487
353,0,background,0.8830746412277222,0.8830746412277222,0.0015073997201398,0.1155921593308448
354,0,background,0.8865920305252075,0.8865920305252075,0.0015071658417582,0.112069696187973
355,0,background,0.8994703888893127,0.8994703888893127,0.0015082993777468,0.0991709381341934
356,0,background,0.886117160320282,0.886117160320282,0.0015075749251991,0.1125449389219284
357,0,background,0.8722110986709595,0.8722110986709595,0.0015045825857669,0.1264745891094207
358,0,background,0.8843579888343811,0.8843579888343811,0.0015067418571561,0.1143075451254844
359,0,background,0.8852216601371765,0.8852216601371765,0.0015076244017109,0.1134416908025741
360,0,background,0.89952152967453,0.89952152967453,0.0015083402395248,0.0991196185350418
361,0,background,0.8858144879341125,0.8858144879341125,0.0015076531562954,0.1128480061888694
362,0,background,0.8718065619468689,0.8718065619468689,0.0015045346226543,0.1268798261880874
363,0,background,0.9112008213996888,0.9112008213996888,0.0015755706699565,0.0873611941933631
364,0,background,0.9223353266716005,0.9223353266716005,0.0016086908290162,0.0761785432696342
365,0,background,0.8846927881240845,0.8846927881240845,0.0015073287067934,0.1139716655015945
366,0,background,0.8861624002456665,0.8861624002456665,0.0015073745744302,0.1124997809529304
367,0,background,0.8992540836334229,0.8992540836334229,0.0015083221951499,0.0993875563144683
368,0,background,0.8853533864021301,0.8853533864021301,0.0015078411670401,0.1133096367120742
369,0,background,0.8738791346549988,0.8738791346549988,0.0015043646562844,0.1248042359948158
370,0,background,0.9245408177375792,0.9245408177375792,0.0015143768396228,0.0740570053458213
371,0,background,0.9536156058311462,0.9536156058311462,0.001515447278507,0.0449370890855789
372,0,background,0.9543887376785278,0.9543887376785278,0.0014957699459046,0.044181577861309
373,1,rivet,0.998666286468506,0.0009876873809844,0.998666286468506,0.2594456374645233
374,0,background,0.782943844795227,0.782943844795227,0.0046828091144561,0.2133725136518478
375,1,rivet,0.9988023042678832,0.0011301924241706,0.9988023042678832,0.0563609525561332
376,2,surface_feature,0.657427191734314,0.3420062065124511,0.0016539633506909,0.657427191734314
377,0,background,0.8356751799583435,0.8356751799583435,0.0015410182531923,0.1630350649356842
378,0,background,0.9236434102058412,0.9236434102058412,0.0014952742494642,0.0749733820557594
379,0,background,0.9491923451423644,0.9491923451423644,0.0015014311065897,0.0493803806602954
380,1,rivet,0.9987301230430604,0.0009401855058968,0.9987301230430604,0.2596246898174286
381,1,rivet,0.9987466335296632,0.0009121152688749,0.9987466335296632,0.2722676694393158
382,1,rivet,0.9988107681274414,0.001063649309799,0.9988107681274414,0.1055997759103775
383,1,rivet,0.9988077878952026,0.0010657585225999,0.9988077878952026,0.1060663238167762
384,1,rivet,0.9988105297088624,0.0010638694511726,0.9988105297088624,0.1055939495563507
385,1,rivet,0.9988105297088624,0.0010638757376,0.9988105297088624,0.1055886298418045
386,1,rivet,0.9988077878952026,0.001065767253749,0.9988077878952026,0.1060590371489524
387,1,rivet,0.9988107681274414,0.0010636649094522,0.9988107681274414,0.1055865883827209
388,1,rivet,0.9987561702728271,0.0008723233477212,0.9987561702728271,0.2986794710159302
389,1,rivet,0.9986830353736876,0.0009415306849405,0.9986830353736876,0.2850752174854278
390,1,rivet,0.9987834095954896,0.0010921317152678,0.9987834095954896,0.1023012027144432
391,1,rivet,0.9987837672233582,0.0010917905019596,0.9987837672233582,0.1023178026080131
392,1,rivet,0.9987836480140686,0.0010919129708781,0.9987836480140686,0.1023051291704177
393,1,rivet,0.9987836480140686,0.0010919182095676,0.9987836480140686,0.1023007482290268
394,1,rivet,0.9987837672233582,0.0010917948093265,0.9987837672233582,0.1023143008351326
395,1,rivet,0.9987834095954896,0.001092140446417,0.9987834095954896,0.1022941097617149
396,1,rivet,0.998668909072876,0.0009775045327842,0.998668909072876,0.2656365036964416
397,1,rivet,0.9978398084640504,0.0020504628773778,0.9978398084640504,0.0507957711815834
398,1,rivet,0.9985122084617616,0.001414565835148,0.9985122084617616,0.0492177009582519
399,1,rivet,0.9985130429267884,0.0014141910942271,0.9985130429267884,0.0489361472427845
400,1,rivet,0.998239517211914,0.0016705532325431,0.998239517211914,0.051082320511341
401,1,rivet,0.9704127907752992,0.0280655864626169,0.9704127907752992,0.0514283999800682
402,1,rivet,0.9914822578430176,0.0081063043326139,0.9914822578430176,0.0483036525547504
403,1,rivet,0.990985870361328,0.0085774632170796,0.990985870361328,0.0484424531459808
404,1,rivet,0.9305713176727296,0.065955564379692,0.9305713176727296,0.0500242970883846
405,0,background,0.5539275407791138,0.5539275407791138,0.0015851302305236,0.4451929926872253
406,2,surface_feature,0.6188124418258667,0.3805677890777588,0.0016259073745459,0.6188124418258667
407,2,surface_feature,0.6606632471084595,0.338774710893631,0.0016562892124056,0.6606632471084595
408,0,background,0.922408401966095,0.922408401966095,0.0015434332890436,0.0761656537652015
409,2,surface_feature,0.7016059756278992,0.2979401051998138,0.0015212491853162,0.7016059756278992
410,2,surface_feature,0.6888498067855835,0.3106745779514313,0.0015285675181075,0.6888498067855835
411,2,surface_feature,0.690271258354187,0.3092566728591919,0.0015241201035678,0.690271258354187
412,2,surface_feature,0.6913970112800598,0.3081313073635101,0.0015284706605598,0.6913970112800598
413,2,surface_feature,0.7038804888725281,0.2956690788269043,0.0015210942365229,0.7038804888725281
414,2,surface_feature,0.6969380378723145,0.3025986850261688,0.0015286585548892,0.6969380378723145
415,2,surface_feature,0.7002297639846802,0.2993131875991821,0.0015246556140482,0.7002297639846802
416,2,surface_feature,0.697572648525238,0.3019649982452392,0.0015288266586139,0.697572648525238
417,2,surface_feature,0.7128004431724548,0.2867611944675445,0.0015263174427673,0.7128004431724548
418,2,surface_feature,0.7025637030601501,0.2969841361045837,0.0015201733913272,0.7025637030601501
419,2,surface_feature,0.7080132961273193,0.2915411293506622,0.0015259687788784,0.7080132961273193
420,2,surface_feature,0.6933816075325012,0.3061512112617492,0.0015235962346196,0.6933816075325012
421,2,surface_feature,0.7093921899795532,0.2901643812656402,0.0015258161583915,0.7093921899795532
422,2,surface_feature,0.704291820526123,0.2952587008476257,0.0015199679182842,0.704291820526123
423,2,surface_feature,0.7121796011924744,0.287381112575531,0.0015262113884091,0.7121796011924744
424,2,surface_feature,0.7023224234580994,0.2972238957881927,0.0015241142828017,0.7023224234580994
425,2,surface_feature,0.7122106552124023,0.2873501479625702,0.0015260711079463,0.7122106552124023
426,2,surface_feature,0.7023789882659912,0.2971675395965576,0.001523639075458,0.7023789882659912
427,2,surface_feature,0.7129848003387451,0.2865771949291229,0.0015261124353855,0.7129848003387451
428,2,surface_feature,0.7035177946090698,0.2960316240787506,0.0015197674511,0.7035177946090698
429,2,surface_feature,0.7085317373275757,0.2910235822200775,0.0015256766928359,0.7085317373275757
430,2,surface_feature,0.6941660642623901,0.3053681254386902,0.001523106591776,0.6941660642623901
431,2,surface_feature,0.7094881534576416,0.2900686264038086,0.0015256215119734,0.7094881534576416
432,2,surface_feature,0.7046033143997192,0.2949478328227997,0.0015194728039205,0.7046033143997192
433,2,surface_feature,0.6862923502922058,0.3132422268390655,0.0014835931360721,0.6862923502922058
434,2,surface_feature,0.6342803239822388,0.3651629090309143,0.0015223367372527,0.6342803239822388
435,2,surface_feature,0.6156949400901794,0.3837248682975769,0.0015097354771569,0.6156949400901794
436,2,surface_feature,0.6295002102851868,0.3699358999729156,0.0015219374326989,0.6295002102851868
437,2,surface_feature,0.6762264966964722,0.3232933282852173,0.0014830253785476,0.6762264966964722
438,2,surface_feature,0.6345555186271667,0.3648960888385772,0.0015006234170868,0.6345555186271667
439,2,surface_feature,0.6716169118881226,0.3278827667236328,0.0015235730679705,0.6716169118881226
440,2,surface_feature,0.7107239365577698,0.2888385653495788,0.0015124327037483,0.7107239365577698
441,2,surface_feature,0.6801081299781799,0.319404274225235,0.0015242020599544,0.6801081299781799
442,2,surface_feature,0.7012139558792114,0.2983303368091583,0.0015251508448272,0.7012139558792114
443,2,surface_feature,0.7126505374908447,0.2869106829166412,0.0015269890427589,0.7126505374908447
444,2,surface_feature,0.7008175849914551,0.2987273335456848,0.0015210246201604,0.7008175849914551
445,2,surface_feature,0.7075484395027161,0.2920050621032715,0.0015267041744664,0.7075484395027161
446,2,surface_feature,0.6913421750068665,0.3081872463226318,0.0015245866961777,0.6913421750068665
447,2,surface_feature,0.708625078201294,0.2909300923347473,0.0015266254777088,0.708625078201294
448,2,surface_feature,0.7028123736381531,0.2967356443405151,0.0015208552358672,0.7028123736381531
449,2,surface_feature,0.7116965651512146,0.2878632545471191,0.0015268102288246,0.7116965651512146
450,2,surface_feature,0.7125048041343689,0.2870560884475708,0.0015273846220225,0.7125048041343689
451,2,surface_feature,0.6999554634094238,0.2995880246162414,0.0015214694431051,0.6999554634094238
452,2,surface_feature,0.7071927785873413,0.2923600971698761,0.001527092186734,0.7071927785873413
453,2,surface_feature,0.6903324723243713,0.3091952502727508,0.0015250825090333,0.6903324723243713
454,2,surface_feature,0.7081289887428284,0.2914253175258636,0.0015270240837708,0.7081289887428284
455,2,surface_feature,0.7018994688987732,0.2976470291614532,0.0015213172882795,0.7018994688987732
456,2,surface_feature,0.7114207744598389,0.2881385087966919,0.0015271969605237,0.7114207744598389
457,2,surface_feature,0.7005032896995544,0.2990397810935974,0.0015256656333804,0.7005032896995544
458,2,surface_feature,0.5169851779937744,0.4822737872600555,0.0015341698890551,0.5169851779937744
459,2,surface_feature,0.5910464525222778,0.4083224534988403,0.0015431906795129,0.5910464525222778
460,2,surface_feature,0.5744219422340393,0.4249282777309418,0.0015268160495907,0.5744219422340393
461,2,surface_feature,0.5621247291564941,0.4372000694274902,0.0015419715782627,0.5621247291564941
462,2,surface_feature,0.5046061277389526,0.4946296513080597,0.0015426406171172,0.5046061277389526
463,2,surface_feature,0.5524861812591553,0.4468227326869964,0.0015442675212398,0.5524861812591553
464,2,surface_feature,0.5676367878913879,0.4317030906677246,0.001526775304228,0.5676367878913879
465,2,surface_feature,0.5884701013565063,0.4108947217464447,0.0015434552915394,0.5884701013565063
466,2,surface_feature,0.698985755443573,0.3005546927452087,0.0015266357222571,0.698985755443573
467,2,surface_feature,0.7120919227600098,0.2874681055545807,0.0015281279338523,0.7120919227600098
468,2,surface_feature,0.6978481411933899,0.301691859960556,0.0015223490772768,0.6978481411933899
469,2,surface_feature,0.7009144425392151,0.2986283600330353,0.0015286082634702,0.7009144425392151
470,2,surface_feature,0.6950818300247192,0.3044519424438476,0.0015290055889636,0.6950818300247192
471,2,surface_feature,0.7020609378814697,0.2974836528301239,0.0015285209519788,0.7020609378814697
472,2,surface_feature,0.6996479034423828,0.2998948991298675,0.0015222461661323,0.6996479034423828
473,2,surface_feature,0.7110558748245239,0.2885026335716247,0.0015279316576197,0.7110558748245239
474,2,surface_feature,0.7034826874732971,0.296063631772995,0.0015300748636946,0.7034826874732971
475,2,surface_feature,0.7073206305503845,0.2922316193580627,0.0015298292273655,0.7073206305503845
476,2,surface_feature,0.6966021060943604,0.3029358983039856,0.0015228064730763,0.6966021060943604
477,2,surface_feature,0.7006450295448303,0.298897236585617,0.0015290421433746,0.7006450295448303
478,2,surface_feature,0.6939267516136169,0.3056051433086395,0.0015293755568563,0.6939267516136169
479,2,surface_feature,0.7017402052879333,0.2978037893772125,0.0015289459843188,0.7017402052879333
480,2,surface_feature,0.6983296275138855,0.3012109994888305,0.0015227057738229,0.6983296275138855
481,2,surface_feature,0.7062751650810242,0.2932755351066589,0.0015296435449272,0.7062751650810242
482,2,surface_feature,0.5252458453178406,0.474020779132843,0.0015447799814864,0.5252458453178406
483,2,surface_feature,0.5828187465667725,0.4165359139442444,0.0015469260979443,0.5828187465667725
484,2,surface_feature,0.572259247303009,0.4270878434181213,0.0015263959066942,0.572259247303009
485,2,surface_feature,0.5586513876914978,0.4406666159629822,0.0015452449442818,0.5586513876914978
486,0,background,0.5158811807632446,0.5158811807632446,0.0015439337585121,0.4833211004734039
487,2,surface_feature,0.5544227361679077,0.4448884725570678,0.0015458232956007,0.5544227361679077
488,2,surface_feature,0.5753164887428284,0.4240353107452392,0.0015262847300618,0.5753164887428284
489,2,surface_feature,0.5853635668754578,0.4139954149723053,0.0015459581045433,0.5853635668754578
490,2,surface_feature,0.5191054344177246,0.4801512956619262,0.0015456276014447,0.5191054344177246
491,2,surface_feature,0.5799409747123718,0.4194092154502868,0.0015469916397705,0.5799409747123718
492,2,surface_feature,0.5776834487915039,0.4216717779636383,0.0015267564449459,0.5776834487915039
493,2,surface_feature,0.564303457736969,0.4350239634513855,0.0015437080292031,0.564303457736969
494,0,background,0.5099664926528931,0.5099664926528931,0.0015441704308614,0.4892448484897613
495,2,surface_feature,0.5477052330970764,0.4515958130359649,0.0015453612431883,0.5477052330970764
496,2,surface_feature,0.5581713914871216,0.4411531984806061,0.0015286825364455,0.5581713914871216
497,2,surface_feature,0.5722494721412659,0.4270893037319183,0.0015457880217581,0.5722494721412659
498,0,background,0.5114007592201233,0.5114007592201233,0.0015369757311418,0.4878120422363281
499,2,surface_feature,0.5895933508872986,0.4097720086574554,0.0015464085154235,0.5895933508872986
500,2,surface_feature,0.579168975353241,0.4201882779598236,0.0015272850869223,0.579168975353241
501,2,surface_feature,0.566085934638977,0.4332437515258789,0.0015447594923898,0.566085934638977
502,0,background,0.5493955612182617,0.5493955612182617,0.0015361213590949,0.4497591853141784
503,2,surface_feature,0.5641438364982605,0.4351823925971985,0.0015458394773304,0.5641438364982605
504,2,surface_feature,0.5815830826759338,0.4177779257297516,0.0015271649463102,0.5815830826759338
505,2,surface_feature,0.5912631750106812,0.4081053435802459,0.0015449624042958,0.5912631750106812
506,0,background,0.5106934905052185,0.5106934905052185,0.00153738562949,0.4885201454162597
507,2,surface_feature,0.5793798565864563,0.4199694395065307,0.00154704391025,0.5793798565864563
508,2,surface_feature,0.5610658526420593,0.4382626414299011,0.0015298620564863,0.5610658526420593
509,2,surface_feature,0.5583771467208862,0.4409409463405609,0.001544140279293,0.5583771467208862
510,0,background,0.5507351160049438,0.5507351160049438,0.0015366290463134,0.4484173059463501
511,2,surface_feature,0.5260112285614014,0.4732552766799927,0.0015475022373721,0.5260112285614014
512,0,background,0.5405303239822388,0.5405303239822388,0.0015340982936322,0.4586391746997833
513,2,surface_feature,0.5526885986328125,0.4466190338134765,0.0015477896668016,0.5526885986328125
514,2,surface_feature,0.71340411901474,0.2861726880073547,0.0014766654931008,0.71340411901474
515,2,surface_feature,0.689249575138092,0.3102928102016449,0.0014726703520864,0.689249575138092
516,2,surface_feature,0.7124475240707397,0.2871279716491699,0.0014762495411559,0.7124475240707397
517,2,surface_feature,0.6858848929405212,0.313651829957962,0.0014748667599633,0.6858848929405212
518,2,surface_feature,0.7121676206588745,0.2874075472354889,0.0014760161284357,0.7121676206588745
519,2,surface_feature,0.689175009727478,0.3103673160076141,0.0014724532375112,0.689175009727478
520,2,surface_feature,0.7131252884864807,0.2864511609077453,0.0014764652587473,0.7131252884864807
521,2,surface_feature,0.6899993419647217,0.309543251991272,0.0014755255542695,0.6899993419647217
522,2,surface_feature,0.753924548625946,0.2457113116979599,0.00147980323527,0.753924548625946
523,2,surface_feature,0.7551162242889404,0.2445211410522461,0.0014808111591264,0.7551162242889404
524,2,surface_feature,0.7526474595069885,0.2469862848520279,0.0014807026600465,0.7526474595069885
525,2,surface_feature,0.7550672888755798,0.2445700615644455,0.0014806616818532,0.7550672888755798
526,2,surface_feature,0.7539277672767639,0.2457081228494644,0.0014796877512708,0.7539277672767639
527,2,surface_feature,0.7554726600646973,0.244165226817131,0.0014808492269366,0.7554726600646973
528,2,surface_feature,0.7531050443649292,0.2465293407440185,0.0014809056883677,0.7531050443649292
529,2,surface_feature,0.7554904222488403,0.2441474646329879,0.0014809747226536,0.7554904222488403
530,2,surface_feature,0.7537063360214233,0.2459291070699691,0.0014801895013079,0.7537063360214233
531,2,surface_feature,0.7551563382148743,0.2444809526205063,0.0014814077876508,0.7551563382148743
532,2,surface_feature,0.7524227499961853,0.2472105622291565,0.0014810904394835,0.7524227499961853
533,2,surface_feature,0.7550585865974426,0.2445785850286483,0.0014812696026638,0.7550585865974426
534,2,surface_feature,0.7537149786949158,0.2459204941987991,0.0014800787903368,0.7537149786949158
535,2,surface_feature,0.7554062604904175,0.2442313730716705,0.0014814713504165,0.7554062604904175
536,2,surface_feature,0.7528828978538513,0.2467510551214218,0.001481301151216,0.7528828978538513
537,2,surface_feature,0.7554811239242554,0.2441565990447998,0.0014815855538472,0.7554811239242554
538,2,surface_feature,0.7531207203865051,0.2465136498212814,0.0014809833373874,0.7531207203865051
539,2,surface_feature,0.7550165057182312,0.2446202784776687,0.0014826257247477,0.7550165057182312
540,2,surface_feature,0.7518335580825806,0.2477986812591552,0.0014818959170952,0.7518335580825806
541,2,surface_feature,0.7548810839653015,0.2447555363178253,0.0014824958052486,0.7548810839653015
542,2,surface_feature,0.7531437873840332,0.2464906424283981,0.0014808914856985,0.7531437873840332
543,2,surface_feature,0.7552111744880676,0.2444258779287338,0.0014827005797997,0.7552111744880676
544,2,surface_feature,0.7522825598716736,0.2473502904176712,0.0014821140794083,0.7522825598716736
545,2,surface_feature,0.7553219795227051,0.2443152219057083,0.0014828086132183,0.7553219795227051
546,2,surface_feature,0.752794086933136,0.2468397170305252,0.0014813794987276,0.752794086933136
547,2,surface_feature,0.7548308968544006,0.2448054701089859,0.0014832216547802,0.7548308968544006
548,2,surface_feature,0.7514957189559937,0.2481359243392944,0.0014822947559878,0.7514957189559937
549,2,surface_feature,0.7547639012336731,0.2448723912239074,0.001483095344156,0.7547639012336731
550,2,surface_feature,0.7528213262557983,0.2468125224113464,0.0014812850859016,0.7528213262557983
551,2,surface_feature,0.7551704049110413,0.2444664537906646,0.0014832796296104,0.7551704049110413
552,2,surface_feature,0.7519622445106506,0.2476700395345688,0.0014825114049017,0.7519622445106506
553,2,surface_feature,0.7552042603492737,0.2444326132535934,0.0014833882451057,0.7552042603492737
554,2,surface_feature,0.7524442076683044,0.2471889704465866,0.0014817703049629,0.7524442076683044
555,2,surface_feature,0.7545867562294006,0.2450491040945053,0.0014838227070868,0.7545867562294006
556,2,surface_feature,0.7511225342750549,0.2485084682703018,0.0014826919650658,0.7511225342750549
557,2,surface_feature,0.7546220421791077,0.2450138926506042,0.0014836736954748,0.7546220421791077
558,2,surface_feature,0.7524641752243042,0.2471690624952316,0.0014816687908023,0.7524641752243042
559,2,surface_feature,0.7551021575927734,0.2445344477891922,0.0014838397037237,0.7551021575927734
560,2,surface_feature,0.7516295313835144,0.2480021566152572,0.0014829010469838,0.7516295313835144
561,2,surface_feature,0.7550545334815979,0.2445819675922393,0.0014839641517028,0.7550545334815979
562,2,surface_feature,0.7520498633384705,0.2475826442241668,0.0014821562217548,0.7520498633384705
563,2,surface_feature,0.7544103264808655,0.245225116610527,0.0014844085089862,0.7544103264808655
564,2,surface_feature,0.7507537007331848,0.2488766461610794,0.0014830847503617,0.7507537007331848
565,2,surface_feature,0.7544684410095215,0.2451671212911605,0.0014842579839751,0.7544684410095215
566,2,surface_feature,0.7520781755447388,0.2475543916225433,0.0014820513315498,0.7520781755447388
567,2,surface_feature,0.7549442052841187,0.2446920424699783,0.0014844191027805,0.7549442052841187
568,2,surface_feature,0.7512567639350891,0.24837426841259,0.0014833001187071,0.7512567639350891
569,2,surface_feature,0.7548852562904358,0.2447508573532104,0.0014845442492514,0.7548852562904358
570,2,surface_feature,0.7516376376152039,0.2479941546916961,0.0014825423713773,0.7516376376152039
571,2,surface_feature,0.7542872428894043,0.2453478872776031,0.0014849245781078,0.7542872428894043
572,2,surface_feature,0.7503753304481506,0.2492543458938598,0.001483489992097,0.7503753304481506
573,2,surface_feature,0.7543104290962219,0.2453247755765915,0.0014848355203866,0.7543104290962219
574,2,surface_feature,0.7516694664955139,0.247962400317192,0.0014824393438175,0.7516694664955139
575,2,surface_feature,0.7547574043273926,0.2448784112930297,0.0014849938452243,0.7547574043273926
576,2,surface_feature,0.750860333442688,0.2487700134515762,0.0014837167691439,0.750860333442688
577,2,surface_feature,0.7547147870063782,0.2449209541082382,0.0014850659063085,0.7547147870063782
578,2,surface_feature,0.7512031197547913,0.2484279423952102,0.0014829299179837,0.7512031197547913
579,2,surface_feature,0.7541707158088684,0.2454641312360763,0.0014854145701974,0.7541707158088684
580,2,surface_feature,0.7499701380729675,0.2496588379144668,0.0014838955830782,0.7499701380729675
581,2,surface_feature,0.7541332244873047,0.2455015778541565,0.0014853389002382,0.7541332244873047
582,2,surface_feature,0.7512387633323669,0.2483923584222793,0.0014828317798674,0.7512387633323669
583,2,surface_feature,0.7545201182365417,0.2451152205467224,0.0014855144545435,0.7545201182365417
584,2,surface_feature,0.7504387497901917,0.249190866947174,0.0014841280644759,0.7504387497901917
585,2,surface_feature,0.7545368075370789,0.2450985312461853,0.0014855723129585,0.7545368075370789
586,2,surface_feature,0.7507535815238953,0.2488767057657241,0.0014833220047876,0.7507535815238953
587,2,surface_feature,0.7540369033813477,0.245597630739212,0.0014859054936096,0.7540369033813477
588,2,surface_feature,0.7495413422584534,0.2500869035720825,0.001484305365011,0.7495413422584534
589,2,surface_feature,0.7539348006248474,0.2456995844841003,0.0014858447248116,0.7539348006248474
590,2,surface_feature,0.7507907152175903,0.2488396614789962,0.0014832272427156,0.7507907152175903
591,2,surface_feature,0.7542782425880432,0.2453566044569015,0.0014860350638628,0.7542782425880432
592,2,surface_feature,0.7500066757202148,0.2496221959590912,0.0014845435507595,0.7500066757202148
593,2,surface_feature,0.7543542385101318,0.2452807128429412,0.0014860788360238,0.7543542385101318
594,2,surface_feature,0.7503138184547424,0.2493157088756561,0.001483716070652,0.7503138184547424
595,2,surface_feature,0.7538490891456604,0.2457850277423858,0.0014864044496789,0.7538490891456604
596,2,surface_feature,0.7491467595100403,0.2504808008670807,0.0014847167767584,0.7491467595100403
597,2,surface_feature,0.7537025213241577,0.2459313869476318,0.0014863526448607,0.7537025213241577
598,2,surface_feature,0.750351071357727,0.2492785453796386,0.0014836228219792,0.750351071357727
599,2,surface_feature,0.7540403008460999,0.2455940693616867,0.0014865474076941,0.7540403008460999
600,2,surface_feature,0.7496146559715271,0.250013530254364,0.0014849606668576,0.7496146559715271
601,2,surface_feature,0.7541532516479492,0.2454812675714492,0.0014865848934277,0.7541532516479492
602,2,surface_feature,0.7498701810836792,0.2497586011886596,0.0014841130468994,0.7498701810836792
603,2,surface_feature,0.7536041736602783,0.2460294663906097,0.0014869106234982,0.7536041736602783
604,2,surface_feature,0.7487243413925171,0.2509024739265442,0.0014851338928565,0.7487243413925171
605,2,surface_feature,0.7534501552581787,0.2461832612752914,0.001486861729063,0.7534501552581787
606,2,surface_feature,0.74990314245224,0.2497256994247436,0.0014840199146419,0.74990314245224
607,2,surface_feature,0.7538104057312012,0.2458235025405883,0.0014870315790176,0.7538104057312012
608,2,surface_feature,0.7492313981056213,0.2503961026668548,0.0014853799948468,0.7492313981056213
609,2,surface_feature,0.7539299726486206,0.245704099535942,0.0014870661543682,0.7539299726486206
610,2,surface_feature,0.6588869094848633,0.3406082987785339,0.0014798273332417,0.6588869094848633
611,2,surface_feature,0.6946045160293579,0.304942637681961,0.0014828445855528,0.6946045160293579
612,2,surface_feature,0.6511011123657227,0.3483834564685821,0.0014772809809073,0.6511011123657227
613,2,surface_feature,0.6937023997306824,0.3058435320854187,0.0014824089594185,0.6937023997306824
614,2,surface_feature,0.6530877351760864,0.3463991284370422,0.0014791474677622,0.6530877351760864
615,2,surface_feature,0.6935675740242004,0.3059782087802887,0.0014823080273345,0.6935675740242004
616,2,surface_feature,0.6514122486114502,0.3480728566646576,0.0014770812122151,0.6514122486114502
617,2,surface_feature,0.6946431994438171,0.304904043674469,0.001482750638388,0.6946431994438171
618,2,surface_feature,0.7526540756225586,0.2469776570796966,0.0014888877049088,0.7526540756225586
619,2,surface_feature,0.7472184896469116,0.25240558385849,0.0014872142346575,0.7472184896469116
620,2,surface_feature,0.7525992393493652,0.2470323890447616,0.0014889570884406,0.7525992393493652
621,2,surface_feature,0.7477306723594666,0.2518945038318634,0.0014858496142551,0.7477306723594666
622,2,surface_feature,0.752065122127533,0.2475657165050506,0.0014889077283442,0.752065122127533
623,2,surface_feature,0.7465735673904419,0.2530496120452881,0.0014869805891066,0.7465735673904419
624,2,surface_feature,0.7520892024040222,0.2475417107343673,0.0014888253062963,0.7520892024040222
625,2,surface_feature,0.7477360367774963,0.251889169216156,0.0014857435598969,0.7477360367774963
626,2,surface_feature,0.7523466348648071,0.2472845315933227,0.0014893217012286,0.7523466348648071
627,2,surface_feature,0.7467600703239441,0.252863198518753,0.0014876320492476,0.7467600703239441
628,2,surface_feature,0.7522706985473633,0.2473603338003158,0.0014893953921273,0.7522706985473633
629,2,surface_feature,0.7472724318504333,0.2523519396781921,0.0014862359967082,0.7472724318504333
630,2,surface_feature,0.7517231702804565,0.2479070574045181,0.0014893522020429,0.7517231702804565
631,2,surface_feature,0.7460989356040955,0.2535234093666076,0.0014874011976644,0.7460989356040955
632,2,surface_feature,0.7517725825309753,0.2478577345609665,0.0014892664039507,0.7517725825309753
633,2,surface_feature,0.7472743988037109,0.2523500323295593,0.00148612994235,0.7472743988037109
634,2,surface_feature,0.7520191073417664,0.2476114630699157,0.0014897577930241,0.7520191073417664
635,2,surface_feature,0.746292233467102,0.2533302307128906,0.001488052890636,0.746292233467102
636,2,surface_feature,0.7519516944885254,0.2476787567138672,0.0014898238005116,0.7519516944885254
637,2,surface_feature,0.7468105554580688,0.2528130412101745,0.0014866216806694,0.7468105554580688
638,2,surface_feature,0.7514142394065857,0.2482154220342636,0.001489782705903,0.7514142394065857
639,2,surface_feature,0.7456223368644714,0.2539992034435272,0.0014878205256536,0.7456223368644714
640,2,surface_feature,0.7514603137969971,0.2481694370508194,0.0014897031942382,0.7514603137969971
641,2,surface_feature,0.7468177676200867,0.2528058588504791,0.0014865162083879,0.7468177676200867
642,2,surface_feature,0.7458112835884094,0.2538103759288788,0.0014884709380567,0.7458112835884094
643,2,surface_feature,0.7516465187072754,0.247983381152153,0.0014902487164363,0.7516465187072754
644,2,surface_feature,0.746342658996582,0.2532801628112793,0.0014870046870782,0.746342658996582
645,2,surface_feature,0.751140296459198,0.2484888434410095,0.0014902055263519,0.751140296459198
646,2,surface_feature,0.7451413869857788,0.254479318857193,0.0014882356626912,0.7451413869857788
647,2,surface_feature,0.751145601272583,0.2484835833311081,0.0014901343965902,0.751145601272583
648,2,surface_feature,0.7463569045066833,0.2532659471035003,0.0014869042206555,0.7463569045066833
649,2,surface_feature,0.7516666650772095,0.2479632794857025,0.0014901926042512,0.7516666650772095
650,2,surface_feature,0.7512880563735962,0.248341217637062,0.0014906162396073,0.7512880563735962
651,2,surface_feature,0.7453243732452393,0.2542964518070221,0.0014888721052557,0.7453243732452393
652,2,surface_feature,0.751339852809906,0.248289480805397,0.0014906581491231,0.751339852809906
653,2,surface_feature,0.7458589673042297,0.2537630200386047,0.0014873744221404,0.7458589673042297
654,2,surface_feature,0.7508705854415894,0.2487580627202987,0.0014906113501638,0.7508705854415894
655,2,surface_feature,0.744651734828949,0.2549681365489959,0.0014886355493217,0.744651734828949
656,2,surface_feature,0.7508082985877991,0.248820275068283,0.0014905532589182,0.7508082985877991
657,2,surface_feature,0.7458838820457458,0.2537381947040558,0.0014872816391289,0.7458838820457458
658,2,surface_feature,0.7509262561798096,0.2487023770809173,0.0014910158934071,0.7509262561798096
659,2,surface_feature,0.7447981834411621,0.25482177734375,0.0014892485924065,0.7447981834411621
660,2,surface_feature,0.7509980201721191,0.2486307024955749,0.0014910543104633,0.7509980201721191
661,2,surface_feature,0.745345413684845,0.2542757391929626,0.0014877355424687,0.745345413684845
662,2,surface_feature,0.7505202293395996,0.2491077929735183,0.0014910082099959,0.7505202293395996
663,2,surface_feature,0.7441302537918091,0.2554887533187866,0.0014890111051499,0.7441302537918091
664,2,surface_feature,0.7504369616508484,0.2491909563541412,0.0014909533783793,0.7504369616508484
665,2,surface_feature,0.7453789710998535,0.2542422413825989,0.0014876348432153,0.7453789710998535
666,2,surface_feature,0.7448275685310364,0.254792720079422,0.0014881095848977,0.7448275685310364
667,2,surface_feature,0.7501198053359985,0.2495075166225433,0.0014914135681465,0.7501198053359985
668,2,surface_feature,0.7435829043388367,0.256035178899765,0.0014893912011757,0.7435829043388367
669,2,surface_feature,0.7500725984573364,0.2495546638965606,0.0014913531485944,0.7500725984573364
670,2,surface_feature,0.7448614835739136,0.2547588646411896,0.0014880090020596,0.7448614835739136
671,2,surface_feature,0.7506037354469299,0.2490243017673492,0.0014914078637957,0.7506037354469299
672,2,surface_feature,0.7442740201950073,0.2553450465202331,0.0014896244974806,0.7442740201950073
673,2,surface_feature,0.7506381273269653,0.2489899694919586,0.0014914519852027,0.7506381273269653
674,2,surface_feature,0.7497257590293884,0.2499008774757385,0.0014918197412043,0.7497257590293884
675,2,surface_feature,0.7430302500724792,0.2565869390964508,0.0014897740911692,0.7430302500724792
676,2,surface_feature,0.7497094869613647,0.2499171495437622,0.0014917529188096,0.7497094869613647
677,2,surface_feature,0.7443321943283081,0.2552872598171234,0.0014883858384564,0.7443321943283081
678,2,surface_feature,0.7502615451812744,0.249365895986557,0.0014918041415512,0.7502615451812744
679,2,surface_feature,0.743732213973999,0.2558859586715698,0.0014900054084137,0.743732213973999
680,2,surface_feature,0.75026535987854,0.2493620812892913,0.0014918552478775,0.75026535987854
681,2,surface_feature,0.7442964315414429,0.2553229629993438,0.0014884866541251,0.7442964315414429
682,2,surface_feature,0.7493373155593872,0.2502886354923248,0.0014922459376975,0.7493373155593872
683,2,surface_feature,0.7424547672271729,0.2571614384651184,0.0014901742106303,0.7424547672271729
684,2,surface_feature,0.7493360638618469,0.2502898871898651,0.0014921749243512,0.7493360638618469
685,2,surface_feature,0.7437848448753357,0.2558337152004242,0.0014887842116877,0.7437848448753357
686,2,surface_feature,0.7498953938484192,0.2497314065694809,0.0014922239352017,0.7498953938484192
687,2,surface_feature,0.743170976638794,0.2564462423324585,0.001490403432399,0.743170976638794
688,2,surface_feature,0.7498842477798462,0.2497425079345703,0.0014922801638022,0.7498842477798462
689,2,surface_feature,0.7437513470649719,0.2558671236038208,0.0014888842124491,0.7437513470649719
690,2,surface_feature,0.7489479780197144,0.2506772875785827,0.0014926936710253,0.7489479780197144
691,2,surface_feature,0.7418650388717651,0.2577501833438873,0.0014906021533533,0.7418650388717651
692,2,surface_feature,0.7489551305770874,0.2506701648235321,0.001492622657679,0.7489551305770874
693,2,surface_feature,0.7432441711425781,0.2563734650611877,0.0014892087783664,0.7432441711425781
694,2,surface_feature,0.7495110034942627,0.2501150965690613,0.0014926731819286,0.7495110034942627
695,2,surface_feature,0.7426053285598755,0.2570109367370605,0.0014908306766301,0.7426053285598755
696,2,surface_feature,0.7494915723800659,0.2501344978809356,0.0014927291776984,0.7494915723800659
697,2,surface_feature,0.7432020902633667,0.256415456533432,0.0014893097104504,0.7432020902633667
698,2,surface_feature,0.7484930753707886,0.2511313855648041,0.0014931401237845,0.7484930753707886
699,2,surface_feature,0.7412475347518921,0.2583666741847992,0.0014910302124917,0.7412475347518921
700,2,surface_feature,0.7485326528549194,0.251091867685318,0.0014930703910067,0.7485326528549194
701,2,surface_feature,0.7426738142967224,0.256942868232727,0.0014896336942911,0.7426738142967224
702,2,surface_feature,0.7490943074226379,0.2505310773849487,0.0014931207988411,0.7490943074226379
703,2,surface_feature,0.7420015335083008,0.2576137185096741,0.0014912573387846,0.7420015335083008
704,2,surface_feature,0.7490431070327759,0.2505821883678436,0.0014931735349819,0.7490431070327759
705,2,surface_feature,0.7426104545593262,0.2570061087608337,0.0014897343935444,0.7426104545593262
706,2,surface_feature,0.747814416885376,0.2518105208873749,0.0014872836181893,0.747814416885376
707,2,surface_feature,0.8401215076446533,0.159641146659851,0.0014845605473965,0.8401215076446533
708,2,surface_feature,0.7478277683258057,0.2517971992492676,0.0014872312312945,0.7478277683258057
709,2,surface_feature,0.7542961239814758,0.2453382015228271,0.0014882428804412,0.7542961239814758
710,2,surface_feature,0.7547622323036194,0.2448718696832656,0.0014920115936547,0.7547622323036194
711,2,surface_feature,0.74842369556427,0.2512014508247375,0.0014899919042363,0.74842369556427
712,2,surface_feature,0.754734218120575,0.2448998242616653,0.0014920613029971,0.754734218120575
713,2,surface_feature,0.754291296005249,0.2453430145978927,0.0014883511466905,0.754291296005249
714,2,surface_feature,0.6272457838058472,0.3722012937068939,0.0014833091991022,0.6272457838058472
715,2,surface_feature,0.6716834902763367,0.3278284668922424,0.001486451132223,0.6716834902763367
716,2,surface_feature,0.6126940250396729,0.3867325484752655,0.0014805835671722,0.6126940250396729
717,2,surface_feature,0.6670620441436768,0.3324431180953979,0.0014862288953736,0.6670620441436768
718,2,surface_feature,0.6167269945144653,0.3827047646045685,0.0014826335245743,0.6167269945144653
719,2,surface_feature,0.6668219566345215,0.3326828181743622,0.0014863541582599,0.6668219566345215
720,2,surface_feature,0.6124340295791626,0.3869920670986175,0.0014807760016992,0.6124340295791626
721,2,surface_feature,0.671412467956543,0.3280990421772003,0.0014866096898913,0.671412467956543
722,2,surface_feature,0.7492955923080444,0.2503302991390228,0.0014922033296898,0.7492955923080444
723,2,surface_feature,0.7424110770225525,0.257205069065094,0.0014901885297149,0.7424110770225525
724,2,surface_feature,0.74930739402771,0.2503184974193573,0.0014922545524314,0.74930739402771
725,2,surface_feature,0.7437295913696289,0.2558888494968414,0.0014888977166265,0.7437295913696289
726,2,surface_feature,0.7498800754547119,0.2497466653585434,0.0014923041453585,0.7498800754547119
727,2,surface_feature,0.7431389093399048,0.2564782500267029,0.0014904161216691,0.7431389093399048
728,2,surface_feature,0.7498627305030823,0.2497639954090118,0.0014922360423952,0.7498627305030823
729,2,surface_feature,0.7437617778778076,0.2558567225933075,0.0014887949218973,0.7437617778778076
730,2,surface_feature,0.7443258762359619,0.2552935779094696,0.0014883958501741,0.7443258762359619
731,2,surface_feature,0.749685525894165,0.2499410659074783,0.0014917800435796,0.749685525894165
732,2,surface_feature,0.743005096912384,0.2566120326519012,0.0014897875953465,0.743005096912384
733,2,surface_feature,0.7496998906135559,0.2499267011880874,0.0014918311499059,0.7496998906135559
734,2,surface_feature,0.7442947030067444,0.2553246915340423,0.0014884993433952,0.7442947030067444
735,2,surface_feature,0.750269889831543,0.2493575364351272,0.0014918780652806,0.750269889831543
736,2,surface_feature,0.7437167167663574,0.255901426076889,0.001490015303716,0.7437167167663574
737,2,surface_feature,0.750252366065979,0.2493750602006912,0.001491809845902,0.750252366065979
738,2,surface_feature,0.7435910105705261,0.2560271024703979,0.0014894081978127,0.7435910105705261
739,2,surface_feature,0.7500830888748169,0.2495441734790802,0.0014914276544004,0.7500830888748169
740,2,surface_feature,0.7448490858078003,0.2547712028026581,0.0014881223905831,0.7448490858078003
741,2,surface_feature,0.7506447434425354,0.2489833533763885,0.0014914753846824,0.7506447434425354
742,2,surface_feature,0.7442872524261475,0.255331814289093,0.0014896336942911,0.7442872524261475
743,2,surface_feature,0.7506338357925415,0.2489942461252212,0.0014914078637957,0.7506338357925415
744,2,surface_feature,0.7448815703392029,0.2547388076782226,0.0014880197122693,0.7448815703392029
745,2,surface_feature,0.7500736713409424,0.2495535910129547,0.0014913780614733,0.7500736713409424
746,2,surface_feature,0.7513740658760071,0.2482602596282959,0.0014708100352436,0.7513740658760071
747,2,surface_feature,0.7523984313011169,0.247237429022789,0.0014706987421959,0.7523984313011169
748,2,surface_feature,0.7502208948135376,0.2494118213653564,0.0014704228378832,0.7502208948135376
749,2,surface_feature,0.7501929998397827,0.2494396418333053,0.0014705726644024,0.7501929998397827
750,2,surface_feature,0.7511813640594482,0.2484527379274368,0.0014705711510032,0.7511813640594482
751,2,surface_feature,0.7534635663032532,0.2461741119623184,0.0014696738217025,0.7534635663032532
752,2,surface_feature,0.7507303357124329,0.2489031553268432,0.0014703555498272,0.7507303357124329
753,2,surface_feature,0.7493377327919006,0.2502934634685516,0.0014713368145748,0.7493377327919006
754,2,surface_feature,0.751737654209137,0.2478974014520645,0.0014699663734063,0.751737654209137
755,2,surface_feature,0.7533564567565918,0.2462811172008514,0.0014694276032969,0.7533564567565918
756,2,surface_feature,0.7504436373710632,0.2491897493600845,0.0014690762618556,0.7504436373710632
757,2,surface_feature,0.7466496825218201,0.2529780864715576,0.0014692456461489,0.7466496825218201
758,2,surface_feature,0.7504382133483887,0.2491950988769531,0.0014693142147734,0.7504382133483887
759,2,surface_feature,0.7520501613616943,0.2475858628749847,0.0014679450541734,0.7520501613616943
760,2,surface_feature,0.751279890537262,0.2483546137809753,0.0014695143327116,0.751279890537262
761,2,surface_feature,0.7481771111488342,0.2514525949954986,0.0014704668428748,0.7481771111488342
762,2,surface_feature,0.7494496703147888,0.2501823604106903,0.0014686175854876,0.7494496703147888
763,2,surface_feature,0.7457790970802307,0.2538474202156067,0.0014690575189888,0.7457790970802307
764,2,surface_feature,0.7493840456008911,0.2502478957176208,0.0014686189824715,0.7493840456008911
765,2,surface_feature,0.747394323348999,0.2522346377372741,0.0014688706723973,0.747394323348999
766,2,surface_feature,0.7493098974227905,0.2503219544887543,0.0014685071073472,0.7493098974227905
767,2,surface_feature,0.745563805103302,0.2540622055530548,0.0014699397142976,0.745563805103302
768,2,surface_feature,0.7474629878997803,0.2521660029888153,0.0014691294636577,0.7474629878997803
769,2,surface_feature,0.7481451630592346,0.2514847815036773,0.0014693407574668,0.7481451630592346
770,0,background,0.7830658555030823,0.7830658555030823,0.0044247107580304,0.213453933596611
771,0,background,0.9214903712272644,0.9214903712272644,0.0015243820380419,0.0771027952432632
772,0,background,0.9508452415466307,0.9508452415466307,0.0014690287644043,0.0477559082210063
773,0,background,0.9361764192581176,0.9361764192581176,0.0014930618926882,0.0624237917363643
774,0,background,0.9511138200759888,0.9511138200759888,0.0014780063647776,0.0474783331155777
775,0,background,0.9318606853485109,0.9318606853485109,0.0014852895401418,0.0667531788349151
776,0,background,0.9504188895225524,0.9504188895225524,0.0014855999033898,0.0481671094894409
777,1,rivet,0.9987884163856506,0.0011474009370431,0.9987884163856506,0.0529741905629634
778,1,rivet,0.9987881779670716,0.0011474003549665,0.9987881779670716,0.0531609691679477
779,0,background,0.0010791235836222,0.0010791235836222,0.9988208413124084,0.0848360285162925
780,1,rivet,0.9987885355949402,0.0011447076685726,0.9987885355949402,0.0551041923463344
781,1,rivet,0.9988068342208862,0.0011246100766584,0.9988068342208862,0.057456973940134
782,0,background,0.0010776669951155,0.0010776669951155,0.9988213181495668,0.0857016146183013
783,1,rivet,0.9988032579421996,0.001129045151174,0.9988032579421996,0.0565676987171173
784,0,background,0.8895747065544128,0.8895747065544128,0.0019153867615386,0.1087181568145752
785,0,background,0.9039393067359924,0.9039393067359924,0.0018095115665346,0.0944220349192619
786,0,background,0.9221183061599731,0.9221183061599731,0.0015108551597222,0.0764863938093185
787,0,background,0.8974435329437256,0.8974435329437256,0.0015122613403946,0.101197212934494
788,0,background,0.9444572925567628,0.9444572925567628,0.0015615604352205,0.0540655478835105
789,0,background,0.9431356191635132,0.9431356191635132,0.0014770996058359,0.0554692409932613
790,0,background,0.9378180503845216,0.9378180503845216,0.0015093667898327,0.0607643164694309
791,0,background,0.9263594150543212,0.9263594150543212,0.0014921124093234,0.0722563564777374
792,0,background,0.9374996423721312,0.9374996423721312,0.0015093683032318,0.061083223670721
793,0,background,0.9425330758094788,0.9425330758094788,0.0014770101988688,0.0560727007687091
794,0,background,0.944385826587677,0.944385826587677,0.0015615671873092,0.0541370809078216
795,0,background,0.9320663809776306,0.9320663809776306,0.0015027676708996,0.0665308460593223
796,2,surface_feature,0.7455794811248779,0.2540410459041595,0.0014915270730853,0.7455794811248779
797,2,surface_feature,0.7430333495140076,0.2565837204456329,0.0014901912072673,0.7430333495140076
798,2,surface_feature,0.7458594441413879,0.2537614703178406,0.0014916706131771,0.7458594441413879
799,2,surface_feature,0.7426495552062988,0.2569666802883148,0.0014912736369296,0.7426495552062988
800,2,surface_feature,0.7458392977714539,0.2537815868854522,0.0014916266081854,0.7458392977714539
801,2,surface_feature,0.7429707646369934,0.2566462457180023,0.0014901118120178,0.7429707646369934
802,2,surface_feature,0.7455006241798401,0.2541197836399078,0.0014915186911821,0.7455006241798401
803,2,surface_feature,0.7422289848327637,0.2573866546154022,0.0014910728204995,0.7422289848327637
804,2,surface_feature,0.7452672719955444,0.2543526887893677,0.0014919164823368,0.7452672719955444
805,2,surface_feature,0.7426063418388367,0.2570099830627441,0.0014905879506841,0.7426063418388367
806,2,surface_feature,0.745568573474884,0.2540518045425415,0.0014920370886102,0.745568573474884
807,2,surface_feature,0.7422405481338501,0.2573749721050262,0.0014916706131771,0.7422405481338501
808,2,surface_feature,0.7455496191978455,0.2540707588195801,0.0014919915702193,0.7455496191978455
809,2,surface_feature,0.7425560355186462,0.2570602297782898,0.0014905106509104,0.7425560355186462
810,2,surface_feature,0.7451974153518677,0.2544224560260772,0.0014919077511876,0.7451974153518677
811,2,surface_feature,0.7418082356452942,0.2578066885471344,0.0014914667699486,0.7418082356452942
812,2,surface_feature,0.7508008480072021,0.2488285452127456,0.0014872192405164,0.7508008480072021
813,2,surface_feature,0.7404077649116516,0.2592042088508606,0.0014947633026167,0.7404077649116516
814,2,surface_feature,0.7400497794151306,0.2595619559288025,0.0014935460640117,0.7400497794151306
815,2,surface_feature,0.7404752373695374,0.2591368556022644,0.0014947148738428,0.7404752373695374
816,2,surface_feature,0.7512775659561157,0.2483525574207306,0.0014870966551825,0.7512775659561157
817,2,surface_feature,0.6907418966293335,0.3087917864322662,0.0015078022843226,0.6907418966293335
818,2,surface_feature,0.7405443787574768,0.2590678036212921,0.0014947234885767,0.7405443787574768
819,2,surface_feature,0.7401339411735535,0.2594779431819916,0.0014935041544958,0.7401339411735535
820,2,surface_feature,0.7404323220252991,0.2591796815395355,0.0014947802992537,0.7404323220252991
821,2,surface_feature,0.6895206570625305,0.3100110292434692,0.001508341054432,0.6895206570625305
822,2,surface_feature,0.7376156449317932,0.2619925439357757,0.0014932111371308,0.7376156449317932
823,2,surface_feature,0.7420998215675354,0.2575147151947021,0.0014945655129849,0.7420998215675354
824,2,surface_feature,0.7371355295181274,0.2624716758728027,0.0014942608540877,0.7371355295181274
825,2,surface_feature,0.7420792579650879,0.2575352489948272,0.0014946082374081,0.7420792579650879
826,2,surface_feature,0.7375879287719727,0.2620202302932739,0.0014932687627151,0.7375879287719727
827,2,surface_feature,0.7420400977134705,0.2575743496417999,0.0014946025330573,0.7420400977134705
828,2,surface_feature,0.7370257377624512,0.2625812888145447,0.001494319178164,0.7370257377624512
829,2,surface_feature,0.7420221567153931,0.2575922608375549,0.0014945690054446,0.7420221567153931
830,2,surface_feature,0.7491902112960815,0.2504366636276245,0.0014877185458317,0.7491902112960815
831,2,surface_feature,0.7398232221603394,0.259787768125534,0.0014951633056625,0.7398232221603394
832,2,surface_feature,0.739627480506897,0.2599835395812988,0.0014939038082957,0.739627480506897
833,2,surface_feature,0.7399548888206482,0.2596563100814819,0.0014951133634895,0.7399548888206482
834,2,surface_feature,0.7496980428695679,0.2499296218156814,0.0014875712804496,0.7496980428695679
835,2,surface_feature,0.6877451539039612,0.3117835819721222,0.001509232330136,0.6877451539039612
836,2,surface_feature,0.7400422692298889,0.2595690488815307,0.0014951305929571,0.7400422692298889
837,2,surface_feature,0.7397058010101318,0.2599053382873535,0.0014938554959371,0.7397058010101318
838,2,surface_feature,0.7398615479469299,0.2597495019435882,0.0014951897319406,0.7398615479469299
839,2,surface_feature,0.6865484118461609,0.3129782974720001,0.001509900088422,0.6865484118461609
840,2,surface_feature,0.7393519282341003,0.2602591514587402,0.0014921650290489,0.7393519282341003
841,2,surface_feature,0.7435626983642578,0.2560543119907379,0.0014935183571651,0.7435626983642578
842,2,surface_feature,0.7388783097267151,0.2607317864894867,0.0014932204503566,0.7388783097267151
843,2,surface_feature,0.7435477375984192,0.2560692429542541,0.0014935652725398,0.7435477375984192
844,2,surface_feature,0.7393342852592468,0.260276734828949,0.001492217532359,0.7393342852592468
845,2,surface_feature,0.7435264587402344,0.2560904622077942,0.0014936065999791,0.7435264587402344
846,2,surface_feature,0.738813042640686,0.2607969343662262,0.0014932658523321,0.738813042640686
847,2,surface_feature,0.7434923052787781,0.2561245858669281,0.0014935680665075,0.7434923052787781
848,2,surface_feature,0.7398737668991089,0.2597381770610809,0.0014918546658009,0.7398737668991089
849,2,surface_feature,0.7439792156219482,0.2556384801864624,0.0014932537451386,0.7439792156219482
850,2,surface_feature,0.7393579483032227,0.2602529227733612,0.0014929012395441,0.7393579483032227
851,2,surface_feature,0.7439523339271545,0.2556653320789337,0.0014932169578969,0.7439523339271545
852,2,surface_feature,0.7398764491081238,0.259735494852066,0.0014918041415512,0.7398764491081238
853,2,surface_feature,0.7440094351768494,0.255608320236206,0.0014931692276149,0.7440094351768494
854,2,surface_feature,0.7394163012504578,0.2601946890354156,0.0014928571181371,0.7394163012504578
855,2,surface_feature,0.7439818978309631,0.2556357979774475,0.0014932147460058,0.7439818978309631
856,2,surface_feature,0.7443941235542297,0.2552242875099182,0.0014928692253306,0.7443941235542297
857,2,surface_feature,0.7403978705406189,0.2592149376869201,0.0014914447674527,0.7403978705406189
858,2,surface_feature,0.7444366216659546,0.2551818788051605,0.0014928230084478,0.7444366216659546
859,2,surface_feature,0.7399453520774841,0.2596665024757385,0.0014924934366717,0.7399453520774841
860,2,surface_feature,0.7444106936454773,0.255207747220993,0.0014928671298548,0.7444106936454773
861,2,surface_feature,0.7403988838195801,0.259213924407959,0.0014914952917024,0.7403988838195801
862,2,surface_feature,0.744425892829895,0.2551925480365753,0.001492902636528,0.744425892829895
863,2,surface_feature,0.739894688129425,0.2597170770168304,0.0014925388386473,0.739894688129425
864,2,surface_feature,0.740882933139801,0.2587307095527649,0.0014910827158018,0.740882933139801
865,2,surface_feature,0.7448121309280396,0.2548069953918457,0.0014924718998372,0.7448121309280396
866,2,surface_feature,0.7404325604438782,0.2591801285743713,0.0014921280089765,0.7404325604438782
867,2,surface_feature,0.7447978854179382,0.2548212110996246,0.0014925146242603,0.7447978854179382
868,2,surface_feature,0.7408931851387024,0.2587204575538635,0.0014911310281604,0.7408931851387024
869,2,surface_feature,0.7448286414146423,0.2547905147075653,0.0014925458235666,0.7448286414146423
870,2,surface_feature,0.7403911352157593,0.2592214941978454,0.0014921720139682,0.7403911352157593
871,2,surface_feature,0.7447819113731384,0.2548371851444244,0.001492517418228,0.7447819113731384
872,2,surface_feature,0.7413508892059326,0.2582635283470154,0.0014907192671671,0.7413508892059326
873,2,surface_feature,0.7451634407043457,0.2544563114643097,0.0014921131078153,0.7451634407043457
874,2,surface_feature,0.74089515209198,0.2587183117866516,0.0014917616499587,0.74089515209198
875,2,surface_feature,0.7451622486114502,0.2544575035572052,0.0014921564143151,0.7451622486114502
876,2,surface_feature,0.7413639426231384,0.2582505047321319,0.0014907674631103,0.7413639426231384
877,2,surface_feature,0.7452095150947571,0.2544102966785431,0.0014921877300366,0.7452095150947571
878,2,surface_feature,0.7408649325370789,0.2587485015392303,0.0014918055385351,0.7408649325370789
879,2,surface_feature,0.7451469302177429,0.2544727921485901,0.0014921579277142,0.7451469302177429
880,2,surface_feature,0.745465874671936,0.2541544139385223,0.0014917898224666,0.745465874671936
881,2,surface_feature,0.7417564988136292,0.2578586339950561,0.001490352442488,0.7417564988136292
882,2,surface_feature,0.7454673051834106,0.2541530132293701,0.0014917388325557,0.7454673051834106
883,2,surface_feature,0.741310179233551,0.2583040297031402,0.0014913894701749,0.741310179233551
884,2,surface_feature,0.7454800605773926,0.2541402578353882,0.0014917849330231,0.7454800605773926
885,2,surface_feature,0.7417977452278137,0.2578174173831939,0.0014904027339071,0.7417977452278137
886,2,surface_feature,0.7455517053604126,0.2540687024593353,0.0014918190427124,0.7455517053604126
887,2,surface_feature,0.7412838339805603,0.2583303153514862,0.0014914362691342,0.7412838339805603
888,2,surface_feature,0.7388544678688049,0.2607555985450744,0.0014932076446712,0.7388544678688049
889,2,surface_feature,0.7426721453666687,0.2569432854652405,0.0014945371076464,0.7426721453666687
890,2,surface_feature,0.7386170029640198,0.2609924077987671,0.0014943205751478,0.7386170029640198
891,2,surface_feature,0.742667555809021,0.2569478750228882,0.0014944771537557,0.742667555809021
892,2,surface_feature,0.7388332486152649,0.2607767879962921,0.0014931344194337,0.7388332486152649
893,2,surface_feature,0.7421689629554749,0.2574457228183746,0.0014944089343771,0.7421689629554749
894,2,surface_feature,0.7380475997924805,0.2615610063076019,0.0014940951950848,0.7380475997924805
895,2,surface_feature,0.7422388792037964,0.2573759257793426,0.0014944359427317,0.7422388792037964
896,2,surface_feature,0.7431328296661377,0.2564833462238312,0.0014942012494429,0.7431328296661377
897,2,surface_feature,0.7392022013664246,0.2604081630706787,0.0014939693501219,0.7392022013664246
898,2,surface_feature,0.7431050539016724,0.2565110921859741,0.0014941457193344,0.7431050539016724
899,2,surface_feature,0.7394608855247498,0.2601501941680908,0.0014927875017747,0.7394608855247498
900,2,surface_feature,0.7426642179489136,0.2569513022899627,0.001494068885222,0.7426642179489136
901,2,surface_feature,0.7386574149131775,0.2609522044658661,0.0014937466476112,0.7386574149131775
902,2,surface_feature,0.7427188158035278,0.2568967640399933,0.0014940943801775,0.7427188158035278
903,2,surface_feature,0.7394413948059082,0.2601696252822876,0.0014928615419194,0.7394413948059082
904,2,surface_feature,0.7404236793518066,0.2591888308525085,0.0014927390730008,0.7404236793518066
905,2,surface_feature,0.7374665141105652,0.262141078710556,0.0014946315204724,0.7374665141105652
906,2,surface_feature,0.7390857338905334,0.2605246007442474,0.0014935219660401,0.7390857338905334
907,2,surface_feature,0.7371948957443237,0.2624123096466064,0.0014945853035897,0.7371948957443237
908,2,surface_feature,0.7403196692466736,0.259292721748352,0.001492700073868,0.7403196692466736
909,2,surface_feature,0.7367426156997681,0.2628639340400696,0.0014945099828764,0.7367426156997681
910,2,surface_feature,0.7385298013687134,0.261079728603363,0.0014933071797713,0.7385298013687134
911,2,surface_feature,0.7370533347129822,0.2625536918640136,0.001494538388215,0.7370533347129822
912,2,surface_feature,0.7436497807502747,0.255967378616333,0.0014933717902749,0.7436497807502747
913,2,surface_feature,0.74055016040802,0.2590627074241638,0.0014921196270734,0.74055016040802
914,2,surface_feature,0.744024932384491,0.255592793226242,0.0014934813370928,0.744024932384491
915,2,surface_feature,0.7402830719947815,0.2593291103839874,0.0014932132326066,0.7402830719947815
916,2,surface_feature,0.7440024614334106,0.2556152045726776,0.0014934288337826,0.7440024614334106
917,2,surface_feature,0.7405723929405212,0.2590405344963074,0.0014920413959771,0.7405723929405212
918,2,surface_feature,0.7435920238494873,0.2560250759124756,0.001493354095146,0.7435920238494873
919,2,surface_feature,0.7397975921630859,0.2598139345645904,0.0014929979806765,0.7397975921630859
920,2,surface_feature,0.7440994381904602,0.2555184960365295,0.0014930149773135,0.7440994381904602
921,2,surface_feature,0.7410992980003357,0.2585144937038421,0.0014917437219992,0.7410992980003357
922,2,surface_feature,0.744454562664032,0.2551638782024383,0.0014931245241314,0.744454562664032
923,2,surface_feature,0.7408273220062256,0.2587857842445373,0.0014928309246897,0.7408273220062256
924,2,surface_feature,0.7444552183151245,0.2551632225513458,0.0014930689940229,0.7444552183151245
925,2,surface_feature,0.741120457649231,0.2584933936595917,0.0014916635118424,0.741120457649231
926,2,surface_feature,0.7440547943115234,0.2555630803108215,0.0014929964672774,0.7440547943115234
927,2,surface_feature,0.7403385043144226,0.2592739164829254,0.0014926212606951,0.7403385043144226
928,2,surface_feature,0.7445438504219055,0.2550748288631439,0.0014926574658602,0.7445438504219055
929,2,surface_feature,0.7416701316833496,0.2579446136951446,0.0014913652557879,0.7416701316833496
930,2,surface_feature,0.7448773980140686,0.254741758108139,0.0014927703887224,0.7448773980140686
931,2,surface_feature,0.7413485646247864,0.2582654058933258,0.0014924505958333,0.7413485646247864
932,2,surface_feature,0.7448883652687073,0.2547308206558227,0.0014927150914445,0.7448883652687073
933,2,surface_feature,0.741650402545929,0.2579643130302429,0.0014912872575223,0.741650402545929
934,2,surface_feature,0.7445043325424194,0.2551143169403076,0.0014926410512998,0.7445043325424194
935,2,surface_feature,0.7408913373947144,0.2587220072746277,0.0014922431437298,0.7408913373947144
936,2,surface_feature,0.742152750492096,0.2574627995491028,0.0014909789897501,0.742152750492096
937,2,surface_feature,0.745236873626709,0.2543829083442688,0.0014924064744263,0.745236873626709
938,2,surface_feature,0.7418146729469299,0.2578001022338867,0.0014920606045052,0.7418146729469299
939,2,surface_feature,0.7452383041381836,0.2543815076351166,0.0014923525741323,0.7452383041381836
940,2,surface_feature,0.742118239402771,0.2574972808361053,0.0014909023884683,0.742118239402771
941,2,surface_feature,0.7448668479919434,0.2547524273395538,0.0014922787668183,0.7448668479919434
942,2,surface_feature,0.7413579821586609,0.2582561671733856,0.0014918580418452,0.7413579821586609
943,2,surface_feature,0.7449154853820801,0.2547038495540619,0.0014922921545803,0.7449154853820801
944,2,surface_feature,0.7484503984451294,0.2511797547340393,0.0014702603220939,0.7484503984451294
945,2,surface_feature,0.7514278292655945,0.2482068836688995,0.001469581387937,0.7514278292655945
946,2,surface_feature,0.7492709755897522,0.250360369682312,0.001470404677093,0.7492709755897522
947,2,surface_feature,0.7490177154541016,0.250613272190094,0.0014702492626383,0.7490177154541016
948,2,surface_feature,0.7487580180168152,0.2508726119995117,0.0014701398322358,0.7487580180168152
949,2,surface_feature,0.7516327500343323,0.2480020523071289,0.0014703786000609,0.7516327500343323
950,2,surface_feature,0.7498340606689453,0.2497980296611786,0.0014706621877849,0.7498340606689453
951,2,surface_feature,0.7482025623321533,0.25142702460289,0.0014710831455886,0.7482025623321533
952,2,surface_feature,0.7495892643928528,0.2500431537628174,0.0014678619336336,0.7495892643928528
953,2,surface_feature,0.7483245730400085,0.2513056695461273,0.0014691448304802,0.7483245730400085
954,2,surface_feature,0.7452427744865417,0.2543829381465912,0.001469170092605,0.7452427744865417
955,2,surface_feature,0.7497548460960388,0.2498774379491806,0.0014694534474983,0.7497548460960388
956,2,surface_feature,0.7527225613594055,0.2469140291213989,0.0014696528669446,0.7527225613594055
957,2,surface_feature,0.751300036907196,0.2483343780040741,0.0014699776656925,0.751300036907196
958,2,surface_feature,0.7478511929512024,0.2517779469490051,0.0014707715017721,0.7478511929512024
959,2,surface_feature,0.7500694990158081,0.2495633512735366,0.0014689994277432,0.7500694990158081
960,2,surface_feature,0.7484006285667419,0.2512298226356506,0.0014688553055748,0.7484006285667419
961,2,surface_feature,0.7439640164375305,0.2556597292423248,0.0014695267891511,0.7439640164375305
962,2,surface_feature,0.7486454248428345,0.2509854435920715,0.0014685168862342,0.7486454248428345
963,2,surface_feature,0.7468226552009583,0.2528052926063537,0.0014695291174575,0.7468226552009583
964,2,surface_feature,0.7470913529396057,0.2525371611118316,0.0014688525116071,0.7470913529396057
965,2,surface_feature,0.7434584498405457,0.2561643719673157,0.0014701868640258,0.7434584498405457
966,2,surface_feature,0.7488574385643005,0.2507737576961517,0.0014684854540973,0.7488574385643005
967,2,surface_feature,0.7455365657806396,0.2540895342826843,0.0014693276025354,0.7455365657806396
968,2,surface_feature,0.7450249195098877,0.254595398902893,0.0014891130849719,0.7450249195098877
969,2,surface_feature,0.7499479055404663,0.2496791630983352,0.0014914276544004,0.7499479055404663
970,2,surface_feature,0.7457568049430847,0.253864973783493,0.001487603643909,0.7457568049430847
971,2,surface_feature,0.7500948905944824,0.2495324313640594,0.0014912190381437,0.7500948905944824
972,2,surface_feature,0.7445148229598999,0.2551048099994659,0.0014888084260746,0.7445148229598999
973,2,surface_feature,0.7500895857810974,0.2495377510786056,0.0014911679318174,0.7500895857810974
974,2,surface_feature,0.7457927465438843,0.2538291215896606,0.0014875073684379,0.7457927465438843
975,2,surface_feature,0.749934732913971,0.2496923208236694,0.0014913595514371,0.749934732913971
976,2,surface_feature,0.7439370155334473,0.2556816637516022,0.0014891742030158,0.7439370155334473
977,2,surface_feature,0.7497121095657349,0.2499145716428756,0.001491539995186,0.7497121095657349
978,2,surface_feature,0.7451861500740051,0.254434734582901,0.0014878489309921,0.7451861500740051
979,2,surface_feature,0.7495649456977844,0.2500614821910858,0.0014917303342372,0.7495649456977844
980,2,surface_feature,0.7444681525230408,0.2551512420177459,0.0014894761843606,0.7444681525230408
981,2,surface_feature,0.7495495676994324,0.2500768005847931,0.001491809845902,0.7495495676994324
982,2,surface_feature,0.7452617287635803,0.2543592154979706,0.0014879445079714,0.7452617287635803
983,2,surface_feature,0.7496935725212097,0.2499330639839172,0.0014916025102138,0.7496935725212097
984,2,surface_feature,0.7439223527908325,0.2556961178779602,0.0014898919034749,0.7439223527908325
985,2,surface_feature,0.7491779923439026,0.2504477202892303,0.0014922503614798,0.7491779923439026
986,2,surface_feature,0.7446774244308472,0.2549425661563873,0.0014883574331179,0.7446774244308472
987,2,surface_feature,0.7493311762809753,0.2502948343753814,0.0014920436078682,0.7493311762809753
988,2,surface_feature,0.7433790564537048,0.2562386989593506,0.0014895868953317,0.7433790564537048
989,2,surface_feature,0.7493188381195068,0.2503071427345276,0.0014919915702193,0.7493188381195068
990,2,surface_feature,0.7447238564491272,0.2548962235450744,0.0014882568502798,0.7447238564491272
991,2,surface_feature,0.7491457462310791,0.2504799365997314,0.0014921841211616,0.7491457462310791
992,2,surface_feature,0.6675207614898682,0.3319849967956543,0.0014865219127386,0.6675207614898682
993,2,surface_feature,0.6209419369697571,0.3784957826137543,0.0014833607710897,0.6209419369697571
994,2,surface_feature,0.6672531366348267,0.33225217461586,0.001486676861532,0.6672531366348267
995,2,surface_feature,0.6066473722457886,0.3927701115608215,0.0014809225685894,0.6066473722457886
996,2,surface_feature,0.6617944836616516,0.3377027809619903,0.0014864787226542,0.6617944836616516
997,2,surface_feature,0.6105823516845703,0.3888402581214905,0.0014826758997514,0.6105823516845703
998,2,surface_feature,0.6620126962661743,0.3374849259853363,0.0014863562537357,0.6620126962661743
999,2,surface_feature,0.6068164110183716,0.3926014006137848,0.001480720937252,0.6068164110183716
1000,2,surface_feature,0.7415419220924377,0.2580727636814117,0.0014908449957147,0.7415419220924377
1001,2,surface_feature,0.7480220198631287,0.2516016662120819,0.0014933733036741,0.7480220198631287
1002,2,surface_feature,0.7428951263427734,0.2567218840122223,0.0014896095963194,0.7428951263427734
1003,2,surface_feature,0.7478771805763245,0.251746267080307,0.0014935539802536,0.7478771805763245
1004,2,surface_feature,0.7421069741249084,0.2575084865093231,0.001491148606874,0.7421069741249084
1005,2,surface_feature,0.7479254603385925,0.2516980767250061,0.0014934990322217,0.7479254603385925
1006,2,surface_feature,0.7429782748222351,0.2566388845443725,0.0014895102940499,0.7429782748222351
1007,2,surface_feature,0.7480670213699341,0.251556783914566,0.0014933022903278,0.7480670213699341
1008,2,surface_feature,0.742165744304657,0.2574499845504761,0.0014904183335602,0.742165744304657
1009,2,surface_feature,0.7484797835350037,0.2511447072029114,0.0014929268509149,0.7484797835350037
1010,2,surface_feature,0.7435005903244019,0.256117433309555,0.0014891849132254,0.7435005903244019
1011,2,surface_feature,0.7483345866203308,0.2512896656990051,0.0014931159093976,0.7483345866203308
1012,2,surface_feature,0.7427223920822144,0.2568940818309784,0.0014907220611348,0.7427223920822144
1013,2,surface_feature,0.7483835220336914,0.2512408196926117,0.001493061077781,0.7483835220336914
1014,2,surface_feature,0.7435767650604248,0.256041407585144,0.0014890863094478,0.7435767650604248
1015,2,surface_feature,0.7485174536705017,0.2511071264743805,0.0014928586315363,0.7485174536705017
1016,2,surface_feature,0.7427608966827393,0.2568558156490326,0.0014899884117767,0.7427608966827393
1017,2,surface_feature,0.7489317655563354,0.250693529844284,0.0014924791175872,0.7489317655563354
1018,2,surface_feature,0.7440786957740784,0.2555403113365173,0.0014887581346556,0.7440786957740784
1019,2,surface_feature,0.7487823367118835,0.2508426904678345,0.0014926681760698,0.7487823367118835
1020,2,surface_feature,0.743319034576416,0.2562984228134155,0.0014902963303029,0.743319034576416
1021,2,surface_feature,0.7487910985946655,0.2508339285850525,0.001492615439929,0.7487910985946655
1022,2,surface_feature,0.7441487908363342,0.255470335483551,0.0014886588323861,0.7441487908363342
1023,2,surface_feature,0.7489269375801086,0.2506983578205108,0.0014924124116078,0.7489269375801086
1024,2,surface_feature,0.7433760762214661,0.2562416493892669,0.0014895627973601,0.7433760762214661
1025,2,surface_feature,0.7493354678153992,0.2502905428409576,0.0014920285902917,0.7493354678153992
1026,2,surface_feature,0.7446581721305847,0.2549617886543274,0.0014883342664688,0.7446581721305847
1027,2,surface_feature,0.7491834163665771,0.2504423260688782,0.0014922190457582,0.7491834163665771
1028,2,surface_feature,0.7439055442810059,0.2557128965854645,0.0014898678055033,0.7439055442810059
1029,2,surface_feature,0.7491683959960938,0.2504573166370392,0.0014921693364158,0.7491683959960938
1030,2,surface_feature,0.744706928730011,0.2549131512641907,0.0014882341492921,0.744706928730011
1031,2,surface_feature,0.7493090629577637,0.2503169178962707,0.0014919633977115,0.7493090629577637
1032,2,surface_feature,0.7439255118370056,0.2556931376457214,0.001489172806032,0.7439255118370056
1033,2,surface_feature,0.749712347984314,0.2499143183231353,0.0014916124055162,0.749712347984314
1034,2,surface_feature,0.7451795935630798,0.2544412314891815,0.0014879445079714,0.7451795935630798
1035,2,surface_feature,0.7495619654655457,0.2500644326210022,0.0014918041415512,0.7495619654655457
1036,2,surface_feature,0.744444727897644,0.2551746368408203,0.0014894803753122,0.744444727897644
1037,2,surface_feature,0.7495608329772949,0.2500655949115753,0.0014917537337169,0.7495608329772949
1038,2,surface_feature,0.7452353835105896,0.2543855607509613,0.0014878460206091,0.7452353835105896
1039,2,surface_feature,0.7496930360794067,0.2499336153268814,0.0014915498904883,0.7496930360794067
1040,2,surface_feature,0.7450175285339355,0.2546027898788452,0.0014890989987179,0.7450175285339355
1041,2,surface_feature,0.7499515414237976,0.2496755421161651,0.0014913538470864,0.7499515414237976
1042,2,surface_feature,0.7457841038703918,0.2538377642631531,0.0014874904882162,0.7457841038703918
1043,2,surface_feature,0.7500747442245483,0.2495525777339935,0.0014911494217813,0.7500747442245483
1044,2,surface_feature,0.7445159554481506,0.2551036775112152,0.0014887957368046,0.7445159554481506
1045,2,surface_feature,0.7500762343406677,0.2495510876178741,0.0014912175247445,0.7500762343406677
1046,2,surface_feature,0.7457443475723267,0.2538774311542511,0.0014875867636874,0.7457443475723267
1047,2,surface_feature,0.7499407529830933,0.2496863007545471,0.0014914057683199,0.7499407529830933
1048,2,surface_feature,0.7455688714981079,0.2540523409843445,0.0014887261204421,0.7455688714981079
1049,2,surface_feature,0.750321090221405,0.2493066489696502,0.0014909591991454,0.750321090221405
1050,2,surface_feature,0.7463139295578003,0.2533088028430938,0.0014871477615088,0.7463139295578003
1051,2,surface_feature,0.750444769859314,0.2491831928491592,0.001490757567808,0.750444769859314
1052,2,surface_feature,0.7450618147850037,0.2545587122440338,0.0014884242555126,0.7450618147850037
1053,2,surface_feature,0.750447690486908,0.2491802722215652,0.0014908241573721,0.750447690486908
1054,2,surface_feature,0.7462830543518066,0.2533396184444427,0.0014872418250888,0.7462830543518066
1055,2,surface_feature,0.7503166794776917,0.2493110448122024,0.0014910101890563,0.7503166794776917
1056,2,surface_feature,0.74610435962677,0.253517746925354,0.0014883546391502,0.74610435962677
1057,2,surface_feature,0.75067538022995,0.2489529848098755,0.0014905638527125,0.75067538022995
1058,2,surface_feature,0.7468345165252686,0.2527890801429748,0.0014868071302771,0.7468345165252686
1059,2,surface_feature,0.7508054375648499,0.2488231807947158,0.0014903601258993,0.7508054375648499
1060,2,surface_feature,0.7455973029136658,0.2540241479873657,0.001488056499511,0.7455973029136658
1061,2,surface_feature,0.7508118748664856,0.2488167285919189,0.0014904282288625,0.7508118748664856
1062,2,surface_feature,0.7468122243881226,0.2528113126754761,0.0014868977013975,0.7468122243881226
1063,2,surface_feature,0.7506827712059021,0.2489455938339233,0.0014906156575307,0.7506827712059021
1064,2,surface_feature,0.7461193203926086,0.2535029947757721,0.001487664761953,0.7461193203926086
1065,2,surface_feature,0.7511695623397827,0.2484596818685531,0.0014900083187967,0.7511695623397827
1066,2,surface_feature,0.7473068833351135,0.2523174881935119,0.0014865346020087,0.7473068833351135
1067,2,surface_feature,0.751025378704071,0.2486036121845245,0.0014901977265253,0.751025378704071
1068,2,surface_feature,0.7466061115264893,0.253016859292984,0.0014879644149914,0.7466061115264893
1069,2,surface_feature,0.7509979605674744,0.2486309856176376,0.0014901508111506,0.7509979605674744
1070,2,surface_feature,0.7473464608192444,0.2522780001163482,0.0014864447293803,0.7473464608192444
1071,2,surface_feature,0.7511420845985413,0.2484871298074722,0.0014899430098012,0.7511420845985413
1072,2,surface_feature,0.7466190457344055,0.2530041038990021,0.0014872624306008,0.7466190457344055
1073,2,surface_feature,0.7515069246292114,0.2481229305267334,0.0014895770000293,0.7515069246292114
1074,2,surface_feature,0.7477700710296631,0.2518550753593445,0.001486163935624,0.7477700710296631
1075,2,surface_feature,0.7513605356216431,0.2482690513134002,0.0014897726941853,0.7513605356216431
1076,2,surface_feature,0.7470883131027222,0.2525354623794555,0.0014875591732561,0.7470883131027222
1077,2,surface_feature,0.7513361573219299,0.2482934147119522,0.0014897244982421,0.7513361573219299
1078,2,surface_feature,0.7478254437446594,0.2517998218536377,0.0014860704541206,0.7478254437446594
1079,2,surface_feature,0.7514752745628357,0.2481545358896255,0.0014895116910338,0.7514752745628357
1080,2,surface_feature,0.7470945715904236,0.2525294125080108,0.0014868574216961,0.7470945715904236
1081,2,surface_feature,0.751813530921936,0.2478168755769729,0.0014891508035361,0.751813530921936
1082,2,surface_feature,0.7482237815856934,0.2514021396636963,0.0014857908245176,0.7482237815856934
1083,2,surface_feature,0.7516835331916809,0.247946634888649,0.0014893499901518,0.7516835331916809
1084,2,surface_feature,0.7475675344467163,0.2520570755004883,0.001487152534537,0.7475675344467163
1085,2,surface_feature,0.7516849040985107,0.2479452788829803,0.0014892917824909,0.7516849040985107
1086,2,surface_feature,0.748282253742218,0.2513437569141388,0.001485695480369,0.748282253742218
1087,2,surface_feature,0.7518085837364197,0.2478218376636505,0.001489074784331,0.7518085837364197
1088,2,surface_feature,0.748717188835144,0.2509095966815948,0.0014853163156658,0.748717188835144
1089,2,surface_feature,0.752148449420929,0.2474825978279113,0.0014886312419548,0.752148449420929
1090,2,surface_feature,0.7475537657737732,0.2520709931850433,0.0014864476397633,0.7475537657737732
1091,2,surface_feature,0.7521264553070068,0.2475045174360275,0.0014887161087244,0.7521264553070068
1092,2,surface_feature,0.7486698627471924,0.2509568035602569,0.0014854124747216,0.7486698627471924
1093,2,surface_feature,0.7520153522491455,0.2476154118776321,0.0014889175072312,0.7520153522491455
1094,2,surface_feature,0.7480260133743286,0.251599371433258,0.0014867442660033,0.7480260133743286
1095,2,surface_feature,0.752027153968811,0.2476036548614502,0.0014888537116348,0.752027153968811
1096,2,surface_feature,0.6889084577560425,0.3106303811073303,0.0014824083773419,0.6889084577560425
1097,2,surface_feature,0.6452445983886719,0.3542306125164032,0.0014792552683502,0.6452445983886719
1098,2,surface_feature,0.6889482140541077,0.3105906248092651,0.0014825650723651,0.6889482140541077
1099,2,surface_feature,0.64466392993927,0.3548111021518707,0.0014774271985515,0.64466392993927
1100,2,surface_feature,0.6917012333869934,0.3078415989875793,0.0014828713610768,0.6917012333869934
1101,2,surface_feature,0.653232991695404,0.3462538123130798,0.0014799499185755,0.653232991695404
1102,2,surface_feature,0.6916239261627197,0.3079188168048858,0.0014827569248154,0.6916239261627197
1103,2,surface_feature,0.6446021199226379,0.3548728823661804,0.001477209967561,0.6446021199226379
1104,2,surface_feature,0.7498452663421631,0.2497832924127578,0.0014848962891846,0.7498452663421631
1105,2,surface_feature,0.7533212900161743,0.2463119029998779,0.001486939494498,0.7533212900161743
1106,2,surface_feature,0.750558078289032,0.24907186627388,0.0014835607726126,0.750558078289032
1107,2,surface_feature,0.7534253597259521,0.2462080717086792,0.0014866300625726,0.7534253597259521
1108,2,surface_feature,0.7493810057640076,0.250246912240982,0.0014846065314486,0.7493810057640076
1109,2,surface_feature,0.753459632396698,0.2461738288402557,0.0014866988640278,0.753459632396698
1110,2,surface_feature,0.7505155205726624,0.2491143196821212,0.0014836665941402,0.7505155205726624
1111,2,surface_feature,0.7533371448516846,0.2462960630655288,0.0014869925798848,0.7533371448516846
1112,2,surface_feature,0.7537547945976257,0.2458792924880981,0.0014859606744721,0.7537547945976257
1113,2,surface_feature,0.7505093812942505,0.2491203695535659,0.0014840369112789,0.7505093812942505
1114,2,surface_feature,0.7536916732788086,0.2459423243999481,0.001485918299295,0.7536916732788086
1115,2,surface_feature,0.7513258457183838,0.2483054399490356,0.001482724561356,0.7513258457183838
1116,2,surface_feature,0.7538381218910217,0.24579618871212,0.0014855943154543,0.7538381218910217
1117,2,surface_feature,0.750106930732727,0.2495222985744476,0.0014837456401437,0.750106930732727
1118,2,surface_feature,0.7539133429527283,0.2457210570573806,0.0014856656780466,0.7539133429527283
1119,2,surface_feature,0.7513010501861572,0.2483301609754562,0.001482838881202,0.7513010501861572
1120,2,surface_feature,0.7539624571800232,0.2456720620393753,0.0014854380860924,0.7539624571800232
1121,2,surface_feature,0.7508166432380676,0.248813658952713,0.0014836100162938,0.7508166432380676
1122,2,surface_feature,0.7538357973098755,0.2457985430955886,0.0014854109613224,0.7538357973098755
1123,2,surface_feature,0.7516701221466064,0.2479617744684219,0.0014823151286691,0.7516701221466064
1124,2,surface_feature,0.754011869430542,0.2456228137016296,0.0014850815059617,0.754011869430542
1125,2,surface_feature,0.7504034042358398,0.2492263615131378,0.0014833220047876,0.7504034042358398
1126,2,surface_feature,0.7541093230247498,0.2455254942178726,0.0014851465821266,0.7541093230247498
1127,2,surface_feature,0.751664400100708,0.2479674667119979,0.0014824224635958,0.751664400100708
1128,2,surface_feature,0.7540475130081177,0.2455872744321823,0.0014848912833258,0.7540475130081177
1129,2,surface_feature,0.7520491480827332,0.2475834190845489,0.0014819100033491,0.7520491480827332
1130,2,surface_feature,0.7541735768318176,0.2454614788293838,0.0014845753321424,0.7541735768318176
1131,2,surface_feature,0.750749945640564,0.2488804459571838,0.0014829151332378,0.750749945640564
1132,2,surface_feature,0.7542724609375,0.2453627288341522,0.0014846376143395,0.7542724609375
1133,2,surface_feature,0.7520357370376587,0.2475967705249786,0.001482015941292,0.7520357370376587
1134,2,surface_feature,0.754092276096344,0.2455425709486007,0.001484940177761,0.754092276096344
1135,2,surface_feature,0.7511425018310547,0.2484883964061737,0.0014831905718892,0.7511425018310547
1136,2,surface_feature,0.751537024974823,0.2480945587158203,0.0014827725244686,0.751537024974823
1137,2,surface_feature,0.7542436122894287,0.2453916072845459,0.0014843181706964,0.7542436122894287
1138,2,surface_feature,0.7524744868278503,0.247158795595169,0.0014815193135291,0.7524744868278503
1139,2,surface_feature,0.7543591260910034,0.2452763468027115,0.0014839980285614,0.7543591260910034
1140,2,surface_feature,0.7511680722236633,0.2484630197286605,0.0014825304970145,0.7511680722236633
1141,2,surface_feature,0.7544252872467041,0.2452102601528167,0.0014841159572824,0.7544252872467041
1142,2,surface_feature,0.7524486184120178,0.2471845895051956,0.0014816237380728,0.7524486184120178
1143,2,surface_feature,0.754268229007721,0.2453670054674148,0.0014844213146716,0.754268229007721
1144,2,surface_feature,0.752914309501648,0.2467197328805923,0.0014811404980719,0.752914309501648
1145,2,surface_feature,0.7545556426048279,0.2450802624225616,0.0014834208413958,0.7545556426048279
1146,2,surface_feature,0.751594603061676,0.2480372339487075,0.0014821542426943,0.751594603061676
1147,2,surface_feature,0.7545914053916931,0.2450445145368576,0.0014835479669272,0.7545914053916931
1148,2,surface_feature,0.7528799772262573,0.2467539757490158,0.0014812421286478,0.7528799772262573
1149,2,surface_feature,0.7544655799865723,0.2451700866222381,0.0014838580973446,0.7544655799865723
1150,2,surface_feature,0.751956045627594,0.2476762682199478,0.0014823701931163,0.751956045627594
1151,2,surface_feature,0.7544581890106201,0.2451774924993515,0.0014837471535429,0.7544581890106201
1152,2,surface_feature,0.7523545622825623,0.2472784221172332,0.0014819834614172,0.7523545622825623
1153,2,surface_feature,0.7546175718307495,0.2450184822082519,0.0014831806765869,0.7546175718307495
1154,2,surface_feature,0.7533172965049744,0.2463174313306808,0.001480764709413,0.7533172965049744
1155,2,surface_feature,0.7547240853309631,0.2449122071266174,0.0014828516868874,0.7547240853309631
1156,2,surface_feature,0.7519782781600952,0.2476542145013809,0.0014817760093137,0.7519782781600952
1157,2,surface_feature,0.7547738552093506,0.2448624819517135,0.0014829786960035,0.7547738552093506
1158,2,surface_feature,0.7532835602760315,0.2463510781526565,0.0014808619162067,0.7532835602760315
1159,2,surface_feature,0.7546440958976746,0.2449919730424881,0.0014832908054813,0.7546440958976746
1160,2,surface_feature,0.7527104616165161,0.2469231486320495,0.0014816003385931,0.7527104616165161
1161,2,surface_feature,0.7547397613525391,0.2448966205120086,0.0014825995313003,0.7547397613525391
1162,2,surface_feature,0.7536867260932922,0.2459486275911331,0.001480387407355,0.7536867260932922
1163,2,surface_feature,0.754872739315033,0.2447639256715774,0.0014822643715888,0.754872739315033
1164,2,surface_feature,0.752353310585022,0.2472798228263855,0.0014813935849815,0.752353310585022
1165,2,surface_feature,0.7549466490745544,0.2446900755167007,0.001482404069975,0.7549466490745544
1166,2,surface_feature,0.7536538243293762,0.2459814697504043,0.0014804798411205,0.7536538243293762
1167,2,surface_feature,0.7547987103462219,0.2448377162218094,0.0014827202539891,0.7547987103462219
1168,2,surface_feature,0.7530602216720581,0.2465739995241165,0.0014812145382165,0.7530602216720581
1169,2,surface_feature,0.7548919320106506,0.2447448223829269,0.0014819919597357,0.7548919320106506
1170,2,surface_feature,0.7540411353111267,0.2455948442220688,0.001480006147176,0.7540411353111267
1171,2,surface_feature,0.7550147771835327,0.2446222454309463,0.0014816574985161,0.7550147771835327
1172,2,surface_feature,0.7527094483375549,0.2469243109226226,0.0014810108114033,0.7527094483375549
1173,2,surface_feature,0.7550649046897888,0.2445721477270126,0.0014818098861724,0.7550649046897888
1174,2,surface_feature,0.7540042996406555,0.245631605386734,0.001480103470385,0.7540042996406555
1175,2,surface_feature,0.7549388408660889,0.2446979433298111,0.0014821203658357,0.7549388408660889
1176,2,surface_feature,0.7533808946609497,0.2462539076805114,0.0014808336272835,0.7533808946609497
1177,2,surface_feature,0.7550306916236877,0.2446064054965973,0.0014813879970461,0.7550306916236877
1178,2,surface_feature,0.754357099533081,0.2452794462442398,0.0014796286122873,0.754357099533081
1179,2,surface_feature,0.7551393508911133,0.244497999548912,0.0014810578431934,0.7551393508911133
1180,2,surface_feature,0.753027081489563,0.24660724401474,0.0014806406106799,0.753027081489563
1181,2,surface_feature,0.7551774978637695,0.244459867477417,0.0014812138397246,0.7551774978637695
1182,2,surface_feature,0.7543407082557678,0.2452957779169082,0.0014797355979681,0.7543407082557678
1183,2,surface_feature,0.755070149898529,0.2445669770240783,0.0014815151225775,0.755070149898529
1184,2,surface_feature,0.7536635398864746,0.2459717690944671,0.0014804573729634,0.7536635398864746
1185,2,surface_feature,0.7550928592681885,0.2445444911718368,0.0014807831030339,0.7550928592681885
1186,2,surface_feature,0.7546384930610657,0.2449985444545745,0.0014792616711929,0.7546384930610657
1187,2,surface_feature,0.7551959156990051,0.2444416582584381,0.0014804545789957,0.7551959156990051
1188,2,surface_feature,0.7533069849014282,0.2463278472423553,0.0014802712248638,0.7533069849014282
1189,2,surface_feature,0.755243718624115,0.2443938851356506,0.0014806110411882,0.755243718624115
1190,2,surface_feature,0.7546162605285645,0.245020717382431,0.001479365164414,0.7546162605285645
1191,2,surface_feature,0.75514155626297,0.2444958239793777,0.0014809084823355,0.75514155626297
1192,2,surface_feature,0.7107102870941162,0.2888625264167785,0.0014766452368348,0.7107102870941162
1193,2,surface_feature,0.6857781410217285,0.3137581646442413,0.0014757068129256,0.6857781410217285
1194,2,surface_feature,0.7102752923965454,0.2892969250679016,0.0014764406951144,0.7102752923965454
1195,2,surface_feature,0.6838006377220154,0.3157337307929992,0.0014726037625223,0.6838006377220154
1196,2,surface_feature,0.7082547545433044,0.2913146018981933,0.0014760877238586,0.7082547545433044
1197,2,surface_feature,0.679888904094696,0.3196389377117157,0.0014749973779544,0.679888904094696
1198,2,surface_feature,0.7083026766777039,0.2912666499614715,0.001476380159147,0.7083026766777039
1199,2,surface_feature,0.6838785409927368,0.3156558573246002,0.0014728092355653,0.6838785409927368
1200,2,surface_feature,0.7542417645454407,0.2453948110342025,0.0014788109110668,0.7542417645454407
1201,2,surface_feature,0.755273699760437,0.2443645745515823,0.0014780864585191,0.755273699760437
1202,2,surface_feature,0.7553274035453796,0.2443110644817352,0.001477615092881,0.7553274035453796
1203,2,surface_feature,0.7553629279136658,0.2442755550146103,0.0014777502510696,0.7553629279136658
1204,2,surface_feature,0.7539066076278687,0.2457295209169387,0.0014786354731768,0.7539066076278687
1205,2,surface_feature,0.7553823590278625,0.2442561239004135,0.0014779148623347,0.7553823590278625
1206,2,surface_feature,0.7553322911262512,0.2443061619997024,0.0014776980970054,0.7553322911262512
1207,2,surface_feature,0.7553359866142273,0.2443023473024368,0.0014782089274376,0.7553359866142273
1208,2,surface_feature,0.7543421387672424,0.2452946752309799,0.0014784369850531,0.7543421387672424
1209,2,surface_feature,0.7552753686904907,0.2443630546331405,0.0014774869196116,0.7552753686904907
1210,2,surface_feature,0.7554207444190979,0.2442179471254348,0.0014772380236536,0.7554207444190979
1211,2,surface_feature,0.7553635835647583,0.2442750483751297,0.0014771677087992,0.7553635835647583
1212,2,surface_feature,0.7539950609207153,0.2456412762403488,0.0014782568905502,0.7539950609207153
1213,2,surface_feature,0.7553805708885193,0.2442580461502075,0.0014773224247619,0.7553805708885193
1214,2,surface_feature,0.7554419040679932,0.244196817278862,0.0014773196307942,0.7554419040679932
1215,2,surface_feature,0.7553501129150391,0.2442883998155594,0.0014776095049455,0.7553501129150391
1216,2,surface_feature,0.7544327974319458,0.2452042400836944,0.0014780625933781,0.7544327974319458
1217,2,surface_feature,0.7552902698516846,0.2443483173847198,0.0014769011177122,0.7552902698516846
1218,2,surface_feature,0.7555013298988342,0.2441375702619552,0.0014768581604585,0.7555013298988342
1219,2,surface_feature,0.7553450465202332,0.2442937046289444,0.0014766022795811,0.7553450465202332
1220,2,surface_feature,0.7540624141693115,0.2455741167068481,0.0014778766781091,0.7540624141693115
1221,2,surface_feature,0.7553640604019165,0.2442746758460998,0.0014767583925276,0.7553640604019165
1222,2,surface_feature,0.7555385231971741,0.244100421667099,0.0014769398840144,0.7555385231971741
1223,2,surface_feature,0.755370020866394,0.2442686557769775,0.0014770220732316,0.755370020866394
1224,2,surface_feature,0.7545090317726135,0.2451281994581222,0.0014776895986869,0.7545090317726135
1225,2,surface_feature,0.7553138136863708,0.2443249374628067,0.0014763337094336,0.7553138136863708
1226,2,surface_feature,0.7555911540985107,0.2440479844808578,0.0014764800434932,0.7555911540985107
1227,2,surface_feature,0.7553439140319824,0.2442949563264846,0.0014760385965928,0.7553439140319824
1228,2,surface_feature,0.754131555557251,0.2455051839351654,0.0014775018207728,0.754131555557251
1229,2,surface_feature,0.7553629875183105,0.2442758828401565,0.0014761975035071,0.7553629875183105
1230,2,surface_feature,0.7556245923042297,0.2440145611763,0.0014765615342184,0.7556245923042297
1231,2,surface_feature,0.7553778290748596,0.2442609965801239,0.0014764616498723,0.7553778290748596
1232,2,surface_feature,0.7568060755729675,0.2428348809480667,0.0014763443032279,0.7568060755729675
1233,2,surface_feature,0.7459432482719421,0.2536814510822296,0.001477243611589,0.7459432482719421
1234,2,surface_feature,0.7539125084877014,0.2457241117954254,0.0014766670065,0.7539125084877014
1235,2,surface_feature,0.7458820939064026,0.2537424862384796,0.001477331505157,0.7458820939064026
1236,2,surface_feature,0.7567397356033325,0.2429011017084121,0.0014764511724933,0.7567397356033325
1237,2,surface_feature,0.7458946704864502,0.2537298500537872,0.0014776460593566,0.7458946704864502
1238,2,surface_feature,0.7542799115180969,0.2453571856021881,0.0014768568798899,0.7542799115180969
1239,2,surface_feature,0.7458855509757996,0.2537389695644378,0.0014775982126593,0.7458855509757996
1240,2,surface_feature,0.7573959827423096,0.2422460317611694,0.0014755747979506,0.7573959827423096
1241,2,surface_feature,0.7467533946037292,0.2528727352619171,0.0014762803912162,0.7467533946037292
1242,2,surface_feature,0.754405677318573,0.2452318221330642,0.0014759668847545,0.754405677318573
1243,2,surface_feature,0.7513749599456787,0.2482581585645675,0.001475621946156,0.7513749599456787
1244,2,surface_feature,0.7565968632698059,0.2430439889430999,0.0014755030861124,0.7565968632698059
1245,2,surface_feature,0.7513337135314941,0.2482992708683014,0.0014759387122467,0.7513337135314941
1246,2,surface_feature,0.7547190189361572,0.2449188977479934,0.0014761643251404,0.7547190189361572
1247,2,surface_feature,0.7467095851898193,0.2529163956642151,0.0014766586245968,0.7467095851898193
1248,2,surface_feature,0.7552043795585632,0.2444349527359008,0.0014733579009771,0.7552043795585632
1249,2,surface_feature,0.7556285262107849,0.244011253118515,0.001474063610658,0.7556285262107849
1250,2,surface_feature,0.7553867697715759,0.2442529052495956,0.001472997944802,0.7553867697715759
1251,2,surface_feature,0.7544248700141907,0.2452128827571869,0.0014750817790627,0.7544248700141907
1252,2,surface_feature,0.7553853392601013,0.2442542910575866,0.0014731739647686,0.7553853392601013
1253,2,surface_feature,0.7557237148284912,0.2439161837100982,0.0014741183258593,0.7557237148284912
1254,2,surface_feature,0.7552735209465027,0.2443658709526062,0.0014735051663592,0.7552735209465027
1255,2,surface_feature,0.7546036839485168,0.2450342923402786,0.0014752994757145,0.7546036839485168
1256,0,background,0.7449741363525391,0.7449741363525391,0.0014878262300044,0.2539157569408417
1257,0,background,0.7033212780952454,0.7033212780952454,0.0014869070146232,0.2956314086914062
1258,0,background,0.7397016882896423,0.7397016882896423,0.0014869282022118,0.259196788072586
1259,2,surface_feature,0.749683141708374,0.2499479055404663,0.0014739850303158,0.749683141708374
1260,2,surface_feature,0.7542513012886047,0.2453864365816116,0.0014741261256858,0.7542513012886047
1261,2,surface_feature,0.755181610584259,0.2444580048322677,0.0014720297185704,0.755181610584259
1262,2,surface_feature,0.755555272102356,0.2440846115350723,0.0014731662813574,0.755555272102356
1263,2,surface_feature,0.755081832408905,0.2445575445890426,0.0014724011998623,0.755081832408905
1264,2,surface_feature,0.7543917894363403,0.2452460974454879,0.0014743541833013,0.7543917894363403
1265,2,surface_feature,0.7494009733200073,0.25022953748703,0.0014743759529665,0.7494009733200073
1266,2,surface_feature,0.7566192150115967,0.2430221438407898,0.0014736038865521,0.7566192150115967
1267,2,surface_feature,0.7551263570785522,0.2445130050182342,0.0014727881643921,0.7551263570785522
1268,2,surface_feature,0.7555294036865234,0.2441103458404541,0.0014735864242538,0.7555294036865234
1269,2,surface_feature,0.7553272247314453,0.244312509894371,0.0014724264619871,0.7553272247314453
1270,2,surface_feature,0.7543283104896545,0.2453094124794006,0.0014745986554771,0.7543283104896545
1271,2,surface_feature,0.7553203701972961,0.2443193197250366,0.0014725906075909,0.7553203701972961
1272,2,surface_feature,0.755657970905304,0.2439819574356079,0.0014736398588865,0.755657970905304
1273,2,surface_feature,0.7551879286766052,0.2444514781236648,0.0014729383401572,0.7551879286766052
1274,2,surface_feature,0.7544660568237305,0.2451718300580978,0.0014748176326975,0.7544660568237305
1275,2,surface_feature,0.7569224238395691,0.2427190393209457,0.0014750001719221,0.7569224238395691
1276,2,surface_feature,0.7502830028533936,0.2493485510349273,0.0014754342846572,0.7502830028533936
1277,2,surface_feature,0.7545597553253174,0.2450780868530273,0.0014755621086806,0.7545597553253174
1278,2,surface_feature,0.7505555152893066,0.2490764409303665,0.0014754539588466,0.7505555152893066
1279,2,surface_feature,0.7568600177764893,0.242781326174736,0.0014750725822523,0.7568600177764893
1280,2,surface_feature,0.7504614591598511,0.2491702735424041,0.0014757926110178,0.7504614591598511
1281,2,surface_feature,0.7548248767852783,0.2448133081197738,0.0014757574535906,0.7548248767852783
1282,2,surface_feature,0.7501277923583984,0.2495034486055374,0.0014757968019694,0.7501277923583984
1283,2,surface_feature,0.757088840007782,0.2425526678562164,0.001475803903304,0.757088840007782
1284,2,surface_feature,0.7490634918212891,0.2505660355091095,0.0014764356892555,0.7490634918212891
1285,2,surface_feature,0.7543442249298096,0.2452930957078933,0.001476360601373,0.7543442249298096
1286,2,surface_feature,0.7489500045776367,0.2506793141365051,0.0014765277737751,0.7489500045776367
1287,2,surface_feature,0.7571156024932861,0.2425259351730346,0.0014758922625333,0.7571156024932861
1288,2,surface_feature,0.7489595413208008,0.2506696879863739,0.0014768723631277,0.7489595413208008
1289,2,surface_feature,0.7547177076339722,0.2449201196432113,0.0014765544328838,0.7547177076339722
1290,2,surface_feature,0.7489886283874512,0.2506406605243683,0.0014768195105716,0.7489886283874512
1291,2,surface_feature,0.6970186233520508,0.3025244772434234,0.0015080207958817,0.6970186233520508
1292,2,surface_feature,0.7695959210395813,0.2300651520490646,0.001471065566875,0.7695959210395813
1293,2,surface_feature,0.7512836456298828,0.248348981142044,0.0014770621201023,0.7512836456298828
1294,2,surface_feature,0.7550970315933228,0.2445412278175354,0.0014770833076909,0.7550970315933228
1295,2,surface_feature,0.7513657808303833,0.2482669353485107,0.0014771607238799,0.7513657808303833
1296,2,surface_feature,0.7694856524467468,0.2301752269268036,0.0014711678959429,0.7694856524467468
1297,2,surface_feature,0.69685959815979,0.3026832342147827,0.0015081269666552,0.69685959815979
1298,2,surface_feature,0.7513311505317688,0.2483014464378357,0.0014774799346923,0.7513311505317688
1299,2,surface_feature,0.7554624080657959,0.2441763430833816,0.0014772759750485,0.7554624080657959
1300,2,surface_feature,0.7512474656105042,0.2483850270509719,0.0014774081064388,0.7512474656105042
1301,2,surface_feature,0.7373522520065308,0.2622547149658203,0.0014963960275053,0.7373522520065308
1302,2,surface_feature,0.7325824499130249,0.2670179009437561,0.0014944935683161,0.7325824499130249
1303,2,surface_feature,0.7402019500732422,0.2594090104103088,0.0014974544756114,0.7402019500732422
1304,2,surface_feature,0.7352617383003235,0.2643426656723022,0.0014942922862246,0.7352617383003235
1305,2,surface_feature,0.7377158999443054,0.2618916630744934,0.0014962813584133,0.7377158999443054
1306,2,surface_feature,0.7356221675872803,0.2639827132225036,0.0014945241855457,0.7356221675872803
1307,2,surface_feature,0.7425498366355896,0.2570646107196808,0.0014975728699937,0.7425498366355896
1308,2,surface_feature,0.7371246218681335,0.2624824941158294,0.0014945298898965,0.7371246218681335
1309,2,surface_feature,0.7372687458992004,0.2623387277126312,0.0014940033433958,0.7372687458992004
1310,2,surface_feature,0.7494196891784668,0.2502056658267975,0.0014951034681871,0.7494196891784668
1311,2,surface_feature,0.7334381937980652,0.266163557767868,0.0014939721440896,0.7334381937980652
1312,2,surface_feature,0.7409712672233582,0.2586409747600555,0.0014969968469813,0.7409712672233582
1313,2,surface_feature,0.7354767918586731,0.2641280889511108,0.0014937665546312,0.7354767918586731
1314,2,surface_feature,0.7494568824768066,0.2501685619354248,0.0014949647011235,0.7494568824768066
1315,2,surface_feature,0.7361445426940918,0.2634612619876861,0.0014940006658434,0.7361445426940918
1316,2,surface_feature,0.7432896494865417,0.2563260197639465,0.0014971123309805,0.7432896494865417
1317,2,surface_feature,0.7363643050193787,0.2632419466972351,0.0014934877399355,0.7363643050193787
1318,2,surface_feature,0.7430023550987244,0.25661301612854,0.0014966476010158,0.7430023550987244
1319,2,surface_feature,0.7370789647102356,0.2625283598899841,0.0014934842474758,0.7370789647102356
1320,2,surface_feature,0.7493634819984436,0.250261902809143,0.0014946465380489,0.7493634819984436
1321,2,surface_feature,0.7338765859603882,0.2657259404659271,0.0014935211511328,0.7338765859603882
1322,2,surface_feature,0.7406406998634338,0.2589711546897888,0.0014965322334319,0.7406406998634338
1323,2,surface_feature,0.7350542545318604,0.264550119638443,0.0014932964695617,0.7350542545318604
1324,2,surface_feature,0.7493789196014404,0.250246524810791,0.0014944928698241,0.7493789196014404
1325,0,background,0.825014591217041,0.825014591217041,0.0015406990423798,0.1737122982740402
1326,0,background,0.5781263709068298,0.5781263709068298,0.0014862386742606,0.4210131466388702
1327,0,background,0.5310550332069397,0.5310550332069397,0.0014834908070042,0.4681559801101684
1328,0,background,0.5584720969200134,0.5584720969200134,0.0014886510325595,0.4406952559947967
1329,0,background,0.5523112416267395,0.5523112416267395,0.0014832556480541,0.4468683302402496
1330,0,background,0.6141378283500671,0.6141378283500671,0.001485695480369,0.3849483430385589
1331,2,surface_feature,0.5607598423957825,0.4385885596275329,0.0014834201429039,0.5607598423957825
1332,2,surface_feature,0.5991976857185364,0.4002054333686828,0.0014891989994794,0.5991976857185364
1333,2,surface_feature,0.5665928721427917,0.4327642023563385,0.0014834123430773,0.5665928721427917
1334,2,surface_feature,0.7435915470123291,0.2560243606567383,0.0014980128034949,0.7435915470123291
1335,2,surface_feature,0.737145185470581,0.2624618411064148,0.0014950921759009,0.737145185470581
1336,2,surface_feature,0.7497939467430115,0.2498317509889602,0.0014959779800847,0.7497939467430115
1337,2,surface_feature,0.7326836585998535,0.2669166922569275,0.0014950337354093,0.7326836585998535
1338,2,surface_feature,0.7412536144256592,0.2583588063716888,0.0014979095431044,0.7412536144256592
1339,2,surface_feature,0.735511839389801,0.2640928030014038,0.0014948544558137,0.735511839389801
1340,2,surface_feature,0.7496626377105713,0.2499628961086273,0.0014958496904,0.7496626377105713
1341,2,surface_feature,0.7355015873908997,0.264102965593338,0.0014950964832678,0.7355015873908997
1342,2,surface_feature,0.7370482683181763,0.2625584602355957,0.0014956160448491,0.7370482683181763
1343,2,surface_feature,0.7500577569007874,0.2495682388544082,0.0014963882276788,0.7500577569007874
1344,2,surface_feature,0.7324179410934448,0.2671818733215332,0.0014955449150875,0.7324179410934448
1345,2,surface_feature,0.7412747144699097,0.2583376169204712,0.0014983459841459,0.7412747144699097
1346,2,surface_feature,0.7352898120880127,0.2643143534660339,0.0014953791396692,0.7352898120880127
1347,2,surface_feature,0.7498757243156433,0.2497500330209732,0.0014962671557441,0.7498757243156433
1348,2,surface_feature,0.7352163195610046,0.2643876671791076,0.0014956140657886,0.7352163195610046
1349,2,surface_feature,0.7436426877975464,0.2559731602668762,0.0014984357403591,0.7436426877975464
1350,0,background,0.8619952201843262,0.8619952201843262,0.0015374720096588,0.1366774439811706
1351,0,background,0.877770721912384,0.877770721912384,0.0015212151920422,0.1208919584751129
1352,0,background,0.8629255294799805,0.8629255294799805,0.0015362933045253,0.1357467323541641
1353,0,background,0.883232831954956,0.883232831954956,0.001525699160993,0.1154175177216529
1354,0,background,0.8828219771385193,0.8828219771385193,0.0015370796900242,0.1158189848065376
1355,0,background,0.8726166486740112,0.8726166486740112,0.0015259861247614,0.1260496824979782
1356,0,background,0.8630139231681824,0.8630139231681824,0.0015380496624857,0.1356566548347473
1357,0,background,0.8865038156509399,0.8865038156509399,0.001521247671917,0.1121455207467079
1358,2,surface_feature,0.7437906861305237,0.2558251917362213,0.0014992195647209,0.7437906861305237
1359,2,surface_feature,0.736802875995636,0.2628032267093658,0.0014966055750846,0.736802875995636
1360,2,surface_feature,0.7504987120628357,0.2491277009248733,0.0014973047655075,0.7504987120628357
1361,2,surface_feature,0.7359106540679932,0.2636939585208893,0.0014971542404964,0.7359106540679932
1362,2,surface_feature,0.7380092740058899,0.2615979015827179,0.001499390695244,0.7380092740058899
1363,2,surface_feature,0.7385355830192566,0.2610729932785034,0.0014970210613682,0.7385355830192566
1364,2,surface_feature,0.7503284215927124,0.2492977678775787,0.0014971948694437,0.7503284215927124
1365,2,surface_feature,0.7348042726516724,0.2647988200187683,0.001496595563367,0.7348042726516724
1366,2,surface_feature,0.7411300539970398,0.2584816217422485,0.0015001356368884,0.7411300539970398
1367,2,surface_feature,0.7398379445075989,0.2597724199295044,0.0014976855600252,0.7398379445075989
1368,2,surface_feature,0.7507470846176147,0.2488795667886734,0.0014978738036006,0.7507470846176147
1369,2,surface_feature,0.7356076836585999,0.2639963626861572,0.0014976084930822,0.7356076836585999
1370,2,surface_feature,0.73806232213974,0.2615448236465454,0.0014998284168541,0.73806232213974
1371,2,surface_feature,0.7383025884628296,0.2613055109977722,0.0014974895166233,0.7383025884628296
1372,2,surface_feature,0.750609278678894,0.2490171939134597,0.0014977639075368,0.750609278678894
1373,2,surface_feature,0.7379752993583679,0.2616322636604309,0.0014976598322391,0.7379752993583679
1374,0,background,0.8441010117530823,0.8441010117530823,0.0015404863515868,0.1545966863632202
1375,0,background,0.8433858752250671,0.8433858752250671,0.0015266911359503,0.1553245186805725
1376,0,background,0.8406885266304016,0.8406885266304016,0.0015396343078464,0.1580151319503784
1377,0,background,0.8672511577606201,0.8672511577606201,0.0015262403758242,0.1314231753349304
1378,0,background,0.8663176894187927,0.8663176894187927,0.0015401799464598,0.132345974445343
1379,0,background,0.8556485176086426,0.8556485176086426,0.0015262819360941,0.143043503165245
1380,0,background,0.8393073081970215,0.8393073081970215,0.0015394130023196,0.1593986451625824
1381,0,background,0.854895830154419,0.854895830154419,0.001526434556581,0.1437972635030746
1382,0,background,0.8696398735046387,0.8696398735046387,0.0015404820442199,0.1290183514356613
1383,0,background,0.8537995219230652,0.8537995219230652,0.0015273628523573,0.1448944061994552
1384,0,background,0.8519613742828369,0.8519613742828369,0.0015384722501039,0.1467259228229522
1385,0,background,0.8735479116439819,0.8735479116439819,0.0015263558598235,0.1251166760921478
1386,0,background,0.8833627104759216,0.8833627104759216,0.0015386721352115,0.115275964140892
1387,0,background,0.873108446598053,0.873108446598053,0.0015279854414984,0.1255554556846618
1388,0,background,0.8713817000389099,0.8713817000389099,0.0015393536305055,0.1272748857736587
1389,0,background,0.8774317502975464,0.8774317502975464,0.0015286344569176,0.1212249398231506
1390,0,background,0.8498792052268982,0.8498792052268982,0.0015404468867927,0.1488095968961715
1391,0,background,0.8680522441864014,0.8680522441864014,0.001523055252619,0.1306236535310745
1392,0,background,0.8463948369026184,0.8463948369026184,0.0015394210349768,0.152300164103508
1393,0,background,0.8871345520019531,0.8871345520019531,0.0015224447706714,0.1115127503871917
1394,0,background,0.86972576379776,0.86972576379776,0.0015403814613819,0.1289324611425399
1395,0,background,0.8758351802825928,0.8758351802825928,0.0015224947128444,0.1228293254971504
1396,0,background,0.8450252413749695,0.8450252413749695,0.0015392136992886,0.1536720544099807
1397,0,background,0.8796626329421997,0.8796626329421997,0.0015228064730763,0.118995800614357
1398,0,background,0.8733001351356506,0.8733001351356506,0.0015421926509588,0.1253509670495987
1399,0,background,0.8690985441207886,0.8690985441207886,0.0015249591087922,0.1295740455389022
1400,0,background,0.8530412316322327,0.8530412316322327,0.0015398322138935,0.1456432044506073
1401,0,background,0.891347348690033,0.891347348690033,0.0015242435038089,0.1072919443249702
1402,0,background,0.889906644821167,0.889906644821167,0.0015406161546707,0.1087202355265617
1403,0,background,0.9114853143692015,0.9114853143692015,0.0015279904473572,0.0871198028326034
1404,0,background,0.8852959275245667,0.8852959275245667,0.0015417300164699,0.1133370995521545
1405,0,background,0.9106764793395996,0.9106764793395996,0.0015282685635611,0.0879296585917472
1406,2,surface_feature,0.6263604164123535,0.373073548078537,0.001514904666692,0.6263604164123535
1407,2,surface_feature,0.6407682299613953,0.3586840629577636,0.0015246847178786,0.6407682299613953
1408,2,surface_feature,0.6405210494995117,0.3589307069778442,0.0015250883297994,0.6405210494995117
1409,2,surface_feature,0.640113115310669,0.3593377470970154,0.0015258888015523,0.640113115310669
1410,2,surface_feature,0.6398760676383972,0.3595742881298065,0.0015262737870216,0.6398760676383972
1411,2,surface_feature,0.6396333575248718,0.3598164916038513,0.0015266533009707,0.6396333575248718
1412,2,surface_feature,0.6393865942955017,0.3600627481937408,0.0015270297881215,0.6393865942955017
1413,2,surface_feature,0.6391251087188721,0.3603236973285675,0.0015273767057806,0.6391251087188721
1414,2,surface_feature,0.6389089226722717,0.360539436340332,0.001527689397335,0.6389089226722717
1415,2,surface_feature,0.6387062072753906,0.3607417345046997,0.0015280043007805,0.6387062072753906
1416,2,surface_feature,0.6384193301200867,0.3610280454158783,0.0015283200191333,0.6384193301200867
1417,2,surface_feature,0.6381368041038513,0.3613100349903106,0.0015286287525668,0.6381368041038513
1418,2,surface_feature,0.6147676706314087,0.3846471011638641,0.0015191242564469,0.6147676706314087
1419,2,surface_feature,0.6372566819190979,0.3621883690357208,0.001529851113446,0.6372566819190979
1420,2,surface_feature,0.6369659304618835,0.3624785840511322,0.0015301156090572,0.6369659304618835
1421,2,surface_feature,0.6366686224937439,0.3627753555774688,0.001530377776362,0.6366686224937439
1422,2,surface_feature,0.6363595128059387,0.3630838692188263,0.001530629931949,0.6363595128059387
1423,2,surface_feature,0.6360592842102051,0.3633835613727569,0.0015308805741369,0.6360592842102051
1424,2,surface_feature,0.6358137726783752,0.363628625869751,0.0015311284223571,0.6358137726783752
1425,2,surface_feature,0.6355336904525757,0.3639081716537475,0.0015313763869926,0.6355336904525757
1426,2,surface_feature,0.6351717710494995,0.3642694652080536,0.0015316170174628,0.6351717710494995
1427,2,surface_feature,0.6347827315330505,0.3646578192710876,0.0015318430960178,0.6347827315330505
1428,2,surface_feature,0.6343827247619629,0.365057110786438,0.0015320684760808,0.6343827247619629
1429,2,surface_feature,0.6339215636253357,0.3655174970626831,0.0015322938561439,0.6339215636253357
1430,2,surface_feature,0.6308309435844421,0.3686043918132782,0.0015295766061171,0.6308309435844421
1431,2,surface_feature,0.6045063138008118,0.3948917388916015,0.0015220214845612,0.6045063138008118
1432,2,surface_feature,0.6347613334655762,0.3646791875362396,0.0015318444930016,0.6347613334655762
1433,2,surface_feature,0.6351650953292847,0.364276111125946,0.0015316199278458,0.6351650953292847
1434,2,surface_feature,0.635545551776886,0.3638963401317596,0.0015313822077587,0.635545551776886
1435,2,surface_feature,0.6456250548362732,0.353837102651596,0.0015176913002505,0.6456250548362732
1436,2,surface_feature,0.6418259143829346,0.357630968093872,0.0015163550851866,0.6418259143829346
1437,2,surface_feature,0.642474889755249,0.356983333826065,0.0015153498388826,0.642474889755249
1438,0,background,0.9242048859596252,0.9242048859596252,0.0014950366457924,0.0744112730026245
1439,0,background,0.9491872787475586,0.9491872787475586,0.0015014180680736,0.0493854507803916
1440,1,rivet,0.9987195730209352,0.0009430277859792,0.9987195730209352,0.2635052502155304
1441,1,rivet,0.9988068342208862,0.0010731386719271,0.9988068342208862,0.1005954891443252
1442,1,rivet,0.9988069534301758,0.0010730006033554,0.9988069534301758,0.1006213426589965
1443,1,rivet,0.9988070726394652,0.0010728922206908,0.9988070726394652,0.1006223559379577
1444,1,rivet,0.9988070726394652,0.001072896993719,0.9988070726394652,0.100618302822113
1445,1,rivet,0.9988069534301758,0.0010730039793998,0.9988069534301758,0.1006184890866279
1446,1,rivet,0.9988067150115968,0.0010732536902651,0.9988067150115968,0.1005889102816581
1447,1,rivet,0.9987512826919556,0.0008958416292443,0.9987512826919556,0.2825905084609985
1448,1,rivet,0.998754858970642,0.0008852986502461,0.998754858970642,0.2889973223209381
1449,1,rivet,0.99869042634964,0.0009402498253621,0.99869042634964,0.2820183634757995
1450,1,rivet,0.9986833930015564,0.0009133174899034,0.9986833930015564,0.3063096702098846
1451,1,rivet,0.9987838864326476,0.0010892854770645,0.9987838864326476,0.1042896881699562
1452,1,rivet,0.9987841248512268,0.0010890528792515,0.9987841248512268,0.1043053045868873
1453,1,rivet,0.9987840056419371,0.0010891744168475,0.9987840056419371,0.1042931675910949
1454,1,rivet,0.9987840056419371,0.0010891794227063,0.9987840056419371,0.104289025068283
1455,1,rivet,0.9987841248512268,0.0010890561388805,0.9987841248512268,0.1043027192354202
1456,1,rivet,0.9987838864326476,0.0010892946738749,0.9987838864326476,0.1042820811271667
1457,1,rivet,0.9986673593521118,0.0009507578215561,0.9986673593521118,0.2865610420703888
1458,1,rivet,0.9984785914421082,0.0014478444354608,0.9984785914421082,0.0483526699244976
1459,1,rivet,0.9981741905212402,0.0017333200667053,0.9981741905212402,0.0506566911935806
1460,1,rivet,0.9977700710296632,0.0021169316023588,0.9977700710296632,0.0506731271743774
1461,1,rivet,0.9984740614891052,0.0014513547066599,0.9984740614891052,0.0488773696124553
1462,1,rivet,0.98880136013031,0.0106604322791099,0.98880136013031,0.0480600968003273
1463,1,rivet,0.911677896976471,0.0839540362358093,0.911677896976471,0.0494561269879341
1464,1,rivet,0.9638704657554626,0.0342766270041465,0.9638704657554626,0.0512851253151893
1465,1,rivet,0.9893561005592346,0.0101316142827272,0.9893561005592346,0.048129454255104
1466,0,background,0.9242448210716248,0.9242448210716248,0.001514048082754,0.0743537247180938
1467,0,background,0.932339072227478,0.932339072227478,0.0014993143267929,0.0662609711289405
1468,0,background,0.9241065979003906,0.9241065979003906,0.0015133474953472,0.0744927302002906
1469,0,background,0.9385327696800232,0.9385327696800232,0.0015043161110952,0.0600533001124858
1470,0,background,0.9055346250534058,0.9055346250534058,0.0016381080495193,0.0929795354604721
1471,0,background,0.951348841190338,0.951348841190338,0.0016578402137383,0.0470713302493095
1472,0,background,0.9511746168136596,0.9511746168136596,0.0016562214586883,0.0472473874688148
1473,0,background,0.919995367527008,0.919995367527008,0.0015170613769441,0.078606829047203
1474,0,background,0.914671003818512,0.914671003818512,0.0014959438703954,0.0839586034417152
1475,0,background,0.9181349277496338,0.9181349277496338,0.0015036859549582,0.0804823338985443
1476,0,background,0.9198447465896606,0.9198447465896606,0.0015170852420851,0.0787576809525489
1477,0,background,0.9260594844818116,0.9260594844818116,0.0014902239199727,0.0725583732128143
1478,0,background,0.9290310144424438,0.9290310144424438,0.0014944829745218,0.0695785284042358
1479,0,background,0.8209559321403503,0.8209559321403503,0.0014996834797784,0.1778110563755035
1480,0,background,0.8344494104385376,0.8344494104385376,0.0014994635712355,0.1642974317073822
1481,0,background,0.9398561716079712,0.9398561716079712,0.0014716330915689,0.0587586984038353
1482,0,background,0.9331125617027284,0.9331125617027284,0.0014837754424661,0.0655008256435394
1483,0,background,0.9257970452308656,0.9257970452308656,0.0014901557005941,0.0728213191032409
1484,0,background,0.9415379166603088,0.9415379166603088,0.0014715377474203,0.0570745281875133
1485,0,background,0.8186256289482117,0.8186256289482117,0.0014991352800279,0.1801453083753585
1486,0,background,0.807949960231781,0.807949960231781,0.0014991643838584,0.1908369809389114
1487,0,background,0.9268083572387696,0.9268083572387696,0.0014945371076464,0.0718044117093086
1488,0,background,0.904238224029541,0.904238224029541,0.0016359400469809,0.0942800715565681
1489,2,surface_feature,0.6274634003639221,0.3719676733016968,0.0015271534211933,0.6274634003639221
1490,2,surface_feature,0.627282977104187,0.3721477687358856,0.0015273336321115,0.627282977104187
1491,0,background,0.8515477776527405,0.8515477776527405,0.0015577896265313,0.147123634815216
1492,2,surface_feature,0.6029297113418579,0.3964631557464599,0.0015290187438949,0.6029297113418579
1493,0,background,0.84884113073349,0.84884113073349,0.0015574257122352,0.1498347967863083
1494,2,surface_feature,0.6243168711662292,0.3751087486743927,0.0015288942959159,0.6243168711662292
1495,0,background,0.858448326587677,0.858448326587677,0.0015587690286338,0.1402114629745483
1496,2,surface_feature,0.6008694171905518,0.3985202014446258,0.0015292721800506,0.6008694171905518
1497,0,background,0.8557498455047607,0.8557498455047607,0.0015583371277898,0.1429145336151123
1498,2,surface_feature,0.6253518462181091,0.3740755617618561,0.0015283725224435,0.6253518462181091
1499,2,surface_feature,0.6257199645042419,0.3737080693244934,0.0015282095409929,0.6257199645042419
1500,2,surface_feature,0.6260782480239868,0.3733503818511963,0.0015280494699254,0.6260782480239868
1501,2,surface_feature,0.6263630390167236,0.3730660676956177,0.0015278864884749,0.6263630390167236
1502,2,surface_feature,0.6266198754310608,0.3728097081184387,0.0015277222264558,0.6266198754310608
1503,2,surface_feature,0.6268670558929443,0.372562974691391,0.0015275578480213,0.6268670558929443
1504,2,surface_feature,0.6251675486564636,0.3742594718933105,0.0015286183916032,0.6251675486564636
1505,2,surface_feature,0.6254175901412964,0.3740098774433136,0.0015284226974472,0.6254175901412964
1506,2,surface_feature,0.6214870810508728,0.3779338002204895,0.0015299960505217,0.6214870810508728
1507,2,surface_feature,0.6260863542556763,0.3733422756195068,0.0015280595980584,0.6260863542556763
1508,2,surface_feature,0.6264551877975464,0.3729740679264068,0.001527881482616,0.6264551877975464
1509,2,surface_feature,0.6268242001533508,0.3726056814193725,0.001527699525468,0.6268242001533508
1510,2,surface_feature,0.6270778775215149,0.3723524808883667,0.0015275176847353,0.6270778775215149
1511,2,surface_feature,0.6450392007827759,0.3544220924377441,0.0015176443848758,0.6450392007827759
1512,2,surface_feature,0.6412824988365173,0.3581734895706177,0.0015165479853749,0.6412824988365173
1513,2,surface_feature,0.6413508057594299,0.3581054806709289,0.0015159912873059,0.6413508057594299
1514,2,surface_feature,0.6359818577766418,0.3634608685970306,0.0015308849979192,0.6359818577766418
1515,2,surface_feature,0.6355495452880859,0.3638924360275268,0.0015311328461393,0.6355495452880859
1516,2,surface_feature,0.6352129578590393,0.3642284274101257,0.0015313501935452,0.6352129578590393
1517,2,surface_feature,0.6020187139511108,0.3973753452301025,0.0015225302195176,0.6020187139511108
1518,2,surface_feature,0.6338954567909241,0.3655436635017395,0.0015320166712626,0.6338954567909241
1519,2,surface_feature,0.6343663334846497,0.3650735914707184,0.0015317949000746,0.6343663334846497
1520,2,surface_feature,0.6348075866699219,0.3646331131458282,0.0015315703349187,0.6348075866699219
1521,2,surface_feature,0.6352119445800781,0.3642294406890869,0.001531341462396,0.6352119445800781
1522,2,surface_feature,0.63558429479599,0.3638577461242676,0.0015311184106394,0.63558429479599
1523,2,surface_feature,0.6359735131263733,0.3634692132472992,0.0015308777801692,0.6359735131263733
1524,2,surface_feature,0.6362884640693665,0.3631548285484314,0.0015306372661143,0.6362884640693665
1525,2,surface_feature,0.6365330815315247,0.362910658121109,0.0015303996624425,0.6365330815315247
1526,2,surface_feature,0.6368467807769775,0.3625975251197815,0.0015301592648029,0.6368467807769775
1527,2,surface_feature,0.6371587514877319,0.3622861206531524,0.0015299232909455,0.6371587514877319
1528,2,surface_feature,0.6374735832214355,0.3619718551635742,0.0015296785859391,0.6374735832214355
1529,2,surface_feature,0.6377794146537781,0.3616666197776794,0.0015294185141101,0.6377794146537781
1530,2,surface_feature,0.6124902367591858,0.3869208693504333,0.0015197072643786,0.6124902367591858
1531,2,surface_feature,0.6385875940322876,0.3608600795269012,0.0015282037202268,0.6385875940322876
1532,2,surface_feature,0.6389948725700378,0.3604536652565002,0.0015275562182068,0.6389948725700378
1533,2,surface_feature,0.6392854452133179,0.3601636588573456,0.0015272346790879,0.6392854452133179
1534,2,surface_feature,0.6395419239997864,0.3599076867103576,0.0015269155846908,0.6395419239997864
1535,2,surface_feature,0.6398034691810608,0.3596466481685638,0.0015265747206285,0.6398034691810608
1536,2,surface_feature,0.6400843858718872,0.3593662977218628,0.0015262237284332,0.6400843858718872
1537,2,surface_feature,0.6403712034225464,0.359080046415329,0.0015258677303791,0.6403712034225464
1538,2,surface_feature,0.6406450867652893,0.358806699514389,0.0015254978789016,0.6406450867652893
1539,2,surface_feature,0.6408947110176086,0.3585576117038727,0.0015251087024807,0.6408947110176086
1540,2,surface_feature,0.6411177515983582,0.3583350479602813,0.0015247203409671,0.6411177515983582
1541,2,surface_feature,0.6413763165473938,0.3580770194530487,0.0015243217349052,0.6413763165473938
1542,2,surface_feature,0.6244025826454163,0.3750282227993011,0.001515447278507,0.6244025826454163
1543,2,surface_feature,0.6419965028762817,0.3574584126472473,0.0015225425595417,0.6419965028762817
1544,2,surface_feature,0.6420623064041138,0.3573928773403168,0.0015221432549878,0.6420623064041138
1545,2,surface_feature,0.6421077847480774,0.3573475778102875,0.001521760597825,0.6421077847480774
1546,2,surface_feature,0.6421511173248291,0.3573044538497925,0.0015214027371257,0.6421511173248291
1547,2,surface_feature,0.6310510039329529,0.3683866858482361,0.0015240750508382,0.6310510039329529
1548,2,surface_feature,0.6344496011734009,0.3649937808513641,0.0015226404648274,0.6344496011734009
1549,2,surface_feature,0.6425366997718811,0.3569201231002807,0.0015195005107671,0.6425366997718811
1550,2,surface_feature,0.570816159248352,0.4285410642623901,0.0014976933598518,0.570816159248352
1551,0,background,0.8955260515213013,0.8955260515213013,0.001462297164835,0.1031625568866729
1552,0,background,0.8966739773750305,0.8966739773750305,0.001462357235141,0.1020128428936004
1553,2,surface_feature,0.6014254689216614,0.397980123758316,0.0014912956394255,0.6014254689216614
1554,0,background,0.9021925926208496,0.9021925926208496,0.0014622011221945,0.0964862927794456
1555,0,background,0.9021663069725036,0.9021663069725036,0.0014623891329392,0.0965124666690826
1556,2,surface_feature,0.6391216516494751,0.3603298366069793,0.0015198990004137,0.6391216516494751
1557,2,surface_feature,0.6425139307975769,0.3569429814815521,0.00151922123041,0.6425139307975769
1558,2,surface_feature,0.6360580921173096,0.3633879423141479,0.0015221534995362,0.6360580921173096
1559,2,surface_feature,0.6344588398933411,0.3649843335151672,0.0015232430305331,0.6344588398933411
1560,0,background,0.822925865650177,0.822925865650177,0.0015525883063673,0.1757944822311401
1561,2,surface_feature,0.6294060349464417,0.3700298964977264,0.0015220469795167,0.6294060349464417
1562,0,background,0.8238515257835388,0.8238515257835388,0.0015527383657172,0.1748672127723693
1563,2,surface_feature,0.7009187340736389,0.2986283302307129,0.0015144172357395,0.7009187340736389
1564,2,surface_feature,0.7005900740623474,0.2989565432071686,0.0015142579795792,0.7005900740623474
1565,2,surface_feature,0.700526237487793,0.2990203499794006,0.0015140235191211,0.700526237487793
1566,2,surface_feature,0.6904122829437256,0.309124231338501,0.001497141434811,0.6904122829437256
1567,2,surface_feature,0.7005999088287354,0.2989465892314911,0.0015146969817578,0.7005999088287354
1568,2,surface_feature,0.7005923986434937,0.298954039812088,0.0015149120008572,0.7005923986434937
1569,2,surface_feature,0.5133185386657715,0.4859307706356048,0.0015424443408846,0.5133185386657715
1570,2,surface_feature,0.7004704475402832,0.2990754246711731,0.0015161002520471,0.7004704475402832
1571,2,surface_feature,0.7003256678581238,0.2992196977138519,0.0015170946717262,0.7003256678581238
1572,0,background,0.524046003818512,0.524046003818512,0.0015475236577913,0.4751417636871338
1573,0,background,0.5003269910812378,0.5003269910812378,0.0015477542765438,0.4988974332809448
1574,0,background,0.5065156817436218,0.5065156817436218,0.0015415927628055,0.4927022755146026
1575,0,background,0.5394527316093445,0.5394527316093445,0.001548096188344,0.4597108066082001
1576,0,background,0.9361034631729126,0.9361034631729126,0.0014922744594514,0.0624975711107254
1577,0,background,0.9509989619255066,0.9509989619255066,0.0014668829971924,0.0476039983332157
1578,0,background,0.9512062668800354,0.9512062668800354,0.0014763759681954,0.0473873727023601
1579,0,background,0.9504477381706238,0.9504477381706238,0.0014856297057121,0.0481381677091121
1580,0,background,0.9319353103637696,0.9319353103637696,0.0014853234170004,0.0666784271597862
1581,1,rivet,0.998792290687561,0.0011430092854425,0.998792290687561,0.053572554141283
1582,0,background,0.0010839870665222,0.0010839870665222,0.9988219141960144,0.0798742696642875
1583,1,rivet,0.9987900853157043,0.0011442189570516,0.9987900853157043,0.0542978644371032
1584,1,rivet,0.9987887740135192,0.0011448964942246,0.9987887740135192,0.0547622516751289
1585,1,rivet,0.9988064765930176,0.0011253574630245,0.9988064765930176,0.0571131519973278
1586,1,rivet,0.9988119602203368,0.0011177499545738,0.9988119602203368,0.0591645799577236
1587,0,background,0.0010741911828517,0.0010741911828517,0.9988222718238832,0.0879124104976654
1588,1,rivet,0.9988065958023072,0.001124202273786,0.9988065958023072,0.0579870231449604
1589,0,background,0.9094366431236268,0.9094366431236268,0.0017769783735275,0.0889444425702095
1590,0,background,0.9168738722801208,0.9168738722801208,0.0017024980625137,0.0815625041723251
1591,0,background,0.8772192001342773,0.8772192001342773,0.0014858327340334,0.1214754655957222
1592,0,background,0.9554734826087952,0.9554734826087952,0.0014889131998643,0.0431017912924289
1593,0,background,0.8693919777870178,0.8693919777870178,0.0014892464969307,0.1293113976716995
1594,0,background,0.9551355242729188,0.9551355242729188,0.0014932339545339,0.0434360951185226
1595,0,background,0.9392395615577698,0.9392395615577698,0.001471486641094,0.0593763887882232
1596,0,background,0.6778668165206909,0.6778668165206909,0.0015074564144015,0.3211097419261932
1597,0,background,0.9395127892494202,0.9395127892494202,0.0014942303532734,0.0590812563896179
1598,2,surface_feature,0.5020894408226013,0.4971591830253601,0.0015090858796611,0.5020894408226013
1599,0,background,0.6961054801940918,0.6961054801940918,0.0014922858681529,0.3028542101383209
1600,2,surface_feature,0.5380770564079285,0.4612257182598114,0.0015093481633812,0.5380770564079285
1601,0,background,0.8911800384521484,0.8911800384521484,0.0014671079115942,0.1075105741620063
1602,0,background,0.8880615234375,0.8880615234375,0.0014670296804979,0.1106337085366249
1603,0,background,0.9397209882736206,0.9397209882736206,0.0015188073739409,0.0588496178388595
1604,0,background,0.9284475445747375,0.9284475445747375,0.0015104170888662,0.0701480209827423
1605,0,background,0.9418076872825624,0.9418076872825624,0.0015232930891215,0.0567554123699665
1606,0,background,0.9272449016571044,0.9272449016571044,0.0015099043957889,0.071352943778038
1607,0,background,0.9563419818878174,0.9563419818878174,0.0014714593999087,0.0422487556934356
1608,0,background,0.949216604232788,0.949216604232788,0.001484784646891,0.0493719242513179
1609,0,background,0.9562926292419434,0.9562926292419434,0.0014751378912478,0.0422946326434612
1610,0,background,0.9501171112060548,0.9501171112060548,0.0014904382405802,0.0484646968543529
1611,2,surface_feature,0.5372426509857178,0.4620588719844818,0.0015093667898327,0.5372426509857178
1612,0,background,0.5477707386016846,0.5477707386016846,0.0014957792591303,0.4514086842536926
1613,2,surface_feature,0.5334416031837463,0.4658540785312652,0.0015096118440851,0.5334416031837463
1614,0,background,0.5477247834205627,0.5477247834205627,0.001495853299275,0.4514546990394592
1615,0,background,0.9555822610855104,0.9555822610855104,0.0014875669730827,0.0429941304028034
1616,0,background,0.8766282796859741,0.8766282796859741,0.0014725329820066,0.1220789328217506
1617,0,background,0.9552612900733948,0.9552612900733948,0.0014919710811227,0.0433113723993301
1618,0,background,0.8680798411369324,0.8680798411369324,0.001475254422985,0.1306376010179519
1619,0,background,0.9501474499702454,0.9501474499702454,0.0014668760122731,0.0484568104147911
1620,0,background,0.930205225944519,0.930205225944519,0.0015231958823278,0.0683757215738296
1621,0,background,0.9506941437721252,0.9506941437721252,0.0014731452101841,0.0479032881557941
1622,0,background,0.9308223724365234,0.9308223724365234,0.0015257623745128,0.0677552372217178
1623,2,surface_feature,0.7037301063537598,0.2958265841007232,0.0014962656423449,0.7037301063537598
1624,0,background,0.9490694403648376,0.9490694403648376,0.001485172077082,0.0495189279317855
1625,0,background,0.9563831686973572,0.9563831686973572,0.0014709605602547,0.0422079376876354
1626,0,background,0.9499973654747008,0.9499973654747008,0.001490773865953,0.0485842674970626
1627,0,background,0.956326961517334,0.956326961517334,0.0014746998203918,0.0422607213258743
1628,0,background,0.930212140083313,0.930212140083313,0.0015231219585984,0.0683688595890998
1629,0,background,0.950108289718628,0.950108289718628,0.0014669605297967,0.0484959036111831
1630,0,background,0.9308233261108398,0.9308233261108398,0.0015256789047271,0.0677543058991432
1631,0,background,0.9506592750549316,0.9506592750549316,0.0014732209965586,0.0479381196200847
1632,0,background,0.9215983152389526,0.9215983152389526,0.001518283970654,0.0770002529025077
1633,0,background,0.9197415709495544,0.9197415709495544,0.0015158411115407,0.0788621306419372
1634,0,background,0.9213879108428956,0.9213879108428956,0.0015191792044788,0.0772101879119873
1635,0,background,0.9214581251144408,0.9214581251144408,0.0015196450985968,0.0771394744515419
1636,0,background,0.9214200973510742,0.9214200973510742,0.0015195540618151,0.0771776661276817
1637,0,background,0.9213707447052002,0.9213707447052002,0.001519207493402,0.0772273540496826
1638,0,background,0.9213960766792296,0.9213960766792296,0.0015185058582574,0.0772026628255844
1639,0,background,0.9215846061706544,0.9215846061706544,0.0015179717447608,0.0770143344998359
1640,0,background,0.9216743111610411,0.9216743111610411,0.001517622731626,0.0769248679280281
1641,0,background,0.9214611649513244,0.9214611649513244,0.0015189289115369,0.0771371275186538
1642,0,background,0.9215331673622132,0.9215331673622132,0.0015175308799371,0.0770662203431129
1643,0,background,0.9215611815452576,0.9215611815452576,0.0015189390396699,0.0770368874073028
1644,0,background,0.9216594696044922,0.9216594696044922,0.0015175389125943,0.0769397690892219
1645,0,background,0.9214420914649964,0.9214420914649964,0.0015184618532657,0.0771566182374954
1646,0,background,0.921660304069519,0.921660304069519,0.0015178604517132,0.07693862169981
1647,0,background,0.8764470219612122,0.8764470219612122,0.0015081169549375,0.1222292333841323
1648,0,background,0.8774454593658447,0.8774454593658447,0.0015084543265402,0.1212289407849311
1649,0,background,0.8979675769805908,0.8979675769805908,0.0015074729453772,0.1006767153739929
1650,0,background,0.8897148370742798,0.8897148370742798,0.0015065035549923,0.1089428216218948
1651,0,background,0.8797370791435242,0.8797370791435242,0.0015036428812891,0.1189380884170532
1652,0,background,0.9215802550315856,0.9215802550315856,0.0015181119088083,0.077018566429615
1653,0,background,0.8768598437309265,0.8768598437309265,0.0015076819108799,0.1218160912394523
1654,0,background,0.8778253793716431,0.8778253793716431,0.0015080234734341,0.1208488270640373
1655,0,background,0.898251473903656,0.898251473903656,0.0015070099616423,0.1003928184509277
1656,0,background,0.8900412917137146,0.8900412917137146,0.0015060806181281,0.1086162105202674
1657,0,background,0.8800537586212158,0.8800537586212158,0.0015035356627777,0.1186210438609123
1658,0,background,0.9210883378982544,0.9210883378982544,0.0015179162146523,0.0775114446878433
1659,0,background,0.8776065111160278,0.8776065111160278,0.0015071951784193,0.1210687011480331
1660,0,background,0.8780689835548401,0.8780689835548401,0.0015078110154718,0.1206050664186477
1661,0,background,0.8989207744598389,0.8989207744598389,0.00150649365969,0.0997228994965553
1662,0,background,0.8902230858802795,0.8902230858802795,0.001505868975073,0.1084343194961547
1663,0,background,0.8801340460777283,0.8801340460777283,0.0015034525422379,0.1185407042503357
1664,0,background,0.9226402640342712,0.9226402640342712,0.0015210218261927,0.0759541913866996
1665,0,background,0.8757319450378418,0.8757319450378418,0.0015073883114382,0.122945949435234
1666,0,background,0.8759212493896484,0.8759212493896484,0.001508335233666,0.1227555125951767
1667,0,background,0.8974762558937073,0.8974762558937073,0.0015068802749738,0.1011693477630615
1668,0,background,0.8881268501281738,0.8881268501281738,0.0015065437182784,0.110533133149147
1669,0,background,0.8801844120025635,0.8801844120025635,0.0015033967792987,0.1184903681278228
1670,0,background,0.9211723804473876,0.9211723804473876,0.0015181017806753,0.0774270370602607
1671,0,background,0.8768869042396545,0.8768869042396545,0.0015080436132848,0.121788702905178
1672,0,background,0.8782851099967957,0.8782851099967957,0.0015077305724844,0.1203886345028877
1673,0,background,0.8986974358558655,0.8986974358558655,0.0015066512860357,0.0999464988708496
1674,0,background,0.8893029093742371,0.8893029093742371,0.0015063122846186,0.1093555241823196
1675,0,background,0.8807004690170288,0.8807004690170288,0.0015033051604405,0.117973580956459
1676,0,background,0.8761793375015259,0.8761793375015259,0.0015075798146426,0.1224977150559425
1677,0,background,0.8763478398323059,0.8763478398323059,0.001508526969701,0.1223281696438789
1678,0,background,0.8978821635246277,0.8978821635246277,0.0015069677028805,0.1007627323269844
1679,0,background,0.8887730836868286,0.8887730836868286,0.0015065969200804,0.1098858639597892
1680,0,background,0.8801151514053345,0.8801151514053345,0.001503346604295,0.1185596883296966
1681,0,background,0.8764479160308838,0.8764479160308838,0.0015079834265634,0.1222283765673637
1682,0,background,0.8785189390182495,0.8785189390182495,0.0015076142735779,0.1201545447111129
1683,0,background,0.8991327881813049,0.8991327881813049,0.0015065007610246,0.0995106250047683
1684,0,background,0.8897538185119629,0.8897538185119629,0.0015062746824696,0.1089039221405983
1685,0,background,0.8798831105232239,0.8798831105232239,0.0015033503295853,0.1187921017408371
1686,0,background,0.8758912682533264,0.8758912682533264,0.0015083481557667,0.122785598039627
1687,0,background,0.8768482804298401,0.8768482804298401,0.0015086892526596,0.1218268349766731
1688,0,background,0.8976742625236511,0.8976742625236511,0.0015076790004968,0.1009702458977699
1689,0,background,0.8895349502563477,0.8895349502563477,0.0015066054183989,0.1091228276491165
1690,0,background,0.8799517154693604,0.8799517154693604,0.0015033767558634,0.118723377585411
1691,0,background,0.8766284584999084,0.8766284584999084,0.0015079474542289,0.1220476701855659
1692,0,background,0.8761746883392334,0.8761746883392334,0.0015092538669705,0.1225009709596633
1693,0,background,0.8986632227897644,0.8986632227897644,0.0015073157846927,0.0999801307916641
1694,0,background,0.8885166645050049,0.8885166645050049,0.0015071651432663,0.1101421788334846
1695,0,background,0.8795414566993713,0.8795414566993713,0.001503451145254,0.1191341876983642
1696,0,background,0.8758950233459473,0.8758950233459473,0.001508341054432,0.1227818056941032
1697,0,background,0.8780349493026733,0.8780349493026733,0.0015079862205311,0.1206389740109443
1698,0,background,0.8987945914268494,0.8987945914268494,0.0015069240471348,0.0998489260673523
1699,0,background,0.8892860412597656,0.8892860412597656,0.0015066686319187,0.1093720644712448
1700,0,background,0.8794186115264893,0.8794186115264893,0.0015035599935799,0.1192570850253105
1701,0,background,0.876746654510498,0.876746654510498,0.0015078771393746,0.1219293698668479
1702,0,background,0.8784154653549194,0.8784154653549194,0.0015077965799719,0.1202580109238624
1703,0,background,0.8994349837303162,0.8994349837303162,0.0015064592007547,0.0992080122232437
1704,0,background,0.8893659710884094,0.8893659710884094,0.0015065423212945,0.1092921048402786
1705,0,background,0.8792452216148376,0.8792452216148376,0.0015036759432405,0.1194307431578636
1706,0,background,0.8771768808364868,0.8771768808364868,0.0015077407006174,0.1214985102415084
1707,0,background,0.877449095249176,0.877449095249176,0.0015086778439581,0.1212251260876655
1708,0,background,0.8986175656318665,0.8986175656318665,0.0015071019297465,0.1000260487198829
1709,0,background,0.8891457915306091,0.8891457915306091,0.0015067819040268,0.109512411057949
1710,0,background,0.8796321153640747,0.8796321153640747,0.0015037604607641,0.1190431118011474
1711,0,background,0.8771251440048218,0.8771251440048218,0.0015082532772794,0.1215499714016914
1712,0,background,0.8776448369026184,0.8776448369026184,0.0015086411731317,0.1210290938615799
1713,0,background,0.89902263879776,0.89902263879776,0.0015069929650053,0.099620521068573
1714,0,background,0.8879413604736328,0.8879413604736328,0.0015073624672368,0.1107181683182716
1715,0,background,0.87971431016922,0.87971431016922,0.0015038420679047,0.1189607679843902
1716,0,background,0.8765150308609009,0.8765150308609009,0.0015080658486112,0.1221611648797988
1717,0,background,0.878739058971405,0.878739058971405,0.0015077205607667,0.1199341118335723
1718,0,background,0.8990938663482666,0.8990938663482666,0.0015067389467731,0.0995493903756141
1719,0,background,0.8894092440605164,0.8894092440605164,0.0015066169435158,0.1092486977577209
1720,0,background,0.8790568113327026,0.8790568113327026,0.0015039667487144,0.1196191012859344
1721,0,background,0.8764992356300354,0.8764992356300354,0.0015087216161191,0.1221764385700225
1722,0,background,0.8776184916496277,0.8776184916496277,0.0015085039194673,0.1210556700825691
1723,0,background,0.8986068367958069,0.8986068367958069,0.0015073301037773,0.1000366508960723
1724,0,background,0.8879664540290833,0.8879664540290833,0.0015074090333655,0.1106929555535316
1725,0,background,0.8794588446617126,0.8794588446617126,0.0015039773425087,0.1192164719104766
1726,0,background,0.875771164894104,0.875771164894104,0.0015090075321495,0.1229053139686584
1727,0,background,0.8772875666618347,0.8772875666618347,0.0015086950734257,0.1213869005441665
1728,0,background,0.8978710174560547,0.8978710174560547,0.0015077937860041,0.1007731109857559
1729,0,background,0.8881205320358276,0.8881205320358276,0.0015074176480993,0.1105386912822723
1730,0,background,0.8794108033180237,0.8794108033180237,0.0015039910795167,0.119264543056488
1731,0,background,0.8759296536445618,0.8759296536445618,0.0015083947218954,0.1227470636367797
1732,0,background,0.8777112364768982,0.8777112364768982,0.0015083136968314,0.120962917804718
1733,0,background,0.8989439010620117,0.8989439010620117,0.0015071341767907,0.0996991917490959
1734,0,background,0.8886656761169434,0.8886656761169434,0.001507117645815,0.1099929958581924
1735,0,background,0.8785679340362549,0.8785679340362549,0.0015040144789963,0.1201087161898613
1736,0,background,0.8751229643821716,0.8751229643821716,0.0015089098596945,0.1235545724630355
1737,0,background,0.8759753108024597,0.8759753108024597,0.0015095608541741,0.1227003708481788
1738,0,background,0.8971947431564331,0.8971947431564331,0.0015084148617461,0.1014498472213745
1739,0,background,0.888177752494812,0.888177752494812,0.0015076142735779,0.1104811802506446
1740,0,background,0.8790854215621948,0.8790854215621948,0.0015039186691865,0.1195905283093452
1741,0,background,0.8746533989906311,0.8746533989906311,0.0015090204542502,0.1240247264504432
1742,0,background,0.8771545886993408,0.8771545886993408,0.0015082877362146,0.1215204074978828
1743,0,background,0.8980023860931396,0.8980023860931396,0.0015078095020726,0.1006415635347366
1744,0,background,0.8890434503555298,0.8890434503555298,0.0015070288209244,0.1096146926283836
1745,0,background,0.878474235534668,0.878474235534668,0.0015038793208077,0.1202026754617691
1746,0,background,0.9152069091796876,0.9152069091796876,0.0015804418362677,0.0833444222807884
1747,0,background,0.925818145275116,0.925818145275116,0.0016133361496031,0.0726857557892799
1748,0,background,0.9216862916946412,0.9216862916946412,0.0015186644159257,0.0769118517637252
1749,0,background,0.8751934766769409,0.8751934766769409,0.001509350258857,0.1234835237264633
1750,0,background,0.8780074715614319,0.8780074715614319,0.0015081873862072,0.1206663101911544
1751,0,background,0.8988707065582275,0.8988707065582275,0.0015071728266775,0.099772498011589
1752,0,background,0.8875917792320251,0.8875917792320251,0.001507619395852,0.1110679805278778
1753,0,background,0.8794063329696655,0.8794063329696655,0.001503734732978,0.1192693337798118
1754,0,background,0.9536950588226318,0.9536950588226318,0.0015176206361502,0.0448554083704948
1755,0,background,0.954326331615448,0.954326331615448,0.0014982817228883,0.0442416742444038
1756,2,surface_feature,0.7028353214263916,0.2967144250869751,0.0015151455299928,0.7028353214263916
1757,2,surface_feature,0.7028303146362305,0.2967194020748138,0.0015151910483837,0.7028303146362305
1758,2,surface_feature,0.7192453742027283,0.2803403735160827,0.0014755347510799,0.7192453742027283
1759,2,surface_feature,0.7127192616462708,0.2868551611900329,0.0014813726302236,0.7127192616462708
1760,2,surface_feature,0.7184821963310242,0.2811015546321869,0.0014786206884309,0.7184821963310242
1761,2,surface_feature,0.7126868367195129,0.2868875563144684,0.0014813471352681,0.7126868367195129
1762,2,surface_feature,0.7192586064338684,0.2803271412849426,0.0014755157753825,0.7192586064338684
1763,2,surface_feature,0.7123274803161621,0.2872463464736938,0.0014813895104452,0.7123274803161621
1764,2,surface_feature,0.7180386185646057,0.2815444469451904,0.0014786967076361,0.7180386185646057
1765,2,surface_feature,0.7123138904571533,0.2872599363327026,0.001481422688812,0.7123138904571533
1766,2,surface_feature,0.6949760913848877,0.3045620918273926,0.0015140544855967,0.6949760913848877
1767,2,surface_feature,0.6949894428253174,0.3045487701892853,0.0015139975585043,0.6949894428253174
1768,2,surface_feature,0.6867884993553162,0.3127479255199432,0.0014800251228734,0.6867884993553162
1769,2,surface_feature,0.6712211966514587,0.328291118144989,0.0014833458699285,0.6712211966514587
1770,2,surface_feature,0.6887431740760803,0.3107971549034118,0.0014768462860956,0.6887431740760803
1771,2,surface_feature,0.6726839542388916,0.3268305361270904,0.0014832569286227,0.6726839542388916
1772,2,surface_feature,0.6883353590965271,0.3112033903598785,0.0014799815835431,0.6883353590965271
1773,2,surface_feature,0.672916829586029,0.3265980184078216,0.0014832413289695,0.672916829586029
1774,2,surface_feature,0.6888828277587891,0.3106577098369598,0.0014767949469387,0.6888828277587891
1775,2,surface_feature,0.6713920831680298,0.3281204998493194,0.0014833325985819,0.6713920831680298
