face_id,pred_label,pred_name,pred_confidence,prob_background,prob_rivet,prob_surface_feature
1,0,background,0.8884506821632385,0.8884506821632385,0.0015266430564224,0.1101908385753631
2,0,background,0.8858380317687988,0.8858380317687988,0.0015241359360516,0.1128097623586654
3,0,background,0.8903638124465942,0.8903638124465942,0.0015268052229657,0.1082746982574462
4,0,background,0.8874216675758362,0.8874216675758362,0.0015273345634341,0.1112209036946296
5,0,background,0.8892107605934143,0.8892107605934143,0.0015276791527867,0.1094287484884262
6,0,background,0.8880683183670044,0.8880683183670044,0.0015280429506674,0.1105726584792137
7,0,background,0.8879489898681641,0.8879489898681641,0.0015279839280992,0.1106922104954719
8,0,background,0.8876457810401917,0.8876457810401917,0.0015278056962415,0.1109960377216339
9,0,background,0.88664311170578,0.88664311170578,0.0015269715804606,0.1120009645819664
10,0,background,0.7692223787307739,0.7692223787307739,0.0015169162070378,0.2296090275049209
11,0,background,0.7781738638877869,0.7781738638877869,0.0015169190010055,0.2206438928842544
12,0,background,0.7940380573272705,0.7940380573272705,0.0015167531091719,0.2047557234764099
13,0,background,0.7887751460075378,0.7887751460075378,0.0015166742959991,0.210026666522026
14,0,background,0.8478347063064575,0.8478347063064575,0.0015148823149502,0.1508789807558059
15,0,background,0.8845711946487427,0.8845711946487427,0.0015275205951184,0.1140755414962768
16,0,background,0.887572169303894,0.887572169303894,0.0015267994021996,0.1110706105828285
17,0,background,0.7703824043273926,0.7703824043273926,0.0015172592829912,0.2284469902515411
18,0,background,0.7689882516860962,0.7689882516860962,0.0015173084102571,0.229843184351921
19,0,background,0.7913293242454529,0.7913293242454529,0.001517275115475,0.2074681520462036
20,0,background,0.7874593138694763,0.7874593138694763,0.0015170527622103,0.2113442420959472
21,0,background,0.8502911329269409,0.8502911329269409,0.0015147207304835,0.1484189629554748
22,0,background,0.7691230177879333,0.7691230177879333,0.0015168252866715,0.2297085970640182
23,0,background,0.783058226108551,0.783058226108551,0.0015165449585765,0.2157524228096008
24,0,background,0.7974064350128174,0.7974064350128174,0.0015166901284828,0.2013823091983795
25,0,background,0.7936599850654602,0.7936599850654602,0.0015164316864684,0.2051346004009246
26,0,background,0.8517853021621704,0.8517853021621704,0.0015146522782742,0.1469226032495498
27,0,background,0.7712095975875854,0.7712095975875854,0.0015162497293204,0.22761932015419
28,0,background,0.7708637118339539,0.7708637118339539,0.0015167783712968,0.2279652804136276
29,0,background,0.7910712361335754,0.7910712361335754,0.001517089549452,0.2077267616987228
30,0,background,0.7890537977218628,0.7890537977218628,0.0015164512442424,0.2097478210926056
31,0,background,0.8509126305580139,0.8509126305580139,0.0015145852230489,0.1477966159582138
32,0,background,0.7705971598625183,0.7705971598625183,0.0015172946732491,0.2282318621873855
33,0,background,0.7750049233436584,0.7750049233436584,0.0015168916434049,0.2238177359104156
34,0,background,0.7956311702728271,0.7956311702728271,0.0015174637082964,0.2031596451997757
35,0,background,0.7924289107322693,0.7924289107322693,0.0015170723199844,0.2063670605421066
36,0,background,0.8553445935249329,0.8553445935249329,0.0015144482022151,0.1433580368757248
37,0,background,0.7744898200035095,0.7744898200035095,0.0015164035139605,0.2243339419364929
38,0,background,0.7829371690750122,0.7829371690750122,0.0015164049109444,0.2158737778663635
39,0,background,0.7995538711547852,0.7995538711547852,0.0015169059624895,0.1992314606904983
40,0,background,0.7933159470558167,0.7933159470558167,0.0015168323880061,0.2054788768291473
41,0,background,0.853496253490448,0.853496253490448,0.0015144872013479,0.1452092081308365
42,0,background,0.7720891237258911,0.7720891237258911,0.0015165217919275,0.226738229393959
43,0,background,0.7868489623069763,0.7868489623069763,0.0015158606693148,0.2119564414024353
44,0,background,0.8001789450645447,0.8001789450645447,0.0015167898964136,0.1986054927110672
45,0,background,0.7995498776435852,0.7995498776435852,0.0015160483308136,0.199236124753952
46,0,background,0.8547723889350891,0.8547723889350891,0.0015144444769248,0.1439311653375625
47,0,background,0.768300473690033,0.768300473690033,0.0015174860600382,0.2305318564176559
48,0,background,0.7723227143287659,0.7723227143287659,0.0015171878039836,0.226503700017929
49,0,background,0.7924091815948486,0.7924091815948486,0.0015179081819951,0.2063861936330795
50,0,background,0.7910208702087402,0.7910208702087402,0.0015172492712736,0.2077771723270416
51,0,background,0.854343056678772,0.854343056678772,0.0015144106000661,0.144361138343811
52,0,background,0.774150550365448,0.774150550365448,0.0015168280806392,0.2246734201908111
53,0,background,0.7698538303375244,0.7698538303375244,0.0015178048051893,0.2289758771657943
54,0,background,0.7931801080703735,0.7931801080703735,0.0015179211040958,0.2056140899658203
55,0,background,0.7911943197250366,0.7911943197250366,0.0015171921113505,0.2076034843921661
56,0,background,0.8532382845878601,0.8532382845878601,0.0015145181678235,0.1454675495624542
57,0,background,0.7729119062423706,0.7729119062423706,0.0015165674267336,0.2259141057729721
58,0,background,0.7685617208480835,0.7685617208480835,0.0015175483422353,0.2302702218294143
59,0,background,0.7919571399688721,0.7919571399688721,0.0015175532316789,0.2068391889333725
60,0,background,0.7897585034370422,0.7897585034370422,0.0015169747639447,0.2090415805578231
61,0,background,0.8519412875175476,0.8519412875175476,0.0015145664801821,0.1467664390802383
62,0,background,0.8872486352920532,0.8872486352920532,0.0015272959135472,0.1113941892981529
63,0,background,0.7714124917984009,0.7714124917984009,0.0015166692901402,0.2274157702922821
64,0,background,0.7711920142173767,0.7711920142173767,0.0015172065468505,0.2276361286640167
65,0,background,0.7918994426727295,0.7918994426727295,0.0015172701096162,0.2068971991539001
66,0,background,0.7907664179801941,0.7907664179801941,0.0015166000230237,0.2080325037240982
67,0,background,0.8499895334243774,0.8499895334243774,0.0015146775403991,0.1487210243940353
68,0,background,0.8874322175979614,0.8874322175979614,0.0015268662245944,0.1112106889486312
69,0,background,0.7632275223731995,0.7632275223731995,0.0015177556779235,0.2356123477220535
70,0,background,0.779690682888031,0.779690682888031,0.0015168541576713,0.2191248536109924
71,0,background,0.7939835786819458,0.7939835786819458,0.001516863470897,0.2048102170228958
72,0,background,0.786280632019043,0.786280632019043,0.0015172434505075,0.2125246077775955
73,0,background,0.8496254086494446,0.8496254086494446,0.0015147777739912,0.1490856707096099
74,0,background,0.8865029215812683,0.8865029215812683,0.0015267165144905,0.1121415495872497
75,0,background,0.7653919458389282,0.7653919458389282,0.0015176776796579,0.2334446609020233
76,0,background,0.7645224928855896,0.7645224928855896,0.0015176153974607,0.2343155443668365
77,0,background,0.7864780426025391,0.7864780426025391,0.0015174954896792,0.2123266905546188
78,0,background,0.783422589302063,0.783422589302063,0.0015171668492257,0.2153870016336441
79,0,background,0.846206545829773,0.846206545829773,0.0015148880193009,0.1525095850229263
80,0,background,0.8855797052383423,0.8855797052383423,0.00152668741066,0.1130661815404892
81,0,background,0.7580924034118652,0.7580924034118652,0.0015175136504694,0.240755409002304
82,0,background,0.7602149248123169,0.7602149248123169,0.0015179435722529,0.2386293113231659
83,0,background,0.7797946333885193,0.7797946333885193,0.001517939264886,0.2190199047327041
84,0,background,0.7824116945266724,0.7824116945266724,0.0015167847741395,0.2163997888565063
85,0,background,0.8422622084617615,0.8422622084617615,0.0015150050166994,0.1564598083496093
86,0,background,0.885546863079071,0.885546863079071,0.0015267666894942,0.1130990609526634
87,0,background,0.7601069211959839,0.7601069211959839,0.0015182181959971,0.2387373596429824
88,0,background,0.7592204809188843,0.7592204809188843,0.0015181128401309,0.2396251708269119
89,0,background,0.7816863059997559,0.7816863059997559,0.001517692930065,0.2171255201101303
90,0,background,0.7762972712516785,0.7762972712516785,0.0015176761662587,0.2225227952003479
91,0,background,0.8423200249671936,0.8423200249671936,0.0015150798717513,0.1564018875360489
92,0,background,0.8845502138137817,0.8845502138137817,0.0015270138392224,0.1140969917178154
93,0,background,0.760109007358551,0.760109007358551,0.0015175647567957,0.2387356758117675
94,0,background,0.7554923892021179,0.7554923892021179,0.0015185767551884,0.2433585971593856
95,0,background,0.778555691242218,0.778555691242218,0.0015178858302533,0.220260739326477
96,0,background,0.7762031555175781,0.7762031555175781,0.0015173596329987,0.2226172983646392
97,0,background,0.8399099707603455,0.8399099707603455,0.0015151491388678,0.1588155031204223
98,0,background,0.8842312693595886,0.8842312693595886,0.0015273423632606,0.1144161522388458
99,0,background,0.753315806388855,0.753315806388855,0.0015179219190031,0.2455389648675918
100,0,background,0.7686365246772766,0.7686365246772766,0.001517676981166,0.2301951348781585
101,0,background,0.7812380194664001,0.7812380194664001,0.0015177129535004,0.2175744622945785
102,0,background,0.7785303592681885,0.7785303592681885,0.0015171776758506,0.2202866673469543
103,0,background,0.8394677042961121,0.8394677042961121,0.0015151953557506,0.1592584401369094
104,0,background,0.8838933110237122,0.8838933110237122,0.0015276661142706,0.1147543117403984
105,0,background,0.7530307769775391,0.7530307769775391,0.0015180419431999,0.2458243072032928
106,0,background,0.7684513330459595,0.7684513330459595,0.0015177946770563,0.2303805202245712
107,0,background,0.780786395072937,0.780786395072937,0.0015181757044047,0.2180264145135879
108,0,background,0.7783451676368713,0.7783451676368713,0.0015174717409536,0.2204719334840774
109,0,background,0.8395810723304749,0.8395810723304749,0.0015151874395087,0.1591448932886123
110,0,background,0.7683265209197998,0.7683265209197998,0.0015174320433288,0.2305058538913726
111,0,background,0.7604526281356812,0.7604526281356812,0.0015182616189122,0.2383910119533538
112,0,background,0.7836288213729858,0.7836288213729858,0.0015182549832388,0.2151796370744705
113,0,background,0.7804045677185059,0.7804045677185059,0.0015175866428762,0.2184092849493026
114,0,background,0.8413498401641846,0.8413498401641846,0.0015151362167671,0.1573734581470489
115,0,background,0.9554913640022278,0.9554913640022278,0.0015850359341129,0.0429917573928833
116,0,background,0.8853892087936401,0.8853892087936401,0.0015271985903382,0.1132565736770629
117,0,background,0.7611463069915771,0.7611463069915771,0.0015181335620582,0.237696424126625
118,0,background,0.7601858377456665,0.7601858377456665,0.0015180186601355,0.2386583983898162
119,0,background,0.7821623682975769,0.7821623682975769,0.0015180419431999,0.2166484743356704
120,0,background,0.7772765755653381,0.7772765755653381,0.0015178418252617,0.2215418517589569
121,0,background,0.8440085053443909,0.8440085053443909,0.0015149536775425,0.154710903763771
122,0,background,0.96238112449646,0.96238112449646,0.0015254435129463,0.0361485257744789
123,0,background,0.9589117765426636,0.9589117765426636,0.0016263051657006,0.0395261608064174
124,0,background,0.9587953686714172,0.9587953686714172,0.0015047567430883,0.0397597178816795
125,0,background,0.8937071561813354,0.8937071561813354,0.0015306816203519,0.104922778904438
126,0,background,0.8918624520301819,0.8918624520301819,0.0015282058157026,0.106772556900978
127,0,background,0.8949251174926758,0.8949251174926758,0.0015308953588828,0.1037027835845947
128,0,background,0.8927217125892639,0.8927217125892639,0.0015315258642658,0.1059089228510856
129,0,background,0.8940503001213074,0.8940503001213074,0.0015319735975936,0.1045779660344123
130,0,background,0.8932240009307861,0.8932240009307861,0.0015324412379413,0.1054050624370575
131,0,background,0.8934113383293152,0.8934113383293152,0.001532339840196,0.1052175834774971
132,0,background,0.8929451107978821,0.8929451107978821,0.0015320333186537,0.1056847274303436
133,0,background,0.8930302262306213,0.8930302262306213,0.0015310898888856,0.1056004166603088
134,0,background,0.7881961464881897,0.7881961464881897,0.0015191972488537,0.2106046080589294
135,0,background,0.789789080619812,0.789789080619812,0.0015195488231256,0.2090089172124862
136,0,background,0.8156618475914001,0.8156618475914001,0.0015175035223364,0.1830985844135284
137,0,background,0.8177135586738586,0.8177135586738586,0.0015165241202339,0.1810444593429565
138,0,background,0.8756667375564575,0.8756667375564575,0.001514037256129,0.1230054572224617
139,0,background,0.8914492726325989,0.8914492726325989,0.0015317153884097,0.1071831434965133
140,0,background,0.8935425877571106,0.8935425877571106,0.0015309031587094,0.1050873771309852
141,0,background,0.7909449934959412,0.7909449934959412,0.0015188530087471,0.2078518122434616
142,0,background,0.7924489378929138,0.7924489378929138,0.0015192059800028,0.2063452899456024
143,0,background,0.8178584575653076,0.8178584575653076,0.001517119933851,0.180898830294609
144,0,background,0.8196110725402832,0.8196110725402832,0.001516182674095,0.1791443526744842
145,0,background,0.8767316341400146,0.8767316341400146,0.001513929804787,0.121938981115818
146,0,background,0.7958236932754517,0.7958236932754517,0.0015184553340077,0.2029661238193512
147,0,background,0.79364413022995,0.79364413022995,0.001519086654298,0.2051484137773513
148,0,background,0.820414125919342,0.820414125919342,0.0015166633529588,0.1783397197723388
149,0,background,0.8204269409179688,0.8204269409179688,0.0015160548500716,0.1783273816108703
150,0,background,0.8772361278533936,0.8772361278533936,0.0015138427261263,0.1214338243007659
151,0,background,0.7928973436355591,0.7928973436355591,0.0015184134244918,0.2058968842029571
152,0,background,0.7901048064231873,0.7901048064231873,0.0015193687286227,0.2086929380893707
153,0,background,0.8168572783470154,0.8168572783470154,0.0015167198143899,0.1819019615650177
154,0,background,0.8155888319015503,0.8155888319015503,0.0015164071228355,0.1831725239753723
155,0,background,0.8764641880989075,0.8764641880989075,0.0015137770678848,0.1222070679068565
156,0,background,0.7945166230201721,0.7945166230201721,0.0015192927094176,0.2042744308710098
157,0,background,0.7967841029167175,0.7967841029167175,0.0015190005069598,0.2020037025213241
158,0,background,0.8214232921600342,0.8214232921600342,0.0015168368117883,0.1773288697004318
159,0,background,0.8206212520599365,0.8206212520599365,0.0015164772048592,0.17813241481781
160,0,background,0.8792599439620972,0.8792599439620972,0.0015136840520426,0.1194070950150489
161,0,background,0.7943312525749207,0.7943312525749207,0.0015187748940661,0.2044605016708374
162,0,background,0.7915666699409485,0.7915666699409485,0.0015197283355519,0.2072285264730453
163,0,background,0.8182181715965271,0.8182181715965271,0.0015171213308349,0.1805385947227478
164,0,background,0.8169748187065125,0.8169748187065125,0.0015167579986155,0.1817841827869415
165,0,background,0.8766611218452454,0.8766611218452454,0.0015137186273932,0.1220098957419395
166,0,background,0.7936128377914429,0.7936128377914429,0.0015191429993137,0.2051797062158584
167,0,background,0.8027610182762146,0.8027610182762146,0.0015187748940661,0.1960179060697555
168,0,background,0.8232014775276184,0.8232014775276184,0.0015165724325925,0.175548180937767
169,0,background,0.8214606046676636,0.8214606046676636,0.0015163709176704,0.1772918999195099
170,0,background,0.8782196640968323,0.8782196640968323,0.0015137316659092,0.1204489320516586
171,0,background,0.7916533350944519,0.7916533350944519,0.0015195112209767,0.2071419209241867
172,0,background,0.7930479645729065,0.7930479645729065,0.0015198629116639,0.2057448625564575
173,0,background,0.8175840973854065,0.8175840973854065,0.0015177802415564,0.1811730712652206
174,0,background,0.8197166323661804,0.8197166323661804,0.0015167105011641,0.1790382117033004
175,0,background,0.8772336840629578,0.8772336840629578,0.0015137698501348,0.1214363276958465
176,0,background,0.7991723418235779,0.7991723418235779,0.001519103301689,0.1996117681264877
177,0,background,0.7917777299880981,0.7917777299880981,0.0015204260125756,0.2070166170597076
178,0,background,0.821321964263916,0.821321964263916,0.0015174044528976,0.1774298548698425
179,0,background,0.8185819387435913,0.8185819387435913,0.0015172701096162,0.1801741570234298
180,0,background,0.8778305649757385,0.8778305649757385,0.0015138570452108,0.1208385005593299
181,0,background,0.7888298034667969,0.7888298034667969,0.0015195134328678,0.2099697440862655
182,0,background,0.7987377643585205,0.7987377643585205,0.0015191618585959,0.20004703104496
183,0,background,0.8200290203094482,0.8200290203094482,0.0015170116676017,0.1787250936031341
184,0,background,0.8183016180992126,0.8183016180992126,0.0015167832607403,0.1804553419351577
185,0,background,0.8764185905456543,0.8764185905456543,0.0015139665920287,0.1222525462508201
186,0,background,0.892737090587616,0.892737090587616,0.0015313407639041,0.1058937087655067
187,0,background,0.7911857962608337,0.7911857962608337,0.0015190504491329,0.2076105326414108
188,0,background,0.7976090312004089,0.7976090312004089,0.0015189773403108,0.2011775821447372
189,0,background,0.8208975195884705,0.8208975195884705,0.0015165507793426,0.1778555959463119
190,0,background,0.817649245262146,0.817649245262146,0.0015166554367169,0.1811087727546692
191,0,background,0.8758696913719177,0.8758696913719177,0.0015140775358304,0.122802123427391
192,0,background,0.892794132232666,0.892794132232666,0.0015307618305087,0.1058371141552925
193,0,background,0.7897778749465942,0.7897778749465942,0.0015189368277788,0.209020659327507
194,0,background,0.787168025970459,0.787168025970459,0.0015198874752968,0.2116337418556213
195,0,background,0.8161655068397522,0.8161655068397522,0.0015171819832175,0.1825943440198898
196,0,background,0.8149670362472534,0.8149670362472534,0.0015168699901551,0.1837948262691497
197,0,background,0.8751564621925354,0.8751564621925354,0.001514155534096,0.1235164403915405
198,0,background,0.8928561806678772,0.8928561806678772,0.0015304352855309,0.1057753041386604
199,0,background,0.7898383140563965,0.7898383140563965,0.0015194633742794,0.2089597731828689
200,0,background,0.7866159677505493,0.7866159677505493,0.0015198830515146,0.2121866941452026
201,0,background,0.8170833587646484,0.8170833587646484,0.0015170664992183,0.1816751956939697
202,0,background,0.8123969435691833,0.8123969435691833,0.0015174391446635,0.1863684803247451
203,0,background,0.8756405711174011,0.8756405711174011,0.0015142355114221,0.1230314746499061
204,0,background,0.8919463753700256,0.8919463753700256,0.0015303260879591,0.1066865473985672
205,0,background,0.7820967435836792,0.7820967435836792,0.0015192985301837,0.2167132198810577
206,0,background,0.7928122878074646,0.7928122878074646,0.0015189629048109,0.2059816420078277
207,0,background,0.8155658841133118,0.8155658841133118,0.0015168057288974,0.1831951588392257
208,0,background,0.8135389685630798,0.8135389685630798,0.0015166995581239,0.185225248336792
209,0,background,0.8729645609855652,0.8729645609855652,0.0015143572818487,0.125711441040039
210,0,background,0.8923050165176392,0.8923050165176392,0.0015303574036806,0.1063273400068283
211,0,background,0.7849270701408386,0.7849270701408386,0.0015199192566797,0.2138780802488327
212,0,background,0.7838417887687683,0.7838417887687683,0.0015197411412373,0.2149651646614074
213,0,background,0.8135386109352112,0.8135386109352112,0.001517403172329,0.1852249801158905
214,0,background,0.8103971481323242,0.8103971481323242,0.0015174803556874,0.1883712261915207
215,0,background,0.8737477660179138,0.8737477660179138,0.0015143667114898,0.1249270737171173
216,0,background,0.891800582408905,0.891800582408905,0.0015307035064324,0.1068322956562042
217,0,background,0.7796812057495117,0.7796812057495117,0.0015202073846012,0.2191316783428192
218,0,background,0.7824901342391968,0.7824901342391968,0.0015199286863207,0.2163186967372894
219,0,background,0.8101462125778198,0.8101462125778198,0.0015178858302533,0.188622161746025
220,0,background,0.8097188472747803,0.8097188472747803,0.0015174904838204,0.1890505403280258
221,0,background,0.8727490305900574,0.8727490305900574,0.0015143818454816,0.1259272545576095
222,0,background,0.8913690447807312,0.8913690447807312,0.0015312489122152,0.1072639822959899
223,0,background,0.7838019728660583,0.7838019728660583,0.0015196097083389,0.2150051593780517
224,0,background,0.790702223777771,0.790702223777771,0.0015195430023595,0.2080944180488586
225,0,background,0.8149642944335938,0.8149642944335938,0.0015171588165685,0.1837973743677139
226,0,background,0.8118919134140015,0.8118919134140015,0.0015172180719673,0.1868744194507599
227,0,background,0.8723047375679016,0.8723047375679016,0.0015144099015742,0.1263722330331802
228,0,background,0.8914406299591064,0.8914406299591064,0.001531770103611,0.1071917861700058
229,0,background,0.7801621556282043,0.7801621556282043,0.0015201407950371,0.2186500430107116
230,0,background,0.7814009785652161,0.7814009785652161,0.0015208045952022,0.2174088209867477
231,0,background,0.8091332316398621,0.8091332316398621,0.0015184597577899,0.1896362453699112
232,0,background,0.8100987076759338,0.8100987076759338,0.0015177108580246,0.1886699050664901
233,0,background,0.872566282749176,0.872566282749176,0.001514321193099,0.1261103898286819
234,0,background,0.7806865572929382,0.7806865572929382,0.0015202622162178,0.2181247770786285
235,0,background,0.791914701461792,0.791914701461792,0.0015195445157587,0.2068801075220108
236,0,background,0.8133217096328735,0.8133217096328735,0.0015178178437054,0.1854419112205505
237,0,background,0.8138079047203064,0.8138079047203064,0.0015171510167419,0.1849555522203445
238,0,background,0.8723340630531311,0.8723340630531311,0.0015142866177484,0.1263429522514343
239,0,background,0.9551450610160828,0.9551450610160828,0.0015896600671112,0.0433341674506664
240,0,background,0.892857551574707,0.892857551574707,0.0015314208576455,0.1057730540633201
241,0,background,0.7847210764884949,0.7847210764884949,0.0015205533709377,0.2140838354825973
242,0,background,0.7962791323661804,0.7962791323661804,0.0015194098232313,0.2025091499090194
243,0,background,0.8186156749725342,0.8186156749725342,0.0015172642888501,0.1801403909921646
244,0,background,0.8137292265892029,0.8137292265892029,0.0015177123714238,0.185033917427063
245,0,background,0.8761531710624695,0.8761531710624695,0.0015141404001042,0.122518204152584
246,0,background,0.9620399475097656,0.9620399475097656,0.0015275191981345,0.0364882573485374
247,0,background,0.9585508704185486,0.9585508704185486,0.0016311426879838,0.0398830212652683
248,0,background,0.9589882493019104,0.9589882493019104,0.001507383887656,0.0395640134811401
249,0,background,0.8804000616073608,0.8804000616073608,0.0015221228823065,0.1182578429579734
250,0,background,0.8805062770843506,0.8805062770843506,0.0015196545282378,0.1181535869836807
251,0,background,0.882939875125885,0.882939875125885,0.0015226266114041,0.115713745355606
252,0,background,0.8816295266151428,0.8816295266151428,0.001522964448668,0.1170257404446601
253,0,background,0.8814232349395752,0.8814232349395752,0.0015229434939101,0.1172323375940322
254,0,background,0.8813669681549072,0.8813669681549072,0.0015227339463308,0.1172889098525047
255,0,background,0.8811841607093811,0.8811841607093811,0.0015222381334751,0.1174724400043487
256,0,background,0.8811632990837097,0.8811632990837097,0.0015219954075291,0.1174934804439544
257,0,background,0.8803908228874207,0.8803908228874207,0.0015218657208606,0.1182672902941703
258,0,background,0.8782114386558533,0.8782114386558533,0.0015226948307827,0.1204492598772049
259,0,background,0.8793801069259644,0.8793801069259644,0.0015218547778204,0.119279570877552
260,0,background,0.8776893615722656,0.8776893615722656,0.0015227956464514,0.1209720894694328
261,0,background,0.8795045018196106,0.8795045018196106,0.0015219047199934,0.1191549003124237
262,0,background,0.8779455423355103,0.8779455423355103,0.0015225165989249,0.1207157373428344
263,0,background,0.8785369396209717,0.8785369396209717,0.0015221366193145,0.1201238259673118
264,0,background,0.7404232025146484,0.7404232025146484,0.0015148534439504,0.2584535181522369
265,0,background,0.7509250640869141,0.7509250640869141,0.0015148743987083,0.2479356676340103
266,0,background,0.7629798054695129,0.7629798054695129,0.0015153706772252,0.2358622848987579
267,0,background,0.7568950057029724,0.7568950057029724,0.0015153172425925,0.2419562935829162
268,0,background,0.8244792819023132,0.8244792819023132,0.0015128799714148,0.1742714941501617
269,0,background,0.881269633769989,0.881269633769989,0.0015219302149489,0.1173870861530304
270,0,background,0.742831826210022,0.742831826210022,0.0015150447143241,0.2560410797595978
271,0,background,0.7410195469856262,0.7410195469856262,0.0015150887193158,0.257856011390686
272,0,background,0.7609122395515442,0.7609122395515442,0.0015157654415816,0.2379326820373535
273,0,background,0.7562267184257507,0.7562267184257507,0.001515541691333,0.2426254004240036
274,0,background,0.8278661370277405,0.8278661370277405,0.0015126682119444,0.1708797067403793
275,0,background,0.8828798532485962,0.8828798532485962,0.0015218266053125,0.1157745122909545
276,0,background,0.743184506893158,0.743184506893158,0.0015144243370741,0.255688339471817
277,0,background,0.7593775391578674,0.7593775391578674,0.001514169271104,0.239470899105072
278,0,background,0.7690614461898804,0.7690614461898804,0.0015150244580581,0.2297715991735458
279,0,background,0.7652857303619385,0.7652857303619385,0.0015147676458582,0.2335533052682876
280,0,background,0.8310561180114746,0.8310561180114746,0.0015125557547435,0.1676849722862243
281,0,background,0.8815162181854248,0.8815162181854248,0.0015247093979269,0.1171376854181289
282,0,background,0.7490700483322144,0.7490700483322144,0.0015140948817133,0.2497940510511398
283,0,background,0.7485296726226807,0.7485296726226807,0.0015146415680646,0.2503348886966705
284,0,background,0.7660855054855347,0.7660855054855347,0.0015157769666984,0.2327515035867691
285,0,background,0.7640782594680786,0.7640782594680786,0.0015151002444326,0.2347623258829116
286,0,background,0.8298054933547974,0.8298054933547974,0.0015124558703973,0.1689375787973404
287,0,background,0.8847347497940063,0.8847347497940063,0.0015218829503282,0.1139167845249176
288,0,background,0.7442110180854797,0.7442110180854797,0.0015148801030591,0.2546599209308624
289,0,background,0.7494033575057983,0.7494033575057983,0.0015144783537834,0.2494599521160125
290,0,background,0.7665806412696838,0.7665806412696838,0.0015157278394326,0.2322556525468826
291,0,background,0.7628609538078308,0.7628609538078308,0.0015153527492657,0.235981285572052
292,0,background,0.8345641493797302,0.8345641493797302,0.0015122879995033,0.1641718000173568
293,0,background,0.7449383735656738,0.7449383735656738,0.0015140833565965,0.2539319694042206
294,0,background,0.754965603351593,0.754965603351593,0.0015140972100198,0.2438896000385284
295,0,background,0.7667520046234131,0.7667520046234131,0.0015151773113757,0.2320844829082489
296,0,background,0.7600868344306946,0.7600868344306946,0.0015151982661336,0.2387597262859344
297,0,background,0.8312279582023621,0.8312279582023621,0.0015123370103538,0.1675130426883697
298,0,background,0.7446303963661194,0.7446303963661194,0.0015141842886805,0.2542403936386108
299,0,background,0.7617887854576111,0.7617887854576111,0.0015135254943743,0.2370564937591552
300,0,background,0.7701663970947266,0.7701663970947266,0.0015151548432186,0.2286649346351623
301,0,background,0.7699356079101562,0.7699356079101562,0.001514425035566,0.2288966029882431
302,0,background,0.8336191773414612,0.8336191773414612,0.0015122930053621,0.1651182025671005
303,0,background,0.7390565872192383,0.7390565872192383,0.0015150107210502,0.2598220407962799
304,0,background,0.7437946200370789,0.7437946200370789,0.0015147330705076,0.2550769746303558
305,0,background,0.7607848644256592,0.7607848644256592,0.0015162880299612,0.2380598187446594
306,0,background,0.7589535117149353,0.7589535117149353,0.0015156470471993,0.2398944497108459
307,0,background,0.8319907188415527,0.8319907188415527,0.0015122591285035,0.1667492091655731
308,0,background,0.7460421919822693,0.7460421919822693,0.0015143458731472,0.2528263330459595
309,0,background,0.7406514883041382,0.7406514883041382,0.0015153411077335,0.2582245171070099
310,0,background,0.7614961862564087,0.7614961862564087,0.0015161935007199,0.2373474538326263
311,0,background,0.7592283487319946,0.7592283487319946,0.0015155994333326,0.2396191954612732
312,0,background,0.8307194709777832,0.8307194709777832,0.0015123737975955,0.1680223047733307
313,0,background,0.7449697256088257,0.7449697256088257,0.0015142319025471,0.2539004683494568
314,0,background,0.739560604095459,0.739560604095459,0.001515278359875,0.2593170702457428
315,0,background,0.7606171369552612,0.7606171369552612,0.0015159575268626,0.2382280230522155
316,0,background,0.7580029368400574,0.7580029368400574,0.0015153959393501,0.2408466041088104
317,0,background,0.8293832540512085,0.8293832540512085,0.0015124543569982,0.1693604588508606
318,0,background,0.7439590096473694,0.7439590096473694,0.0015144069911912,0.2549126148223877
319,0,background,0.7434805035591125,0.7434805035591125,0.0015149572864174,0.2553914189338684
320,0,background,0.7612245678901672,0.7612245678901672,0.0015157163143157,0.2376198470592498
321,0,background,0.7600598931312561,0.7600598931312561,0.0015150569379329,0.238786831498146
322,0,background,0.8276169300079346,0.8276169300079346,0.0015125969657674,0.1711293458938598
323,0,background,0.7345074415206909,0.7345074415206909,0.0015155251603573,0.2643776834011078
324,0,background,0.754045844078064,0.754045844078064,0.0015146327205002,0.2448103576898574
325,0,background,0.7638213038444519,0.7638213038444519,0.0015153598506003,0.2350194603204727
326,0,background,0.7553185820579529,0.7553185820579529,0.0015157293528318,0.2435348033905029
327,0,background,0.8273032903671265,0.8273032903671265,0.0015127287479117,0.171443372964859
328,0,background,0.7372864484786987,0.7372864484786987,0.0015154710272327,0.2615945041179657
329,0,background,0.7361201643943787,0.7361201643943787,0.0015154003631323,0.2627626061439514
330,0,background,0.7557570934295654,0.7557570934295654,0.0015160085167735,0.2430954426527023
331,0,background,0.7522956728935242,0.7522956728935242,0.0015156731242313,0.2465623319149017
332,0,background,0.8231464624404907,0.8231464624404907,0.0015128678642213,0.1756063252687454
333,0,background,0.728950023651123,0.728950023651123,0.0015153035055845,0.2699436843395233
334,0,background,0.7314200401306152,0.7314200401306152,0.0015157401794567,0.2674696445465088
335,0,background,0.7480782270431519,0.7480782270431519,0.0015164843061938,0.250785619020462
336,0,background,0.7514728903770447,0.7514728903770447,0.001515295705758,0.2473866790533065
337,0,background,0.8185573816299438,0.8185573816299438,0.0015130125684663,0.1802022457122802
338,0,background,0.7312982678413391,0.7312982678413391,0.0015160345938056,0.2675913274288177
339,0,background,0.7300247550010681,0.7300247550010681,0.0015159185277298,0.2688669264316559
340,0,background,0.7502297759056091,0.7502297759056091,0.0015163341304287,0.2486309111118316
341,0,background,0.7442765235900879,0.7442765235900879,0.0015162000199779,0.2545932829380035
342,0,background,0.8183111548423767,0.8183111548423767,0.0015130968531593,0.1804487556219101
343,0,background,0.731023907661438,0.731023907661438,0.0015153756830841,0.2678666412830353
344,0,background,0.7256500124931335,0.7256500124931335,0.0015163948992267,0.2732479870319366
345,0,background,0.7464701533317566,0.7464701533317566,0.0015165724325925,0.2523960471153259
346,0,background,0.7440046072006226,0.7440046072006226,0.0015158781316131,0.2548659145832062
347,0,background,0.8154363036155701,0.8154363036155701,0.0015131586696952,0.1833278983831405
348,0,background,0.7230737209320068,0.7230737209320068,0.0015157393645495,0.2758285701274872
349,0,background,0.7409477233886719,0.7409477233886719,0.0015155100263655,0.2579276859760284
350,0,background,0.7498605251312256,0.7498605251312256,0.0015162951312959,0.2490007430315017
351,0,background,0.7464898228645325,0.7464898228645325,0.0015156861627474,0.2523770034313202
352,0,background,0.8150718212127686,0.8150718212127686,0.0015132098924368,0.1836929023265838
353,0,background,0.7224254012107849,0.7224254012107849,0.001515865093097,0.2764777839183807
354,0,background,0.7403590679168701,0.7403590679168701,0.0015156317967921,0.2585171163082123
355,0,background,0.7489219903945923,0.7489219903945923,0.0015166563680395,0.2499404698610305
356,0,background,0.7458688020706177,0.7458688020706177,0.0015159538015723,0.2529988586902618
357,0,background,0.8150450587272644,0.8150450587272644,0.0015132055850699,0.1837197542190551
358,0,background,0.7403050065040588,0.7403050065040588,0.0015152090927585,0.2585715651512146
359,0,background,0.7307665348052979,0.7307665348052979,0.0015160902403295,0.2681238651275635
360,0,background,0.7519423365592957,0.7519423365592957,0.0015167248202487,0.2469154298305511
361,0,background,0.7482190728187561,0.7482190728187561,0.0015160366892814,0.2506448626518249
362,0,background,0.8171547651290894,0.8171547651290894,0.0015131579712033,0.1816068291664123
363,0,background,0.9556224346160888,0.9556224346160888,0.0015851024072617,0.0428603999316692
364,0,background,0.959170937538147,0.959170937538147,0.0016184711130335,0.0392741486430168
365,0,background,0.7318644523620605,0.7318644523620605,0.0015157965244725,0.2670245468616485
366,0,background,0.7300914525985718,0.7300914525985718,0.001515841926448,0.2688001692295074
367,0,background,0.7495531439781189,0.7495531439781189,0.0015166727825999,0.2493082731962204
368,0,background,0.7456546425819397,0.7456546425819397,0.0015162042109295,0.2532130777835846
369,0,background,0.8195330500602722,0.8195330500602722,0.0015129699604585,0.1792251318693161
370,0,background,0.8791931867599487,0.8791931867599487,0.001522414968349,0.1194662675261497
371,0,background,0.9623720049858092,0.9623720049858092,0.0015251711010932,0.0361579358577728
372,0,background,0.958794355392456,0.958794355392456,0.0015052281087264,0.0397602245211601
373,1,rivet,0.9987013339996338,0.0006535878637805,0.9987013339996338,0.4967236816883087
374,0,background,0.8876383304595947,0.8876383304595947,0.0046630864962935,0.1082030981779098
375,1,rivet,0.998830497264862,0.0011189699871465,0.998830497264862,0.0432087667286396
376,2,surface_feature,0.8060389161109924,0.1936390399932861,0.0016603289404883,0.8060389161109924
377,0,background,0.7611814141273499,0.7611814141273499,0.0015494506806135,0.2376373559236526
378,0,background,0.8970633149147034,0.8970633149147034,0.0015033832751214,0.1015860140323638
379,0,background,0.9573470950126648,0.9573470950126648,0.0015106702921912,0.0412044562399387
380,1,rivet,0.9987627267837524,0.0005644747288897,0.9987627267837524,0.543775200843811
381,1,rivet,0.9987786412239076,0.0005098884576,0.9987786412239076,0.5825235843658447
382,1,rivet,0.9988402724266052,0.0007997518987394,0.9988402724266052,0.3103967308998108
383,1,rivet,0.9988371729850768,0.0008056312799453,0.9988371729850768,0.3071787357330322
384,1,rivet,0.998840034008026,0.0007997238426469,0.998840034008026,0.3105626702308655
385,1,rivet,0.998840034008026,0.0007997389766387,0.998840034008026,0.3105495870113373
386,1,rivet,0.9988371729850768,0.0008056803490035,0.9988371729850768,0.3071365058422088
387,1,rivet,0.9988402724266052,0.0007998276269063,0.9988402724266052,0.3103314638137817
388,1,rivet,0.9987877011299132,0.0004864175862167,0.9987877011299132,0.5987643003463745
389,1,rivet,0.9987173080444336,0.000589391333051,0.9987173080444336,0.5405043959617615
390,1,rivet,0.9988137483596802,0.0008782288059592,0.9988137483596802,0.2596606016159057
391,1,rivet,0.9988139867782592,0.0008766893297433,0.9988139867782592,0.26080983877182
392,1,rivet,0.9988138675689696,0.0008772815926931,0.9988138675689696,0.2603848278522491
393,1,rivet,0.9988138675689696,0.0008773015579208,0.9988138675689696,0.2603679299354553
394,1,rivet,0.9988139867782592,0.0008767111576162,0.9988139867782592,0.2607914507389068
395,1,rivet,0.9988136291503906,0.0008783660596236,0.9988136291503906,0.2596192955970764
396,1,rivet,0.9987038373947144,0.000640679441858,0.9987038373947144,0.5057106018066406
397,0,background,0.0019878833554685,0.0019878833554685,0.9978954792022704,0.0554223656654357
398,0,background,0.0013598314253613,0.0013598314253613,0.9985491633415222,0.062726005911827
399,0,background,0.0013487993273884,0.0013487993273884,0.9985502362251282,0.0696419924497604
400,0,background,0.0016093699960038,0.0016093699960038,0.99827241897583,0.0684257671236991
401,0,background,0.0303235705941915,0.0303235705941915,0.9679819345474244,0.0529230684041976
402,0,background,0.0087151611223816,0.0087151611223816,0.9907258152961732,0.0602773167192935
403,0,background,0.009178502485156,0.009178502485156,0.9902002215385436,0.0633969455957412
404,0,background,0.070480428636074,0.070480428636074,0.9240599870681764,0.0718933790922164
405,0,background,0.4640795588493347,0.4640795588493347,0.0015921292360872,0.535180389881134
406,2,surface_feature,0.7715400457382202,0.2280870229005813,0.0016323880990967,0.7715400457382202
407,2,surface_feature,0.8295115232467651,0.1702049970626831,0.0016627160366624,0.8295115232467651
408,0,background,0.8602566123008728,0.8602566123008728,0.0015523982001468,0.1384058445692062
409,0,background,0.4752294421195984,0.4752294421195984,0.0015297848731279,0.5240424275398254
410,0,background,0.4682430028915405,0.4682430028915405,0.001537138945423,0.5310361385345459
411,0,background,0.4786528944969177,0.4786528944969177,0.0015326725551858,0.520612359046936
412,0,background,0.4633150100708008,0.4633150100708008,0.0015370438341051,0.5359717607498169
413,0,background,0.4705274999141693,0.4705274999141693,0.001529638422653,0.5287516713142395
414,0,background,0.4458522498607635,0.4458522498607635,0.0015372458146885,0.5534613132476807
415,0,background,0.4488130509853363,0.4488130509853363,0.0015332227339968,0.5504977703094482
416,0,background,0.4458618760108948,0.4458618760108948,0.0015374097274616,0.5534515976905823
417,0,background,0.3740419149398803,0.3740419149398803,0.0015349187888205,0.6253830790519714
418,0,background,0.4156242311000824,0.4156242311000824,0.0015287202550098,0.5837393999099731
419,0,background,0.3986394107341766,0.3986394107341766,0.0015345490537583,0.6007479429244995
420,0,background,0.4359480738639831,0.4359480738639831,0.0015321529936045,0.5633829832077026
421,0,background,0.3950141966342926,0.3950141966342926,0.0015344043495133,0.6043787598609924
422,0,background,0.4131198823451996,0.4131198823451996,0.0015285209519788,0.5862476825714111
423,0,background,0.374904602766037,0.374904602766037,0.0015348107554018,0.6245191097259521
424,0,background,0.4048824906349182,0.4048824906349182,0.0015326865250244,0.5944960117340088
425,0,background,0.3704126179218292,0.3704126179218292,0.0015346666332334,0.6290180683135986
426,0,background,0.4001146554946899,0.4001146554946899,0.0015322040999308,0.5992713570594788
427,0,background,0.3701470494270324,0.3701470494270324,0.0015347112203016,0.6292840242385864
428,0,background,0.4119779765605926,0.4119779765605926,0.0015283194370567,0.5873914361000061
429,0,background,0.3944962322711944,0.3944962322711944,0.0015342626720666,0.6048975586891174
430,0,background,0.4325999915599823,0.4325999915599823,0.001531668822281,0.5667364001274109
431,0,background,0.3914457261562347,0.3914457261562347,0.0015342057449743,0.6079527735710144
432,0,background,0.4094149470329284,0.4094149470329284,0.0015280270017683,0.5899584889411926
433,0,background,0.4752565026283264,0.4752565026283264,0.0014923284761607,0.5240331888198853
434,0,background,0.559602677822113,0.559602677822113,0.0015308479778468,0.43953937292099
435,0,background,0.5929358005523682,0.5929358005523682,0.0015181835042312,0.4061626195907593
436,0,background,0.562143087387085,0.562143087387085,0.0015304586850106,0.4369952380657196
437,0,background,0.4764799475669861,0.4764799475669861,0.0014917999505996,0.5228081941604614
438,0,background,0.2749948799610138,0.2749948799610138,0.0015087474603205,0.7245895862579346
439,0,background,0.5092244744300842,0.5092244744300842,0.0015320845413953,0.4899941682815552
440,0,background,0.521923303604126,0.521923303604126,0.0015209232224151,0.4772817194461822
441,0,background,0.5007637739181519,0.5007637739181519,0.0015327221481129,0.4984675049781799
442,0,background,0.4133608341217041,0.4133608341217041,0.0015337192453444,0.5860041975975037
443,0,background,0.3804855048656463,0.3804855048656463,0.0015355898067355,0.6189293265342712
444,0,background,0.4218924045562744,0.4218924045562744,0.0015295692719519,0.577461302280426
445,0,background,0.4053623974323272,0.4053623974323272,0.0015352915506809,0.5940142869949341
446,0,background,0.4421753287315368,0.4421753287315368,0.0015331440372392,0.5571457147598267
447,0,background,0.4009401202201843,0.4009401202201843,0.0015352162299677,0.5984433889389038
448,0,background,0.4196510016918182,0.4196510016918182,0.0015294068725779,0.5797061920166016
449,0,background,0.3821932971477508,0.3821932971477508,0.0015354128554463,0.6172189712524414
450,0,background,0.3837341070175171,0.3837341070175171,0.0015359903918579,0.6156755685806274
451,0,background,0.4248254597187042,0.4248254597187042,0.0015300142113119,0.5745235681533813
452,0,background,0.4084526300430298,0.4084526300430298,0.0015356856165453,0.5909191370010376
453,0,background,0.445330262184143,0.445330262184143,0.0015336419455707,0.5539857149124146
454,0,background,0.4039129018783569,0.4039129018783569,0.0015356183284893,0.595465898513794
455,0,background,0.4226352274417877,0.4226352274417877,0.0015298686921596,0.57671719789505
456,0,background,0.3857549428939819,0.3857549428939819,0.0015358047094196,0.613651692867279
457,0,background,0.417510449886322,0.417510449886322,0.0015342335682362,0.5818480253219604
458,0,background,0.6081321835517883,0.6081321835517883,0.0015427124453708,0.3909282088279724
459,0,background,0.5556642413139343,0.5556642413139343,0.0015517597785219,0.4434721767902374
460,0,background,0.5762858986854553,0.5762858986854553,0.001535321585834,0.4228279888629913
461,0,background,0.5736023187637329,0.5736023187637329,0.0015505398623645,0.4255068898200989
462,0,background,0.5746482610702515,0.5746482610702515,0.0015511490637436,0.4244589507579803
463,0,background,0.5749351382255554,0.5749351382255554,0.001552824745886,0.4241706728935241
464,0,background,0.5771483778953552,0.5771483778953552,0.0015352790942415,0.421964168548584
465,0,background,0.559360146522522,0.559360146522522,0.0015520176384598,0.4397703111171722
466,0,background,0.4245870411396026,0.4245870411396026,0.0015352038899436,0.5747601389884949
467,0,background,0.3895030319690704,0.3895030319690704,0.0015367394080385,0.6098974943161011
468,0,background,0.4253571927547455,0.4253571927547455,0.0015308879083022,0.5739906430244446
469,0,background,0.4092202186584472,0.4092202186584472,0.0015372275374829,0.5901497602462769
470,0,background,0.427877277135849,0.427877277135849,0.0015375730581581,0.5714638233184814
471,0,background,0.4050637781620025,0.4050637781620025,0.001537142554298,0.5943126082420349
472,0,background,0.4237000346183777,0.4237000346183777,0.0015307910507544,0.5756503939628601
473,0,background,0.3917956054210663,0.3917956054210663,0.0015365455765277,0.6076014637947083
474,0,background,0.4049799740314483,0.4049799740314483,0.0015386457089334,0.5943959355354309
475,0,background,0.3896121382713318,0.3896121382713318,0.0015384488506242,0.6097875237464905
476,0,background,0.423095703125,0.423095703125,0.0015313407639041,0.5762553811073303
477,0,background,0.4110754430294037,0.4110754430294037,0.0015376586234197,0.5882914662361145
478,0,background,0.4303979277610779,0.4303979277610779,0.0015379413962364,0.5689391493797302
479,0,background,0.4071453809738159,0.4071453809738159,0.0015375658404082,0.5922276377677917
480,0,background,0.4216428101062774,0.4216428101062774,0.0015312415780499,0.5777105689048767
481,0,background,0.3920281529426574,0.3920281529426574,0.0015382635174319,0.6073678731918335
482,0,background,0.5637788772583008,0.5637788772583008,0.0015532883116975,0.4353440403938293
483,0,background,0.5607441067695618,0.5607441067695618,0.0015554730780422,0.4383822679519653
484,0,background,0.5614878535270691,0.5614878535270691,0.0015348881715908,0.4376489818096161
485,0,background,0.567803680896759,0.567803680896759,0.0015537943691015,0.4313127100467682
486,0,background,0.5706853270530701,0.5706853270530701,0.0015524338232353,0.4284273684024811
487,0,background,0.5665038824081421,0.5665038824081421,0.001554375863634,0.4326142370700836
488,0,background,0.5608479380607605,0.5608479380607605,0.0015347792068496,0.4382900297641754
489,0,background,0.5622658729553223,0.5622658729553223,0.001554514397867,0.4368587136268616
490,0,background,0.5592836737632751,0.5592836737632751,0.0015541412867605,0.4398458302021026
491,0,background,0.5601231455802917,0.5601231455802917,0.0015555425779893,0.4390041530132293
492,0,background,0.5602400302886963,0.5602400302886963,0.0015352491755038,0.4388985335826874
493,0,background,0.5635963082313538,0.5635963082313538,0.001552271307446,0.4355274140834808
494,0,background,0.5666406154632568,0.5666406154632568,0.0015526732895523,0.4324781894683838
495,0,background,0.572338342666626,0.572338342666626,0.0015539126470685,0.426770955324173
496,0,background,0.573941707611084,0.573941707611084,0.0015371727058663,0.4251746833324432
497,0,background,0.5687934160232544,0.5687934160232544,0.0015543374465778,0.4303211271762848
498,0,background,0.599534809589386,0.599534809589386,0.0015455001266673,0.3995372354984283
499,0,background,0.5507751107215881,0.5507751107215881,0.001554945949465,0.4483671188354492
500,0,background,0.5665903091430664,0.5665903091430664,0.0015357778174802,0.4325382113456726
501,0,background,0.5573667287826538,0.5573667287826538,0.0015532987890765,0.4417661726474762
502,0,background,0.6092873811721802,0.6092873811721802,0.0015446359757333,0.3897700309753418
503,0,background,0.5568536520004272,0.5568536520004272,0.0015543699264526,0.4422794282436371
504,0,background,0.5660315752029419,0.5660315752029419,0.0015356643125414,0.4330978393554687
505,0,background,0.5512920022010803,0.5512920022010803,0.0015535103157162,0.4478502571582794
506,0,background,0.6023699641227722,0.6023699641227722,0.0015459019923582,0.3966974020004272
507,0,background,0.557400107383728,0.557400107383728,0.0015555706340819,0.4417314231395721
508,0,background,0.5795618891716003,0.5795618891716003,0.0015383498976007,0.4195451736450195
509,0,background,0.5634016394615173,0.5634016394615173,0.0015526807401329,0.4357222616672516
510,0,background,0.6074474453926086,0.6074474453926086,0.001545139006339,0.391612559556961
511,0,background,0.55806565284729,0.55806565284729,0.0015560270985588,0.4410646259784698
512,0,background,0.5882723331451416,0.5882723331451416,0.0015425562160089,0.4108187854290008
513,0,background,0.555063009262085,0.555063009262085,0.0015563189517706,0.4440717995166778
514,0,background,0.5310348868370056,0.5310348868370056,0.0014848985010758,0.4681754112243652
515,0,background,0.5476198196411133,0.5476198196411133,0.0014810030115768,0.4515679478645324
516,0,background,0.5327812433242798,0.5327812433242798,0.0014845930272713,0.4664266109466553
517,0,background,0.5511781573295593,0.5511781573295593,0.0014831403968855,0.4480031430721283
518,0,background,0.5330410003662109,0.5330410003662109,0.0014843491371721,0.4661666452884674
519,0,background,0.5479363203048706,0.5479363203048706,0.0014807843836024,0.4512510895729065
520,0,background,0.5311428308486938,0.5311428308486938,0.0014846799895167,0.4680673778057098
521,0,background,0.5471214056015015,0.5471214056015015,0.0014837570488452,0.4520655572414398
522,0,background,0.3313793241977691,0.3313793241977691,0.0014880719827488,0.6681268215179443
523,0,background,0.3265408873558044,0.3265408873558044,0.0014896556967869,0.6729719638824463
524,0,background,0.329477459192276,0.329477459192276,0.0014890196034684,0.6700311899185181
525,0,background,0.326633483171463,0.326633483171463,0.0014895080821588,0.6728792786598206
526,0,background,0.3313271105289459,0.3313271105289459,0.0014879500959068,0.6681791543960571
527,0,background,0.3258782029151916,0.3258782029151916,0.0014896946959197,0.6736356019973755
528,0,background,0.3283542394638061,0.3283542394638061,0.0014892385806888,0.6711560487747192
529,0,background,0.3259110152721405,0.3259110152721405,0.0014898208901286,0.6736027002334595
530,0,background,0.3316737413406372,0.3316737413406372,0.0014884631382301,0.6678318381309509
531,0,background,0.3267744183540344,0.3267744183540344,0.001490251510404,0.6727378964424133
532,0,background,0.3296859562397003,0.3296859562397003,0.001489418791607,0.6698222756385803
533,0,background,0.3268499076366424,0.3268499076366424,0.0014901153044775,0.6726623177528381
534,0,background,0.3316575884819031,0.3316575884819031,0.0014883582480251,0.6678480505943298
535,0,background,0.3260823488235473,0.3260823488235473,0.0014903169358149,0.6734309792518616
536,0,background,0.3285938799381256,0.3285938799381256,0.0014896442880854,0.6709159016609192
537,0,background,0.3261213898658752,0.3261213898658752,0.0014904303243383,0.6733918190002441
538,0,background,0.3319115340709686,0.3319115340709686,0.0014892740873619,0.6675934195518494
539,0,background,0.3269448280334472,0.3269448280334472,0.001491455361247,0.672566831111908
540,0,background,0.3299586176872253,0.3299586176872253,0.0014902423135936,0.6695489287376404
541,0,background,0.3270263373851776,0.3270263373851776,0.0014913390623405,0.6724852323532104
542,0,background,0.3319199085235595,0.3319199085235595,0.0014891820028424,0.6675850749015808
543,0,background,0.3262766003608703,0.3262766003608703,0.0014915419742465,0.6732360124588013
544,0,background,0.3288578689098358,0.3288578689098358,0.0014904672279953,0.6706512570381165
545,0,background,0.3263044655323028,0.3263044655323028,0.0014916385989636,0.6732080578804016
546,0,background,0.3320641815662384,0.3320641815662384,0.0014896742068231,0.6674404144287109
547,0,background,0.3270260989665985,0.3270260989665985,0.0014920491958037,0.6724852323532104
548,0,background,0.3301538825035095,0.3301538825035095,0.0014906446449458,0.6693532466888428
549,0,background,0.3271219134330749,0.3271219134330749,0.0014919213717803,0.6723893284797668
550,0,background,0.3320729732513428,0.3320729732513428,0.0014895789790898,0.667431652545929
551,0,background,0.3264265954494476,0.3264265954494476,0.0014921060064807,0.673085629940033
552,0,background,0.3290840089321136,0.3290840089321136,0.0014908760786056,0.6704246401786804
553,0,background,0.3264299929141998,0.3264299929141998,0.0014922140398994,0.673082172870636
554,0,background,0.33223956823349,0.33223956823349,0.0014900712994858,0.6672646403312683
555,0,background,0.3271377384662628,0.3271377384662628,0.0014926475705578,0.6723732352256775
556,0,background,0.3303939402103424,0.3303939402103424,0.0014910586178302,0.6691126823425293
557,0,background,0.327227771282196,0.327227771282196,0.0014925018185749,0.6722831130027771
558,0,background,0.332234650850296,0.332234650850296,0.0014899678062647,0.6672695875167847
559,0,background,0.3265931606292724,0.3265931606292724,0.0014926687581464,0.6729186177253723
560,0,background,0.3293754160404205,0.3293754160404205,0.0014912935439497,0.6701326370239258
561,0,background,0.3265638947486877,0.3265638947486877,0.0014927939046174,0.672947883605957
562,0,background,0.3323860764503479,0.3323860764503479,0.0014904644340276,0.6671177744865417
563,0,background,0.3270951211452484,0.3270951211452484,0.0014931976329535,0.6724157333374023
564,0,background,0.3306582272052765,0.3306582272052765,0.0014914724742993,0.6688478589057922
565,0,background,0.3272437155246734,0.3272437155246734,0.0014930854085832,0.672266960144043
566,0,background,0.3323674201965332,0.3323674201965332,0.0014903580304235,0.6671364903450012
567,0,background,0.3266917467117309,0.3266917467117309,0.0014932473422959,0.6728196740150452
568,0,background,0.3296396732330322,0.3296396732330322,0.0014917124062776,0.6698678731918335
569,0,background,0.3266174495220184,0.3266174495220184,0.0014933384954929,0.6728940606117249
570,0,background,0.332572191953659,0.332572191953659,0.001490855589509,0.6669312715530396
571,0,background,0.3270126581192016,0.3270126581192016,0.0014936954248696,0.6724981665611267
572,0,background,0.3309255540370941,0.3309255540370941,0.0014918823726475,0.6685799956321716
573,0,background,0.3271515071392059,0.3271515071392059,0.0014936071820557,0.6723591089248657
574,0,background,0.3325631618499756,0.3325631618499756,0.0014907512813806,0.6669403314590454
575,0,background,0.3266039788722992,0.3266039788722992,0.0014937650412321,0.6729074120521545
576,0,background,0.3299200236797333,0.3299200236797333,0.0014921302208676,0.6695869565010071
577,0,background,0.3265085220336914,0.3265085220336914,0.0014938368694856,0.6730030179023743
578,0,background,0.332807719707489,0.332807719707489,0.0014912481419742,0.666695237159729
579,0,background,0.3271153271198272,0.3271153271198272,0.001494190422818,0.6723951697349548
580,0,background,0.3313091099262237,0.3313091099262237,0.0014922935515642,0.6681957244873047
581,0,background,0.3272446095943451,0.3272446095943451,0.0014941135887056,0.6722657084465027
582,0,background,0.3328196704387665,0.3328196704387665,0.001491148606874,0.6666833162307739
583,0,background,0.326660007238388,0.326660007238388,0.0014942879788577,0.6728511452674866
584,0,background,0.3302744626998901,0.3302744626998901,0.0014925437280908,0.6692318320274353
585,0,background,0.3265740275382995,0.3265740275382995,0.0014943470014259,0.6729372143745422
586,0,background,0.3330803513526916,0.3330803513526916,0.0014916429063305,0.6664220690727234
587,0,background,0.3272875845432281,0.3272875845432281,0.0014946842566132,0.6722224950790405
588,0,background,0.331728994846344,0.331728994846344,0.0014927072916179,0.6677750945091248
589,0,background,0.3273786604404449,0.3273786604404449,0.0014946231385692,0.6721312999725342
590,0,background,0.3330950140953064,0.3330950140953064,0.0014915479114279,0.6664074063301086
591,0,background,0.3267523050308227,0.3267523050308227,0.0014948117313906,0.6727585196495056
592,0,background,0.3306639194488525,0.3306639194488525,0.0014929602621123,0.6688416600227356
593,0,background,0.3267093300819397,0.3267093300819397,0.0014948572497814,0.6728015542030334
594,0,background,0.3334240019321441,0.3334240019321441,0.0014920422108843,0.6660777926445007
595,0,background,0.3274271488189697,0.3274271488189697,0.0014951854245737,0.6720825433731079
596,0,background,0.332159161567688,0.332159161567688,0.0014931230107322,0.6673441529273987
597,0,background,0.3275341391563415,0.3275341391563415,0.0014951339690014,0.6719754338264465
598,0,background,0.3334560990333557,0.3334560990333557,0.0014919482637196,0.6660456657409668
599,0,background,0.3269525468349457,0.3269525468349457,0.0014953278005123,0.6725578308105469
600,0,background,0.3310859203338623,0.3310859203338623,0.0014933790080249,0.6684188842773438
601,0,background,0.3269030749797821,0.3269030749797821,0.0014953648205846,0.6726073622703552
602,0,background,0.3337460160255432,0.3337460160255432,0.001492443610914,0.6657551527023315
603,0,background,0.3274987637996673,0.3274987637996673,0.0014956929953768,0.6720106601715088
604,0,background,0.3325640857219696,0.3325640857219696,0.0014935404760763,0.6669384837150574
605,0,background,0.3276050090789795,0.3276050090789795,0.0014956453815102,0.6719042658805847
606,0,background,0.3337849676609039,0.3337849676609039,0.0014923490816727,0.6657161712646484
607,0,background,0.3270254731178283,0.3270254731178283,0.0014957613311707,0.6724846363067627
608,0,background,0.3314850330352783,0.3314850330352783,0.0014938006643205,0.6680190563201904
609,0,background,0.3269820809364319,0.3269820809364319,0.00149579544086,0.672528088092804
610,0,background,0.538183867931366,0.538183867931366,0.0014881016686558,0.4610140919685364
611,0,background,0.5230348706245422,0.5230348706245422,0.0014912821352481,0.4761839509010315
612,0,background,0.5424092411994934,0.5424092411994934,0.0014856318011879,0.4567837119102478
613,0,background,0.5247073769569397,0.5247073769569397,0.0014909876044839,0.4745091497898102
614,0,background,0.5408139824867249,0.5408139824867249,0.0014874757034704,0.4583803117275238
615,0,background,0.5251840949058533,0.5251840949058533,0.0014908739831298,0.4740317463874817
616,0,background,0.5434781312942505,0.5434781312942505,0.0014854287728667,0.4557133913040161
617,0,background,0.523461103439331,0.523461103439331,0.0014911742182448,0.4757570922374725
618,0,background,0.3274020254611969,0.3274020254611969,0.0014976148959249,0.672106921672821
619,0,background,0.3331750035285949,0.3331750035285949,0.0014956439845263,0.6663259267807007
620,0,background,0.3273886144161224,0.3273886144161224,0.0014976819511502,0.6721203327178955
621,0,background,0.3354500830173492,0.3354500830173492,0.0014941948466002,0.6640479564666748
622,0,background,0.327771782875061,0.327771782875061,0.0014976278180256,0.6717365980148315
623,0,background,0.3345978558063507,0.3345978558063507,0.0014953953213989,0.6649010181427002
624,0,background,0.3279083967208862,0.3279083967208862,0.0014975464437156,0.671599805355072
625,0,background,0.3352895081043243,0.3352895081043243,0.0014940887922421,0.6642087697982788
626,0,background,0.3276801109313965,0.3276801109313965,0.001498045050539,0.6718282699584961
627,0,background,0.3339485824108124,0.3339485824108124,0.001496065640822,0.6655510663986206
628,0,background,0.327657014131546,0.327657014131546,0.0014981112908571,0.671851396560669
629,0,background,0.3361562192440033,0.3361562192440033,0.0014945846050977,0.6633406281471252
630,0,background,0.3279988169670105,0.3279988169670105,0.0014980641426518,0.6715090870857239
631,0,background,0.3353786766529083,0.3353786766529083,0.0014958190731704,0.6641188859939575
632,0,background,0.3281498849391937,0.3281498849391937,0.0014979836996644,0.6713578104972839
633,0,background,0.3360072672367096,0.3360072672367096,0.0014944765716791,0.663489818572998
634,0,background,0.3279525637626648,0.3279525637626648,0.0014984764857217,0.6715552806854248
635,0,background,0.3347338438034057,0.3347338438034057,0.0014964859001338,0.6647644639015198
636,0,background,0.327935516834259,0.327935516834259,0.0014985421439632,0.6715723276138306
637,0,background,0.3368095159530639,0.3368095159530639,0.001494973199442,0.6626862287521362
638,0,background,0.3282990455627441,0.3282990455627441,0.0014984965091571,0.6712082624435425
639,0,background,0.3361912965774536,0.3361912965774536,0.0014962400309741,0.6633049249649048
640,0,background,0.3284453749656677,0.3284453749656677,0.0014984167646616,0.6710617542266846
641,0,background,0.336683064699173,0.336683064699173,0.0014948671450838,0.6628128886222839
642,0,background,0.3355362117290497,0.3355362117290497,0.0014969077892601,0.6639607548713684
643,0,background,0.3282718658447265,0.3282718658447265,0.001498969621025,0.6712353229522705
644,0,background,0.3374667167663574,0.3374667167663574,0.0014953605132177,0.662027895450592
645,0,background,0.3287150263786316,0.3287150263786316,0.0014989232877269,0.670791506767273
646,0,background,0.3370685279369354,0.3370685279369354,0.0014966604067012,0.662426233291626
647,0,background,0.3287795782089233,0.3287795782089233,0.0014988497132435,0.6707268953323364
648,0,background,0.3372801840305328,0.3372801840305328,0.0014952580677345,0.6622147560119629
649,0,background,0.3282316923141479,0.3282316923141479,0.0014989118790253,0.6712755560874939
650,0,background,0.3286124765872955,0.3286124765872955,0.0014993215445429,0.6708940863609314
651,0,background,0.3364205062389374,0.3364205062389374,0.0014972927747294,0.6630750298500061
652,0,background,0.3286620378494262,0.3286620378494262,0.0014993643853813,0.6708444356918335
653,0,background,0.3381542265415191,0.3381542265415191,0.0014957365347072,0.6613392233848572
654,0,background,0.3291649222373962,0.3291649222373962,0.0014993137447163,0.6703408360481262
655,0,background,0.3379850685596466,0.3379850685596466,0.0014970459742471,0.6615082025527954
656,0,background,0.3291802704334259,0.3291802704334259,0.0014992565847933,0.6703254580497742
657,0,background,0.3379837572574615,0.3379837572574615,0.0014956339728087,0.6615099906921387
658,0,background,0.3290495574474334,0.3290495574474334,0.001499721314758,0.6704562306404114
659,0,background,0.3372519612312317,0.3372519612312317,0.0014976733364164,0.6622421741485596
660,0,background,0.3291172683238983,0.3291172683238983,0.0014997591497376,0.670388400554657
661,0,background,0.3389135599136352,0.3389135599136352,0.0014961125561967,0.6605786085128784
662,0,background,0.3296207785606384,0.3296207785606384,0.0014997142134234,0.6698841452598572
663,0,background,0.3387793898582458,0.3387793898582458,0.0014974252553656,0.6607125401496887
664,0,background,0.329621285200119,0.329621285200119,0.0014996606623753,0.669883668422699
665,0,background,0.3387387096881866,0.3387387096881866,0.001496011391282,0.6607537865638733
666,0,background,0.3397125601768493,0.3397125601768493,0.0014964902075007,0.6597782969474792
667,0,background,0.330091655254364,0.330091655254364,0.0015001212013885,0.6694124341011047
668,0,background,0.3395323753356933,0.3395323753356933,0.0014978089602664,0.6599583029747009
669,0,background,0.3300986886024475,0.3300986886024475,0.0015000619459897,0.6694054007530212
670,0,background,0.3395157158374786,0.3395157158374786,0.001496389042586,0.6599754691123962
671,0,background,0.3295495808124542,0.3295495808124542,0.0015001147985458,0.669955313205719
672,0,background,0.338046669960022,0.338046669960022,0.0014980542473495,0.6614461541175842
673,0,background,0.3296121656894684,0.3296121656894684,0.0015001598512753,0.6698926091194153
674,0,background,0.330584168434143,0.330584168434143,0.0015005298191681,0.668919026851654
675,0,background,0.3403376638889313,0.3403376638889313,0.0014981947606429,0.6591516733169556
676,0,background,0.3306110203266144,0.3306110203266144,0.0015004641609266,0.6688921451568604
677,0,background,0.3402445316314697,0.3402445316314697,0.0014967694878578,0.6592454314231873
678,0,background,0.3300701081752777,0.3300701081752777,0.0015005156164988,0.6694338917732239
679,0,background,0.3388352394104004,0.3388352394104004,0.0014984380686655,0.6606562733650208
680,0,background,0.3301079869270324,0.3301079869270324,0.001500564161688,0.669395923614502
681,0,background,0.340409368276596,0.340409368276596,0.0014968707691878,0.6590803265571594
682,0,background,0.3310580253601074,0.3310580253601074,0.0015009628841653,0.6684443354606628
683,0,background,0.3410221934318542,0.3410221934318542,0.001498608617112,0.6584659814834595
684,0,background,0.3310904800891876,0.3310904800891876,0.0015008935006335,0.6684118509292603
685,0,background,0.3407817780971527,0.3407817780971527,0.0014971792697906,0.6587072610855103
686,0,background,0.3305513560771942,0.3305513560771942,0.0015009413473308,0.6689517498016357
687,0,background,0.3395821750164032,0.3395821750164032,0.0014988504117354,0.6599080562591553
688,0,background,0.3305852115154266,0.3305852115154266,0.0015009971102699,0.6689178347587585
689,0,background,0.3409428298473358,0.3409428298473358,0.0014972813660278,0.6585459113121033
690,0,background,0.3315187990665436,0.3315187990665436,0.0015014131786301,0.6679826974868774
691,0,background,0.341614156961441,0.341614156961441,0.0014990388881415,0.6578729748725891
692,0,background,0.3315470516681671,0.3315470516681671,0.0015013423981145,0.6679544448852539
693,0,background,0.3413062393665313,0.3413062393665313,0.0014976084930822,0.6581818461418152
694,0,background,0.3310231864452362,0.3310231864452362,0.0015013923402875,0.6684790849685669
695,0,background,0.3401813507080078,0.3401813507080078,0.0014992801006883,0.6593078374862671
696,0,background,0.3310635089874267,0.3310635089874267,0.0015014475211501,0.6684386730194092
697,0,background,0.3414782881736755,0.3414782881736755,0.0014977090759202,0.6580095291137695
698,0,background,0.3319890201091766,0.3319890201091766,0.0015018628910183,0.6675116419792175
699,0,background,0.3422147035598755,0.3422147035598755,0.0014994685770943,0.6572713851928711
700,0,background,0.3320130705833435,0.3320130705833435,0.0015017926925793,0.6674875617027283
701,0,background,0.3418169617652893,0.3418169617652893,0.0014980357373133,0.6576701998710632
702,0,background,0.3314933776855469,0.3314933776855469,0.0015018342528492,0.668008029460907
703,0,background,0.3407810628414154,0.3407810628414154,0.0014997085090726,0.6587070822715759
704,0,background,0.3315400779247284,0.3315400779247284,0.0015018880367279,0.6679612398147583
705,0,background,0.3419766128063202,0.3419766128063202,0.0014981355052441,0.6575102806091309
706,2,surface_feature,0.7202485203742981,0.2793330550193786,0.0014957194216549,0.7202485203742981
707,2,surface_feature,0.8824790120124817,0.117345429956913,0.0014938859967514,0.8824790120124817
708,2,surface_feature,0.7201144695281982,0.2794669270515442,0.0014956666855141,0.7201144695281982
709,2,surface_feature,0.7092413902282715,0.2903234660625458,0.0014965727459639,0.7092413902282715
710,2,surface_feature,0.7050174474716187,0.2945398688316345,0.0015007000183686,0.7050174474716187
711,0,background,0.3061246871948242,0.3061246871948242,0.0014984180452302,0.6934159398078918
712,2,surface_feature,0.7051827907562256,0.2943747639656067,0.0015007505426183,0.7051827907562256
713,2,surface_feature,0.7094519138336182,0.290113240480423,0.0014966797316446,0.7094519138336182
714,0,background,0.5256279706954956,0.5256279706954956,0.0014916798099875,0.4735867977142334
715,0,background,0.5104537010192871,0.5104537010192871,0.001494948985055,0.4887820184230804
716,0,background,0.532679557800293,0.532679557800293,0.0014889509184285,0.4665261209011078
717,0,background,0.5123617053031921,0.5123617053031921,0.001494845142588,0.4868712127208709
718,0,background,0.5284071564674377,0.5284071564674377,0.0014910181052982,0.4708037972450256
719,0,background,0.5119415521621704,0.5119415521621704,0.0014949747128412,0.487291932106018
720,0,background,0.5317215323448181,0.5317215323448181,0.0014891437022015,0.4674854874610901
721,0,background,0.5100108981132507,0.5100108981132507,0.0014951020712032,0.4892254471778869
722,0,background,0.3310855329036712,0.3310855329036712,0.0015009214403107,0.6684167981147766
723,0,background,0.3410614132881164,0.3410614132881164,0.0014986221212893,0.6584267020225525
724,0,background,0.3311264514923095,0.3311264514923095,0.001500972895883,0.6683757901191711
725,0,background,0.3409661650657654,0.3409661650657654,0.0014972940552979,0.6585225462913513
726,0,background,0.3305877149105072,0.3305877149105072,0.0015010200440883,0.668915331363678
727,0,background,0.3396206200122833,0.3396206200122833,0.0014988625189289,0.6598695516586304
728,0,background,0.3306224346160888,0.3306224346160888,0.0015009527560323,0.6688805818557739
729,0,background,0.3408274054527282,0.3408274054527282,0.0014971913769841,0.6586615443229675
730,0,background,0.3402250707149505,0.3402250707149505,0.0014967794995754,0.6592649221420288
731,0,background,0.3305490911006927,0.3305490911006927,0.0015004897722974,0.6689541935920715
732,0,background,0.3403195738792419,0.3403195738792419,0.0014982082648202,0.6591697931289673
733,0,background,0.3305868506431579,0.3305868506431579,0.0015005383174866,0.6689163446426392
734,0,background,0.3403722643852234,0.3403722643852234,0.0014968834584578,0.6591174602508545
735,0,background,0.3300511240959167,0.3300511240959167,0.0015005855821073,0.6694528460502625
736,0,background,0.3388248085975647,0.3388248085975647,0.0014984494773671,0.6606667041778564
737,0,background,0.3300877511501312,0.3300877511501312,0.0015005198074504,0.6694161891937256
738,0,background,0.3394110798835754,0.3394110798835754,0.0014978246763348,0.6600797772407532
739,0,background,0.3300053477287292,0.3300053477287292,0.0015001356368884,0.669498860836029
740,0,background,0.3396017551422119,0.3396017551422119,0.0014965021982789,0.659889280796051
741,0,background,0.3294771313667297,0.3294771313667297,0.0015001833671703,0.6700278520584106
742,0,background,0.3379552662372589,0.3379552662372589,0.0014980641426518,0.6615377068519592
743,0,background,0.329503983259201,0.329503983259201,0.001500115613453,0.6700009703636169
744,0,background,0.3393931984901428,0.3393931984901428,0.0014963989378884,0.6600981950759888
745,0,background,0.3299544155597687,0.3299544155597687,0.0015000854618847,0.6695498824119568
746,0,background,0.3988117277622223,0.3988117277622223,0.0014788742410019,0.600597620010376
747,0,background,0.3979531824588775,0.3979531824588775,0.0014788911212235,0.601457417011261
748,0,background,0.3972451388835907,0.3972451388835907,0.0014784855302423,0.6021666526794434
749,0,background,0.3996710479259491,0.3996710479259491,0.0014787629479542,0.5997370481491089
750,0,background,0.3992674052715301,0.3992674052715301,0.0014786700485274,0.6001413464546204
751,0,background,0.403501957654953,0.403501957654953,0.0014778873883187,0.59590083360672
752,0,background,0.3999053835868835,0.3999053835868835,0.0014784350059926,0.5995025038719177
753,0,background,0.4000071585178375,0.4000071585178375,0.0014795081224292,0.5994001626968384
754,0,background,0.3937982618808746,0.3937982618808746,0.0014781956560909,0.6056187748908997
755,0,background,0.3976567387580871,0.3976567387580871,0.0014776354655623,0.6017547845840454
756,0,background,0.395342081785202,0.395342081785202,0.0014773680595681,0.6040729880332947
757,0,background,0.3989968001842499,0.3989968001842499,0.0014774454757571,0.6004128456115723
758,0,background,0.3949146866798401,0.3949146866798401,0.0014776580501347,0.6045008897781372
759,0,background,0.3991055488586426,0.3991055488586426,0.0014761742204427,0.6003044247627258
760,0,background,0.3922162652015686,0.3922162652015686,0.0014776445459574,0.6072033047676086
761,0,background,0.3943648636341095,0.3943648636341095,0.0014786382671445,0.6050511598587036
762,0,background,0.3885330855846405,0.3885330855846405,0.0014771964633837,0.610892117023468
763,0,background,0.3941325545310974,0.3941325545310974,0.0014772865688428,0.6052843332290649
764,0,background,0.388387531042099,0.388387531042099,0.0014771670103073,0.6110379099845886
765,0,background,0.3930956721305847,0.3930956721305847,0.0014771064743399,0.6063228249549866
766,0,background,0.3858150541782379,0.3858150541782379,0.0014769489644095,0.6136142611503601
767,0,background,0.3884625732898712,0.3884625732898712,0.0014781350037083,0.6109623908996582
768,0,background,0.385147362947464,0.385147362947464,0.0014775440795347,0.6142827272415161
769,0,background,0.3902727961540222,0.3902727961540222,0.0014775567688047,0.609149694442749
770,0,background,0.8867114782333374,0.8867114782333374,0.0044101090170443,0.1093607246875763
771,0,background,0.8418010473251343,0.8418010473251343,0.0015330038731917,0.1569065153598785
772,0,background,0.9511227011680604,0.9511227011680604,0.0014773920411244,0.0474700070917606
773,0,background,0.9375747442245485,0.9375747442245485,0.0015014517121016,0.0610154420137405
774,0,background,0.9537197351455688,0.9537197351455688,0.0014864107361063,0.044860552996397
775,0,background,0.90579354763031,0.90579354763031,0.001493816380389,0.0928513556718826
776,0,background,0.9512063264846802,0.9512063264846802,0.0014941378030925,0.0473703257739543
777,1,rivet,0.998817265033722,0.0011340857017785,0.998817265033722,0.0411328002810478
778,1,rivet,0.998816967010498,0.0011331352870911,0.998816967010498,0.0421777926385402
779,0,background,0.0010332718957215,0.0010332718957215,0.99884831905365,0.1028141155838966
780,1,rivet,0.9988170862197876,0.0011324863880872,0.9988170862197876,0.0426298268139362
781,1,rivet,0.998835027217865,0.0011124457232654,0.998835027217865,0.0450886487960815
782,0,background,0.001028184313327,0.001028184313327,0.9988486766815186,0.1069543361663818
783,1,rivet,0.998831570148468,0.0011174890678375,0.998831570148468,0.0435976646840572
784,0,background,0.915896475315094,0.915896475315094,0.0019235984655097,0.0823382511734962
785,0,background,0.914583683013916,0.914583683013916,0.0018130729440599,0.083755150437355
786,0,background,0.921562433242798,0.921562433242798,0.0015194497536867,0.0770351886749267
787,0,background,0.893748939037323,0.893748939037323,0.0015202913200482,0.1048902347683906
788,0,background,0.9459513425827026,0.9459513425827026,0.0015705610858276,0.0525606386363506
789,0,background,0.9400234222412108,0.9400234222412108,0.0014855299377813,0.0585780888795852
790,0,background,0.9059221744537354,0.9059221744537354,0.0015173690626397,0.0927011370658874
791,0,background,0.8571779727935791,0.8571779727935791,0.0015000270213931,0.1415342986583709
792,0,background,0.9048144817352296,0.9048144817352296,0.001517369877547,0.0938105136156082
793,0,background,0.9388521909713744,0.9388521909713744,0.0014854380860924,0.0597510673105716
794,0,background,0.9458146691322328,0.9458146691322328,0.001570567023009,0.0526975207030773
795,0,background,0.9142919778823853,0.9142919778823853,0.0015111883403733,0.0843242332339286
796,0,background,0.4199495911598205,0.4199495911598205,0.0015001005958765,0.5794194936752319
797,0,background,0.4276084005832672,0.4276084005832672,0.0014982140855863,0.5717499852180481
798,0,background,0.4187142550945282,0.4187142550945282,0.0015002111904323,0.5806566476821899
799,0,background,0.4258430898189544,0.4258430898189544,0.0014993073418736,0.5735175013542175
800,0,background,0.4188020527362823,0.4188020527362823,0.0015001683495938,0.5805687308311462
801,0,background,0.4277454614639282,0.4277454614639282,0.0014981327112764,0.5716127753257751
802,0,background,0.4199584126472473,0.4199584126472473,0.0015000812709331,0.5794106721878052
803,0,background,0.4279329776763916,0.4279329776763916,0.0014991052448749,0.5714245438575745
804,0,background,0.4205105900764465,0.4205105900764465,0.0015004912856966,0.5788574814796448
805,0,background,0.4281784296035766,0.4281784296035766,0.0014986121095716,0.5711789131164551
806,0,background,0.4192713797092438,0.4192713797092438,0.001500588376075,0.5800985097885132
807,0,background,0.4264363348484039,0.4264363348484039,0.0014997033867985,0.5729231834411621
808,0,background,0.419364720582962,0.419364720582962,0.0015005456516519,0.5800050497055054
809,0,background,0.4283051490783691,0.4283051490783691,0.0014985336456447,0.571052074432373
810,0,background,0.4205111861228943,0.4205111861228943,0.001500473357737,0.578856885433197
811,0,background,0.4285537302494049,0.4285537302494049,0.0014995001256465,0.5708026885986328
812,0,background,0.3221193253993988,0.3221193253993988,0.0014956125523895,0.6773982048034668
813,0,background,0.4061143100261688,0.4061143100261688,0.0015034439275041,0.5932741761207581
814,0,background,0.4333101511001587,0.4333101511001587,0.0015015903627499,0.566038191318512
815,0,background,0.4056178033351898,0.4056178033351898,0.0015033945674076,0.5937714576721191
816,0,background,0.3215844333171844,0.3215844333171844,0.001495448872447,0.677933931350708
817,2,surface_feature,0.8310912847518921,0.1686527580022812,0.0015153656713664,0.8310912847518921
818,0,background,0.4050828814506531,0.4050828814506531,0.0015034030657261,0.5943071842193604
819,0,background,0.432293564081192,0.432293564081192,0.0015015489188954,0.5670563578605652
820,0,background,0.4055817127227783,0.4055817127227783,0.0015034618554636,0.593807578086853
821,0,background,0.1688773334026336,0.1688773334026336,0.0015158960595726,0.830866277217865
822,0,background,0.436617910861969,0.436617910861969,0.0015012259827926,0.5627256631851196
823,0,background,0.4267515242099762,0.4267515242099762,0.001503158477135,0.5726060271263123
824,0,background,0.4357372522354126,0.4357372522354126,0.0015022726729512,0.5636071562767029
825,0,background,0.4267491102218628,0.4267491102218628,0.0015031999209895,0.5726084113121033
826,0,background,0.4367022514343261,0.4367022514343261,0.0015012831427156,0.5626411437988281
827,0,background,0.4272989332675934,0.4272989332675934,0.0015031790826469,0.5720577836036682
828,0,background,0.4367228150367737,0.4367228150367737,0.0015023255255073,0.5626201033592224
829,0,background,0.4272893071174621,0.4272893071174621,0.0015031427610665,0.5720674395561218
830,0,background,0.3235843181610107,0.3235843181610107,0.0014961872948333,0.6759307980537415
831,0,background,0.4078913629055023,0.4078913629055023,0.0015038270503282,0.5914943218231201
832,0,background,0.4344278573989868,0.4344278573989868,0.0015019292477518,0.5649186968803406
833,0,background,0.4074310958385467,0.4074310958385467,0.0015037753619253,0.591955304145813
834,0,background,0.3230466544628143,0.3230466544628143,0.0014959985855966,0.6764693260192871
835,0,background,0.169163092970848,0.169163092970848,0.0015167738310992,0.830579936504364
836,0,background,0.4069281220436096,0.4069281220436096,0.0015037890989333,0.5924590229988098
837,0,background,0.4334207475185394,0.4334207475185394,0.0015018836129456,0.5659273266792297
838,0,background,0.407374233007431,0.407374233007431,0.0015038499841466,0.5920122265815735
839,0,background,0.1694187819957733,0.1694187819957733,0.0015174305299296,0.8303237557411194
840,0,background,0.4340201914310455,0.4340201914310455,0.0015001912834122,0.5653277039527893
841,0,background,0.4243544340133667,0.4243544340133667,0.0015021181898191,0.5750072002410889
842,0,background,0.4329687654972076,0.4329687654972076,0.0015012488001957,0.5663802623748779
843,0,background,0.4243161976337433,0.4243161976337433,0.0015021610306575,0.5750454664230347
844,0,background,0.4340545237064361,0.4340545237064361,0.0015002441359683,0.5652933120727539
845,0,background,0.4248407483100891,0.4248407483100891,0.001502156839706,0.5745201110839844
846,0,background,0.4339545667171478,0.4339545667171478,0.0015012866351753,0.5653929710388184
847,0,background,0.4248905181884765,0.4248905181884765,0.001502118888311,0.5744702816009521
848,0,background,0.4332045018672943,0.4332045018672943,0.0014998799888417,0.5661447644233704
849,0,background,0.4240578711032867,0.4240578711032867,0.0015017919940873,0.5753043293952942
850,0,background,0.4330509901046753,0.4330509901046753,0.0015009243506938,0.5662980675697327
851,0,background,0.4240671098232269,0.4240671098232269,0.0015017548575997,0.575295090675354
852,0,background,0.433155357837677,0.433155357837677,0.0014998299302533,0.5661939978599548
853,0,background,0.4235692024230957,0.4235692024230957,0.0015017548575997,0.5757937431335449
854,0,background,0.4320924282073974,0.4320924282073974,0.0015008827904239,0.5672580599784851
855,0,background,0.4235737025737762,0.4235737025737762,0.0015017978148534,0.575789213180542
856,0,background,0.4231358468532562,0.4231358468532562,0.0015013938536867,0.5762279033660889
857,0,background,0.4322552382946014,0.4322552382946014,0.0014994685770943,0.5670956373214722
858,0,background,0.4226806759834289,0.4226806759834289,0.0015013959491625,0.576683759689331
859,0,background,0.4311801493167877,0.4311801493167877,0.0015005198074504,0.5681718587875366
860,0,background,0.4226861298084259,0.4226861298084259,0.0015014361124485,0.5766782760620117
861,0,background,0.4323072731494903,0.4323072731494903,0.0014995186356827,0.5670434832572937
862,0,background,0.4231257140636444,0.4231257140636444,0.0015014288946986,0.5762380361557007
863,0,background,0.4321081936359405,0.4321081936359405,0.0015005627647042,0.567242443561554
864,0,background,0.4314271211624145,0.4314271211624145,0.001499104546383,0.5679251551628113
865,0,background,0.4218686819076538,0.4218686819076538,0.001501030055806,0.577497124671936
866,0,background,0.4303373098373413,0.4303373098373413,0.0015001533320173,0.56901615858078
867,0,background,0.4218768775463104,0.4218768775463104,0.0015010694041848,0.577488899230957
868,0,background,0.4314580261707306,0.4314580261707306,0.0014991516945883,0.5678941607475281
869,0,background,0.4222891330718994,0.4222891330718994,0.001501060090959,0.5770760178565979
870,0,background,0.4312375783920288,0.4312375783920288,0.0015001961728557,0.5681145191192627
871,0,background,0.4222976267337799,0.4222976267337799,0.0015010271454229,0.5770675539970398
872,0,background,0.4306930899620056,0.4306930899620056,0.0014987376052886,0.5686604380607605
873,0,background,0.4211352467536926,0.4211352467536926,0.0015006584580987,0.5782318115234375
874,0,background,0.4295662641525268,0.4295662641525268,0.0014997855760157,0.5697885155677795
875,0,background,0.4211435616016388,0.4211435616016388,0.0015007004840299,0.578223466873169
876,0,background,0.4307143986225128,0.4307143986225128,0.001498787663877,0.5686390995979309
877,0,background,0.4215798377990722,0.4215798377990722,0.0015006883768364,0.5777865648269653
878,0,background,0.4304616451263428,0.4304616451263428,0.001499829115346,0.5688917636871338
879,0,background,0.421586275100708,0.421586275100708,0.0015006569446995,0.5777801275253296
880,0,background,0.4209602773189544,0.4209602773189544,0.001500278362073,0.5784072279930115
881,0,background,0.4300368726253509,0.4300368726253509,0.0014983696164563,0.5693178176879883
882,0,background,0.4204879403114319,0.4204879403114319,0.0015002805739641,0.578880250453949
883,0,background,0.4288858473300934,0.4288858473300934,0.0014994150260463,0.5704700946807861
884,0,background,0.420506864786148,0.420506864786148,0.0015003256266936,0.5788612961769104
885,0,background,0.4300754070281982,0.4300754070281982,0.0014984208391979,0.5692791938781738
886,0,background,0.4209668040275574,0.4209668040275574,0.0015003111911937,0.5784006714820862
887,0,background,0.4297842681407928,0.4297842681407928,0.0014994613593444,0.5695703029632568
888,0,background,0.4336938560009002,0.4336938560009002,0.0015012223739176,0.5656540989875793
889,0,background,0.4241962730884552,0.4241962730884552,0.0015031126094982,0.5751651525497437
890,0,background,0.432151198387146,0.432151198387146,0.0015023341402411,0.5671985745429993
891,0,background,0.4242928922176361,0.4242928922176361,0.0015030610375106,0.5750684142112732
892,0,background,0.4336301982402801,0.4336301982402801,0.0015011501964181,0.565717875957489
893,0,background,0.4253125786781311,0.4253125786781311,0.0015029980568215,0.5740472078323364
894,0,background,0.4342904090881347,0.4342904090881347,0.0015021002618595,0.5650562644004822
895,0,background,0.4253469109535217,0.4253469109535217,0.0015030303038656,0.574012815952301
896,0,background,0.4235248565673828,0.4235248565673828,0.0015027719782665,0.5758377313613892
897,0,background,0.4314459860324859,0.4314459860324859,0.0015019816346466,0.5679050087928772
898,0,background,0.4236065745353699,0.4236065745353699,0.001502723316662,0.5757558941841125
899,0,background,0.4329184293746948,0.4329184293746948,0.0015008028130978,0.5664308667182922
900,0,background,0.4246502816677093,0.4246502816677093,0.001502655330114,0.5747106671333313
901,0,background,0.4335534572601318,0.4335534572601318,0.0015017505502328,0.5657944679260254
902,0,background,0.4246793687343597,0.4246793687343597,0.0015026833862066,0.5746815204620361
903,0,background,0.4329907596111297,0.4329907596111297,0.0015008756890892,0.5663583874702454
904,0,background,0.4416816830635071,0.4416816830635071,0.0015007714973762,0.5576544404029846
905,0,background,0.4359259307384491,0.4359259307384491,0.0015032428782433,0.5634177923202515
906,0,background,0.4419169723987579,0.4419169723987579,0.0015015597455203,0.5574184656143188
907,0,background,0.436518132686615,0.436518132686615,0.0015031956136226,0.5628247261047363
908,0,background,0.4421457052230835,0.4421457052230835,0.0015007250476628,0.5571897625923157
909,0,background,0.4374677836894989,0.4374677836894989,0.0015031234361231,0.5618736743927002
910,0,background,0.443975955247879,0.443975955247879,0.0015013344818726,0.555356502532959
911,0,background,0.4370260834693908,0.4370260834693908,0.001503151259385,0.5623160004615784
912,0,background,0.4232057631015777,0.4232057631015777,0.0015019695274531,0.5761576294898987
913,0,background,0.4314339458942413,0.4314339458942413,0.0015001506544649,0.5679178833961487
914,0,background,0.4220410287380218,0.4220410287380218,0.00150206242688,0.5773240923881531
915,0,background,0.4298139810562134,0.4298139810562134,0.0015012458898127,0.5695397853851318
916,0,background,0.4221132695674896,0.4221132695674896,0.0015020180726423,0.5772517323493958
917,0,background,0.4313468337059021,0.4313468337059021,0.0015000698622316,0.5680051445960999
918,0,background,0.423158049583435,0.423158049583435,0.0015019464772194,0.5762054324150085
919,0,background,0.4319421052932739,0.4319421052932739,0.0015010229544714,0.567408561706543
920,0,background,0.4224167466163635,0.4224167466163635,0.0015016061952337,0.5769479870796204
921,0,background,0.4305548071861267,0.4305548071861267,0.0014997720718383,0.5687984824180603
922,0,background,0.4212304055690765,0.4212304055690765,0.0015016990946605,0.5781360864639282
923,0,background,0.4288506805896759,0.4288506805896759,0.0015008642803877,0.5705047249794006
924,0,background,0.4213087260723114,0.4213087260723114,0.0015016512479633,0.5780576467514038
925,0,background,0.4304535984992981,0.4304535984992981,0.001499691279605,0.5688998699188232
926,0,background,0.4223760664463043,0.4223760664463043,0.0015015826793387,0.5769887566566467
927,0,background,0.4310245513916015,0.4310245513916015,0.0015006499597802,0.5683276653289795
928,0,background,0.4215916097164154,0.4215916097164154,0.0015012408839538,0.5777745246887207
929,0,background,0.4295876026153564,0.4295876026153564,0.0014993920922279,0.5697672963142395
930,0,background,0.4204006195068359,0.4204006195068359,0.0015013366937637,0.578967273235321
931,0,background,0.4278954863548279,0.4278954863548279,0.0015004855813458,0.5714614987373352
932,0,background,0.4205217659473419,0.4205217659473419,0.001501289429143,0.5788459777832031
933,0,background,0.4295913577079773,0.4295913577079773,0.001499312929809,0.5697636008262634
934,0,background,0.4215981066226959,0.4215981066226959,0.0015012194635346,0.5777680277824402
935,0,background,0.4300360381603241,0.4300360381603241,0.0015002727741375,0.5693178176879883
936,0,background,0.4288643896579742,0.4288643896579742,0.0014990038471296,0.5704917907714844
937,0,background,0.4198634624481201,0.4198634624481201,0.0015009634662419,0.5795053839683533
938,0,background,0.4271326065063476,0.4271326065063476,0.0015000961720943,0.5722256898880005
939,0,background,0.4199935793876648,0.4199935793876648,0.0015009163180366,0.5793750882148743
940,0,background,0.4289483726024627,0.4289483726024627,0.0014989252667874,0.5704076886177063
941,0,background,0.421097457408905,0.421097457408905,0.0015008485643193,0.5782696008682251
942,0,background,0.4293023943901062,0.4293023943901062,0.0014998891856521,0.5700527429580688
943,0,background,0.4210698902606964,0.4210698902606964,0.0015008687041699,0.5782971978187561
944,0,background,0.3989339172840118,0.3989339172840118,0.0014783785445615,0.6004754304885864
945,0,background,0.4005046784877777,0.4005046784877777,0.0014777916949242,0.5989025831222534
946,0,background,0.3980654180049896,0.3980654180049896,0.0014784939121454,0.6013451814651489
947,0,background,0.398099422454834,0.398099422454834,0.0014784350059926,0.6013111472129822
948,0,background,0.3973560631275177,0.3973560631275177,0.0014782624784857,0.6020556688308716
949,0,background,0.3967987596988678,0.3967987596988678,0.0014785721432417,0.6026136875152588
950,0,background,0.3994020819664001,0.3994020819664001,0.0014788263943046,0.6000064015388489
951,0,background,0.3988918960094452,0.3988918960094452,0.0014792588772252,0.6005171537399292
952,0,background,0.39773890376091,0.39773890376091,0.0014761039055883,0.6016731262207031
953,0,background,0.3938977718353271,0.3938977718353271,0.0014776206808164,0.6055193543434143
954,0,background,0.3975560367107391,0.3975560367107391,0.0014773581642657,0.6018557548522949
955,0,background,0.3910607993602752,0.3910607993602752,0.0014775735326111,0.6083605289459229
956,0,background,0.3916888236999511,0.3916888236999511,0.0014778472250327,0.6077314615249634
957,0,background,0.3882282674312591,0.3882282674312591,0.0014782688813284,0.6111969947814941
958,0,background,0.3899757266044616,0.3899757266044616,0.0014789467677474,0.60944664478302
959,0,background,0.390358030796051,0.390358030796051,0.0014775460585951,0.6090643405914307
960,0,background,0.3816579580307007,0.3816579580307007,0.0014773879665881,0.6177773475646973
961,0,background,0.3860535323619842,0.3860535323619842,0.0014777509495615,0.6133751273155212
962,0,background,0.3812949061393738,0.3812949061393738,0.0014771023998036,0.6181410551071167
963,0,background,0.38199582695961,0.38199582695961,0.0014777410542592,0.6174388527870178
964,0,background,0.3776369988918304,0.3776369988918304,0.0014772830763831,0.6218042969703674
965,0,background,0.3802834749221802,0.3802834749221802,0.0014783701626583,0.6191534996032715
966,0,background,0.3786066770553589,0.3786066770553589,0.0014769110130146,0.6208333373069763
967,0,background,0.3853863179683685,0.3853863179683685,0.0014775573508813,0.6140434145927429
968,0,background,0.3348333835601806,0.3348333835601806,0.001497512217611,0.6646644473075867
969,0,background,0.324481189250946,0.324481189250946,0.0015001170104369,0.675031304359436
970,0,background,0.3368476629257202,0.3368476629257202,0.0014959608670324,0.6626476645469666
971,0,background,0.3255540132522583,0.3255540132522583,0.0014999255072325,0.6739569306373596
972,0,background,0.3366945087909698,0.3366945087909698,0.0014972428325563,0.6628006100654602
973,0,background,0.325507789850235,0.325507789850235,0.0014998734695836,0.6740032434463501
974,0,background,0.3366836905479431,0.3366836905479431,0.0014958576066419,0.6628119349479675
975,0,background,0.3245134651660919,0.3245134651660919,0.0015000505372881,0.6749989986419678
976,0,background,0.3373346030712127,0.3373346030712127,0.0014976091915741,0.6621594429016113
977,0,background,0.3258496522903442,0.3258496522903442,0.0015002483269199,0.6736607551574707
978,0,background,0.3372782170772552,0.3372782170772552,0.0014962266432121,0.6622163653373718
979,0,background,0.3248226046562195,0.3248226046562195,0.0015004248125478,0.6746892929077148
980,0,background,0.3354142010211944,0.3354142010211944,0.0014978793915361,0.6640826463699341
981,0,background,0.3247450292110443,0.3247450292110443,0.0015005011809989,0.6747669577598572
982,0,background,0.3369784951210022,0.3369784951210022,0.0014963212888687,0.6625165343284607
983,0,background,0.3258587419986725,0.3258587419986725,0.0015003082808107,0.6736516356468201
984,0,background,0.3363425433635711,0.3363425433635711,0.0014983088476583,0.6631527543067932
985,0,background,0.3254503011703491,0.3254503011703491,0.0015009514754638,0.6740604639053345
986,0,background,0.3378303050994873,0.3378303050994873,0.0014967466704547,0.661663293838501
987,0,background,0.326507955789566,0.326507955789566,0.001500759855844,0.6730012893676758
988,0,background,0.3381454050540924,0.3381454050540924,0.0014980328269302,0.6613472700119019
989,0,background,0.3264707922935486,0.3264707922935486,0.0015007078181952,0.6730385422706604
990,0,background,0.3376877307891845,0.3376877307891845,0.00149664550554,0.6618061065673828
991,0,background,0.3254805207252502,0.3254805207252502,0.0015008841874077,0.6740302443504333
992,0,background,0.5074955821037292,0.5074955821037292,0.0014950472395867,0.4917445182800293
993,0,background,0.5235258340835571,0.5235258340835571,0.0014917281223461,0.4756920039653778
994,0,background,0.5070288181304932,0.5070288181304932,0.0014951968332752,0.4922119677066803
995,0,background,0.5277881026268005,0.5277881026268005,0.0014892882900312,0.4714247286319732
996,0,background,0.5088237524032593,0.5088237524032593,0.0014951028861105,0.4904143512248993
997,0,background,0.5265487432479858,0.5265487432479858,0.0014910520985722,0.4726649522781372
998,0,background,0.509244441986084,0.509244441986084,0.0014949759934097,0.4899931252002716
999,0,background,0.5287314057350159,0.5287314057350159,0.0014890854945406,0.4704801142215729
1000,0,background,0.3398120701313019,0.3398120701313019,0.0014992951182648,0.6596776843070984
1001,0,background,0.3278956711292267,0.3278956711292267,0.0015020967693999,0.6716110706329346
1002,0,background,0.3393193781375885,0.3393193781375885,0.0014980070991441,0.6601715683937073
1003,0,background,0.3268879950046539,0.3268879950046539,0.001502246945165,0.6726201772689819
1004,0,background,0.3380358517169952,0.3380358517169952,0.0014995728852227,0.6614564657211304
1005,0,background,0.326840341091156,0.326840341091156,0.0015021917643025,0.672667920589447
1006,0,background,0.3391277492046356,0.3391277492046356,0.001497907214798,0.660363495349884
1007,0,background,0.3278991878032684,0.3278991878032684,0.0015020252903923,0.6716075539588928
1008,0,background,0.3392448425292969,0.3392448425292969,0.0014988675247877,0.6602458953857422
1009,0,background,0.3274168968200683,0.3274168968200683,0.0015016483375802,0.6720907092094421
1010,0,background,0.3388399481773376,0.3388399481773376,0.0014975813683122,0.6606518626213074
1011,0,background,0.3264331817626953,0.3264331817626953,0.0015018221456557,0.6730758547782898
1012,0,background,0.3374944925308227,0.3374944925308227,0.0014991458738222,0.6619988083839417
1013,0,background,0.3263806402683258,0.3263806402683258,0.0015017669647932,0.6731284856796265
1014,0,background,0.338636189699173,0.338636189699173,0.0014974807854741,0.6608559489250183
1015,0,background,0.3274184763431549,0.3274184763431549,0.0015015790704637,0.672089159488678
1016,0,background,0.3387409746646881,0.3387409746646881,0.0014984357403591,0.660750687122345
1017,0,background,0.326987624168396,0.326987624168396,0.0015011965297162,0.6725207567214966
1018,0,background,0.3383969962596893,0.3383969962596893,0.001497151562944,0.6610956192016602
1019,0,background,0.3260090947151184,0.3260090947151184,0.0015013717347756,0.6735007166862488
1020,0,background,0.3369883298873901,0.3369883298873901,0.0014987161848694,0.6625058650970459
1021,0,background,0.3259498178958893,0.3259498178958893,0.0015013187658041,0.6735600829124451
1022,0,background,0.3382042050361633,0.3382042050361633,0.0014970516785979,0.6612887382507324
1023,0,background,0.3269934952259063,0.3269934952259063,0.0015011301729828,0.6725149154663086
1024,0,background,0.3381905555725097,0.3381905555725097,0.0014980086125433,0.6613020896911621
1025,0,background,0.3265440464019775,0.3265440464019775,0.0015007456531748,0.6729651689529419
1026,0,background,0.3378988206386566,0.3378988206386566,0.0014967246679589,0.6615946888923645
1027,0,background,0.3255494832992553,0.3255494832992553,0.0015009192284196,0.6739611625671387
1028,0,background,0.3364167213439941,0.3364167213439941,0.0014982861466705,0.6630784869194031
1029,0,background,0.3254970610141754,0.3254970610141754,0.0015008706832304,0.6740136742591858
1030,0,background,0.3377496898174286,0.3377496898174286,0.0014966226881369,0.6617440581321716
1031,0,background,0.3265609741210937,0.3265609741210937,0.0015006783651188,0.6729482412338257
1032,0,background,0.3375473022460937,0.3375473022460937,0.0014976055826991,0.6619464159011841
1033,0,background,0.3260823488235473,0.3260823488235473,0.0015003198059275,0.6734277009963989
1034,0,background,0.3374647796154022,0.3374647796154022,0.0014963228022679,0.662029504776001
1035,0,background,0.3250797986984253,0.3250797986984253,0.0015004976885393,0.6744316816329956
1036,0,background,0.335689514875412,0.335689514875412,0.001497883000411,0.6638069152832031
1037,0,background,0.3250154852867126,0.3250154852867126,0.0015004477463662,0.6744961142539978
1038,0,background,0.3372910916805267,0.3372910916805267,0.001496223732829,0.6622034907341003
1039,0,background,0.3260884881019592,0.3260884881019592,0.0015002576401457,0.6734215617179871
1040,0,background,0.3348792195320129,0.3348792195320129,0.0014974994119256,0.6646185517311096
1041,0,background,0.3245300948619842,0.3245300948619842,0.0015000448329374,0.6749823689460754
1042,0,background,0.3367151021957397,0.3367151021957397,0.0014958441024646,0.6627804636955261
1043,0,background,0.3255853652954101,0.3255853652954101,0.0014998556580394,0.6739255785942078
1044,0,background,0.3367165029048919,0.3367165029048919,0.0014972279313951,0.6627786159515381
1045,0,background,0.32557013630867,0.32557013630867,0.0014999234117567,0.6739407777786255
1046,0,background,0.3369036614894867,0.3369036614894867,0.001495947362855,0.6625915765762329
1047,0,background,0.3245809674263,0.3245809674263,0.0015000968705862,0.6749314069747925
1048,0,background,0.334048330783844,0.334048330783844,0.0014971229247748,0.6654508113861084
1049,0,background,0.324014276266098,0.324014276266098,0.0014996469253674,0.6754990816116333
1050,0,background,0.3360743224620819,0.3360743224620819,0.0014954850776121,0.6634223461151123
1051,0,background,0.3250564634799957,0.3250564634799957,0.0014994600787758,0.6744554042816162
1052,0,background,0.3358886241912842,0.3358886241912842,0.0014968536561354,0.6636078357696533
1053,0,background,0.3250321447849273,0.3250321447849273,0.0014995278324931,0.6744797229766846
1054,0,background,0.3362695872783661,0.3362695872783661,0.001495579839684,0.6632267236709595
1055,0,background,0.3240576982498169,0.3240576982498169,0.0014996984973549,0.6754555702209473
1056,0,background,0.3331463932991028,0.3331463932991028,0.0014967473689466,0.666354238986969
1057,0,background,0.3235439360141754,0.3235439360141754,0.0014992493670433,0.6759702563285828
1058,0,background,0.3353568017482757,0.3353568017482757,0.0014951406046748,0.664141058921814
1059,0,background,0.3245911300182342,0.3245911300182342,0.0014990603085607,0.6749215722084045
1060,0,background,0.3350754082202911,0.3350754082202911,0.0014964829897508,0.6644223928451538
1061,0,background,0.3245547413825989,0.3245547413825989,0.001499128062278,0.6749579906463623
1062,0,background,0.3355216681957245,0.3355216681957245,0.0014952323399484,0.6639758944511414
1063,0,background,0.3235802352428436,0.3235802352428436,0.0014993001241236,0.6759338974952698
1064,0,background,0.3341213762760162,0.3341213762760162,0.0014961082488298,0.6653779745101929
1065,0,background,0.3240832686424255,0.3240832686424255,0.0014987235190346,0.6754302978515625
1066,0,background,0.3347184956073761,0.3347184956073761,0.0014948821626603,0.6647803783416748
1067,0,background,0.3231221139431,0.3231221139431,0.0014989003539085,0.6763928532600403
1068,0,background,0.3322426378726959,0.3322426378726959,0.0014963718131184,0.6672594547271729
1069,0,background,0.3230684101581573,0.3230684101581573,0.0014988533221185,0.6764466166496277
1070,0,background,0.3344664871692657,0.3344664871692657,0.0014947924064472,0.6650328040122986
1071,0,background,0.324095070362091,0.324095070362091,0.0014986578607931,0.675418496131897
1072,0,background,0.3332855105400085,0.3332855105400085,0.0014957023086026,0.6662152409553528
1073,0,background,0.3237746357917785,0.3237746357917785,0.0014982895227149,0.6757395267486572
1074,0,background,0.3340384364128113,0.3340384364128113,0.0014945070724934,0.6654615998268127
1075,0,background,0.3227831721305847,0.3227831721305847,0.0014984750887379,0.6767324209213257
1076,0,background,0.3314861059188843,0.3314861059188843,0.0014959644759073,0.6680172681808472
1077,0,background,0.3227195143699646,0.3227195143699646,0.0014984252629801,0.6767961978912354
1078,0,background,0.3336532115936279,0.3336532115936279,0.0014944138238206,0.6658474206924438
1079,0,background,0.3237534165382385,0.3237534165382385,0.0014982233988121,0.675760805606842
1080,0,background,0.3326555490493774,0.3326555490493774,0.0014952943893149,0.6668462753295898
1081,0,background,0.3235904574394226,0.3235904574394226,0.0014978596009314,0.6759241223335266
1082,0,background,0.3334728181362152,0.3334728181362152,0.0014941308181732,0.6660282015800476
1083,0,background,0.3225666880607605,0.3225666880607605,0.0014980499399825,0.6769493818283081
1084,0,background,0.3308264017105102,0.3308264017105102,0.0014955542283132,0.6686781048774719
1085,0,background,0.3225044906139374,0.3225044906139374,0.0014979937113821,0.6770116686820984
1086,0,background,0.3330661058425903,0.3330661058425903,0.0014940346591174,0.6664355397224426
1087,0,background,0.3235848844051361,0.3235848844051361,0.0014977882383391,0.6759297251701355
1088,0,background,0.3328221142292022,0.3328221142292022,0.0014936533989384,0.6666800379753113
1089,0,background,0.3235465288162231,0.3235465288162231,0.0014973504003137,0.6759682893753052
1090,0,background,0.3321406543254852,0.3321406543254852,0.0014948806492611,0.6673620939254761
1091,0,background,0.3234559595584869,0.3234559595584869,0.0014974287478253,0.6760589480400085
1092,0,background,0.3330150246620178,0.3330150246620178,0.0014937493251636,0.6664867997169495
1093,0,background,0.3224964737892151,0.3224964737892151,0.0014976219972595,0.6770198345184326
1094,0,background,0.3304912745952606,0.3304912745952606,0.0014951427001506,0.6690138578414917
1095,0,background,0.3225090503692627,0.3225090503692627,0.0014975620433688,0.677007257938385
1096,0,background,0.5231286287307739,0.5231286287307739,0.0014909839956089,0.4760901629924774
1097,0,background,0.5404312014579773,0.5404312014579773,0.0014875761698931,0.4587636590003967
1098,0,background,0.5224339962005615,0.5224339962005615,0.0014911444159224,0.4767858386039734
1099,0,background,0.5400171875953674,0.5400171875953674,0.0014857753412798,0.4591792523860931
1100,0,background,0.5208962559700012,0.5208962559700012,0.0014913404593244,0.4783257246017456
1101,0,background,0.5368410348892212,0.5368410348892212,0.0014882115647196,0.4623588025569916
1102,0,background,0.5214086174964905,0.5214086174964905,0.001491209026426,0.4778127074241638
1103,0,background,0.5411757230758667,0.5411757230758667,0.0014855560148134,0.4580191671848297
1104,0,background,0.3302400112152099,0.3302400112152099,0.0014932943740859,0.6692661046981812
1105,0,background,0.3233625590801239,0.3233625590801239,0.001495651085861,0.6761530637741089
1106,0,background,0.3328059613704681,0.3328059613704681,0.0014918823726475,0.6666967868804932
1107,0,background,0.3243882656097412,0.3243882656097412,0.0014954103389754,0.6751258969306946
1108,0,background,0.3317358493804931,0.3317358493804931,0.0014930228935554,0.667768120765686
1109,0,background,0.3242520987987518,0.3242520987987518,0.0014954772777855,0.6752622723579407
1110,0,background,0.3328294456005096,0.3328294456005096,0.0014919887762516,0.6666732430458069
1111,0,background,0.3233014345169067,0.3233014345169067,0.0014957052189856,0.6762142777442932
1112,0,background,0.3236881196498871,0.3236881196498871,0.0014947247691452,0.6758273243904114
1113,0,background,0.3300363421440124,0.3300363421440124,0.0014924294082447,0.6694703698158264
1114,0,background,0.3237111568450928,0.3237111568450928,0.0014946772716939,0.6758042573928833
1115,0,background,0.3326856791973114,0.3326856791973114,0.0014910394093021,0.6668175458908081
1116,0,background,0.3247600197792053,0.3247600197792053,0.001494369818829,0.6747539639472961
1117,0,background,0.3314896821975708,0.3314896821975708,0.0014921572292223,0.6680149435997009
1118,0,background,0.3246131539344787,0.3246131539344787,0.0014944402500987,0.674901008605957
1119,0,background,0.3327202200889587,0.3327202200889587,0.0014911529142409,0.6667829155921936
1120,0,background,0.3238263726234436,0.3238263726234436,0.0014941990375518,0.6756890416145325
1121,0,background,0.3298434019088745,0.3298434019088745,0.001491997973062,0.6696637272834778
1122,0,background,0.3238603174686432,0.3238603174686432,0.0014941670233383,0.6756550669670105
1123,0,background,0.3326106965541839,0.3326106965541839,0.001490625552833,0.6668927669525146
1124,0,background,0.3249264359474182,0.3249264359474182,0.0014938547974452,0.6745874285697937
1125,0,background,0.3313346207141876,0.3313346207141876,0.0014917281223461,0.6681703925132751
1126,0,background,0.3247503340244293,0.3247503340244293,0.0014939194079488,0.6747637987136841
1127,0,background,0.3325749635696411,0.3325749635696411,0.0014907327713444,0.6669285297393799
1128,0,background,0.3240866363048553,0.3240866363048553,0.001493647112511,0.675428569316864
1129,0,background,0.3325112462043762,0.3325112462043762,0.0014902162365615,0.6669924855232239
1130,0,background,0.3251078426837921,0.3251078426837921,0.0014933448983356,0.6744059324264526
1131,0,background,0.3310894966125488,0.3310894966125488,0.0014913048362359,0.6684160232543945
1132,0,background,0.3249420821666717,0.3249420821666717,0.0014934081118553,0.6745719313621521
1133,0,background,0.3324702978134155,0.3324702978134155,0.0014903239207342,0.6670334935188293
1134,0,background,0.3239951431751251,0.3239951431751251,0.0014936954248696,0.6755201816558838
1135,0,background,0.3296243548393249,0.3296243548393249,0.001491573289968,0.6698832511901855
1136,0,background,0.3293148279190063,0.3293148279190063,0.0014911516336724,0.6701933741569519
1137,0,background,0.3242464661598205,0.3242464661598205,0.0014931323239579,0.6752686500549316
1138,0,background,0.3322888016700744,0.3322888016700744,0.0014898201916366,0.6672154068946838
1139,0,background,0.3252310454845428,0.3252310454845428,0.0014928251039236,0.6742827296257019
1140,0,background,0.33073490858078,0.33073490858078,0.0014908902812749,0.6687712669372559
1141,0,background,0.3250524997711181,0.3250524997711181,0.0014929090393707,0.6744614839553833
1142,0,background,0.3322501480579376,0.3322501480579376,0.0014899251982569,0.6672540903091431
1143,0,background,0.3241378962993622,0.3241378962993622,0.0014932019403204,0.675377368927002
1144,0,background,0.3320402204990387,0.3320402204990387,0.0014894336927682,0.6674644947052002
1145,0,background,0.32517009973526,0.32517009973526,0.0014922466361895,0.6743439435958862
1146,0,background,0.3304042220115661,0.3304042220115661,0.0014905084390193,0.6691025495529175
1147,0,background,0.3250422179698944,0.3250422179698944,0.0014923718990758,0.6744719743728638
1148,0,background,0.3320089876651764,0.3320089876651764,0.0014895364874973,0.6674957275390625
1149,0,background,0.3241388499736786,0.3241388499736786,0.0014926687581464,0.6753765940666199
1150,0,background,0.3290119171142578,0.3290119171142578,0.0014907327713444,0.6704968810081482
1151,0,background,0.3242121040821075,0.3242121040821075,0.0014925601426512,0.6753032803535461
1152,0,background,0.3286672830581665,0.3286672830581665,0.0014903182163834,0.670842170715332
1153,0,background,0.3241203725337982,0.3241203725337982,0.0014919938985258,0.6753953099250793
1154,0,background,0.3317763805389404,0.3317763805389404,0.0014890544116497,0.667728841304779
1155,0,background,0.3250895738601684,0.3250895738601684,0.0014916784130036,0.6744247674942017
1156,0,background,0.3300817310810089,0.3300817310810089,0.001490123802796,0.6694256663322449
1157,0,background,0.3249589800834656,0.3249589800834656,0.0014918063534423,0.6745555400848389
1158,0,background,0.3317448198795318,0.3317448198795318,0.0014891508035361,0.66776043176651
1159,0,background,0.3240577280521393,0.3240577280521393,0.0014921046094968,0.6754580140113831
1160,0,background,0.328252762556076,0.328252762556076,0.0014899265952408,0.6712574362754822
1161,0,background,0.3238178193569183,0.3238178193569183,0.0014914298662915,0.6756985187530518
1162,0,background,0.3314455449581146,0.3314455449581146,0.0014886701246723,0.668060302734375
1163,0,background,0.3248253762722015,0.3248253762722015,0.0014911089092493,0.674689531326294
1164,0,background,0.3296771645545959,0.3296771645545959,0.0014897371875122,0.6698309779167175
1165,0,background,0.3247518539428711,0.3247518539428711,0.0014912331243976,0.6747631430625916
1166,0,background,0.3314444422721863,0.3314444422721863,0.0014887651195749,0.668061375617981
1167,0,background,0.3238342702388763,0.3238342702388763,0.0014915349893271,0.675682008266449
1168,0,background,0.3278676569461822,0.3278676569461822,0.0014895357890054,0.6716432571411133
1169,0,background,0.3235406577587127,0.3235406577587127,0.0014908249722793,0.6759762763977051
1170,0,background,0.3311350047588348,0.3311350047588348,0.0014882831601426,0.6683714389801025
1171,0,background,0.3245516419410705,0.3245516419410705,0.0014905042480677,0.6749638915061951
1172,0,background,0.3292800784111023,0.3292800784111023,0.0014893464976921,0.6702287793159485
1173,0,background,0.3244809508323669,0.3244809508323669,0.0014906546566635,0.6750346422195435
1174,0,background,0.331151932477951,0.331151932477951,0.001488379552029,0.6683544516563416
1175,0,background,0.3235592544078827,0.3235592544078827,0.0014909527963027,0.6759576201438904
1176,0,background,0.3275341689586639,0.3275341689586639,0.0014891492901369,0.6719773411750793
1177,0,background,0.3233053982257843,0.3233053982257843,0.0014902217080816,0.6762120723724365
1178,0,background,0.3309136033058166,0.3309136033058166,0.001487901317887,0.6685932874679565
1179,0,background,0.3243069350719452,0.3243069350719452,0.0014899052912369,0.6752091646194458
1180,0,background,0.3289571404457092,0.3289571404457092,0.0014889664016664,0.6705523133277893
1181,0,background,0.3242264688014984,0.3242264688014984,0.0014900600071996,0.6752896904945374
1182,0,background,0.3308901190757751,0.3308901190757751,0.001488001900725,0.668616771697998
1183,0,background,0.3233170211315155,0.3233170211315155,0.001490349532105,0.6762003898620605
1184,0,background,0.3272501230239868,0.3272501230239868,0.0014887623256072,0.6722619533538818
1185,0,background,0.3229928910732269,0.3229928910732269,0.0014896172797307,0.6765252351760864
1186,0,background,0.3306789100170135,0.3306789100170135,0.0014875166816636,0.6688284873962402
1187,0,background,0.3240535855293274,0.3240535855293274,0.0014893033076077,0.675463080406189
1188,0,background,0.3287016749382019,0.3287016749382019,0.0014885879354551,0.6708083152770996
1189,0,background,0.3239681422710418,0.3239681422710418,0.0014894577907398,0.6755486130714417
1190,0,background,0.3306824266910553,0.3306824266910553,0.001487627858296,0.6688249111175537
1191,0,background,0.3230278491973877,0.3230278491973877,0.0014897444052621,0.6764901876449585
1192,0,background,0.5288367867469788,0.5288367867469788,0.001484909793362,0.4703767597675323
1193,0,background,0.5459734797477722,0.5459734797477722,0.0014839357463642,0.4532151520252228
1194,0,background,0.5289754271507263,0.5289754271507263,0.0014846842968836,0.4702380299568176
1195,0,background,0.545870840549469,0.545870840549469,0.0014809324638918,0.4533195197582245
1196,0,background,0.5311479568481445,0.5311479568481445,0.0014844362158328,0.4680623710155487
1197,0,background,0.5507853627204895,0.5507853627204895,0.0014832604210823,0.4483964443206787
1198,0,background,0.5308457612991333,0.5308457612991333,0.0014847266720607,0.4683648943901062
1199,0,background,0.5455798506736755,0.5455798506736755,0.0014811389846727,0.453610897064209
1200,0,background,0.3271823525428772,0.3271823525428772,0.0014870868762955,0.672330379486084
1201,0,background,0.3231471180915832,0.3231471180915832,0.001486926106736,0.676371693611145
1202,0,background,0.3307951986789703,0.3307951986789703,0.0014858490321785,0.6687125563621521
1203,0,background,0.3242555558681488,0.3242555558681488,0.0014866018900647,0.6752616763114929
1204,0,background,0.3287839889526367,0.3287839889526367,0.001486926106736,0.6707264184951782
1205,0,background,0.3241465389728546,0.3241465389728546,0.0014867653371766,0.6753708124160767
1206,0,background,0.3308009505271911,0.3308009505271911,0.0014859323855489,0.6687067747116089
1207,0,background,0.3231593668460846,0.3231593668460846,0.0014870492741465,0.6763593554496765
1208,0,background,0.327087253332138,0.327087253332138,0.0014867080608382,0.6724257469177246
1209,0,background,0.3231873512268066,0.3231873512268066,0.0014863272663205,0.6763315796852112
1210,0,background,0.3307440280914306,0.3307440280914306,0.00148546975106,0.6687639355659485
1211,0,background,0.3243067562580108,0.3243067562580108,0.001485995366238,0.6752105951309204
1212,0,background,0.3287250697612762,0.3287250697612762,0.0014865408884361,0.6707855463027954
1213,0,background,0.3241893947124481,0.3241893947124481,0.0014861616073176,0.6753280758857727
1214,0,background,0.3307082951068878,0.3307082951068878,0.0014855518238618,0.6687996983528137
1215,0,background,0.3231771886348724,0.3231771886348724,0.001486450433731,0.676341712474823
1216,0,background,0.3271135091781616,0.3271135091781616,0.0014863272663205,0.6723995804786682
1217,0,background,0.3233531713485718,0.3233531713485718,0.0014857257483527,0.6761656999588013
1218,0,background,0.3308103382587433,0.3308103382587433,0.001485087792389,0.6686976552009583
1219,0,background,0.3244658708572387,0.3244658708572387,0.0014853976899757,0.6750514507293701
1220,0,background,0.3287694156169891,0.3287694156169891,0.0014861559029668,0.6707412600517273
1221,0,background,0.3243375420570373,0.3243375420570373,0.0014855646295472,0.6751798987388611
1222,0,background,0.330735445022583,0.330735445022583,0.0014851692831143,0.6687726378440857
1223,0,background,0.3233192861080169,0.3233192861080169,0.0014858490321785,0.6761996150016785
1224,0,background,0.3272302746772766,0.3272302746772766,0.0014859500806778,0.6722827553749084
1225,0,background,0.3236016035079956,0.3236016035079956,0.0014851234154775,0.6759170889854431
1226,0,background,0.3309365212917328,0.3309365212917328,0.0014847061829641,0.668571412563324
1227,0,background,0.3247063159942627,0.3247063159942627,0.0014848334249109,0.6748108267784119
1228,0,background,0.3288942277431488,0.3288942277431488,0.0014857753412798,0.6706163883209229
1229,0,background,0.3245804607868194,0.3245804607868194,0.0014849917497485,0.674936830997467
1230,0,background,0.3308659493923187,0.3308659493923187,0.0014847896527498,0.6686420440673828
1231,0,background,0.3235651552677154,0.3235651552677154,0.001485253451392,0.6759535670280457
1232,0,background,0.3440670967102051,0.3440670967102051,0.0014846367994323,0.6554213166236877
1233,0,background,0.3503679633140564,0.3503679633140564,0.0014860102673992,0.6491106152534485
1234,0,background,0.3444648683071136,0.3444648683071136,0.0014849507715553,0.6550228595733643
1235,0,background,0.3508433401584625,0.3508433401584625,0.0014860993251204,0.6486344933509827
1236,0,background,0.3447354435920715,0.3447354435920715,0.0014847443671897,0.6547519564628601
1237,0,background,0.349693089723587,0.349693089723587,0.0014864009572193,0.6497863531112671
1238,0,background,0.3427487909793854,0.3427487909793854,0.0014851273735985,0.6567414402961731
1239,0,background,0.349169909954071,0.349169909954071,0.0014863549731671,0.6503103375434875
1240,0,background,0.342085063457489,0.342085063457489,0.0014838615898042,0.6574065685272217
1241,0,background,0.3475081324577331,0.3475081324577331,0.001485047629103,0.6519750356674194
1242,0,background,0.3397589325904846,0.3397589325904846,0.0014842411037534,0.6597360372543335
1243,0,background,0.3358044326305389,0.3358044326305389,0.0014843837125226,0.6636963486671448
1244,0,background,0.3364410102367401,0.3364410102367401,0.0014837216585874,0.6630590558052063
1245,0,background,0.3346443772315979,0.3346443772315979,0.0014846757985651,0.6648580431938171
1246,0,background,0.3380081355571747,0.3380081355571747,0.0014844227116554,0.6614893674850464
1247,0,background,0.3463560044765472,0.3463560044765472,0.0014854004839435,0.6531287431716919
1248,0,background,0.3247500658035278,0.3247500658035278,0.0014819108182564,0.6747679710388184
1249,0,background,0.3314773440361023,0.3314773440361023,0.0014823378296568,0.6680305600166321
1250,0,background,0.3258005678653717,0.3258005678653717,0.0014816201291978,0.6737160086631775
1251,0,background,0.3292450904846191,0.3292450904846191,0.001483384752646,0.670265793800354
1252,0,background,0.3256499469280243,0.3256499469280243,0.0014817923074588,0.6738668084144592
1253,0,background,0.3311935663223266,0.3311935663223266,0.0014823941746726,0.6683147549629211
1254,0,background,0.3245371282100677,0.3245371282100677,0.0014820498181506,0.6749811768531799
1255,0,background,0.3274720311164856,0.3274720311164856,0.0014835882466286,0.6720414161682129
1256,0,background,0.4213101267814636,0.4213101267814636,0.0014963904395699,0.5780584812164307
1257,0,background,0.5595172047615051,0.5595172047615051,0.0014958733227103,0.4396445453166961
1258,0,background,0.5607264041900635,0.5607264041900635,0.0014958924148231,0.4384334981441498
1259,0,background,0.3388787508010864,0.3388787508010864,0.0014825141988694,0.6606181263923645
1260,0,background,0.3341563940048218,0.3341563940048218,0.0014824231620877,0.6653475165367126
1261,0,background,0.3277657628059387,0.3277657628059387,0.0014806335093453,0.6717482209205627
1262,0,background,0.3327438533306122,0.3327438533306122,0.001481435378082,0.6667624711990356
1263,0,background,0.3265109956264496,0.3265109956264496,0.001480916282162,0.6730047464370728
1264,0,background,0.3322947025299072,0.3322947025299072,0.0014826306141912,0.6672118902206421
1265,0,background,0.3377365171909332,0.3377365171909332,0.0014828298008069,0.6617619395256042
1266,0,background,0.3375486433506012,0.3375486433506012,0.0014818981289863,0.661950409412384
1267,0,background,0.3250730037689209,0.3250730037689209,0.0014813373563811,0.6744447350502014
1268,0,background,0.3317302763462066,0.3317302763462066,0.0014818621566519,0.667777419090271
1269,0,background,0.3261738419532776,0.3261738419532776,0.0014810459688305,0.6733423471450806
1270,0,background,0.3295095562934875,0.3295095562934875,0.0014828989515081,0.6700010895729065
1271,0,background,0.3260871469974518,0.3260871469974518,0.0014812039444223,0.6734291315078735
1272,0,background,0.3314818441867828,0.3314818441867828,0.0014819136122241,0.6680262088775635
1273,0,background,0.3248995244503021,0.3248995244503021,0.0014814761234447,0.6746184229850769
1274,0,background,0.3276791870594024,0.3276791870594024,0.0014830994186922,0.6718341112136841
1275,0,background,0.3369121551513672,0.3369121551513672,0.0014832993037998,0.6625873446464539
1276,0,background,0.3376041054725647,0.3376041054725647,0.001484127365984,0.6618940830230713
1277,0,background,0.3369143605232239,0.3369143605232239,0.001483881380409,0.6625849604606628
1278,0,background,0.3369977176189422,0.3369977176189422,0.0014841739321127,0.6625013947486877
1279,0,background,0.336658239364624,0.336658239364624,0.0014833593741059,0.6628416180610657
1280,0,background,0.3357831835746765,0.3357831835746765,0.001484474283643,0.6637176275253296
1281,0,background,0.3348999917507171,0.3348999917507171,0.0014840551884844,0.6646022796630859
1282,0,background,0.3364272117614746,0.3364272117614746,0.0014844537945464,0.6630726456642151
1283,0,background,0.337258905172348,0.337258905172348,0.001484065898694,0.6622398495674133
1284,0,background,0.3387801945209503,0.3387801945209503,0.001485087792389,0.6607159376144409
1285,0,background,0.3377832174301147,0.3377832174301147,0.0014846156118437,0.6617145538330078
1286,0,background,0.3388486802577972,0.3388486802577972,0.0014851755695417,0.6606473326683044
1287,0,background,0.3374079465866089,0.3374079465866089,0.0014841555384919,0.662090539932251
1288,0,background,0.3377686440944671,0.3377686440944671,0.001485462882556,0.6617288589477539
1289,0,background,0.3361083269119262,0.3361083269119262,0.0014847896527498,0.6633918881416321
1290,0,background,0.3376771211624145,0.3376771211624145,0.0014854174805805,0.6618205308914185
1291,0,background,0.1523997336626052,0.1523997336626052,0.0015158830210566,0.8473688960075378
1292,2,surface_feature,0.769850492477417,0.2298089861869812,0.0014795692404732,0.769850492477417
1293,0,background,0.3077772557735443,0.3077772557735443,0.0014858391368761,0.691764771938324
1294,0,background,0.3269919753074646,0.3269919753074646,0.001485377899371,0.6725215911865234
1295,0,background,0.3075455129146576,0.3075455129146576,0.0014859366929158,0.6919968128204346
1296,2,surface_feature,0.7697649002075195,0.2298944294452667,0.0014796658651903,0.7697649002075195
1297,0,background,0.1523844748735427,0.1523844748735427,0.001515980460681,0.8473841547966003
1298,0,background,0.3066185116767883,0.3066185116767883,0.0014862467069178,0.6929250955581665
1299,0,background,0.325309157371521,0.325309157371521,0.0014855575282126,0.6742068529129028
1300,0,background,0.3067815005779266,0.3067815005779266,0.0014861735980957,0.6927618980407715
1301,0,background,0.3800823390483856,0.3800823390483856,0.0015051951631903,0.6193447113037109
1302,0,background,0.3729562163352966,0.3729562163352966,0.0015032542869448,0.6264823079109192
1303,0,background,0.3229447901248932,0.3229447901248932,0.0015062446473166,0.6765680313110352
1304,0,background,0.3610356450080871,0.3610356450080871,0.001503053936176,0.6384208798408508
1305,0,background,0.3754512071609497,0.3754512071609497,0.0015050818910822,0.623982846736908
1306,0,background,0.3510769605636596,0.3510769605636596,0.0015032872324809,0.6483944654464722
1307,0,background,0.3012063503265381,0.3012063503265381,0.0015063622267916,0.6983392238616943
1308,0,background,0.3460961580276489,0.3460961580276489,0.0015032929368317,0.6533827781677246
1309,0,background,0.3078984320163727,0.3078984320163727,0.0015027676708996,0.691638171672821
1310,2,surface_feature,0.7099065780639648,0.2896571457386017,0.0015039057470858,0.7099065780639648
1311,0,background,0.3307929337024688,0.3307929337024688,0.0015027318149805,0.6687092185020447
1312,0,background,0.310685247182846,0.310685247182846,0.0015057843411341,0.688846230506897
1313,0,background,0.3235568106174469,0.3235568106174469,0.0015025303000584,0.6759563088417053
1314,2,surface_feature,0.711195707321167,0.2883700132369995,0.0015037668636068,0.711195707321167
1315,0,background,0.3119227290153503,0.3119227290153503,0.0015027625486254,0.6876078248023987
1316,2,surface_feature,0.71044921875,0.2891147434711456,0.0015058984281495,0.71044921875
1317,0,background,0.3088016211986542,0.3088016211986542,0.0015022127190604,0.690733790397644
1318,2,surface_feature,0.7126390337944031,0.2869283556938171,0.0015054332325235,0.7126390337944031
1319,0,background,0.3073741495609283,0.3073741495609283,0.0015022190054878,0.6921634078025818
1320,2,surface_feature,0.7111551761627197,0.2884105443954468,0.0015034489333629,0.7111551761627197
1321,0,background,0.3277646005153656,0.3277646005153656,0.0015022483421489,0.6717422604560852
1322,0,background,0.3092363178730011,0.3092363178730011,0.0015053191455081,0.6902974843978882
1323,0,background,0.3236300051212311,0.3236300051212311,0.0015020237769931,0.6758831739425659
1324,2,surface_feature,0.7123902440071106,0.2871773838996887,0.0015032937517389,0.7123902440071106
1325,0,background,0.923532783985138,0.923532783985138,0.0015505922492593,0.0750329196453094
1326,0,background,0.709399402141571,0.709399402141571,0.0014951091725379,0.2895383536815643
1327,0,background,0.7575740814208984,0.7575740814208984,0.0014921714318916,0.2412938326597213
1328,0,background,0.744085431098938,0.744085431098938,0.0014974266523495,0.2547986209392547
1329,0,background,0.762367844581604,0.762367844581604,0.0014919384848326,0.2364930510520935
1330,0,background,0.7161714434623718,0.7161714434623718,0.0014945655129849,0.2827565968036651
1331,0,background,0.7191073298454285,0.7191073298454285,0.0014921287074685,0.279818058013916
1332,0,background,0.6572553515434265,0.6572553515434265,0.0014979906845837,0.3417586386203766
1333,0,background,0.7148842811584473,0.7148842811584473,0.0014921316178515,0.2840474247932434
1334,2,surface_feature,0.7056810855865479,0.2938754260540008,0.001506803324446,0.7056810855865479
1335,0,background,0.3103266656398773,0.3103266656398773,0.0015038584824651,0.6892059445381165
1336,2,surface_feature,0.7078849673271179,0.2916754782199859,0.0015047852648422,0.7078849673271179
1337,0,background,0.3356263339519501,0.3356263339519501,0.0015037975972518,0.6638681888580322
1338,0,background,0.3144002258777618,0.3144002258777618,0.0015067007625475,0.6851253509521484
1339,0,background,0.3252784609794616,0.3252784609794616,0.0015036230906844,0.6742317080497742
1340,2,surface_feature,0.7089862823486328,0.2905758321285248,0.001504655694589,0.7089862823486328
1341,0,background,0.3171051144599914,0.3171051144599914,0.0015038620913401,0.6824172735214233
1342,0,background,0.3121208250522613,0.3121208250522613,0.001504345331341,0.6874089241027832
1343,2,surface_feature,0.706926167011261,0.2926327288150787,0.0015051549999043,0.706926167011261
1344,0,background,0.3375867009162903,0.3375867009162903,0.0015042738523334,0.6619046926498413
1345,0,background,0.316629946231842,0.316629946231842,0.0015070969238877,0.6828921437263489
1346,0,background,0.3268303275108337,0.3268303275108337,0.0015041106380522,0.6726773381233215
1347,2,surface_feature,0.7079303860664368,0.2916300296783447,0.0015050331130623,0.7079303860664368
1348,0,background,0.3195018768310547,0.3195018768310547,0.0015043440507724,0.6800167560577393
1349,2,surface_feature,0.7032166123390198,0.2963360846042633,0.0015071872621774,0.7032166123390198
1350,0,background,0.6327045559883118,0.6327045559883118,0.0015461397124454,0.3663156628608703
1351,0,background,0.7054786086082458,0.7054786086082458,0.0015298656653612,0.29344043135643
1352,0,background,0.6486892104148865,0.6486892104148865,0.0015449293423444,0.3503070473670959
1353,0,background,0.6842146515846252,0.6842146515846252,0.0015343372942879,0.3147339224815368
1354,0,background,0.6427773833274841,0.6427773833274841,0.0015457386616617,0.3562275171279907
1355,0,background,0.6789569854736328,0.6789569854736328,0.0015346220461651,0.3199994564056396
1356,0,background,0.6485757827758789,0.6485757827758789,0.0015466735931113,0.3504195511341095
1357,0,background,0.7123171091079712,0.7123171091079712,0.0015298933722078,0.2865914702415466
1358,0,background,0.301712155342102,0.301712155342102,0.0015079696895554,0.6978321671485901
1359,0,background,0.3163385987281799,0.3163385987281799,0.0015053341630846,0.6831845045089722
1360,2,surface_feature,0.7066563367843628,0.292901873588562,0.0015060697915032,0.7066563367843628
1361,0,background,0.3248826563358307,0.3248826563358307,0.0015058876015245,0.6746273636817932
1362,0,background,0.3141886591911316,0.3141886591911316,0.0015081485034897,0.6853367686271667
1363,0,background,0.3145242929458618,0.3145242929458618,0.0015057628042995,0.6850013732910156
1364,2,surface_feature,0.70744389295578,0.2921155393123626,0.0015059586148709,0.70744389295578
1365,0,background,0.3245275318622589,0.3245275318622589,0.0015053240349516,0.6749832034111023
1366,2,surface_feature,0.7001946568489075,0.2993529736995697,0.0015089206863194,0.7001946568489075
1367,0,background,0.3033477365970611,0.3033477365970611,0.0015064569888636,0.696194589138031
1368,2,surface_feature,0.707142174243927,0.2924166023731231,0.0015066341729834,0.707142174243927
1369,0,background,0.3271692395210266,0.3271692395210266,0.0015063608298078,0.6723371744155884
1370,0,background,0.3169309794902801,0.3169309794902801,0.0015086060157045,0.6825901865959167
1371,0,background,0.3169934749603271,0.3169934749603271,0.0015062490710988,0.6825283169746399
1372,2,surface_feature,0.7077599167823792,0.2917998135089874,0.0015065243933349,0.7077599167823792
1373,0,background,0.3115134239196777,0.3115134239196777,0.0015064283506944,0.6880165934562683
1374,0,background,0.6212648153305054,0.6212648153305054,0.0015491733793169,0.377771258354187
1375,0,background,0.6667864918708801,0.6667864918708801,0.0015353090129792,0.3321882486343384
1376,0,background,0.6320438981056213,0.6320438981056213,0.0015482435701414,0.3669760227203369
1377,0,background,0.6783463358879089,0.6783463358879089,0.0015348573215305,0.320610910654068
1378,0,background,0.6259410381317139,0.6259410381317139,0.0015488473000004,0.3730880320072174
1379,0,background,0.6735298037528992,0.6735298037528992,0.001534902723506,0.3254348039627075
1380,0,background,0.6335166096687317,0.6335166096687317,0.0015480261063203,0.3655011355876922
1381,0,background,0.673610270023346,0.673610270023346,0.0015350495232269,0.3253540694713592
1382,0,background,0.6138737201690674,0.6138737201690674,0.0015491718659177,0.3851737976074219
1383,0,background,0.6573135256767273,0.6573135256767273,0.001535986084491,0.3416753113269806
1384,0,background,0.6263861060142517,0.6263861060142517,0.0015471051447093,0.3726432919502258
1385,0,background,0.6704256534576416,0.6704256534576416,0.001534977229312,0.3285436630249023
1386,0,background,0.624576985836029,0.624576985836029,0.0015473393723368,0.374455064535141
1387,0,background,0.6626709699630737,0.6626709699630737,0.0015366078587248,0.3363092243671417
1388,0,background,0.6355663537979126,0.6355663537979126,0.0015479569556191,0.3634483218193054
1389,0,background,0.6607638597488403,0.6607638597488403,0.0015372509369626,0.3382187783718109
1390,0,background,0.5981151461601257,0.5981151461601257,0.0015490922378376,0.4009568989276886
1391,0,background,0.6859721541404724,0.6859721541404724,0.0015316898934543,0.3129755854606628
1392,0,background,0.6203991174697876,0.6203991174697876,0.0015480570727959,0.3786389529705047
1393,0,background,0.7001449465751648,0.7001449465751648,0.0015310738235712,0.2987814545631408
1394,0,background,0.6095326542854309,0.6095326542854309,0.0015490198275074,0.3895216882228851
1395,0,background,0.6962608098983765,0.6962608098983765,0.0015311306342482,0.3026714920997619
1396,0,background,0.6218733191490173,0.6218733191490173,0.0015478477580472,0.3771626353263855
1397,0,background,0.6922076940536499,0.6922076940536499,0.0015314368065446,0.3067306280136108
1398,0,background,0.6036667227745056,0.6036667227745056,0.0015508610522374,0.3953956365585327
1399,0,background,0.6824005246162415,0.6824005246162415,0.0015335966600105,0.3165513873100281
1400,0,background,0.6265657544136047,0.6265657544136047,0.0015484581235796,0.372462511062622
1401,0,background,0.692510724067688,0.692510724067688,0.0015328885056078,0.3064261078834533
1402,0,background,0.609917402267456,0.609917402267456,0.0015492927050217,0.3891361951828003
1403,0,background,0.6524213552474976,0.6524213552474976,0.0015366078587248,0.346574604511261
1404,0,background,0.5893739461898804,0.5893739461898804,0.0015503835165873,0.4097108840942383
1405,0,background,0.6530470848083496,0.6530470848083496,0.0015368674648925,0.3459477126598358
1406,2,surface_feature,0.8060287237167358,0.1936755925416946,0.0015243900706991,0.8060287237167358
1407,2,surface_feature,0.8493478894233704,0.1504209786653518,0.0015342152910307,0.8493478894233704
1408,2,surface_feature,0.8493176102638245,0.1504511535167694,0.0015346199506893,0.8493176102638245
1409,2,surface_feature,0.8492922186851501,0.1504763811826706,0.0015354203060269,0.8492922186851501
1410,2,surface_feature,0.8492873907089233,0.1504811495542526,0.0015358011005446,0.8492873907089233
1411,2,surface_feature,0.8492873907089233,0.1504810899496078,0.0015361761907115,0.8492873907089233
1412,2,surface_feature,0.8493126034736633,0.1504558622837066,0.001536531606689,0.8493126034736633
1413,2,surface_feature,0.8493316769599915,0.1504367738962173,0.001536849187687,0.8493316769599915
1414,2,surface_feature,0.8493310213088989,0.1504373848438263,0.0015371637418866,0.8493310213088989
1415,2,surface_feature,0.849325954914093,0.1504423767328262,0.0015374815557152,0.849325954914093
1416,2,surface_feature,0.8493067026138306,0.1504615545272827,0.0015377963427454,0.8493067026138306
1417,2,surface_feature,0.849288821220398,0.1504793763160705,0.001538093551062,0.849288821220398
1418,2,surface_feature,0.7928187251091003,0.2068645805120468,0.0015286176931113,0.7928187251091003
1419,2,surface_feature,0.8491409420967102,0.1506268382072448,0.0015392862260341,0.8491409420967102
1420,2,surface_feature,0.8490427136421204,0.1507248878479004,0.0015395397786051,0.8490427136421204
1421,2,surface_feature,0.848933756351471,0.1508336365222931,0.0015397898387163,0.848933756351471
1422,2,surface_feature,0.8488184809684753,0.1509486883878708,0.0015400397824123,0.8488184809684753
1423,2,surface_feature,0.8486964106559753,0.1510705351829528,0.0015402891440317,0.8486964106559753
1424,2,surface_feature,0.8485643267631531,0.151202380657196,0.001540535595268,0.8485643267631531
1425,2,surface_feature,0.8484253287315369,0.1513411253690719,0.0015407806495204,0.8484253287315369
1426,2,surface_feature,0.848276674747467,0.1514895111322403,0.0015410182531923,0.848276674747467
1427,2,surface_feature,0.8481308817863464,0.1516350507736206,0.0015412421198561,0.8481308817863464
1428,2,surface_feature,0.8479805588722229,0.1517851203680038,0.0015414629597216,0.8479805588722229
1429,2,surface_feature,0.847818911075592,0.1519464701414108,0.0015416831010952,0.847818911075592
1430,2,surface_feature,0.8401060700416565,0.1596478819847107,0.0015388114843517,0.8401060700416565
1431,2,surface_feature,0.7820920348167419,0.2175742238759994,0.0015315528726205,0.7820920348167419
1432,2,surface_feature,0.8481168746948242,0.1516490280628204,0.0015412428183481,0.8481168746948242
1433,2,surface_feature,0.8482643365859985,0.1515018343925476,0.0015410211635753,0.8482643365859985
1434,2,surface_feature,0.8484184145927429,0.1513480246067047,0.0015407863538712,0.8484184145927429
1435,2,surface_feature,0.8480668067932129,0.1517011970281601,0.0015269491123035,0.8480668067932129
1436,2,surface_feature,0.8467245697975159,0.1530416011810302,0.0015255676116794,0.8467245697975159
1437,2,surface_feature,0.8477482795715332,0.1520196050405502,0.0015245794784277,0.8477482795715332
1438,0,background,0.8966484069824219,0.8966484069824219,0.0015031455550342,0.1020017340779304
1439,0,background,0.9572933912277222,0.9572933912277222,0.0015106522478163,0.0412583015859127
1440,1,rivet,0.9987524747848512,0.0005836378550156,0.9987524747848512,0.5321635007858276
1441,1,rivet,0.99883633852005,0.0008429089793935,0.99883633852005,0.2756406962871551
1442,1,rivet,0.9988365769386292,0.000841244123876,0.9988365769386292,0.276923269033432
1443,1,rivet,0.9988365769386292,0.0008407568093389,0.9988365769386292,0.277342140674591
1444,1,rivet,0.9988365769386292,0.0008407862624153,0.9988365769386292,0.2773167788982391
1445,1,rivet,0.9988365769386292,0.0008412591996602,0.9988365769386292,0.2769103348255157
1446,1,rivet,0.99883633852005,0.0008429549634456,0.99883633852005,0.2756012082099914
1447,1,rivet,0.9987831711769104,0.0004976224154233,0.9987831711769104,0.5910497903823853
1448,1,rivet,0.9987865090370178,0.0004869646800216,0.9987865090370178,0.5987076163291931
1449,1,rivet,0.9987245202064514,0.0005566735635511,0.9987245202064514,0.563557505607605
1450,1,rivet,0.9987177848815918,0.0005591605440713,0.9987177848815918,0.5639104843139648
1451,1,rivet,0.9988141059875488,0.0008613477111794,0.9988141059875488,0.2736722826957702
1452,1,rivet,0.998814344406128,0.0008599793654866,0.998814344406128,0.2746803164482116
1453,1,rivet,0.9988142251968384,0.0008603548048995,0.9988142251968384,0.2744365930557251
1454,1,rivet,0.9988142251968384,0.0008603806491009,0.9988142251968384,0.2744147479534149
1455,1,rivet,0.998814344406128,0.0008600044529885,0.998814344406128,0.2746591567993164
1456,1,rivet,0.9988141059875488,0.0008613956742919,0.9988141059875488,0.2736318111419678
1457,1,rivet,0.9987024068832396,0.0006179798510856,0.9987024068832396,0.5237491130828857
1458,0,background,0.0013826637296006,0.0013826637296006,0.9985156655311584,0.0684958323836326
1459,0,background,0.0016707116737961,0.0016707116737961,0.9982081651687622,0.0675972551107406
1460,0,background,0.002055284101516,0.002055284101516,0.9978272318840028,0.0540711283683776
1461,0,background,0.0013968624407425,0.0013968624407425,0.9985112547874452,0.0617182627320289
1462,0,background,0.0114948758855462,0.0114948758855462,0.9877409338951112,0.0623367242515087
1463,0,background,0.0897509679198265,0.0897509679198265,0.903479278087616,0.0701378807425499
1464,0,background,0.0370859764516353,0.0370859764516353,0.9608952403068542,0.0516249872744083
1465,0,background,0.0109648676589131,0.0109648676589131,0.988344669342041,0.0592401102185249
1466,0,background,0.8471165299415588,0.8471165299415588,0.0015224998351186,0.1515917927026748
1467,0,background,0.8992754220962524,0.8992754220962524,0.0015071262605488,0.0993671938776969
1468,0,background,0.8415986895561218,0.8415986895561218,0.0015218214830383,0.1571186184883117
1469,0,background,0.9011842608451844,0.9011842608451844,0.0015120963798835,0.0974509418010711
1470,0,background,0.9255326390266418,0.9255326390266418,0.0016444268403574,0.0729428529739379
1471,0,background,0.9609130024909972,0.9609130024909972,0.0016635567881166,0.0374857746064662
1472,0,background,0.9602261185646056,0.9602261185646056,0.0016619720263406,0.0381753668189048
1473,0,background,0.8915331363677979,0.8915331363677979,0.0015250397846102,0.1071051135659217
1474,0,background,0.8823215961456299,0.8823215961456299,0.0015039343852549,0.116349458694458
1475,0,background,0.8058654069900513,0.8058654069900513,0.0015116797294467,0.1929145455360412
1476,0,background,0.8905712962150574,0.8905712962150574,0.0015250608557835,0.108068473637104
1477,0,background,0.9010074734687804,0.9010074734687804,0.001498345285654,0.0976404622197151
1478,0,background,0.9198273420333862,0.9198273420333862,0.0015029080677777,0.0787881687283515
1479,0,background,0.8179997801780701,0.8179997801780701,0.0015078893629834,0.1807649135589599
1480,0,background,0.8485077023506165,0.8485077023506165,0.0015077269636094,0.1502110958099365
1481,0,background,0.9395171999931335,0.9395171999931335,0.0014806047547608,0.0590897239744663
1482,0,background,0.9169349074363708,0.9169349074363708,0.0014921338297426,0.0816948339343071
1483,0,background,0.8992908596992493,0.8992908596992493,0.0014982753200456,0.0993597730994224
1484,0,background,0.940895140171051,0.940895140171051,0.0014805101091042,0.0577097758650779
1485,0,background,0.8381015658378601,0.8381015658378601,0.0015074054244905,0.1606331318616867
1486,0,background,0.8131836652755737,0.8131836652755737,0.0015073745744302,0.1855886876583099
1487,0,background,0.9124143719673156,0.9124143719673156,0.0015029616188257,0.0862121954560279
1488,0,background,0.9163689613342284,0.9163689613342284,0.0016421534819528,0.0821237713098526
1489,2,surface_feature,0.8337624073028564,0.165982186794281,0.0015364307910203,0.8337624073028564
1490,2,surface_feature,0.833538830280304,0.1662053912878036,0.0015366150764748,0.833538830280304
1491,0,background,0.8907886743545532,0.8907886743545532,0.001566948601976,0.1078132987022399
1492,2,surface_feature,0.8288373947143555,0.1708993017673492,0.0015383249847218,0.8288373947143555
1493,0,background,0.8899182677268982,0.8899182677268982,0.0015665718819946,0.1086854264140129
1494,2,surface_feature,0.8304542899131775,0.1692849248647689,0.0015381852863356,0.8304542899131775
1495,0,background,0.8929972648620605,0.8929972648620605,0.0015679537318646,0.1056003272533416
1496,2,surface_feature,0.8280190229415894,0.1717163771390915,0.0015385857550427,0.8280190229415894
1497,0,background,0.8921269178390503,0.8921269178390503,0.0015675073955208,0.1064724698662757
1498,2,surface_feature,0.8316725492477417,0.1680686175823211,0.00153766234871,0.8316725492477417
1499,2,surface_feature,0.8320491313934326,0.1676926463842392,0.0015374947106465,0.8320491313934326
1500,2,surface_feature,0.8324184417724609,0.1673239320516586,0.0015373285859823,0.8324184417724609
1501,2,surface_feature,0.8327504396438599,0.1669924706220626,0.001537162461318,0.8327504396438599
1502,2,surface_feature,0.8330516219139099,0.166691780090332,0.0015369948232546,0.8330516219139099
1503,2,surface_feature,0.83332359790802,0.1664202511310577,0.0015368286985903,0.83332359790802
1504,2,surface_feature,0.8312275409698486,0.1685128957033157,0.0015379004180431,0.8312275409698486
1505,2,surface_feature,0.8315767645835876,0.1681642383337021,0.0015377114759758,0.8315767645835876
1506,2,surface_feature,0.8258970975875854,0.1738349050283432,0.0015392978675663,0.8258970975875854
1507,2,surface_feature,0.8322751522064209,0.1674669981002807,0.001537348376587,0.8322751522064209
1508,2,surface_feature,0.83263099193573,0.1671117395162582,0.0015371682820841,0.83263099193573
1509,2,surface_feature,0.8329833745956421,0.1667599231004715,0.0015369846951216,0.8329833745956421
1510,2,surface_feature,0.8332809209823608,0.1664628684520721,0.0015367995947599,0.8332809209823608
1511,2,surface_feature,0.8480401635169983,0.1517277956008911,0.0015269519062712,0.8480401635169983
1512,2,surface_feature,0.84698885679245,0.152777686715126,0.0015257748309522,0.84698885679245
1513,2,surface_feature,0.8485881686210632,0.1511808931827545,0.0015252198791131,0.8485881686210632
1514,2,surface_feature,0.8480464220046997,0.1517195254564285,0.0015403199940919,0.8480464220046997
1515,2,surface_feature,0.8478987812995911,0.1518668979406356,0.0015405634185299,0.8478987812995911
1516,2,surface_feature,0.8477782607078552,0.1519871950149536,0.0015407790197059,0.8477782607078552
1517,2,surface_feature,0.782656729221344,0.2170102894306183,0.0015320626553148,0.782656729221344
1518,2,surface_feature,0.8472779989242554,0.1524865925312042,0.0015414283843711,0.8472779989242554
1519,2,surface_feature,0.84746253490448,0.1523023694753646,0.0015412148786708,0.84746253490448
1520,2,surface_feature,0.8476303815841675,0.152134820818901,0.0015409948537126,0.8476303815841675
1521,2,surface_feature,0.8477857708930969,0.1519796997308731,0.0015407718019559,0.8477857708930969
1522,2,surface_feature,0.8479159474372864,0.1518497616052627,0.0015405502635985,0.8479159474372864
1523,2,surface_feature,0.8480534553527832,0.1517125070095062,0.0015403125435113,0.8480534553527832
1524,2,surface_feature,0.8481860160827637,0.1515801846981048,0.0015400706324726,0.8481860160827637
1525,2,surface_feature,0.848312258720398,0.1514541655778885,0.0015398309333249,0.848312258720398
1526,2,surface_feature,0.8484395742416382,0.1513270884752273,0.0015395866939797,0.8484395742416382
1527,2,surface_feature,0.8485435247421265,0.1512233316898346,0.0015393469948321,0.8485435247421265
1528,2,surface_feature,0.848627507686615,0.1511395126581192,0.0015391028719022,0.848627507686615
1529,2,surface_feature,0.8486828804016113,0.1510842591524124,0.0015388561878353,0.8486828804016113
1530,2,surface_feature,0.7928228378295898,0.2068603485822677,0.001529179746285,0.7928228378295898
1531,2,surface_feature,0.8487366437911987,0.1510307639837265,0.0015376748051494,0.8487366437911987
1532,2,surface_feature,0.8487606644630432,0.1510068774223327,0.0015370395267382,0.8487606644630432
1533,2,surface_feature,0.84876948595047,0.1509981155395507,0.0015367144951596,0.84876948595047
1534,2,surface_feature,0.8487634062767029,0.1510042399168014,0.0015363949351012,0.8487634062767029
1535,2,surface_feature,0.8487551808357239,0.1510124951601028,0.0015360738616436,0.8487551808357239
1536,2,surface_feature,0.8487308025360107,0.1510368883609771,0.0015357272932305,0.8487308025360107
1537,2,surface_feature,0.8487184047698975,0.151049330830574,0.0015353769995272,0.8487184047698975
1538,2,surface_feature,0.848722517490387,0.1510452777147293,0.0015350226312875,0.848722517490387
1539,2,surface_feature,0.8487242460250854,0.1510435938835144,0.0015346439322456,0.8487242460250854
1540,2,surface_feature,0.8487229347229004,0.1510449647903442,0.0015342569677159,0.8487229347229004
1541,2,surface_feature,0.8487260341644287,0.1510419249534607,0.001533857313916,0.8487260341644287
1542,2,surface_feature,0.805631160736084,0.1940724402666092,0.0015249329153448,0.805631160736084
1543,2,surface_feature,0.848811149597168,0.1509572118520736,0.0015320668462663,0.848811149597168
1544,2,surface_feature,0.848834753036499,0.1509337127208709,0.0015316637000069,0.848834753036499
1545,2,surface_feature,0.8488510847091675,0.1509174704551696,0.0015312720788642,0.8488510847091675
1546,2,surface_feature,0.8488672375679016,0.1509013921022415,0.0015308805741369,0.8488672375679016
1547,2,surface_feature,0.8451228141784668,0.1546396762132644,0.0015335821080952,0.8451228141784668
1548,2,surface_feature,0.8466600775718689,0.1531049907207489,0.0015321559039875,0.8466600775718689
1549,2,surface_feature,0.8490498065948486,0.1507194191217422,0.0015288682188838,0.8490498065948486
1550,0,background,0.2375682145357132,0.2375682145357132,0.0015080330194905,0.7620729804039001
1551,0,background,0.8203984498977661,0.8203984498977661,0.0014713353011757,0.1783927083015442
1552,0,background,0.8216730952262878,0.8216730952262878,0.0014713912969455,0.1771160811185836
1553,2,surface_feature,0.8236530423164368,0.1760821342468261,0.0015017105033621,0.8236530423164368
1554,0,background,0.8238915205001831,0.8238915205001831,0.0014712343690916,0.1748945564031601
1555,0,background,0.8229379653930664,0.8229379653930664,0.0014714214485138,0.175849363207817
1556,2,surface_feature,0.8481937050819397,0.1515741348266601,0.001529301283881,0.8481937050819397
1557,2,surface_feature,0.8490962982177734,0.1506730318069458,0.0015285682165995,0.8490962982177734
1558,2,surface_feature,0.8472280502319336,0.1525379568338394,0.001531676040031,0.8472280502319336
1559,2,surface_feature,0.8467647433280945,0.1530003845691681,0.0015327498549595,0.8467647433280945
1560,0,background,0.8726000785827637,0.8726000785827637,0.0015616526361554,0.1260350942611694
1561,2,surface_feature,0.84731525182724,0.1524508893489837,0.0015315739437937,0.84731525182724
1562,0,background,0.8726833462715149,0.8726833462715149,0.001561808749102,0.1259515136480331
1563,2,surface_feature,0.8741175532341003,0.1256905347108841,0.0015245040412992,0.8741175532341003
1564,2,surface_feature,0.8729064464569092,0.1268998235464096,0.0015243247617036,0.8729064464569092
1565,2,surface_feature,0.8725900650024414,0.1272157579660415,0.0015240889042615,0.8725900650024414
1566,2,surface_feature,0.8322142362594604,0.167532816529274,0.0015075346454977,0.8322142362594604
1567,2,surface_feature,0.8735030293464661,0.1263040900230407,0.0015247840201482,0.8735030293464661
1568,2,surface_feature,0.8737953305244446,0.1260122060775756,0.0015249962452799,0.8737953305244446
1569,0,background,0.3498224318027496,0.3498224318027496,0.0015526068164035,0.6496335864067078
1570,2,surface_feature,0.873482346534729,0.1263245642185211,0.0015261860098689,0.873482346534729
1571,2,surface_feature,0.872856616973877,0.126949205994606,0.0015271730953827,0.872856616973877
1572,0,background,0.3553640246391296,0.3553640246391296,0.0015576696023344,0.6440815925598145
1573,0,background,0.3779560327529907,0.3779560327529907,0.0015579083701595,0.6214542388916016
1574,0,background,0.3419457674026489,0.3419457674026489,0.0015517717693001,0.6575227975845337
1575,0,background,0.4050160646438598,0.4050160646438598,0.0015582332853227,0.5943518280982971
1576,0,background,0.9377197623252868,0.9377197623252868,0.0015006677713245,0.0608709417283535
1577,0,background,0.9514726996421814,0.9514726996421814,0.0014752733986824,0.0471215024590492
1578,0,background,0.954033374786377,0.954033374786377,0.0014847612474113,0.0445480458438396
1579,0,background,0.9510979652404784,0.9510979652404784,0.0014941655099391,0.0474787726998329
1580,0,background,0.9056023359298706,0.9056023359298706,0.0014938483946025,0.0930427759885788
1581,1,rivet,0.9988208413124084,0.0011311346897855,0.9988208413124084,0.0407273769378662
1582,0,background,0.0010422605555504,0.0010422605555504,0.9988492727279664,0.0942593067884445
1583,1,rivet,0.998818814754486,0.0011311752023175,0.998818814754486,0.0423388592898845
1584,1,rivet,0.9988176226615906,0.0011321728816255,0.9988176226615906,0.0424606055021286
1585,1,rivet,0.998835027217865,0.0011117769172415,0.998835027217865,0.0456627868115901
1586,1,rivet,0.998839795589447,0.0011061304248869,0.998839795589447,0.046607319265604
1587,0,background,0.0010229322360828,0.0010229322360828,0.9988495111465454,0.1108716875314712
1588,1,rivet,0.9988345503807068,0.0011134013766422,0.9988345503807068,0.0446593798696994
1589,0,background,0.9177961349487304,0.9177961349487304,0.0017871760064736,0.0805606767535209
1590,0,background,0.9172362685203552,0.9172362685203552,0.0017094258219003,0.081193171441555
1591,0,background,0.5474792122840881,0.5474792122840881,0.0014950117329135,0.4517011046409607
1592,0,background,0.9633047580718994,0.9633047580718994,0.0014983696164563,0.0352496914565563
1593,0,background,0.5553391575813293,0.5553391575813293,0.0014985136222094,0.4438274204730987
1594,0,background,0.9629775881767272,0.9629775881767272,0.0015026897890493,0.0355732105672359
1595,0,background,0.9360601902008056,0.9360601902008056,0.0014810403808951,0.0625513941049575
1596,0,background,0.641137421131134,0.641137421131134,0.0015159192262217,0.3578892052173614
1597,0,background,0.9392986297607422,0.9392986297607422,0.001503083971329,0.0592873431742191
1598,0,background,0.6803776621818542,0.6803776621818542,0.0015173206338658,0.3185884356498718
1599,0,background,0.7431912422180176,0.7431912422180176,0.0015007384354248,0.2556917369365692
1600,0,background,0.6459765434265137,0.6459765434265137,0.0015175930457189,0.3530416488647461
1601,0,background,0.7410105466842651,0.7410105466842651,0.0014762867940589,0.2578939199447632
1602,0,background,0.7386245131492615,0.7386245131492615,0.0014762078644707,0.2602834701538086
1603,0,background,0.908535361289978,0.908535361289978,0.0015279948711395,0.0900742411613464
1604,0,background,0.866929292678833,0.866929292678833,0.0015188466059044,0.1317519694566726
1605,0,background,0.9089667797088624,0.9089667797088624,0.0015325542772188,0.0896380767226219
1606,0,background,0.8592529296875,0.8592529296875,0.0015183823416009,0.139440432190895
1607,0,background,0.9656804800033568,0.9656804800033568,0.001480862731114,0.0328873693943023
1608,0,background,0.9104222655296326,0.9104222655296326,0.0014944815775379,0.088215097784996
1609,0,background,0.9652751684188844,0.9652751684188844,0.0014844092074781,0.0332898497581481
1610,0,background,0.915841281414032,0.915841281414032,0.0015001356368884,0.0827827677130699
1611,0,background,0.5712667107582092,0.5712667107582092,0.0015177513705566,0.4278649091720581
1612,0,background,0.63175368309021,0.63175368309021,0.0015042043523862,0.3672946095466614
1613,0,background,0.5749764442443848,0.5749764442443848,0.0015179985202848,0.4241493940353393
1614,0,background,0.6316474676132202,0.6316474676132202,0.0015042781597003,0.3674008548259735
1615,0,background,0.9632878303527832,0.9632878303527832,0.0014970174524933,0.0352679565548896
1616,0,background,0.5616563558578491,0.5616563558578491,0.0014819129137322,0.437510073184967
1617,0,background,0.9629971981048584,0.9629971981048584,0.0015014288946986,0.0355547852814197
1618,0,background,0.5687648057937622,0.5687648057937622,0.0014846799895167,0.4303895235061645
1619,0,background,0.90857195854187,0.90857195854187,0.0014761089114472,0.0900849029421806
1620,0,background,0.9356271624565125,0.9356271624565125,0.0015330214519053,0.062936320900917
1621,0,background,0.914284348487854,0.914284348487854,0.001482184510678,0.0843585357069969
1622,0,background,0.9355329275131226,0.9355329275131226,0.0015356226358562,0.0630282536149025
1623,0,background,0.4566093683242798,0.4566093683242798,0.0015050246147438,0.5427023768424988
1624,0,background,0.910595178604126,0.910595178604126,0.001494872267358,0.0880415439605712
1625,0,background,0.965786337852478,0.965786337852478,0.0014803925296291,0.0327817723155021
1626,0,background,0.9159034490585328,0.9159034490585328,0.0015004527522251,0.0827202424407005
1627,0,background,0.9653419852256776,0.9653419852256776,0.0014839866198599,0.03322334587574
1628,0,background,0.93571138381958,0.93571138381958,0.001532936701551,0.0628520101308822
1629,0,background,0.9086873531341552,0.9086873531341552,0.0014761895872652,0.0899692550301551
1630,0,background,0.9355966448783876,0.9355966448783876,0.0015355416107922,0.0629644766449928
1631,0,background,0.9144543409347534,0.9144543409347534,0.0014822565717622,0.0841882526874542
1632,0,background,0.887173593044281,0.887173593044281,0.0015262744855135,0.1114702522754669
1633,0,background,0.8863189220428467,0.8863189220428467,0.0015239379135891,0.1123283356428146
1634,0,background,0.8883695602416992,0.8883695602416992,0.0015271599404513,0.1102716773748397
1635,0,background,0.8875055313110352,0.8875055313110352,0.0015276339836418,0.1111365929245948
1636,0,background,0.8876422047615051,0.8876422047615051,0.0015275438781827,0.1109998449683189
1637,0,background,0.887349009513855,0.887349009513855,0.0015271992888301,0.1112938001751899
1638,0,background,0.887248158454895,0.887248158454895,0.0015264925314113,0.1113954409956932
1639,0,background,0.8870014548301697,0.8870014548301697,0.0015259564388543,0.1116429567337036
1640,0,background,0.8872013688087463,0.8872013688087463,0.001525604748167,0.1114430576562881
1641,0,background,0.8855460286140442,0.8855460286140442,0.0015269169816747,0.1130997315049171
1642,0,background,0.8862139582633972,0.8862139582633972,0.0015255109174177,0.1124320849776268
1643,0,background,0.8856086730957031,0.8856086730957031,0.00152692431584,0.1130369901657104
1644,0,background,0.8866950869560242,0.8866950869560242,0.001525520463474,0.1119501367211341
1645,0,background,0.8855514526367188,0.8855514526367188,0.0015264438698068,0.1130947321653366
1646,0,background,0.8861716985702515,0.8861716985702515,0.00152584456373,0.1124740839004516
1647,0,background,0.7633382678031921,0.7633382678031921,0.0015166706871241,0.235502228140831
1648,0,background,0.7649732232093811,0.7649732232093811,0.0015170093392953,0.2338645160198211
1649,0,background,0.7878851294517517,0.7878851294517517,0.0015159054892137,0.2109186947345733
1650,0,background,0.7915390729904175,0.7915390729904175,0.0015149307437241,0.2072600126266479
1651,0,background,0.8585839867591858,0.8585839867591858,0.0015122996410354,0.1401155889034271
1652,0,background,0.8878166079521179,0.8878166079521179,0.0015261002117767,0.1108264327049255
1653,0,background,0.7677246332168579,0.7677246332168579,0.0015162389026954,0.2311095744371414
1654,0,background,0.7692516446113586,0.7692516446113586,0.0015165796503424,0.2295799255371093
1655,0,background,0.791689932346344,0.791689932346344,0.0015154449502006,0.2071085274219513
1656,0,background,0.795109748840332,0.795109748840332,0.0015145072247833,0.2036842256784439
1657,0,background,0.8605503439903259,0.8605503439903259,0.0015121900942176,0.1381463855504989
1658,0,background,0.8886364102363586,0.8886364102363586,0.0015259047504514,0.1100055500864982
1659,0,background,0.7745167016983032,0.7745167016983032,0.0015157524030655,0.2243075668811798
1660,0,background,0.7718992829322815,0.7718992829322815,0.0015163673087954,0.2269284427165985
1661,0,background,0.7960125803947449,0.7960125803947449,0.0015149220125749,0.2027796953916549
1662,0,background,0.7974103689193726,0.7974103689193726,0.0015142967458814,0.2013802379369735
1663,0,background,0.8619371056556702,0.8619371056556702,0.0015121066244319,0.1367575377225875
1664,0,background,0.887730062007904,0.887730062007904,0.0015289372531697,0.1109105870127677
1665,0,background,0.77415531873703,0.77415531873703,0.0015159415779635,0.2246693223714828
1666,0,background,0.7709662914276123,0.7709662914276123,0.001516887336038,0.22786246240139
1667,0,background,0.795470654964447,0.795470654964447,0.0015153051353991,0.2033221274614334
1668,0,background,0.7952488660812378,0.7952488660812378,0.0015149617101997,0.2035445272922516
1669,0,background,0.861081063747406,0.861081063747406,0.0015120459720492,0.1376149654388427
1670,0,background,0.8899469375610352,0.8899469375610352,0.0015260827494785,0.1086928844451904
1671,0,background,0.7728696465492249,0.7728696465492249,0.0015166028169915,0.225956454873085
1672,0,background,0.7752928733825684,0.7752928733825684,0.0015162923373281,0.2235297709703445
1673,0,background,0.7968834042549133,0.7968834042549133,0.0015150691615417,0.2019073963165283
1674,0,background,0.7972918152809143,0.7972918152809143,0.0015147150261327,0.2014986872673034
1675,0,background,0.86417555809021,0.86417555809021,0.001511936658062,0.1345158517360687
1676,0,background,0.7695557475090027,0.7695557475090027,0.0015161406481638,0.2292756885290146
1677,0,background,0.7661548852920532,0.7661548852920532,0.0015170852420851,0.2326810508966446
1678,0,background,0.7894843220710754,0.7894843220710754,0.0015153699787333,0.2093174904584884
1679,0,background,0.7896444797515869,0.7896444797515869,0.0015149919781833,0.2091574221849441
1680,0,background,0.8601599335670471,0.8601599335670471,0.0015119755407795,0.138537511229515
1681,0,background,0.7707209587097168,0.7707209587097168,0.0015165435615926,0.2281084507703781
1682,0,background,0.7811998128890991,0.7811998128890991,0.0015161768533289,0.217613935470581
1683,0,background,0.7980168461799622,0.7980168461799622,0.0015149082755669,0.2007723897695541
1684,0,background,0.7973816990852356,0.7973816990852356,0.0015146891819313,0.2014086693525314
1685,0,background,0.8625719547271729,0.8625719547271729,0.0015119885792955,0.136121854186058
1686,0,background,0.7682241201400757,0.7682241201400757,0.0015169059624895,0.2306088209152221
1687,0,background,0.7696355581283569,0.7696355581283569,0.0015172477578744,0.2291949391365051
1688,0,background,0.7907934784889221,0.7907934784889221,0.0015161046758294,0.2080058008432388
1689,0,background,0.7948366403579712,0.7948366403579712,0.0015150308609008,0.2039573043584823
1690,0,background,0.8610517978668213,0.8610517978668213,0.0015120352618396,0.1376442611217498
1691,0,background,0.7769103646278381,0.7769103646278381,0.0015165074728429,0.2219096720218658
1692,0,background,0.7682402729988098,0.7682402729988098,0.001517807599157,0.2305918633937835
1693,0,background,0.7954689860343933,0.7954689860343933,0.0015157451853156,0.2033234983682632
1694,0,background,0.7935457229614258,0.7935457229614258,0.0015155937289819,0.2052497863769531
1695,0,background,0.8618109226226807,0.8618109226226807,0.0015121252508834,0.1368839591741562
1696,0,background,0.7652480602264404,0.7652480602264404,0.0015168960671871,0.2335894107818603
1697,0,background,0.7763398289680481,0.7763398289680481,0.0015165435615926,0.2224810719490051
1698,0,background,0.7941237688064575,0.7941237688064575,0.0015153527492657,0.2046710401773452
1699,0,background,0.793430507183075,0.793430507183075,0.0015151030384004,0.2053655534982681
1700,0,background,0.8602200746536255,0.8602200746536255,0.0015122260665521,0.1384771019220352
1701,0,background,0.7681155800819397,0.7681155800819397,0.0015164316864684,0.2307178378105163
1702,0,background,0.7752096652984619,0.7752096652984619,0.0015163522912189,0.2236130684614181
1703,0,background,0.7955890893936157,0.7955890893936157,0.0015148867387324,0.2032038569450378
1704,0,background,0.7929525375366211,0.7929525375366211,0.0015149747487157,0.2058443427085876
1705,0,background,0.8597273826599121,0.8597273826599121,0.0015123354969546,0.1389704346656799
1706,0,background,0.7664799690246582,0.7664799690246582,0.0015162951312959,0.2323561012744903
1707,0,background,0.7633308172225952,0.7633308172225952,0.0015172282001003,0.235509306192398
1708,0,background,0.7898894548416138,0.7898894548416138,0.0015155272558331,0.208911657333374
1709,0,background,0.7894681692123413,0.7894681692123413,0.0015151996631175,0.2093337476253509
1710,0,background,0.8586034774780273,0.8586034774780273,0.0015124161727726,0.1400959938764572
1711,0,background,0.766482412815094,0.766482412815094,0.0015168021200224,0.2323532402515411
1712,0,background,0.7626665234565735,0.7626665234565735,0.0015171914128586,0.2361746281385421
1713,0,background,0.7910114526748657,0.7910114526748657,0.0015154175925999,0.2077880501747131
1714,0,background,0.7864124774932861,0.7864124774932861,0.0015157783636823,0.212393656373024
1715,0,background,0.8590672016143799,0.8590672016143799,0.0015124968485906,0.1396314948797226
1716,0,background,0.7578999996185303,0.7578999996185303,0.0015166143421083,0.2409487664699554
1717,0,background,0.7698568105697632,0.7698568105697632,0.0015162751078605,0.2289741188287735
1718,0,background,0.7896699905395508,0.7896699905395508,0.001515163690783,0.2091316878795623
1719,0,background,0.7881336808204651,0.7881336808204651,0.001515035983175,0.2106704711914062
1720,0,background,0.8562316298484802,0.8562316298484802,0.0015126205980777,0.1424712538719177
1721,0,background,0.7609124779701233,0.7609124779701233,0.0015172680141404,0.2379312217235565
1722,0,background,0.759483814239502,0.759483814239502,0.0015170534607023,0.2393622249364853
1723,0,background,0.7869966626167297,0.7869966626167297,0.0015157531015574,0.2118086367845535
1724,0,background,0.7841341495513916,0.7841341495513916,0.0015158246969804,0.2146753966808319
1725,0,background,0.8568485975265503,0.8568485975265503,0.001512630842626,0.1418533027172088
1726,0,background,0.7545995712280273,0.7545995712280273,0.0015175532316789,0.2442535609006881
1727,0,background,0.7577800750732422,0.7577800750732422,0.0015172441489994,0.2410684078931808
1728,0,background,0.782829761505127,0.782829761505127,0.0015162209747359,0.2159814983606338
1729,0,background,0.7831305861473083,0.7831305861473083,0.001515831798315,0.2156805396080017
1730,0,background,0.85552978515625,0.85552978515625,0.0015126423677429,0.1431741267442703
1731,0,background,0.7595360279083252,0.7595360279083252,0.0015169436810538,0.2393100559711456
1732,0,background,0.7672637104988098,0.7672637104988098,0.0015168648678809,0.2315706759691238
1733,0,background,0.7889465093612671,0.7889465093612671,0.0015155394794419,0.2098559737205505
1734,0,background,0.7861121892929077,0.7861121892929077,0.0015155459986999,0.2126945853233337
1735,0,background,0.8554785251617432,0.8554785251617432,0.0015126725193113,0.1432254910469055
1736,0,background,0.7549764513969421,0.7549764513969421,0.0015174602158367,0.2438761740922927
1737,0,background,0.7561774253845215,0.7561774253845215,0.0015181084163486,0.2426728457212448
1738,0,background,0.7813076376914978,0.7813076376914978,0.0015168266836553,0.217505469918251
1739,0,background,0.7833414077758789,0.7833414077758789,0.0015160338953137,0.2154691964387893
1740,0,background,0.8552114963531494,0.8552114963531494,0.0015125804347917,0.143492966890335
1741,0,background,0.7557517886161804,0.7557517886161804,0.0015175699954852,0.2430995851755142
1742,0,background,0.7684910297393799,0.7684910297393799,0.0015168418176472,0.2303415536880493
1743,0,background,0.786529004573822,0.786529004573822,0.0015162164345383,0.2122766375541687
1744,0,background,0.7879975438117981,0.7879975438117981,0.0015154745196923,0.2108064591884613
1745,0,background,0.8553340435028076,0.8553340435028076,0.0015125457430258,0.1433702558279037
1746,0,background,0.9551762342453004,0.9551762342453004,0.0015900945290923,0.0433025434613227
1747,0,background,0.9587884545326232,0.9587884545326232,0.0016231432091444,0.0396527834236621
1748,0,background,0.8872954249382019,0.8872954249382019,0.0015266560949385,0.1113479360938072
1749,0,background,0.7605056762695312,0.7605056762695312,0.001517898752354,0.2383382618427276
1750,0,background,0.7734481692314148,0.7734481692314148,0.0015167436795309,0.2253769189119339
1751,0,background,0.7926289439201355,0.7926289439201355,0.0015155987348407,0.2061678916215896
1752,0,background,0.7878450751304626,0.7878450751304626,0.0015160383190959,0.2109587341547012
1753,0,background,0.85976243019104,0.85976243019104,0.0015123988268896,0.1389352828264236
1754,0,background,0.9620473384857178,0.9620473384857178,0.0015272900927811,0.0364810638129711
1755,0,background,0.9589934945106506,0.9589934945106506,0.0015077083371579,0.0395584665238857
1756,2,surface_feature,0.886307418346405,0.1135191693902015,0.0015252620214596,0.886307418346405
1757,0,background,0.1135280355811119,0.1135280355811119,0.001525308471173,0.8862985372543335
1758,2,surface_feature,0.7305296063423157,0.2690703868865967,0.0014844558900222,0.7305296063423157
1759,2,surface_feature,0.7282155156135559,0.2713795006275177,0.0014901168178766,0.7282155156135559
1760,2,surface_feature,0.7364741563796997,0.2631338834762573,0.0014873807085677,0.7364741563796997
1761,2,surface_feature,0.7281720042228699,0.2714229524135589,0.0014900919049978,0.7281720042228699
1762,2,surface_feature,0.730800986289978,0.2687993943691253,0.0014844362158328,0.730800986289978
1763,2,surface_feature,0.7271953225135803,0.2723981738090515,0.0014901352114975,0.7271953225135803
1764,2,surface_feature,0.7341671586036682,0.2654374241828918,0.0014874571934342,0.7341671586036682
1765,2,surface_feature,0.7271519303321838,0.2724414765834808,0.0014901664108037,0.7271519303321838
1766,0,background,0.1122874841094017,0.1122874841094017,0.0015241403598338,0.8875411152839661
1767,2,surface_feature,0.8875522613525391,0.1122763603925705,0.0015240858774632,0.8875522613525391
1768,0,background,0.3277993202209472,0.3277993202209472,0.0014888088917359,0.6717119216918945
1769,0,background,0.3259317278861999,0.3259317278861999,0.0014920805115252,0.6735812425613403
1770,0,background,0.3315329253673553,0.3315329253673553,0.0014857442583888,0.6679737567901611
1771,0,background,0.3245601654052734,0.3245601654052734,0.0014919923851266,0.674954891204834
1772,0,background,0.324296772480011,0.324296772480011,0.0014887636061757,0.675219714641571
1773,0,background,0.3245380818843841,0.3245380818843841,0.0014919759705662,0.6749770045280457
1774,0,background,0.3311835825443268,0.3311835825443268,0.001485691871494,0.6683236360549927
1775,0,background,0.3259868323802948,0.3259868323802948,0.0014920691028237,0.6735260486602783
