graph_id,model_name,id,area,relativeArea,perimeter,compactness,surfaceType,centerX,centerY,centerZ,normalizationCenterX,normalizationCenterY,normalizationCenterZ,normalizationScale,meanCurvature,uvInsideFraction,normalVariation,curvatureVariation,radius,numWires,innerWireCount,minInnerWireLength,maxInnerWireLength,numEdges,neighborAreaMean,neighborAreaMax,areaToNeighborMean,areaToNeighborMax,normalNeighborDotMean,normalNeighborDotMin,normalNeighborDotMax,neighborPlaneCount,neighborCylinderCount,neighborCurvedCount,convexEdgeCount,concaveEdgeCount,smoothEdgeCount,convexEdgeRatio,concaveEdgeRatio,neighbors,edge_types,edge_area_ratios,edge_neighbor_surface_types,shared_edge_lengths,edge_dihedral_means,edge_dihedral_stds,label
0,"Airplane body_wing_rivets.step",1,0.225201,5.63528e-10,4.24524,6.36829,1,7640.93,7787.29,-782.656,4.50018e-09,6413.76,1381.97,9.4569e-05,-1.5625,1,0.3,0,0.32,1,0,0,0,5,6.48661e+06,1.29732e+07,3.47179e-08,1.7359e-08,0.00577077,1.38778e-17,0.0115415,1,0,1,1,1,0,0.5,0.5,"2 3","-1 1","1.7359e-08 0.700037","6 0","0.845972 2.01062","1.57077 1.5708","2.39808e-05 0",0
0,"Airplane body_wing_rivets.step",2,1.29732e+07,0.0324633,26150.2,4.1946,6,4244.09,6051.36,-801.913,4.50018e-09,6413.76,1381.97,9.4569e-05,-9.22711e-05,0.72,0.0174821,4.26532e-10,0,8,7,1.92,2.01062,36,776499,1.84761e+07,16.7073,0.702163,0.281736,0.00538537,0.995322,12,8,14,8,13,5,0.307692,0.5,"4 5 7 9 10 12 14 16 17 15 13 11 8 6 18 19 20 22 24 23 21 25 26 1 27 28","1 1 1 1 1 -1 0 0 0 0 1 0 1 1 -1 -1 -1 -1 -1 -1 -1 -1 -1 -1 -1 -1","204.885 0.702163 198.114 25.5606 170.827 326.453 233.337 167.353 203.324 567.911 2441.19 273.991 286.325 20.1724 5.7608e+07 3.61954e+08 3.61967e+08 3.61956e+08 3.61954e+08 3.61967e+08 3.61955e+08 5.76077e+07 5.76073e+07 5.76071e+07 5.76071e+07 5.76069e+07","0 6 0 0 0 1 6 6 6 6 1 6 0 0 1 0 0 0 0 0 0 1 1 1 1 1","781.685 458.581 782.752 2735.31 792.229 680.275 768.563 1063.96 894.631 10.4373 308.954 1124.18 770.851 4570.64 1.86178 0.32 0.32 0.32 0.32 0.32 0.32 0.807994 0.902137 0.845972 0.849473 1.86544","1.61114 2.89618 1.55776 1.3952 1.63632 0.0676259 4.56313e-05 7.17119e-07 2.34021e-05 0.0295257 0.0538596 1.89667e-06 1.5431 1.46934 1.57077 1.57075 1.5708 1.57075 1.57075 1.5708 1.57075 1.57077 1.57076 1.57077 1.57076 1.57076","0.00467097 0.00248759 0.00128032 0.00699997 0.00473076 0.00358553 4.60476e-05 3.26597e-07 1.18464e-05 0.0105669 0.00515159 3.43232e-06 0.0100138 0.0335001 1.90355e-05 7.94709e-06 7.35233e-07 8.68108e-06 7.9455e-06 7.35323e-07 8.68208e-06 1.84694e-05 2.39477e-05 2.39808e-05 2.4856e-05 2.80289e-05",0
0,"Airplane body_wing_rivets.step",3,0.321699,8.04997e-10,2.01062,1,0,7640.92,7787.29,-782.6,4.50018e-09,6413.76,1381.97,9.4569e-05,0,1,0,0,0,1,0,0,0,1,0.225201,0.225201,1.42849,1.42849,1.38778e-17,1.38778e-17,1.38778e-17,0,1,1,1,0,0,1,0,"1","1","1.42849","1","2.01062","1.5708","0",0
0,"Airplane body_wing_rivets.step",4,63319.4,0.000158446,1902.07,4.54678,0,4579.83,7108.26,-941.6,4.50018e-09,6413.76,1381.97,9.4569e-05,0,0.6,0,0,0,2,1,191.511,191.511,4,8.24143e+06,1.84761e+07,0.00768306,0.0034271,0.0411118,0.00538537,0.0715289,1,0,3,2,2,0,0.5,0.5,"29 2 6 5","-1 1 -1 1","0.0725046 0.00488078 0.0984568 0.0034271","6 6 0 6","191.511 781.685 164.834 764.035","1.57076 1.61114 1.64239 1.53911","0.0528868 0.00467097 2.22045e-16 0.000367952",0
0,"Airplane body_wing_rivets.step",5,1.84761e+07,0.0462332,27364.8,3.22526,6,4281.24,5735.3,-1061.68,4.50018e-09,6413.76,1381.97,9.4569e-05,-9.70728e-05,0.76,0.0574037,4.65286e-08,0,1,0,0,0,33,781494,1.29732e+07,23.642,1.42417,0.551683,0.0296113,0.999237,6,5,13,12,0,7,0.631579,0,"4 6 8 2 11 30 31 32 33 34 35 36 37 38 39 40 10 9 7","1 1 1 1 1 0 1 1 1 1 0 0 0 0 0 0 1 1 1","291.792 28.7289 407.775 1.42417 390.21 346.319 712.334 610.28 710.044 500.781 471.099 297.298 3202.39 356.59 317.323 493.3 243.286 36.4027 282.148","0 0 0 6 6 6 1 1 1 1 6 6 6 6 6 1 0 0 0","764.035 4571.45 766.75 605.399 4.46954 693.039 394.631 142.41 394.631 1159.08 4.06508 3.63568 81.7354 735.654 4.82974 678.623 773.078 2736.15 764.04","1.53911 1.50261 1.58543 3.00151 3.01084 3.17777e-06 0.19338 0.472913 0.283129 0.0966509 0.0119669 6.41147e-05 1.17865e-07 5.06446e-06 0.0181541 0.0270789 1.54229 1.52899 1.60488","0.000367952 0.0416112 0.0170295 0.00767164 0.010645 2.09616e-06 0.0731964 0.0704438 0.056482 0.0461135 0.00247264 2.11145e-05 6.60289e-08 8.0714e-06 0.00581026 0.00139248 0.00057026 0.00466844 0.00233875",0
0,"Airplane body_wing_rivets.step",6,643118,0.00160929,9441.28,11.0296,0,6723.99,7508.65,-870.874,4.50018e-09,6413.76,1381.97,9.4569e-05,0,0.68,0,0,0,1,0,0,0,4,7.88948e+06,1.84761e+07,0.081516,0.0348082,0.0572417,0.0296113,0.0715289,2,0,2,2,2,0,0.5,0.5,"2 8 5 4","1 -1 1 -1","0.0495728 14.1939 0.0348082 10.1567","6 0 6 0","4570.64 134.362 4571.45 164.834","1.46934 1.49921 1.50261 1.64239","0.0335001 2.22045e-16 0.0416112 2.22045e-16",0
0,"Airplane body_wing_rivets.step",7,65483.6,0.000163862,1910.97,4.43775,0,4136.08,6998.15,-954.633,4.50018e-09,6413.76,1381.97,9.4569e-05,0,0.6,0,0,0,2,1,191.511,191.511,4,8.109e+06,1.84761e+07,0.00807543,0.00354424,0.0481071,0.00538537,0.0719476,1,0,3,2,2,0,0.5,0.5,"5 9 2 41","1 -1 1 -1","0.00354424 0.12902 0.0050476 0.136666","6 0 6 6","764.04 172.662 782.752 191.511","1.60488 1.64239 1.55776 1.56578","0.00233875 2.22045e-16 0.00128032 0.0568144",0
0,"Airplane body_wing_rivets.step",8,45309.4,0.000113379,1863.47,6.09886,0,8935.9,8488.08,-830.977,4.50018e-09,6413.76,1381.97,9.4569e-05,0,0.56,0,0,0,2,1,191.511,191.511,4,8.24143e+06,1.84761e+07,0.00549777,0.00245233,0.0411118,0.00538537,0.0715289,1,0,3,2,2,0,0.5,0.5,"29 2 5 6","-1 1 1 -1","0.0518821 0.00349254 0.00245233 0.0704527","6 6 6 0","191.511 770.851 766.75 134.362","1.57076 1.5431 1.58543 1.49921","0.052887 0.0100138 0.0170295 2.22045e-16",0
0,"Airplane body_wing_rivets.step",9,507547,0.00127005,5843.35,5.3535,0,2818.15,6505.94,-976.578,4.50018e-09,6413.76,1381.97,9.4569e-05,0,0.8,0,0,0,1,0,0,0,4,7.89768e+06,1.84761e+07,0.0642654,0.0274705,0.0819869,0.0358439,0.165048,2,0,2,2,2,0,0.5,0.5,"2 7 5 10","1 -1 1 -1","0.0391227 7.75075 0.0274705 6.6832","6 0 6 0","2735.31 172.662 2736.15 199.228","1.3952 1.64239 1.52899 1.7366","0.00699997 2.22045e-16 0.00466844 2.22045e-16",0
0,"Airplane body_wing_rivets.step",10,75943.8,0.000190036,1956.05,4.00919,0,1502.44,6554.71,-1038.57,4.50018e-09,6413.76,1381.97,9.4569e-05,0,0.6,0,0,0,2,1,191.511,191.511,4,8.109e+06,1.84761e+07,0.00936537,0.00411038,0.0956732,0.0184171,0.165048,1,0,3,2,2,0,0.5,0.5,"41 2 9 5","-1 1 -1 1","0.158497 0.00585389 0.149629 0.00411038","6 6 0 6","191.511 792.229 199.228 773.078","1.56585 1.63632 1.7366 1.54229","0.120478 0.00473076 2.22045e-16 0.00057026",0
0,"Airplane body_wing_rivets.step",11,47349.1,0.000118483,2297.43,8.87077,6,9414.51,8540.5,-792.01,4.50018e-09,6413.76,1381.97,9.4569e-05,-0.0164714,0.92,0.210181,6.28981e-10,0,1,0,0,0,6,7.88753e+06,1.84761e+07,0.00600303,0.00256272,0.552309,0.0933004,0.731671,1,0,3,1,0,3,0.25,0,"30 42 5 2","0 0 1 0","0.887519 0.99728 0.00256272 0.00364976","6 0 6 6","47.413 714.061 4.46954 1124.18","0.00100833 1.65502e-06 3.01084 1.89667e-06","0.00047795 1.34826e-06 0.010645 3.43232e-06",0
0,"Airplane body_wing_rivets.step",12,39739.9,9.94424e-05,1522.28,4.64039,1,1157.46,6793.89,-1049.57,4.50018e-09,6413.76,1381.97,9.4569e-05,-5.21364e-05,0.4,0.000144608,1.65436e-24,9590.22,1,0,0,0,5,2.63645e+06,1.29732e+07,0.0150733,0.00306323,0.799055,0.620112,0.982353,0,1,5,2,1,2,0.4,0.2,"39 43 14 2 40","1 0 0 -1 1","0.682526 0.687846 0.714765 0.00306323 1.06103","6 6 6 6 1","2.91133 703.588 11.7041 680.275 123.805","2.859 1.87686e-05 0.0403199 0.0676259 2.86802","0.00596261 1.04497e-05 0.0144695 0.00358553 0",0
0,"Airplane body_wing_rivets.step",13,5314.3,1.32981e-05,656.169,6.44726,1,1185.87,3406.78,-832.6,4.50018e-09,6413.76,1381.97,9.4569e-05,-5.21364e-05,0.4,7.20708e-05,4.1359e-25,9590.22,1,0,0,0,3,4.34066e+06,1.29732e+07,0.00122431,0.000409637,0.886507,0.711974,0.985883,0,1,3,1,0,2,0.333333,0,"2 15 31","1 0 0","0.000409637 0.232637 0.20489","6 6 1","308.954 311.075 36.1407","0.0538596 2.80018e-06 1.49012e-08","0.00515159 1.47713e-06 0",0
0,"Airplane body_wing_rivets.step",14,55598.5,0.000139126,1679.9,4.03918,6,1199.64,5962.88,-866.926,4.50018e-09,6413.76,1381.97,9.4569e-05,-0.0108453,1,0.218162,9.47027e-11,0,1,0,0,0,5,2.79668e+06,1.29732e+07,0.0198802,0.00428564,0.823577,0.701531,0.993183,0,2,5,0,0,5,0,0,"16 44 43 12 2","0 0 0 0 0","0.717213 0.0665731 0.962338 1.39906 0.00428564","6 1 6 1 6","73.6145 755.295 70.7227 11.7041 768.563","2.98023e-09 3.09806e-05 0.00473532 0.0403199 4.56313e-05","5.96046e-09 2.13255e-05 0.00228181 0.0144695 4.60476e-05",0
0,"Airplane body_wing_rivets.step",15,22843.7,5.71626e-05,783.156,2.13658,6,1152.21,3467.08,-809.559,4.50018e-09,6413.76,1381.97,9.4569e-05,-0.0108671,1,0.199731,1.92852e-11,0,1,0,0,0,5,2.6867e+06,1.29732e+07,0.00850254,0.00176084,0.815874,0.676309,0.995763,0,2,5,0,0,5,0,0,"2 13 45 46 17","0 0 0 0 0","0.00176084 4.29854 0.812101 0.0629269 0.358021","6 1 6 1 6","10.4373 311.075 71.06 321.189 69.3945","0.0295257 2.80018e-06 5.7048e-09 2.74205e-06 0.0027682","0.0105669 1.47713e-06 8.85876e-09 1.50624e-06 0.00134542",0
0,"Airplane body_wing_rivets.step",16,77520.2,0.000193981,2278.37,5.32874,6,1214.61,5060.86,-773.737,4.50018e-09,6413.76,1381.97,9.4569e-05,-0.0109015,1,0.214636,1.91525e-10,0,1,0,0,0,4,3.29689e+06,1.29732e+07,0.0235131,0.00597541,0.8471,0.700023,0.994092,1,0,3,0,0,4,0,0,"47 14 2 17","0 0 0 0","0.816307 1.39429 0.00597541 1.21495","0 6 6 6","1069.05 73.6145 1063.96 71.7456","3.77519e-07 2.98023e-09 7.17119e-07 5.08757e-09","4.32401e-07 5.96046e-09 3.26597e-07 7.93312e-09",0
0,"Airplane body_wing_rivets.step",17,63805.5,0.000159662,1950.05,4.74268,6,1199.12,4077.82,-766.325,4.50018e-09,6413.76,1381.97,9.4569e-05,-0.0108683,1,0.204222,2.19358e-11,0,1,0,0,0,5,3.35915e+06,1.29732e+07,0.0189945,0.00491825,0.845064,0.679708,0.995763,0,1,4,0,0,4,0,0,"2 15 46 16","0 0 0 0","0.00491825 2.79313 0.175763 0.823082","6 6 1 6","894.631 69.3945 904.306 71.7456","2.34021e-05 0.0027682 2.55639e-05 5.08757e-09","1.18464e-05 0.00134542 1.55421e-05 7.93312e-09",0
0,"Airplane body_wing_rivets.step",18,0.225198,5.6352e-10,4.24525,6.36842,1,3542.66,4701.76,-818.405,4.50018e-09,6413.76,1381.97,9.4569e-05,-1.5625,1,0.3,0,0.32,1,0,0,0,5,6.48661e+06,1.29732e+07,3.47174e-08,1.73587e-08,0.0121593,2.08167e-17,0.0243186,1,0,1,1,1,0,0.5,0.5,"2 48","-1 1","1.73587e-08 0.700028","6 0","1.86178 2.01062","1.57077 1.5708","1.90355e-05 0",0
0,"Airplane body_wing_rivets.step",19,0.0358422,8.9689e-11,0.864014,1.65744,0,4978.65,5527.51,-806.112,4.50018e-09,6413.76,1381.97,9.4569e-05,0,1,0,0,0,1,0,0,0,4,3.2433e+06,1.29732e+07,1.10511e-08,2.76279e-09,0.288488,5.6459e-13,0.5,3,0,1,3,1,0,0.75,0.25,"49 21 2 20","1 1 -1 1","0.134723 1 2.76279e-09 1.00004","0 0 6 0","0.32 0.112011 0.32 0.112003","1.5708 1.0472 1.57075 1.0472","0 2.22045e-16 7.94709e-06 0",0
0,"Airplane body_wing_rivets.step",20,0.0358409,8.96857e-11,0.864005,1.65747,0,4978.41,5527.65,-806.086,4.50018e-09,6413.76,1381.97,9.4569e-05,0,1,0,0,0,1,0,0,0,4,3.2433e+06,1.29732e+07,1.10507e-08,2.76268e-09,0.254648,2.83426e-13,0.5,3,0,1,3,1,0,0.75,0.25,"49 19 2 22","1 1 -1 1","0.134718 0.999963 2.76268e-09 0.99997","0 0 6 0","0.32 0.112003 0.32 0.112002","1.5708 1.0472 1.5708 1.0472","2.22045e-16 0 7.35233e-07 0",0
0,"Airplane body_wing_rivets.step",21,0.0358421,8.96887e-11,0.864013,1.65744,0,4978.89,5527.65,-806.11,4.50018e-09,6413.76,1381.97,9.4569e-05,0,1,0,0,0,1,0,0,0,4,3.2433e+06,1.29732e+07,1.10511e-08,2.76278e-09,0.28384,2.04864e-13,0.5,3,0,1,3,1,0,0.75,0.25,"49 23 2 19","1 1 -1 1","0.134723 1.00003 2.76278e-09 0.999997","0 0 6 0","0.32 0.112002 0.32 0.112011","1.5708 1.0472 1.57075 1.0472","2.22045e-16 0 8.68208e-06 2.22045e-16",0
0,"Airplane body_wing_rivets.step",22,0.0358419,8.96883e-11,0.864013,1.65745,0,4978.41,5527.93,-806.058,4.50018e-09,6413.76,1381.97,9.4569e-05,0,1,0,0,0,1,0,0,0,4,3.2433e+06,1.29732e+07,1.10511e-08,2.76276e-09,0.28384,2.04864e-13,0.5,3,0,1,3,1,0,0.75,0.25,"49 20 2 24","1 1 -1 1","0.134722 1.00003 2.76276e-09 0.999992","0 0 6 0","0.32 0.112002 0.32 0.112011","1.5708 1.0472 1.57075 1.0472","2.22045e-16 0 8.68108e-06 2.22045e-16",0
0,"Airplane body_wing_rivets.step",23,0.0358409,8.96857e-11,0.864005,1.65747,0,4978.89,5527.93,-806.082,4.50018e-09,6413.76,1381.97,9.4569e-05,0,1,0,0,0,1,0,0,0,4,3.2433e+06,1.29732e+07,1.10507e-08,2.76268e-09,0.254648,2.83426e-13,0.5,3,0,1,3,1,0,0.75,0.25,"49 24 2 21","1 1 -1 1","0.134718 0.999963 2.76268e-09 0.999966","0 0 6 0","0.32 0.112003 0.32 0.112002","1.5708 1.0472 1.5708 1.0472","2.22045e-16 0 7.35323e-07 0",0
0,"Airplane body_wing_rivets.step",24,0.0358422,8.9689e-11,0.864014,1.65744,0,4978.65,5528.06,-806.056,4.50018e-09,6413.76,1381.97,9.4569e-05,0,1,0,0,0,1,0,0,0,4,3.2433e+06,1.29732e+07,1.10511e-08,2.76279e-09,0.288488,5.6459e-13,0.5,3,0,1,3,1,0,0.75,0.25,"49 22 2 23","1 1 -1 1","0.134723 1.00001 2.76279e-09 1.00004","0 0 6 0","0.32 0.112011 0.32 0.112003","1.5708 1.0472 1.57075 1.0472","0 2.22045e-16 7.9455e-06 0",0
0,"Airplane body_wing_rivets.step",25,0.225199,5.63523e-10,4.24519,6.3682,1,5349.1,7039.41,-819.001,4.50018e-09,6413.76,1381.97,9.4569e-05,-1.5625,1,0.3,0,0.32,1,0,0,0,5,6.48661e+06,1.29732e+07,3.47176e-08,1.73588e-08,0.00950082,1.38778e-17,0.0190016,1,0,1,1,1,0,0.5,0.5,"2 50","-1 1","1.73588e-08 0.700031","6 0","0.807994 2.01062","1.57077 1.5708","1.84694e-05 0",0
0,"Airplane body_wing_rivets.step",26,0.225201,5.63526e-10,4.24524,6.36833,1,6856,7533.84,-793.71,4.50018e-09,6413.76,1381.97,9.4569e-05,-1.5625,1,0.3,4.44089e-16,0.32,1,0,0,0,5,6.48661e+06,1.29732e+07,3.47178e-08,1.73589e-08,0.00734437,5.20417e-17,0.0146887,1,0,1,1,1,0,0.5,0.5,"2 51","-1 1","1.73589e-08 0.700035","6 0","0.902137 2.01062","1.57076 1.5708","2.39477e-05 0",0
0,"Airplane body_wing_rivets.step",27,0.225202,5.63529e-10,4.24519,6.36815,1,6411.87,6347.58,-794.269,4.50018e-09,6413.76,1381.97,9.4569e-05,-1.5625,1,0.3,0,0.32,1,0,0,0,5,6.48661e+06,1.29732e+07,3.47179e-08,1.7359e-08,0.00958467,2.08167e-17,0.0191693,1,0,1,1,1,0,0.5,0.5,"2 52","-1 1","1.7359e-08 0.700038","6 0","0.849473 2.01062","1.57076 1.5708","2.4856e-05 0",0
0,"Airplane body_wing_rivets.step",28,0.225202,5.63531e-10,4.24526,6.36832,1,7854.95,7171.39,-782.452,4.50018e-09,6413.76,1381.97,9.4569e-05,-1.5625,1,0.3,0,0.32,1,0,0,0,5,6.48661e+06,1.29732e+07,3.47181e-08,1.7359e-08,0.00732319,2.60209e-17,0.0146464,1,0,1,1,1,0,0.5,0.5,"2 53","-1 1","1.7359e-08 0.700041","6 0","1.86544 2.01062","1.57076 1.5708","2.80289e-05 0",0
0,"Airplane body_wing_rivets.step",29,873315,0.00218532,9525.51,8.26791,6,6809.72,7583.88,-910.491,4.50018e-09,6413.76,1381.97,9.4569e-05,-0.0164537,1,0.30734,1.21655e-09,0,1,0,0,0,4,54314.4,63319.4,16.0789,13.7922,0.0439663,0.0439663,0.0439663,2,0,0,0,2,0,0,1,"8 4","-1 -1","19.2745 13.7922","0 0","191.511 191.511","1.57076 1.57076","0.052887 0.0528868",0
0,"Airplane body_wing_rivets.step",30,53349.9,0.000133499,2653.81,10.505,6,9415.39,8461.54,-869.988,4.50018e-09,6413.76,1381.97,9.4569e-05,-0.0164152,0.92,0.18313,2.56809e-08,0,1,0,0,0,16,6.1903e+06,1.84761e+07,0.00861831,0.00288751,0.509498,0.0933004,0.760811,1,0,2,1,0,2,0.333333,0,"5 11 42","0 1 0","0.00288751 1.12674 1.12367","6 6 0","71.4225 407.284 294.359","0.00022924 1.22337 4.32625e-06","0.000208049 0.752974 9.99807e-07",0
0,"Airplane body_wing_rivets.step",31,25937.4,6.49039e-05,926.259,2.63226,1,1162.46,3090.57,-909.553,4.50018e-09,6413.76,1381.97,9.4569e-05,-0.000598901,0.72,0.0231261,0,834.863,1,0,0,0,4,4.63495e+06,1.84761e+07,0.00559604,0.00140384,0.752336,0.381816,0.961666,0,2,4,1,0,3,0.25,0,"13 45 32 5","0 0 0 1","4.88067 0.92208 0.856733 0.00140384","1 6 1 6","36.1407 399.195 96.2931 394.631","1.49012e-08 1.60647e-05 0 0.19338","0 1.52661e-05 0 0.0731964",0
0,"Airplane body_wing_rivets.step",32,30274.7,7.57574e-05,764.33,1.53558,1,1144.39,2898.5,-1103.38,4.50018e-09,6413.76,1381.97,9.4569e-05,-0.00341754,1,0.284676,0,146.304,1,0,0,0,5,4.63721e+06,1.84761e+07,0.00652865,0.00163859,0.386217,0.0421371,0.7391,0,2,4,1,0,3,0.25,0,"31 54 33 5","0 0 0 1","1.16722 1.45424 1.16347 0.00163859","1 6 1 6","96.2931 286.923 96.2931 142.411","0 5.01181e-05 0 0.498938","0 3.30304e-05 0 0.0540444",0
0,"Airplane body_wing_rivets.step",33,26021,6.51132e-05,927.247,2.6294,1,1162.43,3091.12,-1297.38,4.50018e-09,6413.76,1381.97,9.4569e-05,-0.000598901,0.72,0.0135468,2.11758e-22,834.863,1,0,0,0,5,3.71417e+06,1.84761e+07,0.00700588,0.00140836,0.735818,0.381816,0.922234,0,2,5,1,0,4,0.2,0,"32 55 56 34 5","0 0 0 0 1","0.859496 1.55376 2.39499 0.705282 0.00140836","1 6 6 1 6","96.2931 240.168 158.865 37.2903 394.631","0 4.74688e-05 3.17158e-05 0 0.283129","0 2.23683e-05 1.58303e-05 0 0.056482",0
0,"Airplane body_wing_rivets.step",34,36894.5,9.23222e-05,2358.79,12.0007,1,1179.51,3816.17,-1384.74,4.50018e-09,6413.76,1381.97,9.4569e-05,-0.000122297,0.8,0.00518129,9.92617e-24,4088.4,1,0,0,0,4,4.63685e+06,1.84761e+07,0.0079568,0.00199688,0.898878,0.750641,0.998718,0,1,4,1,0,3,0.25,0,"57 35 5 33","0 0 1 0","6.05266 0.940728 0.00199688 1.41787","6 6 6 1","103.59 1058.83 1159.08 37.2903","2.22759e-06 0.00305484 0.0966509 0","1.4179e-06 0.000265107 0.0461135 0",0
0,"Airplane body_wing_rivets.step",35,39219.1,9.81391e-05,2215.52,9.95965,6,1149.42,3957.92,-1384.48,4.50018e-09,6413.76,1381.97,9.4569e-05,-0.0108699,1,0.054097,1.06464e-09,0,1,0,0,0,5,3.84704e+06,1.84761e+07,0.0101946,0.0021227,0.937459,0.92392,0.958959,0,2,5,1,0,4,0.2,0,"34 5 36 58 57","0 0 0 0 1","1.06301 0.0021227 0.631073 0.0599704 6.43402","1 6 6 1 6","1058.83 4.06508 44.7249 1069.22 38.6795","0.00305484 0.0119669 0.00111692 0.00732819 0.0830705","0.000265107 0.00247264 0.000521444 0.000633952 0.0453318",0
0,"Airplane body_wing_rivets.step",36,62146.7,0.000155512,2216.71,6.29201,6,1205.57,5025.32,-1267.59,4.50018e-09,6413.76,1381.97,9.4569e-05,-0.0109305,1,0.215394,4.31926e-10,0,1,0,0,0,6,4.79376e+06,1.84761e+07,0.0129641,0.00336363,0.936595,0.804225,0.991715,0,1,4,0,0,4,0,0,"58 35 5 37","0 0 0 0","0.0950293 1.5846 0.00336363 10.7716","1 6 6 6","1047.59 44.7249 3.63568 70.678","1.88768e-05 0.00111692 6.41147e-05 3.59746e-09","4.51777e-05 0.000521444 2.11145e-05 7.3261e-09",0
0,"Airplane body_wing_rivets.step",37,5769.47,1.44371e-05,304.555,1.27934,6,1213.8,5549.5,-1203.23,4.50018e-09,6413.76,1381.97,9.4569e-05,-0.0109579,1,0.196908,7.6358e-11,0,1,0,0,0,4,4.6476e+06,1.84761e+07,0.00124139,0.000312267,0.857059,0.715944,0.999719,1,0,3,0,0,4,0,0,"59 36 5 38","0 0 0 0","16.3125 0.0928363 0.000312267 0.111351","0 6 6 6","81.4857 70.678 81.7354 70.6563","0 3.59746e-09 1.17865e-07 5.08757e-09","0 7.3261e-09 6.60289e-08 7.93312e-09",0
0,"Airplane body_wing_rivets.step",38,51813.3,0.000129654,1613.69,3.99934,6,1198.9,5955.87,-1167.22,4.50018e-09,6413.76,1381.97,9.4569e-05,-0.0109038,1,0.194998,9.18099e-10,0,1,0,0,0,5,4.8438e+06,1.84761e+07,0.0106968,0.00280434,0.859133,0.717414,0.999719,0,1,4,0,0,4,0,0,"39 44 37 5","0 0 0 0","0.889883 0.0620407 8.98059 0.00280434","6 1 6 6","70.3853 732.439 70.6563 735.654","0.00192504 8.83285e-06 5.08757e-09 5.06446e-06","0.000916238 6.16054e-06 7.93312e-09 8.0714e-06",0
0,"Airplane body_wing_rivets.step",39,58224.8,0.000145698,2133,6.21818,6,1098.2,6728.43,-1128.69,4.50018e-09,6413.76,1381.97,9.4569e-05,-0.0109047,0.88,0.207992,1.09704e-09,0,1,0,0,0,6,3.24967e+06,1.84761e+07,0.0179171,0.00315136,0.64311,0.114512,0.99766,0,3,6,2,0,4,0.333333,0,"12 43 44 38 5 40","1 1 0 0 0 0","1.46515 1.0078 0.0697177 1.12374 0.00315136 1.55457","1 6 1 6 6 1","2.91133 343.459 1021.21 70.3853 4.82974 690.203","2.859 1.14992 0.00713757 0.00192504 0.0181541 8.63367e-05","0.00596261 0.740313 1.40329e-05 0.000916238 0.00581026 2.91576e-05",0
0,"Airplane body_wing_rivets.step",40,37454.1,9.37224e-05,1492.63,4.73365,1,1158.41,6794.86,-1107.6,4.50018e-09,6413.76,1381.97,9.4569e-05,-3.32046e-05,0.4,5.64155e-05,0,15058.2,1,0,0,0,3,6.19135e+06,1.84761e+07,0.00604942,0.00202717,0.882334,0.682563,0.999237,0,1,3,1,0,2,0.333333,0,"12 39 5","1 0 0","0.94248 0.643267 0.00202717","1 6 6","123.805 690.203 678.623","2.86802 8.63367e-05 0.0270789","0 2.91576e-05 0.00139248",0
0,"Airplane body_wing_rivets.step",41,479149,0.00119899,5831.4,5.64761,6,2846.91,6556.69,-1025.99,4.50018e-09,6413.76,1381.97,9.4569e-05,-0.0180978,1,0.388808,2.26002e-07,0,1,0,0,0,4,70713.7,75943.8,6.7759,6.30926,0.118274,0.0719476,0.1646,2,0,0,0,2,0,0,1,"7 10","-1 -1","7.31708 6.30926","0 0","191.511 191.511","1.56578 1.56585","0.0568144 0.120478",0
0,"Airplane body_wing_rivets.step",42,47478.2,0.000118806,1566.45,4.11274,0,9427.24,8283.1,-838.905,4.50018e-09,6413.76,1381.97,9.4569e-05,0,0.76,0,0,0,1,0,0,0,7,50349.5,53349.9,0.942973,0.88994,0.671193,0.668005,0.674382,0,0,2,0,0,2,0,0,"30 11","0 0","0.88994 1.00273","6 6","406.359 714.061","4.44593e-06 1.65502e-06","5.69752e-06 1.34826e-06",0
0,"Airplane body_wing_rivets.step",43,57774.4,0.000144571,2153.33,6.3867,6,1096.27,6735.61,-1019.39,4.50018e-09,6413.76,1381.97,9.4569e-05,-0.0108516,0.88,0.181112,8.18798e-11,0,1,0,0,0,4,247178,835150,0.233736,0.0691785,0.63768,0.114512,0.986681,0,2,4,1,0,3,0.25,0,"14 44 39 12","0 0 1 0","1.03914 0.0691785 0.992265 1.45381","6 1 6 1","70.7227 1035.56 343.459 703.588","0.00473532 3.32712e-05 1.14992 1.87686e-05","0.00228181 1.7076e-05 0.740313 1.04497e-05",0
0,"Airplane body_wing_rivets.step",44,835150,0.00208982,9436.64,8.48517,1,1025.28,6857.39,-1114.94,4.50018e-09,6413.76,1381.97,9.4569e-05,-8.41495e-05,0.56,0.0141277,0,5941.81,1,0,0,0,10,167693,653974,4.98023,1.27704,0.808166,0.673898,0.975625,2,1,8,1,0,9,0.1,0,"39 38 59 58 60 61 62 47 14 43","0 0 0 1 0 0 0 0 0 0","14.3436 16.1185 2361.28 1.27704 2.21557 3.57686 8.90387 8.79433 15.0211 14.4554","6 6 0 1 6 6 6 0 6 6","1021.21 732.439 8.6557 1151.6 1718.46 1776.91 1107.42 129.094 755.295 1035.56","0.00713757 8.83285e-06 0 0.503106 1.63457e-06 1.96358e-05 6.0731e-06 0 3.09806e-05 3.32712e-05","1.40329e-05 6.16054e-06 0 0.293354 1.61429e-06 1.99794e-05 5.85385e-06 0 2.13255e-05 1.7076e-05",0
0,"Airplane body_wing_rivets.step",45,28129.2,7.03885e-05,956.332,2.58732,6,1103.78,3118.64,-882.195,4.50018e-09,6413.76,1381.97,9.4569e-05,-0.0105322,1,0.19263,2.03474e-08,0,1,0,0,0,4,108155,363020,0.260082,0.0774865,0.791634,0.717442,0.979844,0,2,4,0,0,4,0,0,"31 54 46 15","0 0 0 0","1.0845 1.35118 0.0774865 1.23137","1 6 1 6","399.195 67.3095 418.767 71.06","1.60647e-05 1.51191e-08 4.18148e-07 5.7048e-09","1.52661e-05 1.12554e-08 5.68486e-07 8.85876e-09",0
0,"Airplane body_wing_rivets.step",46,363020,0.000908397,6743.15,9.96746,1,1002.03,2756.25,-1064.82,4.50018e-09,6413.76,1381.97,9.4569e-05,-5.45897e-05,0.16,0.00101609,0,9159.24,1,0,0,0,8,118096,391481,3.07394,0.927299,0.799011,0.710691,0.975624,1,0,7,0,0,8,0,0,"63 55 54 45 15 17 47 64","0 0 0 0 0 0 0 0","0.927299 21.6766 17.4376 12.9055 15.8915 5.68948 3.82269 1.18643","6 6 6 6 6 6 0 6","1491.83 252.003 374.937 418.767 321.189 904.306 68.8398 2911.27","5.07124e-07 2.6073e-06 5.1545e-07 4.18148e-07 2.74205e-06 2.55639e-05 0 4.82767e-06","2.35697e-07 1.13857e-06 2.90913e-07 5.68486e-07 1.50624e-06 1.55421e-05 0 4.3875e-06",0
0,"Airplane body_wing_rivets.step",47,94964.5,0.000237633,2333.79,4.56406,0,1197.64,5119.81,-701.642,4.50018e-09,6413.76,1381.97,9.4569e-05,0,0.72,0,0,0,1,0,0,0,4,339017,835150,0.280118,0.11371,0.905219,0.700023,0.975625,0,3,4,0,0,4,0,0,"46 16 44 65","0 0 0 0","0.261596 1.22503 0.11371 1.18151","1 6 1 1","68.8398 1069.05 129.094 1066.8","0 3.77519e-07 0 0","0 4.32401e-07 0 0",0
0,"Airplane body_wing_rivets.step",48,0.321699,8.04997e-10,2.01062,1,0,3542.67,4701.75,-818.349,4.50018e-09,6413.76,1381.97,9.4569e-05,0,1,1.11022e-16,0,0,1,0,0,0,1,0.225198,0.225198,1.42852,1.42852,2.08167e-17,2.08167e-17,2.08167e-17,0,1,1,1,0,0,1,0,"18","1","1.42852","1","2.01062","1.5708","0",0
0,"Airplane body_wing_rivets.step",49,0.266043,6.65727e-10,1.92,1.10266,0,4978.65,5527.78,-806.029,4.50018e-09,6413.76,1381.97,9.4569e-05,0,1,1.11022e-16,0,0,1,0,0,0,6,0.0358417,0.0358422,7.42273,7.42262,3.5096e-13,2.04864e-13,5.6459e-13,6,0,0,6,0,0,1,0,"20 22 24 23 21 19","1 1 1 1 1 1","7.4229 7.42268 7.42262 7.4229 7.42264 7.42262","0 0 0 0 0 0","0.32 0.32 0.32 0.32 0.32 0.32","1.5708 1.5708 1.5708 1.5708 1.5708 1.5708","2.22045e-16 2.22045e-16 0 2.22045e-16 2.22045e-16 0",0
0,"Airplane body_wing_rivets.step",50,0.321699,8.04997e-10,2.01062,1,0,5349.1,7039.41,-818.945,4.50018e-09,6413.76,1381.97,9.4569e-05,0,1,1.11022e-16,0,0,1,0,0,0,1,0.225199,0.225199,1.42851,1.42851,1.38778e-17,1.38778e-17,1.38778e-17,0,1,1,1,0,0,1,0,"25","1","1.42851","1","2.01062","1.5708","0",0
0,"Airplane body_wing_rivets.step",51,0.321699,8.04997e-10,2.01062,1,0,6856,7533.84,-793.654,4.50018e-09,6413.76,1381.97,9.4569e-05,0,1,0,0,0,1,0,0,0,1,0.225201,0.225201,1.4285,1.4285,5.20417e-17,5.20417e-17,5.20417e-17,0,1,1,1,0,0,1,0,"26","1","1.4285","1","2.01062","1.5708","0",0
0,"Airplane body_wing_rivets.step",52,0.321699,8.04997e-10,2.01062,1,0,6411.87,6347.58,-794.213,4.50018e-09,6413.76,1381.97,9.4569e-05,0,1,0,0,0,1,0,0,0,1,0.225202,0.225202,1.42849,1.42849,2.08167e-17,2.08167e-17,2.08167e-17,0,1,1,1,0,0,1,0,"27","1","1.42849","1","2.01062","1.5708","0",0
0,"Airplane body_wing_rivets.step",53,0.321699,8.04997e-10,2.01062,1,0,7854.96,7171.38,-782.396,4.50018e-09,6413.76,1381.97,9.4569e-05,0,1,0,0,0,1,0,0,0,1,0.225202,0.225202,1.42849,1.42849,2.60209e-17,2.60209e-17,2.60209e-17,0,1,1,1,0,0,1,0,"28","1","1.42849","1","2.01062","1.5708","0",0
0,"Airplane body_wing_rivets.step",54,20818.2,5.20941e-05,796.479,2.4249,6,1063.18,2888.65,-1103.38,4.50018e-09,6413.76,1381.97,9.4569e-05,-0.00899107,1,0.203171,8.0634e-07,0,1,0,0,0,4,109543,363020,0.190046,0.0573473,0.758642,0.717442,0.819371,0,2,4,0,0,4,0,0,"32 55 46 45","0 0 0 0","0.687643 1.24309 0.0573473 0.740094","1 6 1 6","286.923 67.3095 374.937 67.3095","5.01181e-05 1.32297e-08 5.1545e-07 1.51191e-08","3.30304e-05 1.16549e-08 2.90913e-07 1.12554e-08",0
0,"Airplane body_wing_rivets.step",55,16747.1,4.19068e-05,629.175,1.88102,6,1091.79,3042.62,-1297.37,4.50018e-09,6413.76,1381.97,9.4569e-05,-0.0105374,1,0.184489,2.03906e-08,0,1,0,0,0,4,105181,363020,0.159222,0.0461327,0.80321,0.723532,0.98219,0,2,4,0,0,4,0,0,"33 56 46 54","0 0 0 0","0.643599 1.54141 0.0461327 0.804444","1 6 1 6","240.168 69.6943 252.003 67.3095","4.74688e-05 1.01751e-08 2.6073e-06 1.32297e-08","2.23683e-05 8.60825e-09 1.13857e-06 1.16549e-08",0
0,"Airplane body_wing_rivets.step",56,10864.8,2.71872e-05,460.654,1.55424,6,1121.51,3229.59,-1363.12,4.50018e-09,6413.76,1381.97,9.4569e-05,-0.0105029,1,0.175551,1.6985e-08,0,1,0,0,0,4,110086,391481,0.0986932,0.027753,0.929874,0.744732,0.997391,0,1,4,0,0,4,0,0,"33 57 63 55","0 0 0 0","0.417538 1.7824 0.027753 0.648755","1 6 6 6","158.865 66.1586 165.936 69.6943","3.17158e-05 6.57769e-09 4.37224e-05 1.01751e-08","1.58303e-05 8.23142e-09 1.63761e-05 8.60825e-09",0
0,"Airplane body_wing_rivets.step",57,6095.58,1.52532e-05,316.93,1.3113,6,1140.55,3355.69,-1380.66,4.50018e-09,6413.76,1381.97,9.4569e-05,-0.010822,0.96,0.159287,2.48986e-10,0,1,0,0,0,5,226487,653974,0.0269136,0.00932082,0.930431,0.750641,0.995182,0,2,5,2,0,3,0.4,0,"56 34 35 58 63","0 0 1 1 0","0.561041 0.165217 0.155424 0.00932082 0.0155705","6 1 6 1 6","66.1586 103.59 38.6795 67.6283 40.8736","6.57769e-09 2.22759e-06 0.0830705 0.484095 2.95084e-06","8.23142e-09 1.4179e-06 0.0453318 0.169276 6.78968e-07",0
0,"Airplane body_wing_rivets.step",58,653974,0.00163646,8051.03,7.88737,1,1109.14,5112.7,-1402.83,4.50018e-09,6413.76,1381.97,9.4569e-05,-0.00218723,0.64,0.0734387,1.69407e-21,228.6,1,0,0,0,8,1.08672e+06,6.98238e+06,0.601786,0.0936607,0.857358,0.673898,0.991715,1,2,7,4,0,4,0.5,0,"59 36 35 57 63 66 60 44","0 0 0 1 1 0 1 1","1849.03 10.5231 16.6749 107.287 1.67051 0.0936607 1.73493 0.783062","0 6 6 6 6 1 6 1","81.0246 1047.59 1069.22 67.6283 377.251 3991.12 265.588 1151.6","0 1.88768e-05 0.00732819 0.484095 0.659163 1.49012e-08 1.02412 0.503106","0 4.51777e-05 0.000633952 0.169276 0.0427919 0 0.00320759 0.293354",0
0,"Airplane body_wing_rivets.step",59,353.685,8.85036e-07,171.166,6.59187,0,1197.64,5565.96,-1233.39,4.50018e-09,6413.76,1381.97,9.4569e-05,0,0.6,0,0,0,1,0,0,0,3,498298,835150,0.000709785,0.000423498,0.794101,0.690735,0.975625,0,2,3,0,0,3,0,0,"44 37 58","0 0 0","0.000423498 0.0613028 0.000540824","1 6 1","8.6557 81.4857 81.0246","0 0 0","0 0 0",0
0,"Airplane body_wing_rivets.step",60,376945,0.000943242,5077.9,5.44352,6,627.271,7959.19,-1339.09,4.50018e-09,6413.76,1381.97,9.4569e-05,-0.00336848,0.76,0.077372,7.96983e-11,0,1,0,0,0,6,1.79427e+06,6.98238e+06,0.210082,0.0539853,0.782868,0.669044,0.983375,0,4,6,3,0,3,0.5,0,"67 68 44 58 66 69","0 0 0 1 1 1","0.172905 4.22395 0.451351 0.576392 0.0539853 15.1855","1 6 1 1 1 6","1750.4 811.567 1718.46 265.588 489.359 42.5287","8.62083e-07 1.4956e-05 1.63457e-06 1.02412 0.711351 0.110426","1.33609e-06 2.0246e-05 1.61429e-06 0.00320759 0.224362 0.0631828",0
0,"Airplane body_wing_rivets.step",61,233487,0.000584262,3822.72,4.9805,6,847.346,7599.02,-967.013,4.50018e-09,6413.76,1381.97,9.4569e-05,-0.00319643,1,0.0689064,1.16869e-10,0,1,0,0,0,5,7.78088e+06,3.01053e+07,0.0300078,0.00775568,0.824872,0.579541,0.973192,0,1,4,0,0,4,0,0,"68 44 62 70","0 0 0 0","2.61639 0.279575 2.4893 0.00775568","6 1 6 6","167.758 1776.91 98.6419 0.0962059","1.31554e-08 1.96358e-05 0.00956486 5.8076e-05","9.66382e-09 1.99794e-05 0.00531177 6.27109e-07",0
0,"Airplane body_wing_rivets.step",62,93796.3,0.000234709,2411.5,4.93376,6,1168.36,6173.84,-677.009,4.50018e-09,6413.76,1381.97,9.4569e-05,-0.0032325,1,0.0202491,2.94477e-10,0,1,0,0,0,5,1.40296e+07,3.88939e+07,0.00668558,0.00241159,0.746874,0.0917153,0.998582,0,2,5,0,0,5,0,0,"61 44 65 71 70","0 0 0 0 0","0.401719 0.112311 1.16697 0.00241159 0.0031156","6 1 1 6 6","98.6419 1107.42 75.3427 1129.33 0.766131","0.00956486 6.0731e-06 5.08757e-09 4.44858e-05 0.018522","0.00531177 5.85385e-06 7.93312e-09 1.97594e-05 0.000214765",0
0,"Airplane body_wing_rivets.step",63,391481,0.000979616,4452.91,4.03058,6,831.919,2207.4,-1333.53,4.50018e-09,6413.76,1381.97,9.4569e-05,-0.00333701,0.88,0.210359,3.72974e-11,0,1,0,0,0,8,1.44561e+06,6.98238e+06,0.270808,0.0560671,0.840162,0.656197,0.997391,0,4,8,3,0,5,0.375,0,"58 57 56 46 72 73 74 66","1 0 0 0 0 0 1 1","0.598619 64.2238 36.0322 1.0784 6.5307 0.113473 10.1474 0.0560671","1 6 6 1 6 1 6 1","377.251 40.8736 165.936 1491.83 562.888 1579.17 42.3216 192.641","0.659163 2.95084e-06 4.37224e-05 5.07124e-07 9.18104e-06 5.24866e-07 0.0842557 0.408851","0.0427919 6.78968e-07 1.63761e-05 2.35697e-07 6.86155e-06 5.68578e-07 0.0481501 0.123021",0
0,"Airplane body_wing_rivets.step",64,305978,0.000765657,6077.58,9.60643,6,1030.13,2910.02,-841.808,4.50018e-09,6413.76,1381.97,9.4569e-05,-0.00324172,1,0.0468962,1.08831e-10,0,1,0,0,0,4,9.8493e+06,3.88939e+07,0.0310659,0.00786699,0.703884,0.0284137,0.992757,0,2,4,0,0,4,0,0,"46 72 71 65","0 0 0 0","0.842867 5.10433 0.00786699 3.80685","1 6 6 1","2911.27 151.537 2939.43 75.3427","4.82767e-06 2.10734e-09 4.6182e-05 5.08757e-09","4.3875e-06 6.32203e-09 2.39155e-05 7.93312e-09",0
0,"Airplane body_wing_rivets.step",65,80375.6,0.000201126,2284.29,5.16615,1,1203.77,5059.68,-618.415,4.50018e-09,6413.76,1381.97,9.4569e-05,-0.00328084,1,0.0202316,0,152.4,1,0,0,0,4,9.84715e+06,3.88939e+07,0.00816232,0.00206654,0.768883,0.114587,0.998582,1,0,3,0,0,4,0,0,"47 64 71 62","0 0 0 0","0.846375 0.262684 0.00206654 0.856917","0 6 6 6","1066.8 75.3427 1066.8 75.3427","0 5.08757e-09 4.4001e-05 5.08757e-09","0 7.93312e-09 6.77626e-21 7.93312e-09",0
0,"Airplane body_wing_rivets.step",66,6.98238e+06,0.0174722,15859.1,2.86643,1,2.39465e-05,5252.02,-1537.47,4.50018e-09,6413.76,1381.97,9.4569e-05,-0.000124595,0.8,0.0236523,0,4012.99,1,0,0,0,10,297161,653974,23.497,10.6768,0.808839,0.656197,0.998026,0,2,10,4,0,6,0.4,0,"75 76 77 78 79 69 60 58 63 74","0 1 0 1 0 0 1 0 1 0","180.987 17.8358 10.6768 18.5235 281.291 281.291 18.5236 10.6768 17.8358 180.987","6 6 1 6 6 6 6 1 6 6","1937.52 192.641 3991.12 489.36 1318.89 1318.89 489.359 3991.12 192.641 1937.52","3.01577e-07 0.407924 1.49012e-08 0.711439 1.30153e-06 1.29802e-06 0.711351 1.49012e-08 0.408851 9.33756e-07","2.62744e-07 0.123386 0 0.224463 8.23905e-07 1.26301e-06 0.224362 0 0.123021 9.50212e-07",0
0,"Airplane body_wing_rivets.step",67,2.18008e+06,0.00545527,6149.81,1.38052,1,-1.34996e-06,7625.58,-1454.46,4.50018e-09,6413.76,1381.97,9.4569e-05,-7.0169e-05,0.76,0.0115561,1.65436e-24,7125.65,1,0,0,0,5,161004,376947,13.5405,5.7835,0.887966,0.733015,0.996109,0,0,5,0,0,5,0,0,"78 80 60 69 79","0 0 0 0 0","5.7835 1469.82 5.78354 87.8261 87.8261","6 6 6 6 6","1750.4 49.7841 1750.4 1299.61 1299.61","8.62213e-07 2.98e-06 8.62083e-07 1.14599e-06 1.50522e-06","1.33605e-06 1.24252e-06 1.33609e-06 1.07718e-06 9.87152e-07",0
0,"Airplane body_wing_rivets.step",68,89240.1,0.000223308,1870.34,3.11941,6,379.122,8616.33,-1107.83,4.50018e-09,6413.76,1381.97,9.4569e-05,-0.00293385,1,0.0510405,1.08258e-08,0,1,0,0,0,4,7.67931e+06,3.01053e+07,0.0116208,0.00296426,0.679758,0.040187,0.983375,0,0,4,0,0,4,0,0,"60 61 70 80","0 0 0 0","0.236745 0.382206 0.00296426 60.1663","6 6 6 6","811.567 167.758 859.497 31.5214","1.4956e-05 1.31554e-08 7.65914e-06 5.96046e-09","2.0246e-05 9.66382e-09 8.96186e-06 7.30005e-09",0
0,"Airplane body_wing_rivets.step",69,24822.7,6.21145e-05,2661.03,22.7008,6,522.805,7052.41,-1551.74,4.50018e-09,6413.76,1381.97,9.4569e-05,-0.00332664,1,0.00512384,4.64428e-14,0,1,0,0,0,4,3.1798e+06,6.98238e+06,0.00780636,0.00355504,0.900411,0.714363,0.998026,0,2,3,1,0,2,0.333333,0,"66 67 60","0 0 1","0.00355504 0.0113861 0.0658521","1 1 6","1318.89 1299.61 42.5287","1.29802e-06 1.14599e-06 0.110426","1.26301e-06 1.07718e-06 0.0631828",0
0,"Airplane body_wing_rivets.step",70,3.01053e+07,0.0753335,46593.5,5.73848,6,-0.142041,9607.17,191.275,4.50018e-09,6413.76,1381.97,9.4569e-05,0.000594857,0.68,0.275017,3.51592e-08,0,2,1,7415.04,7415.04,61,906397,3.88939e+07,33.2143,0.774038,0.553518,0.0386889,0.985241,4,1,41,0,5,40,0,0.111111,"81 82 83 84 85 86 87 88 89 90 91 92 93 94 95 96 97 98 99 71 100 101 102 80 68 61 62 103 104 105 106 107 108 109 110 111 112 113 114 115 116 117 118 119 120","0 0 0 0 0 0 0 0 0 0 0 -1 -1 -1 0 0 0 0 0 0 0 0 0 0 0 0 0 0 0 0 -1 0 0 0 0 0 0 0 0 0 0 0 0 0 -1","2538.59 1222.11 165.623 659.402 270.486 6590 99252.8 116139 82781.5 5317.03 16813 260.675 226684 263.436 34243.1 56180.7 237168 159106 86601.4 0.774038 320.97 128.936 337.371 20297.2 337.352 128.938 320.965 165.621 1222.11 3.67596e+06 273.27 1.93739e+06 16855.3 5317.02 82781.1 116139 99253.1 6590.01 86601.3 159106 237166 56178.9 34522.1 1.73312e+06 279.585","6 6 6 6 6 6 6 6 6 6 6 0 1 0 6 6 6 6 6 6 6 6 6 6 6 6 6 6 6 6 0 6 6 6 6 6 6 6 6 6 6 6 6 6 0","300.255 574.249 4461.81 208.627 1444.76 393.941 165.176 122.829 164.295 2407.47 572.739 3.44667 3.1249 9.37469 253.195 171.522 48.517 77.5936 173.223 1525.59 0.765044 0.10318 859.474 44.5741 859.497 1779.32 0.766131 4461.81 574.249 3.12469 3.72993 9.02193 571.851 2407.47 164.295 122.829 165.176 3232.64 173.223 77.5938 48.5173 171.524 250.958 10.0451 3.03958","4.13152e-06 1.50495e-05 2.26559e-05 3.22768e-05 2.12692e-05 0.000373366 1.22385e-05 7.37909e-05 8.09508e-06 0.000111638 0.000919672 1.61955 1.72118 1.52234 0.00071262 9.22777e-06 0.00024069 2.06796e-06 4.67594e-06 0.0112034 0.0185223 5.8055e-05 5.98862e-06 2.27109e-06 7.65914e-06 2.01097e-05 0.018522 1.48731e-05 1.50407e-05 9.54434e-08 1.61938 0.000407048 0.00137828 0.000111775 8.09724e-06 7.83866e-05 1.22412e-05 0.000548041 4.67702e-06 1.71823e-06 0.000240313 9.1016e-06 0.00134555 0.000159884 1.52237","2.46495e-06 7.65984e-06 2.51407e-05 3.3863e-05 2.81409e-05 0.000260662 7.18593e-06 2.1785e-05 5.80984e-06 0.000139544 0.000893919 2.2611e-05 0.000171073 6.15406e-05 0.000485526 1.46263e-05 0.000157524 6.33203e-07 4.60627e-06 0.00702738 0.00021471 6.72178e-07 7.24266e-06 9.13591e-07 8.96186e-06 3.02777e-05 0.000214765 2.06335e-05 7.65434e-06 4.18155e-08 2.44904e-05 0.000708688 0.00111333 0.000139405 5.826e-06 2.18714e-05 7.18919e-06 0.00119234 4.60957e-06 4.66699e-07 0.000157276 1.46721e-05 0.00113807 0.000243502 1.99387e-05",0
0,"Airplane body_wing_rivets.step",71,3.88939e+07,0.0973253,58699.2,7.04973,6,-48.4832,3124.34,380.291,4.50018e-09,6413.76,1381.97,9.4569e-05,-0.000373452,0.64,0.300318,5.36905e-10,0,8,7,1213.92,1213.92,113,534581,3.01053e+07,72.7559,1.29193,0.294252,0,0.996367,32,34,43,64,0,11,0.853333,0,"121 122 123 72 64 65 62 70 124 125 126 127 128 129 130 131 132 133 134 135 136 137 138 139 140 141 142 143 144 145 146 147 148 149 150 151 152 153 154 155 156 157 158 159 160 100 161 162 163 164 165 166 167 168 169 170 171 172 173 174 175 176 177 178 179 180 181 182 183 184 185 186 187 188 189","0 0 0 0 0 0 0 0 1 1 1 1 1 1 1 1 1 1 1 1 0 1 1 1 1 1 1 1 1 1 1 1 1 1 1 1 1 1 1 1 1 1 1 1 1 0 0 1 1 1 1 1 1 1 1 1 1 1 1 1 1 1 1 1 1 1 1 1 1 1 1 1 1 1 1","127.113 648.847 796.771 648.828 127.113 483.902 414.663 1.29193 443.603 443.603 443.603 443.603 443.603 443.603 443.603 124.006 945.183 211.548 945.183 124.006 8.48754 1080.15 245.635 1080.15 1717.62 421.635 1717.62 1717.62 421.635 1717.62 1717.62 421.635 1717.62 1717.62 421.635 1717.62 1717.62 421.635 1717.62 1717.62 421.635 1717.62 1717.62 421.635 1717.62 414.669 483.902 421.636 1717.62 443.603 1717.62 421.636 1717.62 443.603 1717.62 421.636 1717.62 443.603 1717.62 421.636 1717.62 443.603 1717.62 421.636 1717.62 443.603 1717.62 421.636 1717.62 443.603 1717.62 421.636 1717.62 443.603 1717.62","6 6 6 6 6 1 6 6 1 1 1 1 1 1 1 0 1 0 1 0 6 1 0 1 0 1 0 0 1 0 0 1 0 0 1 0 0 1 0 0 1 0 0 1 0 6 1 1 0 1 0 1 0 1 0 1 0 1 0 1 0 1 0 1 0 1 0 1 0 1 0 1 0 1 0","2939.43 678.917 1111.93 678.917 2939.43 1066.8 1129.33 779.445 163.231 163.231 163.231 163.231 163.231 163.231 163.231 909.135 173.337 609.6 173.337 909.135 8328.02 163.794 609.6 163.793 123.528 487.597 123.528 123.528 487.597 123.528 123.528 487.597 123.528 123.528 487.597 123.528 123.528 487.597 123.528 123.528 487.597 123.528 123.528 487.597 123.528 1129.33 1066.8 487.597 123.528 479.271 123.528 487.597 123.528 479.271 123.528 487.597 123.528 479.271 123.528 487.597 123.528 479.271 123.528 487.597 123.528 479.271 123.528 487.597 123.528 479.271 123.528 487.597 123.528 479.271 123.528","4.61809e-05 3.71551e-05 3.02192e-05 3.81203e-05 4.6182e-05 4.4001e-05 4.44858e-05 0.0174685 1.58222 1.58222 1.58222 1.58222 1.58222 1.58222 1.58222 1.5708 2.03799 2.39758 2.03851 1.5708 3.91241e-05 1.98581 2.28773 1.98641 1.5708 1.76731 1.5708 1.5708 1.76731 1.5708 1.5708 1.76731 1.5708 1.5708 1.76731 1.5708 1.5708 1.76731 1.5708 1.5708 1.76731 1.5708 1.5708 1.76731 1.5708 4.34379e-05 4.4001e-05 1.76731 1.5708 1.56454 1.5708 1.76731 1.5708 1.56454 1.5708 1.76731 1.5708 1.56454 1.5708 1.76731 1.5708 1.56454 1.5708 1.76731 1.5708 1.56454 1.5708 1.76731 1.5708 1.56454 1.5708 1.76731 1.5708 1.56454 1.5708","2.39145e-05 1.6192e-05 1.59863e-05 1.58832e-05 2.39155e-05 6.77626e-21 1.97594e-05 0.00221125 0.0052743 0.0052743 0.0052743 0.0052743 0.0052743 0.0052743 0.0052743 0 0.257661 4.44089e-16 0.257824 0 1.98895e-05 0.224165 2.09502e-12 0.224208 0 0.108222 0 0 0.108222 0 0 0.108222 0 0 0.108222 0 0 0.108222 0 0 0.108222 0 0 0.108222 0 1.94473e-05 0 0.108222 0 0.0140209 0 0.108222 0 0.0140209 0 0.108222 0 0.0140209 0 0.108222 0 0.0140209 0 0.108222 0 0.0140209 0 0.108222 0 0.0140209 0 0.108222 0 0.0140209 0",0
0,"Airplane body_wing_rivets.step",72,59944.8,0.000150002,1450.78,2.79409,6,673.938,1472.95,-1130.74,4.50018e-09,6413.76,1381.97,9.4569e-05,-0.00266602,1,0.0964301,2.57718e-07,0,1,0,0,0,4,9.91004e+06,3.88939e+07,0.0060489,0.00154124,0.771551,0.474806,0.989504,0,0,4,0,0,4,0,0,"63 123 71 64","0 0 0 0","0.153123 1.22802 0.00154124 0.195912","6 6 6 6","562.888 57.4346 678.917 151.537","9.18104e-06 2.98023e-09 3.81203e-05 2.10734e-09","6.86155e-06 5.96046e-09 1.58832e-05 6.32203e-09",0
0,"Airplane body_wing_rivets.step",73,3.44999e+06,0.00863302,8187.29,1.54615,1,0.00315421,2734.6,-1457.65,4.50018e-09,6413.76,1381.97,9.4569e-05,-3.5817e-05,0.76,0.00577947,0,13959.8,1,0,0,0,5,181787,391482,18.9782,8.81265,0.872883,0.689601,0.99961,0,0,5,0,0,5,0,0,"63 123 76 75 74","0 0 0 0 0","8.81266 70.6757 8.81265 89.4257 89.4257","6 6 6 6 6","1579.17 1181.76 1579.17 1923.6 1923.6","5.24866e-07 7.50262e-07 5.24645e-07 3.53099e-07 1.00963e-06","5.68578e-07 9.39784e-07 5.68568e-07 3.10287e-07 8.72975e-07",0
0,"Airplane body_wing_rivets.step",74,38579.4,9.65385e-05,3903.43,31.4288,6,606.238,3392.61,-1538.27,4.50018e-09,6413.76,1381.97,9.4569e-05,-0.0033089,1,0.00179058,1.45555e-13,0,1,0,0,0,4,3.60795e+06,6.98238e+06,0.0106929,0.00552526,0.898322,0.704344,0.997821,0,2,3,1,0,2,0.333333,0,"73 66 63","0 0 1","0.0111825 0.00552526 0.0985473","1 1 6","1923.6 1937.52 42.3216","1.00963e-06 9.33756e-07 0.0842557","8.72975e-07 9.50212e-07 0.0481501",0
0,"Airplane body_wing_rivets.step",75,38579.4,9.65385e-05,3903.43,31.4288,6,-606.238,3392.61,-1538.27,4.50018e-09,6413.76,1381.97,9.4569e-05,-0.00330907,1,0.00654094,1.88502e-14,0,1,0,0,0,4,3.60795e+06,6.98238e+06,0.0106929,0.00552526,0.898322,0.704344,0.997821,0,2,3,1,0,2,0.333333,0,"66 73 76","0 0 1","0.00552526 0.0111825 0.0985472","1 1 6","1937.52 1923.6 42.3216","3.01577e-07 3.53099e-07 0.0842557","2.62744e-07 3.10287e-07 0.0481501",0
0,"Airplane body_wing_rivets.step",76,391482,0.000979617,4452.91,4.03058,6,-831.919,2207.4,-1333.53,4.50018e-09,6413.76,1381.97,9.4569e-05,-0.00333701,0.88,0.176645,3.72974e-11,0,1,0,0,0,8,1.44561e+06,6.98238e+06,0.270808,0.0560671,0.840167,0.656197,0.99739,0,4,8,3,0,5,0.375,0,"190 191 192 77 66 75 73 122","0 0 0 1 1 1 0 0","1.0784 36.0322 64.2239 0.59862 0.0560671 10.1474 0.113473 6.5309","1 6 6 1 1 6 1 6","1491.83 165.936 40.8736 377.251 192.641 42.3216 1579.17 562.888","5.07048e-07 4.37235e-05 2.95131e-06 0.659098 0.407924 0.0842557 5.24645e-07 1.29638e-05","2.34112e-07 1.63754e-05 6.79169e-07 0.0427703 0.123386 0.0481501 5.68568e-07 1.08957e-05",0
0,"Airplane body_wing_rivets.step",77,653974,0.00163646,8051.03,7.88736,1,-1109.14,5112.7,-1402.83,4.50018e-09,6413.76,1381.97,9.4569e-05,-0.00218723,0.64,0.197552,1.69407e-21,228.6,1,0,0,0,8,1.08672e+06,6.98238e+06,0.601786,0.0936607,0.857357,0.673898,0.991715,1,2,7,4,0,4,0.5,0,"193 194 195 196 78 66 76 192","0 0 0 1 1 0 1 1","16.6749 10.5231 1849.03 0.783055 1.73492 0.0936607 1.67051 107.287","6 6 0 1 6 1 6 6","1069.22 1047.59 81.0246 1151.6 265.588 3991.12 377.251 67.6281","0.00732846 1.8877e-05 0 0.503106 1.02412 1.49012e-08 0.659098 0.483672","0.00063392 4.51776e-05 0 0.293354 0.00320759 0 0.0427703 0.16953",0
0,"Airplane body_wing_rivets.step",78,376947,0.000943247,5077.9,5.4435,6,-627.269,7959.19,-1339.09,4.50018e-09,6413.76,1381.97,9.4569e-05,-0.00336848,0.76,0.17341,7.96983e-11,0,1,0,0,0,6,1.79427e+06,6.98238e+06,0.210084,0.0539855,0.782839,0.669044,0.983146,0,4,6,3,0,3,0.5,0,"196 102 67 79 66 77","0 0 0 1 1 1","0.451349 4.22421 0.172906 15.1856 0.0539855 0.576395","1 6 1 6 1 1","1718.48 811.547 1750.4 42.5287 489.36 265.588","2.61867e-06 1.6388e-05 8.62213e-07 0.110426 0.711439 1.02412","2.66497e-06 3.48193e-05 1.33605e-06 0.0631827 0.224463 0.00320759",0
0,"Airplane body_wing_rivets.step",79,24822.6,6.21145e-05,2661.03,22.7008,6,-522.805,7052.41,-1551.74,4.50018e-09,6413.76,1381.97,9.4569e-05,-0.00332653,1,0.00178709,1.53146e-13,0,1,0,0,0,4,3.1798e+06,6.98238e+06,0.00780635,0.00355504,0.900429,0.714418,0.998021,0,2,3,1,0,2,0.333333,0,"67 66 78","0 0 1","0.0113861 0.00355504 0.0658517","1 1 6","1299.61 1318.89 42.5287","1.50522e-06 1.30153e-06 0.110426","9.87152e-07 8.23905e-07 0.0631827",0
0,"Airplane body_wing_rivets.step",80,1483.22,3.71152e-06,157.401,1.32922,6,2.686e-05,8944.55,-1105.04,4.50018e-09,6413.76,1381.97,9.4569e-05,-0.00309618,1,0.00355276,8.19041e-09,0,1,0,0,0,4,8.11597e+06,3.01053e+07,0.000182754,4.92678e-05,0.795921,0.4653,0.996109,0,1,4,0,0,4,0,0,"70 102 67 68","0 0 0 0","4.92678e-05 0.0166215 0.000680354 0.0166206","6 6 1 6","44.5741 31.5214 49.7841 31.5214","2.27109e-06 4.47035e-09 2.98e-06 5.96046e-09","9.13591e-07 6.82857e-09 1.24252e-06 7.30005e-09",0
0,"Airplane body_wing_rivets.step",81,11859.1,2.96754e-05,623.442,2.60814,6,0.000238674,8206.19,1272.28,4.50018e-09,6413.76,1381.97,9.4569e-05,-0.0131288,1,0.459249,1.73983e-06,0,1,0,0,0,4,7.54433e+06,3.01053e+07,0.00157192,0.00039392,0.559414,0.397862,0.663593,0,1,4,0,0,4,0,0,"197 82 70 104","0 0 0 0","0.521874 0.481412 0.00039392 0.481414","1 6 6 6","233.066 45.0613 300.255 45.0611","9.3954e-05 7.81214e-09 4.13152e-06 0","6.25726e-05 9.71605e-09 2.46495e-06 0",0
0,"Airplane body_wing_rivets.step",82,24634,6.16423e-05,1225.38,4.8506,6,173.932,8520.3,1251.04,4.50018e-09,6413.76,1381.97,9.4569e-05,-0.0161754,1,0.173296,6.56522e-09,0,1,0,0,0,4,7.59102e+06,3.01053e+07,0.00324515,0.000818259,0.82339,0.588067,0.979097,0,1,4,0,0,4,0,0,"198 83 70 81","0 0 0 0","0.378374 0.135523 0.000818259 2.07722","1 6 6 6","563.59 42.4772 574.249 45.0613","2.5307e-05 1.14096e-08 1.50495e-05 7.81214e-09","1.19894e-05 9.58465e-09 7.65984e-06 9.71605e-09",0
0,"Airplane body_wing_rivets.step",83,181770,0.000454849,8977.33,35.2827,6,148.848,10968.8,1086.54,4.50018e-09,6413.76,1381.97,9.4569e-05,-0.0163894,1,0.15546,1.3342e-12,0,1,0,0,0,5,6.17674e+06,3.01053e+07,0.0294282,0.00603781,0.72195,0.196474,0.979097,0,1,5,1,0,4,0.2,0,"82 199 103 200 70","0 0 1 0 0","7.37885 0.317883 0.999989 1370.63 0.00603781","6 1 6 6 6","42.4772 4245.5 221.723 5.81015 4461.81","1.14096e-08 6.44317e-06 1.41913 4.47035e-09 2.26559e-05","9.58465e-09 8.74952e-06 0.644006 6.82857e-09 2.51407e-05",0
0,"Airplane body_wing_rivets.step",84,45655.5,0.000114245,1004.63,1.75919,6,0.000551819,13289.2,800.527,4.50018e-09,6413.76,1381.97,9.4569e-05,-0.00708868,0.92,0.198178,2.78169e-07,0,1,0,0,0,8,5.01949e+06,3.01053e+07,0.00909564,0.00151653,0.709296,0.226983,0.827346,1,0,5,0,0,6,0,0,"70 201 200 202 203 204","0 0 0 0 0 0","0.00151653 344.266 344.263 34.0563 5.25799 34.0558","6 6 6 3 0 3","208.627 46.8817 46.8818 123.126 123.682 123.127","3.01282e-05 8.55041e-05 7.11257e-05 1.93545e-08 6.46744e-06 2.17111e-08","2.81123e-05 5.1177e-05 5.28448e-05 2.11416e-08 8.93485e-06 1.92976e-08",0
0,"Airplane body_wing_rivets.step",85,111301,0.000278512,3160.1,7.1399,6,-3.84018,13206.8,507.447,4.50018e-09,6413.76,1381.97,9.4569e-05,-0.00621304,1,0.156368,3.11944e-08,0,1,0,0,0,5,7.56032e+06,3.01053e+07,0.0147217,0.00369705,0.515737,0.352903,0.976404,0,1,4,0,0,4,0,0,"202 70 204 205","0 0 0 0","83.024 0.00369705 83.0227 0.835229","3 6 3 1","134.58 1444.76 134.581 1380.71","3.15782e-08 2.12692e-05 3.17569e-08 7.61907e-06","3.36815e-08 2.81409e-05 3.21607e-08 1.19235e-05",0
0,"Airplane body_wing_rivets.step",86,4568.34,1.14315e-05,6468.12,728.765,6,-971.7,9038.19,745.364,4.50018e-09,6413.76,1381.97,9.4569e-05,-0.328049,1,0.0895528,2.10792e-08,0,1,0,0,0,6,7.85011e+06,3.01053e+07,0.000581945,0.000151745,0.640537,0.0386889,0.900974,0,1,4,0,0,4,0,0,"206 87 70 99","0 0 0 0","0.00352912 15.0611 0.000151745 13.1413","1 6 6 6","3232.16 1.65896 393.941 1.65199","0.000489771 0 0.000373366 6.57769e-09","0.00103828 0 0.000260662 8.23142e-09",0
0,"Airplane body_wing_rivets.step",87,303.32,7.59006e-07,332.387,28.9853,6,-872.6,10697.6,558.167,4.50018e-09,6413.76,1381.97,9.4569e-05,-0.325582,1,0.148776,7.58015e-07,0,1,0,0,0,4,7.5568e+06,3.01053e+07,4.01386e-05,1.00753e-05,0.687076,0.247247,0.884026,0,1,4,0,0,4,0,0,"207 88 70 86","0 0 0 0","0.00259168 1.17013 1.00753e-05 0.0663961","1 6 6 6","163.43 2.12216 165.176 1.65896","0.000151356 7.45058e-09 1.22385e-05 0","0.00011315 9.996e-09 7.18593e-06 0",0
0,"Airplane body_wing_rivets.step",88,259.218,6.48649e-07,250.086,19.2001,6,-908.147,10727.1,433.069,4.50018e-09,6413.76,1381.97,9.4569e-05,-0.327745,1,0.157018,1.81359e-08,0,1,0,0,0,4,7.54696e+06,3.01053e+07,3.43474e-05,8.61037e-06,0.758915,0.510406,0.884026,1,0,3,0,0,4,0,0,"208 89 70 87","0 0 0 0","0.00316725 0.71278 8.61037e-06 0.854604","0 6 6 6","123.039 2.09566 122.829 2.12216","1.76616e-07 2.98023e-09 7.37909e-05 7.45058e-09","1.25044e-07 5.96046e-09 2.1785e-05 9.996e-09",0
0,"Airplane body_wing_rivets.step",89,363.672,9.10027e-07,331.254,24.0105,6,-936.668,10694,302.39,4.50018e-09,6413.76,1381.97,9.4569e-05,-0.32541,1,0.188163,9.11146e-07,0,1,0,0,0,4,7.55449e+06,3.01053e+07,4.81399e-05,1.208e-05,0.796485,0.730084,0.871014,0,1,4,0,0,4,0,0,"209 90 70 88","0 0 0 0","0.00340817 0.0642297 1.208e-05 1.40296","1 6 6 6","162.487 2.37588 164.295 2.09566","9.26047e-05 5.08757e-09 8.09508e-06 2.98023e-09","5.56381e-05 7.93312e-09 5.80984e-06 5.96046e-09",0
0,"Airplane body_wing_rivets.step",90,5662.06,1.41683e-05,4819.43,326.443,6,-1151.16,9455.74,97.5924,4.50018e-09,6413.76,1381.97,9.4569e-05,-0.328063,1,0.209243,9.04422e-09,0,1,0,0,0,4,7.67502e+06,3.01053e+07,0.000737726,0.000188075,0.858389,0.721423,0.961698,0,1,4,0,0,4,0,0,"210 91 70 89","0 0 0 0","0.00955491 3.1621 0.000188075 15.5691","1 6 6 6","2407.11 2.47627 2407.47 2.37588","0.000256042 8.06781e-09 0.000111638 5.08757e-09","0.000285622 8.25453e-09 0.000139544 7.93312e-09",0
0,"Airplane body_wing_rivets.step",91,1790.6,4.48067e-06,1151.87,58.9658,6,-1312.09,7976.51,136.584,4.50018e-09,6413.76,1381.97,9.4569e-05,-0.328038,1,0.246088,3.01825e-07,0,1,0,0,0,4,7.58918e+06,3.01053e+07,0.000235941,5.94779e-05,0.766744,0.410727,0.961698,1,0,3,1,0,3,0.25,0,"211 92 70 90","0 1 0 0","0.0137476 0.0155044 5.94779e-05 0.316246","6 0 6 6","573.086 3.57014 572.739 2.47627","0.0010134 1.42992 0.000919672 8.06781e-09","0.000753383 0.0832956 0.000893919 8.25453e-09",0
0,"Airplane body_wing_rivets.step",92,115490,0.000288993,7702.07,40.8753,0,-2063.72,7710.91,432.998,4.50018e-09,6413.76,1381.97,9.4569e-05,0,0,0,0,0,1,0,0,0,9,5.01602e+06,3.01053e+07,0.0230242,0.00383619,0.865407,0.469972,0.99938,0,3,8,4,4,0,0.5,0.5,"93 70 91 211 212 213 206 214","-1 -1 1 1 1 1 -1 -1","869.602 0.00383619 64.4977 0.886691 0.0136817 0.803136 0.089218 10.3044","1 6 6 6 7 6 1 1","42.6623 9.376 3.57014 33.4452 3789.3 70.5864 73.304 3676.37","1.34929 1.6194 1.42992 1.41819 1.46485 1.38613 1.34929 1.5708","2.22045e-16 6.16148e-05 0.0832956 0.0248463 1.40433e-16 0.0353743 0 0",0
0,"Airplane body_wing_rivets.step",93,132.808,3.32328e-07,91.2705,4.99147,1,-1341.44,7709.39,194.669,4.50018e-09,6413.76,1381.97,9.4569e-05,-8.2021e-05,1,2.18925e-08,0,6096,1,0,0,0,4,7.58658e+06,3.01053e+07,1.75056e-05,4.41143e-06,0.834473,0.448499,0.97551,2,1,2,0,4,0,0,1,"70 94 214 92","-1 -1 -1 -1","4.41143e-06 0.00116213 0.0118495 0.00114995","6 0 1 0","3.1249 42.3476 3.1357 42.6623","1.72118 1.79282 1.21267 1.34929","0.000171073 0 0.00032265 2.22045e-16",0
0,"Airplane body_wing_rivets.step",94,114279,0.000285965,7702.34,41.3112,0,-2063.4,7707.86,432.999,4.50018e-09,6413.76,1381.97,9.4569e-05,0,0,0,0,0,1,0,0,0,9,4.1051e+06,3.01053e+07,0.0278384,0.00379598,0.784524,0.465396,0.99938,0,3,8,4,4,0,0.5,0.5,"215 216 217 95 70 93 214 206","1 1 1 1 -1 -1 -1 -1","6.2667 0.0815887 11.5778 129.986 0.00379598 860.488 10.1964 0.0882829","6 7 6 6 6 1 1 1","70.6308 3788.65 33.4937 3.57122 3.44989 42.3476 3677.84 72.9779","1.75611 1.67714 1.72391 1.71251 1.52219 1.79282 1.5708 1.79282","0.0353891 7.02167e-17 0.0249503 0.0835352 2.26083e-05 0 0 2.22045e-16",0
0,"Airplane body_wing_rivets.step",95,879.166,2.19996e-06,512.902,23.8116,6,-1323.53,7586.57,214.604,4.50018e-09,6413.76,1381.97,9.4569e-05,-0.327879,1,0.406409,2.03589e-07,0,1,0,0,0,4,7.5575e+06,3.01053e+07,0.00011633,2.9203e-05,0.653271,0.329983,0.985241,1,0,3,1,0,3,0.25,0,"217 96 70 94","0 0 0 1","0.0890696 1.64064 2.9203e-05 0.00769313","6 6 6 0","252.797 3.33936 253.195 3.57122","0.00089522 1.18832e-08 0.00071262 1.71251","0.000583194 1.21428e-08 0.000485526 0.0835352",0
0,"Airplane body_wing_rivets.step",96,535.866,1.34091e-06,347.585,17.9414,6,-1312.79,7404.1,299.971,4.50018e-09,6413.76,1381.97,9.4569e-05,-0.324978,1,0.396963,9.04648e-07,0,1,0,0,0,4,7.52929e+06,3.01053e+07,7.11708e-05,1.77997e-05,0.633054,0.0876319,0.883486,0,0,4,0,0,4,0,0,"218 97 70 95","0 0 0 0","0.0493988 4.22152 1.77997e-05 0.609516","6 6 6 6","169.955 2.76823 171.522 3.33936","7.99943e-05 7.81214e-09 9.22777e-06 1.18832e-08","9.85048e-05 9.71605e-09 1.46263e-05 1.21428e-08",0
0,"Airplane body_wing_rivets.step",97,126.937,3.17638e-07,102.383,6.57143,6,-1286.46,7372.75,396.462,4.50018e-09,6413.76,1381.97,9.4569e-05,-0.32844,1,0.246606,9.62805e-07,0,1,0,0,0,4,7.52859e+06,3.01053e+07,1.68606e-05,4.21642e-06,0.63123,0.228074,0.998368,0,0,4,0,0,4,0,0,"219 98 70 96","0 0 0 0","0.0152703 0.670859 4.21642e-06 0.236882","4 6 6 6","48.6593 2.43862 48.517 2.76823","0.00156563 5.7048e-09 0.00024069 7.81214e-09","0.00101017 8.85876e-09 0.000157524 9.71605e-09",0
0,"Airplane body_wing_rivets.step",98,189.215,4.73479e-07,160.16,10.788,6,-1264.6,7373.25,456.18,4.50018e-09,6413.76,1381.97,9.4569e-05,-0.32781,1,0.210546,1.18537e-08,0,1,0,0,0,4,7.52671e+06,3.01053e+07,2.51392e-05,6.28511e-06,0.755847,0.433782,0.998368,1,0,3,0,0,4,0,0,"220 99 70 97","0 0 0 0","0.182547 0.544299 6.28511e-06 1.49063","0 6 6 6","77.6913 2.43629 77.5936 2.43862","4.18282e-08 5.96046e-09 2.06796e-06 5.7048e-09","2.4122e-08 7.30005e-09 6.33203e-07 8.85876e-09",0
0,"Airplane body_wing_rivets.step",99,347.631,8.69887e-07,348.82,27.8532,6,-1218.3,7401.49,556.604,4.50018e-09,6413.76,1381.97,9.4569e-05,-0.325791,1,0.169427,7.00755e-07,0,1,0,0,0,4,7.53057e+06,3.01053e+07,4.61626e-05,1.15472e-05,0.672952,0.178544,0.894265,0,1,4,0,0,4,0,0,"221 86 70 98","0 0 0 0","0.0285382 0.0760957 1.15472e-05 1.83722","1 6 6 6","171.508 1.65199 173.223 2.43629","7.09471e-05 6.57769e-09 4.67594e-06 5.96046e-09","7.01101e-05 8.23142e-09 4.60627e-06 7.30005e-09",0
0,"Airplane body_wing_rivets.step",100,93794.9,0.000234706,2411.49,4.9338,6,-1168.36,6173.83,-677.007,4.50018e-09,6413.76,1381.97,9.4569e-05,-0.0032325,1,0.0263628,2.94478e-10,0,1,0,0,0,5,1.40296e+07,3.88939e+07,0.00668548,0.00241156,0.897531,0.590159,0.998582,0,2,5,0,0,5,0,0,"70 71 161 196 101","0 0 0 0 0","0.00311556 0.00241156 1.16696 0.112308 0.401707","6 6 1 1 6","0.765044 1129.33 75.3427 1107.41 98.6417","0.0185223 4.34379e-05 8.68503e-09 9.1228e-06 0.00956437","0.00021471 1.94473e-05 8.94435e-09 5.48804e-06 0.00531183",0
0,"Airplane body_wing_rivets.step",101,233491,0.00058427,3822.77,4.98056,6,-847.341,7599.03,-967.01,4.50018e-09,6413.76,1381.97,9.4569e-05,-0.00319637,1,0.107682,1.19392e-10,0,1,0,0,0,5,7.78088e+06,3.01053e+07,0.0300082,0.00775579,0.925819,0.833962,0.984037,0,1,4,0,0,4,0,0,"70 100 196 102","0 0 0 0","0.00775579 2.48937 0.279577 2.61658","6 6 1 6","1779.34 98.6417 1776.94 167.754","3.47256e-06 0.00956437 1.08205e-05 5.08757e-09","3.95037e-06 0.00531183 9.48614e-06 7.93312e-09",0
0,"Airplane body_wing_rivets.step",102,89235.1,0.000223296,1870.3,3.11943,6,-379.111,8616.34,-1107.83,4.50018e-09,6413.76,1381.97,9.4569e-05,-0.00293398,1,0.117349,1.06821e-08,0,1,0,0,0,4,7.67931e+06,3.01053e+07,0.0116202,0.0029641,0.873782,0.81655,0.983146,0,0,4,0,0,4,0,0,"70 101 78 80","0 0 0 0","0.0029641 0.382179 0.236731 60.1629","6 6 6 6","859.474 167.754 811.547 31.5214","5.98862e-06 5.08757e-09 1.6388e-05 4.47035e-09","7.24266e-06 7.93312e-09 3.48193e-05 6.82857e-09",0
0,"Airplane body_wing_rivets.step",103,181772,0.000454854,8977.33,35.2823,6,-148.848,10968.8,1086.54,4.50018e-09,6413.76,1381.97,9.4569e-05,-0.0163894,1,0.160119,1.33331e-12,0,1,0,0,0,6,5.2431e+06,3.01053e+07,0.0346689,0.00603787,0.632963,0.196474,0.979097,0,2,6,2,0,4,0.333333,0,"70 201 83 199 222 104","0 0 1 1 0 0","0.00603787 1370.66 1.00001 0.317886 0.316181 7.37894","6 6 6 1 1 6","4461.81 5.81023 221.723 0.000488682 4245.5 42.4772","1.48731e-05 8.68503e-09 1.41913 2.92759 6.70111e-06 1.38469e-08","2.06335e-05 8.94435e-09 0.644006 1.34714e-07 9.69854e-06 9.8448e-09",0
0,"Airplane body_wing_rivets.step",104,24633.9,6.16422e-05,1225.38,4.85061,6,-173.932,8520.3,1251.04,4.50018e-09,6413.76,1381.97,9.4569e-05,-0.0161754,1,0.176214,6.56525e-09,0,1,0,0,0,4,7.59102e+06,3.01053e+07,0.00324514,0.000818257,0.665433,0.337921,0.979097,0,1,4,0,0,4,0,0,"70 103 223 81","0 0 0 0","0.000818257 0.135521 0.378373 2.07722","6 6 1 6","574.249 42.4772 563.59 45.0611","1.50407e-05 1.38469e-08 2.53076e-05 0","7.65434e-06 9.8448e-09 1.19901e-05 0",0
0,"Airplane body_wing_rivets.step",105,8.18979,2.04936e-08,11.5652,1.29963,6,1320.94,7709.39,194.006,4.50018e-09,6413.76,1381.97,9.4569e-05,-0.327995,1,0.242734,1.43166e-10,0,1,0,0,0,4,7.58082e+06,3.01053e+07,1.08033e-06,2.72038e-07,0.576129,0.373384,0.652541,2,1,2,0,2,2,0,0.5,"70 120 224 106","0 -1 0 -1","2.72038e-07 7.60579e-05 0.0643488 7.43398e-05","6 0 1 0","3.12469 2.65829 3.12494 2.65723","9.54434e-08 1.68699 2.10734e-09 1.45506","4.18155e-08 0.0829916 6.32203e-09 0.0828778",0
0,"Airplane body_wing_rivets.step",106,110167,0.000275674,7667.09,42.4619,0,2063.76,7710.91,432.948,4.50018e-09,6413.76,1381.97,9.4569e-05,0,0,0,0,0,1,0,0,0,9,3.49109e+06,3.01053e+07,0.0315566,0.00365939,0.554293,4.05921e-14,0.99938,0,3,9,0,6,3,0,0.666667,"224 105 70 107 225 226 227 228 229","-1 -1 -1 -1 0 0 0 -1 -1","865.603 13451.7 0.00365939 7089.64 1466.33 13.0315 800.405 0.0851047 9.82947","1 6 6 6 6 4 6 1 1","40.8912 2.65723 3.72993 3.9534 36.8586 3781.31 60.1193 61.1973 3676.37","1.34929 1.45506 1.61938 0.830653 0.000173821 0 0.000178847 1.34929 1.5708","2.22045e-16 0.0828778 2.44904e-05 0.47622 0.000287237 0 0.000173813 0 0",0
0,"Airplane body_wing_rivets.step",107,15.5391,3.88841e-08,19.897,2.02739,6,1322.13,7710.73,184.613,4.50018e-09,6413.76,1381.97,9.4569e-05,-0.218258,0.92,0.248653,0.00509301,0,1,0,0,0,4,7.55434e+06,3.01053e+07,2.05698e-06,5.16159e-07,0.34149,0.0108657,0.732396,1,0,3,0,1,3,0,0.25,"106 225 108 70","-1 0 0 0","0.000141051 0.206827 0.0087 5.16159e-07","0 6 6 6","3.9534 3.38842 3.53322 9.02193","0.830653 0.000443246 9.55792e-09 0.000407048","0.47622 0.000340659 8.00483e-09 0.000708688",0
0,"Airplane body_wing_rivets.step",108,1786.11,4.46943e-06,1149.68,58.8898,6,1312.06,7977.12,136.477,4.50018e-09,6413.76,1381.97,9.4569e-05,-0.328059,1,0.348054,8.73474e-08,0,1,0,0,0,4,7.5603e+06,3.01053e+07,0.000236248,5.93286e-05,0.523176,0.22175,0.972081,0,0,4,0,0,4,0,0,"230 109 70 107","0 0 0 0","0.0137177 0.315451 5.93286e-05 114.942","6 6 6 6","571.824 2.47628 571.851 3.53322","0.00052234 0 0.00137828 9.55792e-09","0.000528308 0 0.00111333 8.00483e-09",0
0,"Airplane body_wing_rivets.step",109,5662.07,1.41684e-05,4819.43,326.442,6,1151.16,9455.74,97.5922,4.50018e-09,6413.76,1381.97,9.4569e-05,-0.328063,1,0.211452,9.07294e-09,0,1,0,0,0,4,7.67501e+06,3.01053e+07,0.000737727,0.000188075,0.691045,0.26799,0.972081,0,1,4,0,0,4,0,0,"70 108 231 110","0 0 0 0","0.000188075 3.17006 0.00955495 15.5691","6 6 1 6","2407.47 2.47628 2407.11 2.37588","0.000111775 0 0.000255878 6.57769e-09","0.000139405 0 0.000285176 8.23142e-09",0
0,"Airplane body_wing_rivets.step",110,363.674,9.10033e-07,331.254,24.0105,6,936.668,10694,302.39,4.50018e-09,6413.76,1381.97,9.4569e-05,-0.32541,1,0.298223,9.11109e-07,0,1,0,0,0,4,7.55449e+06,3.01053e+07,4.81401e-05,1.20801e-05,0.701229,0.401124,0.871021,0,1,4,0,0,4,0,0,"70 109 232 111","0 0 0 0","1.20801e-05 0.0642299 0.00340818 1.40297","6 6 1 6","164.295 2.37588 162.488 2.09566","8.09724e-06 6.57769e-09 9.26006e-05 9.15865e-09","5.826e-06 8.23142e-09 5.56372e-05 9.68271e-09",0
0,"Airplane body_wing_rivets.step",111,259.217,6.48648e-07,250.085,19.2,6,908.146,10727.1,433.069,4.50018e-09,6413.76,1381.97,9.4569e-05,-0.327745,1,0.158801,1.79702e-08,0,1,0,0,0,4,7.54696e+06,3.01053e+07,3.43473e-05,8.61035e-06,0.776869,0.582216,0.884024,1,0,3,0,0,4,0,0,"70 110 233 112","0 0 0 0","8.61035e-06 0.712774 0.00316724 0.854604","6 6 0 6","122.829 2.09566 123.039 2.12215","7.83866e-05 9.15865e-09 2.3894e-07 5.96046e-09","2.18714e-05 9.68271e-09 1.45299e-07 7.30005e-09",0
0,"Airplane body_wing_rivets.step",112,303.319,7.59004e-07,332.386,28.9853,6,872.6,10697.6,558.167,4.50018e-09,6413.76,1381.97,9.4569e-05,-0.325582,1,0.23428,7.57994e-07,0,1,0,0,0,4,7.5568e+06,3.01053e+07,4.01385e-05,1.00753e-05,0.812357,0.748374,0.884024,0,1,4,0,0,4,0,0,"70 111 234 113","0 0 0 0","1.00753e-05 1.17013 0.00259168 0.066396","6 6 1 6","165.176 2.12215 163.43 1.65895","1.22412e-05 5.96046e-09 0.000151357 4.47035e-09","7.18919e-06 7.30005e-09 0.000113151 6.82857e-09",0
0,"Airplane body_wing_rivets.step",113,4568.33,1.14315e-05,6468.12,728.766,6,971.7,9038.19,745.364,4.50018e-09,6413.76,1381.97,9.4569e-05,-0.328049,1,0.0760082,2.08599e-08,0,1,0,0,0,4,7.85012e+06,3.01053e+07,0.000581944,0.000151745,0.831703,0.799909,0.900974,0,1,4,0,0,4,0,0,"70 112 228 114","0 0 0 0","0.000151745 15.0611 0.00352906 13.1413","6 6 1 6","3232.64 1.65895 3232.16 1.652","0.000548041 4.47035e-09 0.000489586 5.08757e-09","0.00119234 6.82857e-09 0.0010386 7.93312e-09",0
0,"Airplane body_wing_rivets.step",114,347.631,8.69888e-07,348.82,27.8531,6,1218.3,7401.49,556.604,4.50018e-09,6413.76,1381.97,9.4569e-05,-0.325791,1,0.171523,7.00768e-07,0,1,0,0,0,4,7.53057e+06,3.01053e+07,4.61627e-05,1.15472e-05,0.838577,0.796424,0.894268,0,1,4,0,0,4,0,0,"70 113 235 115","0 0 0 0","1.15472e-05 0.076096 0.0285381 1.83722","6 6 1 6","173.223 1.652 171.508 2.43629","4.67702e-06 5.08757e-09 7.09486e-05 5.08757e-09","4.60957e-06 7.93312e-09 7.01135e-05 7.93312e-09",0
0,"Airplane body_wing_rivets.step",115,189.216,4.7348e-07,160.16,10.788,6,1264.59,7373.25,456.18,4.50018e-09,6413.76,1381.97,9.4569e-05,-0.32781,1,0.210625,1.18524e-08,0,1,0,0,0,4,7.52671e+06,3.01053e+07,2.51392e-05,6.28513e-06,0.833185,0.696972,0.998368,1,0,3,0,0,4,0,0,"70 114 236 116","0 0 0 0","6.28513e-06 0.5443 0.182542 1.49062","6 6 0 6","77.5938 2.43629 77.6916 2.43862","1.71823e-06 5.08757e-09 3.90051e-08 3.59746e-09","4.66699e-07 7.93312e-09 1.85413e-08 7.3261e-09",0
0,"Airplane body_wing_rivets.step",116,126.938,3.17641e-07,102.384,6.57144,6,1286.46,7372.75,396.462,4.50018e-09,6413.76,1381.97,9.4569e-05,-0.32844,1,0.211329,9.62607e-07,0,1,0,0,0,4,7.52859e+06,3.01053e+07,1.68608e-05,4.21646e-06,0.687985,0.22808,0.998368,0,0,4,0,0,4,0,0,"70 115 237 117","0 0 0 0","4.21646e-06 0.670863 0.0152705 0.236876","6 6 4 6","48.5173 2.43862 48.6596 2.76825","0.000240313 3.59746e-09 0.0015657 8.28576e-09","0.000157276 7.3261e-09 0.00101023 1.04394e-08",0
0,"Airplane body_wing_rivets.step",117,535.883,1.34096e-06,347.589,17.9413,6,1312.79,7404.1,299.97,4.50018e-09,6413.76,1381.97,9.4569e-05,-0.324977,1,0.399989,9.0456e-07,0,1,0,0,0,4,7.52929e+06,3.01053e+07,7.11731e-05,1.78003e-05,0.522034,0.0601015,0.821769,0,0,4,0,0,4,0,0,"70 116 238 118","0 0 0 0","1.78003e-05 4.22162 0.0494025 0.614503","6 6 6 6","171.524 2.76825 169.957 3.3394","9.1016e-06 8.28576e-09 7.99935e-05 1.41342e-08","1.46721e-05 1.04394e-08 9.84799e-05 9.42779e-09",0
0,"Airplane body_wing_rivets.step",118,872.059,2.18218e-06,508.766,23.62,6,1323.54,7585.6,214.851,4.50018e-09,6413.76,1381.97,9.4569e-05,-0.327938,1,0.382409,2.25865e-09,0,1,0,0,0,4,7.52892e+06,3.01053e+07,0.000115828,2.89669e-05,0.331732,0.0532238,0.772734,0,0,4,0,0,4,0,0,"70 117 239 119","0 0 0 0","2.89669e-05 1.62733 0.0888905 50.2032","6 6 6 6","250.958 3.3394 250.934 3.53487","0.00134555 1.41342e-08 0.00096099 6.62216e-08","0.00113807 9.42779e-09 0.000729345 4.40791e-08",0
0,"Airplane body_wing_rivets.step",119,17.3706,4.3467e-08,21.4541,2.1086,6,1322.14,7707.72,185.731,4.50018e-09,6413.76,1381.97,9.4569e-05,-0.199557,0.96,0.635445,0.0101288,0,1,0,0,0,4,7.55349e+06,3.01053e+07,2.29968e-06,5.76994e-07,0.588269,0.290288,0.905782,1,0,3,0,1,3,0,0.25,"70 118 240 120","0 0 0 -1","5.76994e-07 0.0199191 0.189679 0.000161319","6 6 6 0","10.0451 3.53487 4.20602 3.66813","0.000159884 6.62216e-08 0.000484852 0.782869","0.000243502 4.40791e-08 0.000438343 0.448621",0
0,"Airplane body_wing_rivets.step",120,107678,0.000269447,7660.09,43.364,0,2063.58,7707.86,432.921,4.50018e-09,6413.76,1381.97,9.4569e-05,0,0,0,0,0,1,0,0,0,9,3.49123e+06,3.01053e+07,0.0308425,0.00357672,0.671955,0.216308,0.99938,0,3,9,0,6,3,0,0.666667,"70 105 224 229 228 241 242 240 119","-1 -1 -1 -1 -1 0 0 0 -1","0.00357672 13147.9 846.05 9.60744 0.0831823 639.435 11.1274 1175.8 6198.89","6 6 1 1 1 6 4 6 6","3.03958 2.65829 40.5754 3677.84 57.814 57.1364 3780 37.3553 3.66813","1.52237 1.68699 1.79282 1.5708 1.79282 0.000195421 0 0.000173983 0.782869","1.99387e-05 0.0829916 2.22045e-16 0 0 0.000207273 0 0.000292748 0.448621",0
0,"Airplane body_wing_rivets.step",121,305978,0.000765657,6077.58,9.60643,6,-1030.13,2910.02,-841.808,4.50018e-09,6413.76,1381.97,9.4569e-05,-0.00324172,1,0.0232794,1.08831e-10,0,1,0,0,0,4,9.8493e+06,3.88939e+07,0.0310659,0.00786699,0.856458,0.638533,0.992757,0,2,4,0,0,4,0,0,"71 122 190 161","0 0 0 0","0.00786699 5.10448 0.842869 3.80685","6 6 1 1","2939.43 151.537 2911.27 75.3427","4.61809e-05 3.59746e-09 4.82814e-06 1.16653e-08","2.39145e-05 7.3261e-09 4.38726e-06 7.98509e-09",0
0,"Airplane body_wing_rivets.step",122,59943,0.000149997,1450.78,2.79417,6,-673.935,1472.94,-1130.74,4.50018e-09,6413.76,1381.97,9.4569e-05,-0.00266704,1,0.0425508,2.55347e-07,0,1,0,0,0,4,9.91004e+06,3.88939e+07,0.00604872,0.00154119,0.883837,0.764646,0.989545,0,0,4,0,0,4,0,0,"71 123 76 121","0 0 0 0","0.00154119 1.22798 0.153118 0.195906","6 6 6 6","678.917 57.4346 562.888 151.537","3.71551e-05 4.47035e-09 1.29638e-05 3.59746e-09","1.6192e-05 6.82857e-09 1.08957e-05 7.3261e-09",0
0,"Airplane body_wing_rivets.step",123,48814.4,0.00012215,2408.56,9.45708,6,-0.0109437,1483.46,-1257.25,4.50018e-09,6413.76,1381.97,9.4569e-05,-0.00315685,1,0.023787,4.00921e-09,0,1,0,0,0,4,1.06159e+07,3.88939e+07,0.00459822,0.00125507,0.86466,0.764567,0.99961,0,1,4,0,0,4,0,0,"71 72 73 122","0 0 0 0","0.00125507 0.814322 0.0141491 0.814347","6 6 1 6","1111.93 57.4346 1181.76 57.4346","3.02192e-05 2.98023e-09 7.50262e-07 4.47035e-09","1.59863e-05 5.96046e-09 9.39784e-07 6.82857e-09",0
0,"Airplane body_wing_rivets.step",124,87677.2,0.000219397,1327.03,1.59832,1,1271.03,5974.08,34.1239,4.50018e-09,6413.76,1381.97,9.4569e-05,-0.00328084,1,0.426795,0,152.4,1,0,0,0,8,1.81096e+07,3.88939e+07,0.00484149,0.00225427,0.662634,0.535439,0.78983,2,0,2,2,0,2,0.5,0,"158 243 160 71","0 1 0 1","3.87197 0.0026173 3.87197 0.00225427","0 6 0 6","184.147 158.116 184.147 158.02","0 1.58846 0 1.55579","0 0.00819768 0 0.00697413",0
0,"Airplane body_wing_rivets.step",125,87677.2,0.000219397,1327.03,1.59832,1,1271.03,5303.52,34.1239,4.50018e-09,6413.76,1381.97,9.4569e-05,-0.00328084,1,0.426795,0,152.4,1,0,0,0,8,1.81096e+07,3.88939e+07,0.00484149,0.00225427,0.662634,0.535439,0.78983,2,0,2,2,0,2,0.5,0,"155 243 157 71","0 1 0 1","3.87197 0.0026173 3.87197 0.00225427","0 6 0 6","184.147 158.116 184.147 158.02","0 1.58846 0 1.55579","0 0.00819768 0 0.00697413",0
0,"Airplane body_wing_rivets.step",126,87677.2,0.000219397,1327.03,1.59832,1,1271.03,4632.96,34.1239,4.50018e-09,6413.76,1381.97,9.4569e-05,-0.00328084,1,0.426795,0,152.4,1,0,0,0,8,1.81096e+07,3.88939e+07,0.00484149,0.00225427,0.662634,0.535439,0.78983,2,0,2,2,0,2,0.5,0,"152 243 154 71","0 1 0 1","3.87197 0.0026173 3.87197 0.00225427","0 6 0 6","184.147 158.116 184.147 158.02","0 1.58846 0 1.55579","0 0.00819768 0 0.00697413",0
0,"Airplane body_wing_rivets.step",127,87677.2,0.000219397,1327.03,1.59832,1,1271.03,3962.4,34.1239,4.50018e-09,6413.76,1381.97,9.4569e-05,-0.00328084,1,0.426795,0,152.4,1,0,0,0,8,1.81096e+07,3.88939e+07,0.00484149,0.00225427,0.662634,0.535439,0.78983,2,0,2,2,0,2,0.5,0,"149 243 151 71","0 1 0 1","3.87197 0.0026173 3.87197 0.00225427","0 6 0 6","184.147 158.116 184.147 158.02","0 1.58846 0 1.55579","0 0.00819768 0 0.00697413",0
0,"Airplane body_wing_rivets.step",128,87677.2,0.000219397,1327.03,1.59832,1,1271.03,3291.84,34.1239,4.50018e-09,6413.76,1381.97,9.4569e-05,-0.00328084,1,0.426795,0,152.4,1,0,0,0,8,1.81096e+07,3.88939e+07,0.00484149,0.00225427,0.662634,0.535439,0.78983,2,0,2,2,0,2,0.5,0,"146 243 148 71","0 1 0 1","3.87197 0.0026173 3.87197 0.00225427","0 6 0 6","184.147 158.116 184.147 158.02","0 1.58846 0 1.55579","0 0.00819768 0 0.00697413",0
0,"Airplane body_wing_rivets.step",129,87677.2,0.000219397,1327.03,1.59832,1,1271.03,2621.28,34.1239,4.50018e-09,6413.76,1381.97,9.4569e-05,-0.00328084,1,0.426795,0,152.4,1,0,0,0,8,1.81096e+07,3.88939e+07,0.00484149,0.00225427,0.662634,0.535439,0.78983,2,0,2,2,0,2,0.5,0,"143 243 145 71","0 1 0 1","3.87197 0.0026173 3.87197 0.00225427","0 6 0 6","184.147 158.116 184.147 158.02","0 1.58846 0 1.55579","0 0.00819768 0 0.00697413",0
0,"Airplane body_wing_rivets.step",130,87677.2,0.000219397,1327.03,1.59832,1,1271.03,1950.72,34.1239,4.50018e-09,6413.76,1381.97,9.4569e-05,-0.00328084,1,0.426795,0,152.4,1,0,0,0,8,1.81096e+07,3.88939e+07,0.00484149,0.00225427,0.662634,0.535439,0.78983,2,0,2,2,0,2,0.5,0,"140 243 142 71","0 1 0 1","3.87197 0.0026173 3.87197 0.00225427","0 6 0 6","184.147 158.116 184.147 158.02","0 1.58846 0 1.55579","0 0.00819768 0 0.00697413",0
0,"Airplane body_wing_rivets.step",131,313646,0.000784845,3937.81,3.93423,0,1164.45,807.72,-64.0402,4.50018e-09,6413.76,1381.97,9.4569e-05,0,0.4,0,0,0,1,0,0,0,6,1.81175e+07,3.88939e+07,0.0173117,0.00806414,0.355758,0,0.715925,0,2,4,2,0,2,0.5,0,"132 243 139 71","0 1 0 1","7.62209 0.00936282 8.71049 0.00806414","1 6 1 6","263.597 952.114 236.51 775.997","0 1.5708 0 1.5708","0 0 0 0",0
0,"Airplane body_wing_rivets.step",132,41149.6,0.00010297,936.34,1.69548,1,842.12,773.384,-888.446,4.50018e-09,6413.76,1381.97,9.4569e-05,-0.00546807,0.84,0.189416,0,91.44,1,0,0,0,4,1.82226e+07,3.88939e+07,0.00225816,0.001058,0.68419,0.661273,0.707107,2,0,2,2,0,2,0.5,0,"71 133 243 131","1 0 1 0","0.001058 0.223817 0.00122838 0.131198","6 0 6 0","173.337 301.598 197.808 263.597","2.03799 0 1.02687 0","0.257661 0 0.313441 0",0
0,"Airplane body_wing_rivets.step",133,183854,0.000460063,1822.4,1.43748,0,802.034,411.48,-920.496,4.50018e-09,6413.76,1381.97,9.4569e-05,0,1,0,0,0,1,0,0,0,4,1.81188e+07,3.88939e+07,0.0101471,0.00472707,0.821144,0.707107,0.935181,0,2,4,2,0,2,0.5,0,"132 243 134 71","0 1 0 1","4.46794 0.00548833 4.46795 0.00472707","1 6 1 6","301.598 609.6 301.598 609.6","0 0.553124 0 2.39758","0 0 0 4.44089e-16",0
0,"Airplane body_wing_rivets.step",134,41149.6,0.00010297,936.34,1.69548,1,842.12,49.5758,-888.446,4.50018e-09,6413.76,1381.97,9.4569e-05,-0.00546807,0.84,0.189416,0,91.44,1,0,0,0,4,1.82226e+07,3.88939e+07,0.00225816,0.001058,0.68419,0.661273,0.707107,2,0,2,2,0,2,0.5,0,"71 135 243 133","1 0 1 0","0.001058 0.131198 0.00122838 0.223817","6 0 6 0","173.337 263.597 197.808 301.598","2.03851 0 1.02672 0","0.257824 0 0.313273 0",0
0,"Airplane body_wing_rivets.step",135,313646,0.000784845,3937.81,3.93423,0,1164.45,15.24,-64.0402,4.50018e-09,6413.76,1381.97,9.4569e-05,0,0.4,0,0,0,1,0,0,0,6,1.81175e+07,3.88939e+07,0.0173117,0.00806414,0.355758,5.63553e-17,0.715925,0,2,4,2,0,2,0.5,0,"134 243 137 71","0 1 0 1","7.62209 0.00936282 8.71049 0.00806414","1 6 1 6","263.597 952.114 236.51 775.997","0 1.5708 0 1.5708","0 0 0 0",0
0,"Airplane body_wing_rivets.step",136,4.58246e+06,0.0114668,17762,5.47864,6,0.0729961,-275.131,2.84473,4.50018e-09,6413.76,1381.97,9.4569e-05,-0.000370731,1,0.285341,4.33633e-10,0,1,0,0,0,8,2.46932e+07,3.88939e+07,0.185576,0.11782,0.96086,0.925353,0.996367,0,0,2,1,0,1,0.5,0,"244 71","1 0","0.436734 0.11782","6 6","2686.5 8328.02","0.0459885 3.91241e-05","0.0296863 1.98895e-05",0
0,"Airplane body_wing_rivets.step",137,36007.8,9.01034e-05,836.768,1.5474,1,954.97,49.2339,784.455,4.50018e-09,6413.76,1381.97,9.4569e-05,-0.00546807,0.88,0.182355,0,91.44,1,0,0,0,4,1.82162e+07,3.88939e+07,0.00197669,0.000925797,0.679986,0.652922,0.715925,2,0,2,2,0,2,0.5,0,"71 138 243 135","1 0 1 0","0.000925797 0.227408 0.00107489 0.114804","6 0 6 0","163.794 259.744 176.72 236.51","1.98581 0 1.08631 0","0.224165 0 0.270281 0",0
0,"Airplane body_wing_rivets.step",138,158340,0.000396219,1738.69,1.5193,0,923.857,411.48,816.864,4.50018e-09,6413.76,1381.97,9.4569e-05,0,1,0,0,0,1,0,0,0,4,1.81162e+07,3.88939e+07,0.00874022,0.00407108,0.816679,0.698177,0.935181,0,2,4,2,0,2,0.5,0,"71 137 243 139","1 0 1 0","0.00407108 4.39738 0.0047267 4.39738","6 1 6 1","609.6 259.744 609.6 259.744","2.28773 0 0.703432 0","2.09502e-12 0 1.11022e-16 0",0
0,"Airplane body_wing_rivets.step",139,36007.8,9.01035e-05,836.767,1.5474,1,954.969,773.726,784.455,4.50018e-09,6413.76,1381.97,9.4569e-05,-0.00546807,0.88,0.19412,0,91.44,1,0,0,0,4,1.82162e+07,3.88939e+07,0.00197669,0.000925797,0.679986,0.652922,0.715925,2,0,2,2,0,2,0.5,0,"71 131 243 138","1 0 1 0","0.000925797 0.114804 0.00107489 0.227408","6 0 6 0","163.793 236.51 176.72 259.744","1.98641 0 1.08572 0","0.224208 0 0.270212 0",0
0,"Airplane body_wing_rivets.step",140,22644.1,5.6663e-05,619.555,1.34895,0,1255.28,1798.32,192.219,4.50018e-09,6413.76,1381.97,9.4569e-05,0,1,0,0,0,1,0,0,0,4,1.81432e+07,3.88939e+07,0.00124807,0.000582202,0.373785,0,0.959702,0,2,4,2,0,2,0.5,0,"71 130 243 141","1 0 1 0","0.000582202 0.258266 0.000675961 0.245476","6 1 6 1","123.528 184.147 124.164 187.717","1.5708 0 1.5708 0","0 0 0 0",0
0,"Airplane body_wing_rivets.step",141,92245.4,0.000230828,1354.29,1.58223,1,1214.99,1950.72,350.646,4.50018e-09,6413.76,1381.97,9.4569e-05,-0.00328084,0.96,0.423745,0,152.4,1,0,0,0,4,1.81096e+07,3.88939e+07,0.00509374,0.00237172,0.611253,0.262805,0.959702,2,0,2,2,0,2,0.5,0,"142 243 140 71","0 1 0 1","4.07371 0.00275367 4.07371 0.00237172","0 6 0 6","187.717 491.261 187.717 487.597","0 1.33954 0 1.76731","0 0.127882 0 0.108222",0
0,"Airplane body_wing_rivets.step",142,22644.1,5.6663e-05,619.555,1.34895,0,1255.28,2103.12,192.219,4.50018e-09,6413.76,1381.97,9.4569e-05,0,1,0,0,0,1,0,0,0,4,1.81432e+07,3.88939e+07,0.00124807,0.000582202,0.373785,0,0.959702,0,2,4,2,0,2,0.5,0,"141 243 130 71","0 1 0 1","0.245476 0.000675961 0.258266 0.000582202","1 6 1 6","187.717 124.164 184.147 123.528","0 1.5708 0 1.5708","0 0 0 0",0
0,"Airplane body_wing_rivets.step",143,22644.1,5.6663e-05,619.555,1.34895,0,1255.28,2468.88,192.219,4.50018e-09,6413.76,1381.97,9.4569e-05,0,1,0,0,0,1,0,0,0,4,1.81432e+07,3.88939e+07,0.00124807,0.000582202,0.373785,0,0.959702,0,2,4,2,0,2,0.5,0,"71 129 243 144","1 0 1 0","0.000582202 0.258266 0.000675961 0.245476","6 1 6 1","123.528 184.147 124.164 187.717","1.5708 0 1.5708 0","0 0 0 0",0
0,"Airplane body_wing_rivets.step",144,92245.4,0.000230828,1354.29,1.58223,1,1214.99,2621.28,350.646,4.50018e-09,6413.76,1381.97,9.4569e-05,-0.00328084,0.96,0.423745,0,152.4,1,0,0,0,4,1.81096e+07,3.88939e+07,0.00509374,0.00237172,0.611253,0.262805,0.959702,2,0,2,2,0,2,0.5,0,"145 243 143 71","0 1 0 1","4.07371 0.00275367 4.07371 0.00237172","0 6 0 6","187.717 491.261 187.717 487.597","0 1.33954 0 1.76731","0 0.127882 0 0.108222",0
0,"Airplane body_wing_rivets.step",145,22644.1,5.6663e-05,619.555,1.34895,0,1255.28,2773.68,192.219,4.50018e-09,6413.76,1381.97,9.4569e-05,0,1,0,0,0,1,0,0,0,4,1.81432e+07,3.88939e+07,0.00124807,0.000582202,0.373785,0,0.959702,0,2,4,2,0,2,0.5,0,"144 243 129 71","0 1 0 1","0.245476 0.000675961 0.258266 0.000582202","1 6 1 6","187.717 124.164 184.147 123.528","0 1.5708 0 1.5708","0 0 0 0",0
0,"Airplane body_wing_rivets.step",146,22644.1,5.6663e-05,619.555,1.34895,0,1255.28,3139.44,192.219,4.50018e-09,6413.76,1381.97,9.4569e-05,0,1,0,0,0,1,0,0,0,4,1.81432e+07,3.88939e+07,0.00124807,0.000582202,0.373785,0,0.959702,0,2,4,2,0,2,0.5,0,"71 128 243 147","1 0 1 0","0.000582202 0.258266 0.000675961 0.245476","6 1 6 1","123.528 184.147 124.164 187.717","1.5708 0 1.5708 0","0 0 0 0",0
0,"Airplane body_wing_rivets.step",147,92245.4,0.000230828,1354.29,1.58223,1,1214.99,3291.84,350.646,4.50018e-09,6413.76,1381.97,9.4569e-05,-0.00328084,0.96,0.423745,0,152.4,1,0,0,0,4,1.81096e+07,3.88939e+07,0.00509374,0.00237172,0.611253,0.262805,0.959702,2,0,2,2,0,2,0.5,0,"148 243 146 71","0 1 0 1","4.07371 0.00275367 4.07371 0.00237172","0 6 0 6","187.717 491.261 187.717 487.597","0 1.33954 0 1.76731","0 0.127882 0 0.108222",0
0,"Airplane body_wing_rivets.step",148,22644.1,5.6663e-05,619.555,1.34895,0,1255.28,3444.24,192.219,4.50018e-09,6413.76,1381.97,9.4569e-05,0,1,0,0,0,1,0,0,0,4,1.81432e+07,3.88939e+07,0.00124807,0.000582202,0.373785,0,0.959702,0,2,4,2,0,2,0.5,0,"147 243 128 71","0 1 0 1","0.245476 0.000675961 0.258266 0.000582202","1 6 1 6","187.717 124.164 184.147 123.528","0 1.5708 0 1.5708","0 0 0 0",0
0,"Airplane body_wing_rivets.step",149,22644.1,5.6663e-05,619.555,1.34895,0,1255.28,3810,192.219,4.50018e-09,6413.76,1381.97,9.4569e-05,0,1,0,0,0,1,0,0,0,4,1.81432e+07,3.88939e+07,0.00124807,0.000582202,0.373785,0,0.959702,0,2,4,2,0,2,0.5,0,"71 127 243 150","1 0 1 0","0.000582202 0.258266 0.000675961 0.245476","6 1 6 1","123.528 184.147 124.164 187.717","1.5708 0 1.5708 0","0 0 0 0",0
0,"Airplane body_wing_rivets.step",150,92245.4,0.000230828,1354.29,1.58223,1,1214.99,3962.4,350.646,4.50018e-09,6413.76,1381.97,9.4569e-05,-0.00328084,0.96,0.423745,0,152.4,1,0,0,0,4,1.81096e+07,3.88939e+07,0.00509374,0.00237172,0.611253,0.262805,0.959702,2,0,2,2,0,2,0.5,0,"151 243 149 71","0 1 0 1","4.07371 0.00275367 4.07371 0.00237172","0 6 0 6","187.717 491.261 187.717 487.597","0 1.33954 0 1.76731","0 0.127882 0 0.108222",0
0,"Airplane body_wing_rivets.step",151,22644.1,5.6663e-05,619.555,1.34895,0,1255.28,4114.8,192.219,4.50018e-09,6413.76,1381.97,9.4569e-05,0,1,0,0,0,1,0,0,0,4,1.81432e+07,3.88939e+07,0.00124807,0.000582202,0.373785,0,0.959702,0,2,4,2,0,2,0.5,0,"150 243 127 71","0 1 0 1","0.245476 0.000675961 0.258266 0.000582202","1 6 1 6","187.717 124.164 184.147 123.528","0 1.5708 0 1.5708","0 0 0 0",0
0,"Airplane body_wing_rivets.step",152,22644.1,5.6663e-05,619.555,1.34895,0,1255.28,4480.56,192.219,4.50018e-09,6413.76,1381.97,9.4569e-05,0,1,0,0,0,1,0,0,0,4,1.81432e+07,3.88939e+07,0.00124807,0.000582202,0.373785,0,0.959702,0,2,4,2,0,2,0.5,0,"71 126 243 153","1 0 1 0","0.000582202 0.258266 0.000675961 0.245476","6 1 6 1","123.528 184.147 124.164 187.717","1.5708 0 1.5708 0","0 0 0 0",0
0,"Airplane body_wing_rivets.step",153,92245.4,0.000230828,1354.29,1.58223,1,1214.99,4632.96,350.646,4.50018e-09,6413.76,1381.97,9.4569e-05,-0.00328084,0.96,0.423745,0,152.4,1,0,0,0,4,1.81096e+07,3.88939e+07,0.00509374,0.00237172,0.611253,0.262805,0.959702,2,0,2,2,0,2,0.5,0,"154 243 152 71","0 1 0 1","4.07371 0.00275367 4.07371 0.00237172","0 6 0 6","187.717 491.261 187.717 487.597","0 1.33954 0 1.76731","0 0.127882 0 0.108222",0
0,"Airplane body_wing_rivets.step",154,22644.1,5.6663e-05,619.555,1.34895,0,1255.28,4785.36,192.219,4.50018e-09,6413.76,1381.97,9.4569e-05,0,1,0,0,0,1,0,0,0,4,1.81432e+07,3.88939e+07,0.00124807,0.000582202,0.373785,0,0.959702,0,2,4,2,0,2,0.5,0,"153 243 126 71","0 1 0 1","0.245476 0.000675961 0.258266 0.000582202","1 6 1 6","187.717 124.164 184.147 123.528","0 1.5708 0 1.5708","0 0 0 0",0
0,"Airplane body_wing_rivets.step",155,22644.1,5.6663e-05,619.555,1.34895,0,1255.28,5151.12,192.219,4.50018e-09,6413.76,1381.97,9.4569e-05,0,1,0,0,0,1,0,0,0,4,1.81432e+07,3.88939e+07,0.00124807,0.000582202,0.373785,0,0.959702,0,2,4,2,0,2,0.5,0,"71 125 243 156","1 0 1 0","0.000582202 0.258266 0.000675961 0.245476","6 1 6 1","123.528 184.147 124.164 187.717","1.5708 0 1.5708 0","0 0 0 0",0
0,"Airplane body_wing_rivets.step",156,92245.4,0.000230828,1354.29,1.58223,1,1214.99,5303.52,350.646,4.50018e-09,6413.76,1381.97,9.4569e-05,-0.00328084,0.96,0.423745,0,152.4,1,0,0,0,4,1.81096e+07,3.88939e+07,0.00509374,0.00237172,0.611253,0.262805,0.959702,2,0,2,2,0,2,0.5,0,"157 243 155 71","0 1 0 1","4.07371 0.00275367 4.07371 0.00237172","0 6 0 6","187.717 491.261 187.717 487.597","0 1.33954 0 1.76731","0 0.127882 0 0.108222",0
0,"Airplane body_wing_rivets.step",157,22644.1,5.6663e-05,619.555,1.34895,0,1255.28,5455.92,192.219,4.50018e-09,6413.76,1381.97,9.4569e-05,0,1,0,0,0,1,0,0,0,4,1.81432e+07,3.88939e+07,0.00124807,0.000582202,0.373785,0,0.959702,0,2,4,2,0,2,0.5,0,"156 243 125 71","0 1 0 1","0.245476 0.000675961 0.258266 0.000582202","1 6 1 6","187.717 124.164 184.147 123.528","0 1.5708 0 1.5708","0 0 0 0",0
0,"Airplane body_wing_rivets.step",158,22644.1,5.6663e-05,619.555,1.34895,0,1255.28,5821.68,192.219,4.50018e-09,6413.76,1381.97,9.4569e-05,0,1,0,0,0,1,0,0,0,4,1.81432e+07,3.88939e+07,0.00124807,0.000582202,0.373785,0,0.959702,0,2,4,2,0,2,0.5,0,"71 124 243 159","1 0 1 0","0.000582202 0.258266 0.000675961 0.245476","6 1 6 1","123.528 184.147 124.164 187.717","1.5708 0 1.5708 0","0 0 0 0",0
0,"Airplane body_wing_rivets.step",159,92245.4,0.000230828,1354.29,1.58223,1,1214.99,5974.08,350.646,4.50018e-09,6413.76,1381.97,9.4569e-05,-0.00328084,0.96,0.423745,0,152.4,1,0,0,0,4,1.81096e+07,3.88939e+07,0.00509374,0.00237172,0.611253,0.262805,0.959702,2,0,2,2,0,2,0.5,0,"160 243 158 71","0 1 0 1","4.07371 0.00275367 4.07371 0.00237172","0 6 0 6","187.717 491.261 187.717 487.597","0 1.33954 0 1.76731","0 0.127882 0 0.108222",0
0,"Airplane body_wing_rivets.step",160,22644.1,5.6663e-05,619.555,1.34895,0,1255.28,6126.48,192.219,4.50018e-09,6413.76,1381.97,9.4569e-05,0,1,0,0,0,1,0,0,0,4,1.81432e+07,3.88939e+07,0.00124807,0.000582202,0.373785,0,0.959702,0,2,4,2,0,2,0.5,0,"159 243 124 71","0 1 0 1","0.245476 0.000675961 0.258266 0.000582202","1 6 1 6","187.717 124.164 184.147 123.528","0 1.5708 0 1.5708","0 0 0 0",0
0,"Airplane body_wing_rivets.step",161,80375.6,0.000201126,2284.29,5.16615,1,-1203.77,5059.68,-618.415,4.50018e-09,6413.76,1381.97,9.4569e-05,-0.00328084,1,0.0202316,0,152.4,1,0,0,0,4,9.84715e+06,3.88939e+07,0.00816232,0.00206654,0.883292,0.572223,0.998582,1,0,3,0,0,4,0,0,"71 121 245 100","0 0 0 0","0.00206654 0.262684 0.846377 0.856929","6 6 0 6","1066.8 75.3427 1066.8 75.3427","4.4001e-05 1.16653e-08 0 8.68503e-09","0 7.98509e-09 0 8.94435e-09",0
0,"Airplane body_wing_rivets.step",162,92245,0.000230828,1354.29,1.58224,1,-1214.99,1950.72,350.646,4.50018e-09,6413.76,1381.97,9.4569e-05,-0.00328084,0.96,0.423745,0,152.4,1,0,0,0,4,1.81096e+07,3.88939e+07,0.00509372,0.00237171,0.611253,0.262805,0.959702,2,0,2,2,0,2,0.5,0,"163 243 165 71","0 1 0 1","4.07369 0.00275366 4.07369 0.00237171","0 6 0 6","187.717 491.261 187.717 487.597","0 1.33954 0 1.76731","0 0.127882 0 0.108222",0
0,"Airplane body_wing_rivets.step",163,22644.1,5.6663e-05,619.555,1.34895,0,-1255.28,1798.32,192.219,4.50018e-09,6413.76,1381.97,9.4569e-05,0,1,0,0,0,1,0,0,0,4,1.81432e+07,3.88939e+07,0.00124807,0.000582202,0.474693,0,0.959702,0,2,4,2,0,2,0.5,0,"71 162 243 164","1 0 1 0","0.000582202 0.245477 0.000675961 0.258266","6 1 6 1","123.528 187.717 124.164 184.147","1.5708 0 1.5708 0","0 0 0 0",0
0,"Airplane body_wing_rivets.step",164,87677.2,0.000219397,1327.03,1.59832,1,-1271.03,1950.72,34.1239,4.50018e-09,6413.76,1381.97,9.4569e-05,-0.00328084,1,0.426795,0,152.4,1,0,0,0,4,1.81096e+07,3.88939e+07,0.00484149,0.00225427,0.630257,0.321444,0.939071,2,0,2,2,0,2,0.5,0,"165 243 163 71","0 1 0 1","3.87197 0.0026173 3.87197 0.00225427","0 6 0 6","184.147 479.462 184.147 479.271","0 1.57816 0 1.56454","0 0.0164965 0 0.0140209",0
0,"Airplane body_wing_rivets.step",165,22644.1,5.6663e-05,619.555,1.34895,0,-1255.28,2103.12,192.219,4.50018e-09,6413.76,1381.97,9.4569e-05,0,1,0,0,0,1,0,0,0,4,1.81432e+07,3.88939e+07,0.00124807,0.000582202,0.474693,0,0.959702,0,2,4,2,0,2,0.5,0,"164 243 162 71","0 1 0 1","0.258266 0.000675961 0.245477 0.000582202","1 6 1 6","184.147 124.164 187.717 123.528","0 1.5708 0 1.5708","0 0 0 0",0
0,"Airplane body_wing_rivets.step",166,92245,0.000230828,1354.29,1.58224,1,-1214.99,2621.28,350.646,4.50018e-09,6413.76,1381.97,9.4569e-05,-0.00328084,0.96,0.423745,0,152.4,1,0,0,0,4,1.81096e+07,3.88939e+07,0.00509372,0.00237171,0.611253,0.262805,0.959702,2,0,2,2,0,2,0.5,0,"167 243 169 71","0 1 0 1","4.07369 0.00275366 4.07369 0.00237171","0 6 0 6","187.717 491.261 187.717 487.597","0 1.33954 0 1.76731","0 0.127882 0 0.108222",0
0,"Airplane body_wing_rivets.step",167,22644.1,5.6663e-05,619.555,1.34895,0,-1255.28,2468.88,192.219,4.50018e-09,6413.76,1381.97,9.4569e-05,0,1,0,0,0,1,0,0,0,4,1.81432e+07,3.88939e+07,0.00124807,0.000582202,0.474693,0,0.959702,0,2,4,2,0,2,0.5,0,"71 166 243 168","1 0 1 0","0.000582202 0.245477 0.000675961 0.258266","6 1 6 1","123.528 187.717 124.164 184.147","1.5708 0 1.5708 0","0 0 0 0",0
0,"Airplane body_wing_rivets.step",168,87677.2,0.000219397,1327.03,1.59832,1,-1271.03,2621.28,34.1239,4.50018e-09,6413.76,1381.97,9.4569e-05,-0.00328084,1,0.426795,0,152.4,1,0,0,0,4,1.81096e+07,3.88939e+07,0.00484149,0.00225427,0.630257,0.321444,0.939071,2,0,2,2,0,2,0.5,0,"169 243 167 71","0 1 0 1","3.87197 0.0026173 3.87197 0.00225427","0 6 0 6","184.147 479.462 184.147 479.271","0 1.57816 0 1.56454","0 0.0164965 0 0.0140209",0
0,"Airplane body_wing_rivets.step",169,22644.1,5.6663e-05,619.555,1.34895,0,-1255.28,2773.68,192.219,4.50018e-09,6413.76,1381.97,9.4569e-05,0,1,0,0,0,1,0,0,0,4,1.81432e+07,3.88939e+07,0.00124807,0.000582202,0.474693,0,0.959702,0,2,4,2,0,2,0.5,0,"168 243 166 71","0 1 0 1","0.258266 0.000675961 0.245477 0.000582202","1 6 1 6","184.147 124.164 187.717 123.528","0 1.5708 0 1.5708","0 0 0 0",0
0,"Airplane body_wing_rivets.step",170,92245,0.000230828,1354.29,1.58224,1,-1214.99,3291.84,350.646,4.50018e-09,6413.76,1381.97,9.4569e-05,-0.00328084,0.96,0.423745,0,152.4,1,0,0,0,4,1.81096e+07,3.88939e+07,0.00509372,0.00237171,0.611253,0.262805,0.959702,2,0,2,2,0,2,0.5,0,"171 243 173 71","0 1 0 1","4.07369 0.00275366 4.07369 0.00237171","0 6 0 6","187.717 491.261 187.717 487.597","0 1.33954 0 1.76731","0 0.127882 0 0.108222",0
0,"Airplane body_wing_rivets.step",171,22644.1,5.6663e-05,619.555,1.34895,0,-1255.28,3139.44,192.219,4.50018e-09,6413.76,1381.97,9.4569e-05,0,1,0,0,0,1,0,0,0,4,1.81432e+07,3.88939e+07,0.00124807,0.000582202,0.474693,0,0.959702,0,2,4,2,0,2,0.5,0,"71 170 243 172","1 0 1 0","0.000582202 0.245477 0.000675961 0.258266","6 1 6 1","123.528 187.717 124.164 184.147","1.5708 0 1.5708 0","0 0 0 0",0
0,"Airplane body_wing_rivets.step",172,87677.2,0.000219397,1327.03,1.59832,1,-1271.03,3291.84,34.1239,4.50018e-09,6413.76,1381.97,9.4569e-05,-0.00328084,1,0.426795,0,152.4,1,0,0,0,4,1.81096e+07,3.88939e+07,0.00484149,0.00225427,0.630257,0.321444,0.939071,2,0,2,2,0,2,0.5,0,"173 243 171 71","0 1 0 1","3.87197 0.0026173 3.87197 0.00225427","0 6 0 6","184.147 479.462 184.147 479.271","0 1.57816 0 1.56454","0 0.0164965 0 0.0140209",0
0,"Airplane body_wing_rivets.step",173,22644.1,5.6663e-05,619.555,1.34895,0,-1255.28,3444.24,192.219,4.50018e-09,6413.76,1381.97,9.4569e-05,0,1,0,0,0,1,0,0,0,4,1.81432e+07,3.88939e+07,0.00124807,0.000582202,0.474693,0,0.959702,0,2,4,2,0,2,0.5,0,"172 243 170 71","0 1 0 1","0.258266 0.000675961 0.245477 0.000582202","1 6 1 6","184.147 124.164 187.717 123.528","0 1.5708 0 1.5708","0 0 0 0",0
0,"Airplane body_wing_rivets.step",174,92245,0.000230828,1354.29,1.58224,1,-1214.99,3962.4,350.646,4.50018e-09,6413.76,1381.97,9.4569e-05,-0.00328084,0.96,0.423745,0,152.4,1,0,0,0,4,1.81096e+07,3.88939e+07,0.00509372,0.00237171,0.611253,0.262805,0.959702,2,0,2,2,0,2,0.5,0,"175 243 177 71","0 1 0 1","4.07369 0.00275366 4.07369 0.00237171","0 6 0 6","187.717 491.261 187.717 487.597","0 1.33954 0 1.76731","0 0.127882 0 0.108222",0
0,"Airplane body_wing_rivets.step",175,22644.1,5.6663e-05,619.555,1.34895,0,-1255.28,3810,192.219,4.50018e-09,6413.76,1381.97,9.4569e-05,0,1,0,0,0,1,0,0,0,4,1.81432e+07,3.88939e+07,0.00124807,0.000582202,0.474693,0,0.959702,0,2,4,2,0,2,0.5,0,"71 174 243 176","1 0 1 0","0.000582202 0.245477 0.000675961 0.258266","6 1 6 1","123.528 187.717 124.164 184.147","1.5708 0 1.5708 0","0 0 0 0",0
0,"Airplane body_wing_rivets.step",176,87677.2,0.000219397,1327.03,1.59832,1,-1271.03,3962.4,34.1239,4.50018e-09,6413.76,1381.97,9.4569e-05,-0.00328084,1,0.426795,0,152.4,1,0,0,0,4,1.81096e+07,3.88939e+07,0.00484149,0.00225427,0.630257,0.321444,0.939071,2,0,2,2,0,2,0.5,0,"177 243 175 71","0 1 0 1","3.87197 0.0026173 3.87197 0.00225427","0 6 0 6","184.147 479.462 184.147 479.271","0 1.57816 0 1.56454","0 0.0164965 0 0.0140209",0
0,"Airplane body_wing_rivets.step",177,22644.1,5.6663e-05,619.555,1.34895,0,-1255.28,4114.8,192.219,4.50018e-09,6413.76,1381.97,9.4569e-05,0,1,0,0,0,1,0,0,0,4,1.81432e+07,3.88939e+07,0.00124807,0.000582202,0.474693,0,0.959702,0,2,4,2,0,2,0.5,0,"176 243 174 71","0 1 0 1","0.258266 0.000675961 0.245477 0.000582202","1 6 1 6","184.147 124.164 187.717 123.528","0 1.5708 0 1.5708","0 0 0 0",0
0,"Airplane body_wing_rivets.step",178,92245,0.000230828,1354.29,1.58224,1,-1214.99,4632.96,350.646,4.50018e-09,6413.76,1381.97,9.4569e-05,-0.00328084,0.96,0.423745,0,152.4,1,0,0,0,4,1.81096e+07,3.88939e+07,0.00509372,0.00237171,0.611253,0.262805,0.959702,2,0,2,2,0,2,0.5,0,"179 243 181 71","0 1 0 1","4.07369 0.00275366 4.07369 0.00237171","0 6 0 6","187.717 491.261 187.717 487.597","0 1.33954 0 1.76731","0 0.127882 0 0.108222",0
0,"Airplane body_wing_rivets.step",179,22644.1,5.6663e-05,619.555,1.34895,0,-1255.28,4480.56,192.219,4.50018e-09,6413.76,1381.97,9.4569e-05,0,1,0,0,0,1,0,0,0,4,1.81432e+07,3.88939e+07,0.00124807,0.000582202,0.474693,0,0.959702,0,2,4,2,0,2,0.5,0,"71 178 243 180","1 0 1 0","0.000582202 0.245477 0.000675961 0.258266","6 1 6 1","123.528 187.717 124.164 184.147","1.5708 0 1.5708 0","0 0 0 0",0
0,"Airplane body_wing_rivets.step",180,87677.2,0.000219397,1327.03,1.59832,1,-1271.03,4632.96,34.1239,4.50018e-09,6413.76,1381.97,9.4569e-05,-0.00328084,1,0.426795,0,152.4,1,0,0,0,4,1.81096e+07,3.88939e+07,0.00484149,0.00225427,0.630257,0.321444,0.939071,2,0,2,2,0,2,0.5,0,"181 243 179 71","0 1 0 1","3.87197 0.0026173 3.87197 0.00225427","0 6 0 6","184.147 479.462 184.147 479.271","0 1.57816 0 1.56454","0 0.0164965 0 0.0140209",0
0,"Airplane body_wing_rivets.step",181,22644.1,5.6663e-05,619.555,1.34895,0,-1255.28,4785.36,192.219,4.50018e-09,6413.76,1381.97,9.4569e-05,0,1,0,0,0,1,0,0,0,4,1.81432e+07,3.88939e+07,0.00124807,0.000582202,0.474693,0,0.959702,0,2,4,2,0,2,0.5,0,"180 243 178 71","0 1 0 1","0.258266 0.000675961 0.245477 0.000582202","1 6 1 6","184.147 124.164 187.717 123.528","0 1.5708 0 1.5708","0 0 0 0",0
0,"Airplane body_wing_rivets.step",182,92245,0.000230828,1354.29,1.58224,1,-1214.99,5303.52,350.646,4.50018e-09,6413.76,1381.97,9.4569e-05,-0.00328084,0.96,0.423745,0,152.4,1,0,0,0,4,1.81096e+07,3.88939e+07,0.00509372,0.00237171,0.611253,0.262805,0.959702,2,0,2,2,0,2,0.5,0,"183 243 185 71","0 1 0 1","4.07369 0.00275366 4.07369 0.00237171","0 6 0 6","187.717 491.261 187.717 487.597","0 1.33954 0 1.76731","0 0.127882 0 0.108222",0
0,"Airplane body_wing_rivets.step",183,22644.1,5.6663e-05,619.555,1.34895,0,-1255.28,5151.12,192.219,4.50018e-09,6413.76,1381.97,9.4569e-05,0,1,0,0,0,1,0,0,0,4,1.81432e+07,3.88939e+07,0.00124807,0.000582202,0.474693,0,0.959702,0,2,4,2,0,2,0.5,0,"71 182 243 184","1 0 1 0","0.000582202 0.245477 0.000675961 0.258266","6 1 6 1","123.528 187.717 124.164 184.147","1.5708 0 1.5708 0","0 0 0 0",0
0,"Airplane body_wing_rivets.step",184,87677.2,0.000219397,1327.03,1.59832,1,-1271.03,5303.52,34.1239,4.50018e-09,6413.76,1381.97,9.4569e-05,-0.00328084,1,0.426795,0,152.4,1,0,0,0,4,1.81096e+07,3.88939e+07,0.00484149,0.00225427,0.630257,0.321444,0.939071,2,0,2,2,0,2,0.5,0,"185 243 183 71","0 1 0 1","3.87197 0.0026173 3.87197 0.00225427","0 6 0 6","184.147 479.462 184.147 479.271","0 1.57816 0 1.56454","0 0.0164965 0 0.0140209",0
0,"Airplane body_wing_rivets.step",185,22644.1,5.6663e-05,619.555,1.34895,0,-1255.28,5455.92,192.219,4.50018e-09,6413.76,1381.97,9.4569e-05,0,1,0,0,0,1,0,0,0,4,1.81432e+07,3.88939e+07,0.00124807,0.000582202,0.474693,0,0.959702,0,2,4,2,0,2,0.5,0,"184 243 182 71","0 1 0 1","0.258266 0.000675961 0.245477 0.000582202","1 6 1 6","184.147 124.164 187.717 123.528","0 1.5708 0 1.5708","0 0 0 0",0
0,"Airplane body_wing_rivets.step",186,92245,0.000230828,1354.29,1.58224,1,-1214.99,5974.08,350.646,4.50018e-09,6413.76,1381.97,9.4569e-05,-0.00328084,0.96,0.423745,0,152.4,1,0,0,0,4,1.81096e+07,3.88939e+07,0.00509372,0.00237171,0.611253,0.262805,0.959702,2,0,2,2,0,2,0.5,0,"187 243 189 71","0 1 0 1","4.07369 0.00275366 4.07369 0.00237171","0 6 0 6","187.717 491.261 187.717 487.597","0 1.33954 0 1.76731","0 0.127882 0 0.108222",0
0,"Airplane body_wing_rivets.step",187,22644.1,5.6663e-05,619.555,1.34895,0,-1255.28,5821.68,192.219,4.50018e-09,6413.76,1381.97,9.4569e-05,0,1,0,0,0,1,0,0,0,4,1.81432e+07,3.88939e+07,0.00124807,0.000582202,0.474693,0,0.959702,0,2,4,2,0,2,0.5,0,"71 186 243 188","1 0 1 0","0.000582202 0.245477 0.000675961 0.258266","6 1 6 1","123.528 187.717 124.164 184.147","1.5708 0 1.5708 0","0 0 0 0",0
0,"Airplane body_wing_rivets.step",188,87677.2,0.000219397,1327.03,1.59832,1,-1271.03,5974.08,34.1239,4.50018e-09,6413.76,1381.97,9.4569e-05,-0.00328084,1,0.426795,0,152.4,1,0,0,0,4,1.81096e+07,3.88939e+07,0.00484149,0.00225427,0.630257,0.321444,0.939071,2,0,2,2,0,2,0.5,0,"189 243 187 71","0 1 0 1","3.87197 0.0026173 3.87197 0.00225427","0 6 0 6","184.147 479.462 184.147 479.271","0 1.57816 0 1.56454","0 0.0164965 0 0.0140209",0
0,"Airplane body_wing_rivets.step",189,22644.1,5.6663e-05,619.555,1.34895,0,-1255.28,6126.48,192.219,4.50018e-09,6413.76,1381.97,9.4569e-05,0,1,0,0,0,1,0,0,0,4,1.81432e+07,3.88939e+07,0.00124807,0.000582202,0.474693,0,0.959702,0,2,4,2,0,2,0.5,0,"188 243 186 71","0 1 0 1","0.258266 0.000675961 0.245477 0.000582202","1 6 1 6","184.147 124.164 187.717 123.528","0 1.5708 0 1.5708","0 0 0 0",0
0,"Airplane body_wing_rivets.step",190,363019,0.000908394,6743.15,9.96749,1,-1002.03,2756.25,-1064.82,4.50018e-09,6413.76,1381.97,9.4569e-05,-5.45897e-05,0.16,0.000338697,0,9159.24,1,0,0,0,8,118096,391482,3.07394,0.927296,0.799001,0.710691,0.975624,1,0,7,0,0,8,0,0,"245 246 247 248 249 250 76 121","0 0 0 0 0 0 0 0","3.8227 5.68947 15.8914 12.9054 17.4376 21.6765 0.927296 1.18642","0 6 6 6 6 6 6 6","68.8398 904.306 321.189 418.767 374.937 252.003 1491.83 2911.27","0 2.55588e-05 2.73463e-06 6.13801e-07 5.15511e-07 2.60388e-06 5.07048e-07 4.82814e-06","0 1.5542e-05 1.50212e-06 5.14373e-07 2.9092e-07 1.13891e-06 2.34112e-07 4.38726e-06",0
0,"Airplane body_wing_rivets.step",191,10864.8,2.71872e-05,460.654,1.55424,6,-1121.51,3229.59,-1363.12,4.50018e-09,6413.76,1381.97,9.4569e-05,-0.0105029,1,0.195619,1.6985e-08,0,1,0,0,0,4,110086,391482,0.0986931,0.0277529,0.929874,0.744732,0.99739,0,1,4,0,0,4,0,0,"76 192 251 250","0 0 0 0","0.0277529 1.7824 0.417538 0.648755","6 6 1 6","165.936 66.1586 158.865 69.6943","4.37235e-05 4.47035e-09 3.17173e-05 6.57769e-09","1.63754e-05 6.82857e-09 1.5831e-05 8.23142e-09",0
0,"Airplane body_wing_rivets.step",192,6095.58,1.52531e-05,316.93,1.3113,6,-1140.55,3355.69,-1380.66,4.50018e-09,6413.76,1381.97,9.4569e-05,-0.010822,0.96,0.180565,2.48986e-10,0,1,0,0,0,5,226487,653974,0.0269136,0.00932082,0.930431,0.750641,0.995182,0,2,5,2,0,3,0.4,0,"76 77 193 252 191","0 1 1 0 0","0.0155705 0.00932082 0.155424 0.165216 0.56104","6 1 6 1 6","40.8736 67.6281 38.6795 103.59 66.1586","2.95131e-06 0.483672 0.0830705 2.23113e-06 4.47035e-09","6.79169e-07 0.16953 0.0453318 1.41928e-06 6.82857e-09",0
0,"Airplane body_wing_rivets.step",193,39219.1,9.8139e-05,2215.52,9.95966,6,-1149.42,3957.92,-1384.48,4.50018e-09,6413.76,1381.97,9.4569e-05,-0.0108699,1,0.0485676,1.06464e-09,0,1,0,0,0,5,3.84703e+06,1.84761e+07,0.0101946,0.0021227,0.937459,0.92392,0.958959,0,2,5,1,0,4,0.2,0,"192 77 194 253 252","1 0 0 0 0","6.43402 0.0599704 0.631072 0.0021227 1.06301","6 1 6 6 1","38.6795 1069.22 44.7249 4.06519 1058.83","0.0830705 0.00732846 0.00111692 0.0119726 0.00305484","0.0453318 0.00063392 0.000521444 0.00246582 0.000265107",0
0,"Airplane body_wing_rivets.step",194,62146.7,0.000155512,2216.71,6.29201,6,-1205.57,5025.32,-1267.59,4.50018e-09,6413.76,1381.97,9.4569e-05,-0.0109305,1,0.130093,4.31926e-10,0,1,0,0,0,6,4.79376e+06,1.84761e+07,0.0129641,0.00336363,0.936595,0.804225,0.991715,0,1,4,0,0,4,0,0,"193 77 254 253","0 0 0 0","1.5846 0.0950293 10.7716 0.00336363","6 1 6 6","44.7249 1047.59 70.678 1050.08","0.00111692 1.8877e-05 5.7048e-09 8.26644e-06","0.000521444 4.51776e-05 8.85876e-09 1.74456e-05",0
0,"Airplane body_wing_rivets.step",195,353.685,8.85036e-07,171.166,6.59187,0,-1197.64,5565.96,-1233.39,4.50018e-09,6413.76,1381.97,9.4569e-05,0,0.6,0,0,0,1,0,0,0,3,498300,835158,0.000709782,0.000423494,0.794101,0.690735,0.975625,0,2,3,0,0,3,0,0,"77 254 196","0 0 0","0.000540824 0.0613028 0.000423494","1 6 1","81.0246 81.4857 8.6557","0 0 0","0 0 0",0
0,"Airplane body_wing_rivets.step",196,835158,0.00208984,9436.68,8.48516,1,-1025.28,6857.4,-1114.94,4.50018e-09,6413.76,1381.97,9.4569e-05,-8.41495e-05,0.56,0.0194959,0,5941.81,1,0,0,0,10,167694,653974,4.98026,1.27705,0.808166,0.673898,0.975625,2,1,8,1,0,9,0.1,0,"195 255 256 257 258 245 100 101 78 77","0 0 0 0 0 0 0 0 0 1","2361.31 16.1186 14.3437 14.4555 15.0212 8.79444 8.90409 3.57684 2.21558 1.27705","0 6 6 6 6 0 6 6 6 1","8.6557 732.439 1021.21 1035.56 755.295 129.094 1107.41 1776.94 1718.48 1151.6","0 8.83263e-06 0.00713757 3.32713e-05 3.09835e-05 0 9.1228e-06 1.08205e-05 2.61867e-06 0.503106","0 6.1607e-06 1.40329e-05 1.70764e-05 2.13277e-05 0 5.48804e-06 9.48614e-06 2.66497e-06 0.293354",0
0,"Airplane body_wing_rivets.step",197,22724.1,5.68631e-05,676.911,1.6046,1,-9.24565e-05,8220.08,1340.01,4.50018e-09,6413.76,1381.97,9.4569e-05,-0.00504745,1,0.396071,0,99.06,1,0,0,0,5,30134.3,65104.8,0.754093,0.349038,0.521164,0.201346,0.770049,0,2,5,0,0,5,0,0,"223 81 198 259 260","0 0 0 0 0","0.349038 1.91617 0.349039 5.28292 5.28293","1 6 1 6 6","104.966 233.066 104.965 116.957 116.957","0 9.3954e-05 0 0.000152497 5.34811e-05","0 6.25726e-05 0 0.000125728 4.02659e-05",0
0,"Airplane body_wing_rivets.step",198,65104.7,0.000162914,1353.62,2.2396,1,166.607,8535.08,1326.39,4.50018e-09,6413.76,1381.97,9.4569e-05,-0.000340791,1,0.0122461,7.94093e-23,1467.17,1,0,0,0,4,156690,571815,0.4155,0.113856,0.728721,0.201346,0.989639,0,2,4,0,0,4,0,0,"197 82 199 261","0 0 0 0","2.86501 2.64288 0.113856 8.57997","1 6 1 6","104.965 563.59 120.929 564.136","0 2.5307e-05 2.10734e-08 9.72676e-06","0 1.19894e-05 3.30872e-24 1.62965e-05",0
0,"Airplane body_wing_rivets.step",199,571815,0.00143087,8805.13,10.7896,1,132.993,11115,1162.64,4.50018e-09,6413.76,1381.97,9.4569e-05,-1.38632e-05,0.72,0.00139908,0,36066.8,1,0,0,0,8,1.70801e+06,1.09463e+07,0.334784,0.052238,0.927395,0.769575,0.999782,0,2,7,2,0,5,0.285714,0,"198 83 103 222 262 263 264","0 0 1 1 0 0 0","8.783 3.14581 3.14578 0.994636 102.22 0.052238 931.875","1 6 6 1 6 6 6","120.929 4245.5 0.000488682 194.411 3262.79 192.159 0.20139","2.10734e-08 6.44317e-06 2.92759 2.92759 3.86312e-05 0.00183093 0.00220241","3.30872e-24 8.74952e-06 1.34714e-07 2.80867e-16 4.88531e-05 0.00130045 0.00126519",0
0,"Airplane body_wing_rivets.step",200,132.618,3.31855e-07,99.9947,5.99986,6,1.88485,13254.6,860.154,4.50018e-09,6413.76,1381.97,9.4569e-05,-0.0110088,0.4,0.00923641,5.46459e-10,0,1,0,0,0,3,75852.8,181770,0.00174836,0.000729593,0.818451,0.686468,0.986676,0,0,3,1,0,2,0.333333,0,"201 84 83","1 0 0","1.00001 0.00290476 0.000729593","6 6 6","47.3028 46.8818 5.81015","0.214166 7.11257e-05 4.47035e-09","0.126838 5.28448e-05 6.82857e-09",0
0,"Airplane body_wing_rivets.step",201,132.617,3.31851e-07,99.9948,5.99993,6,-1.88469,13254.6,860.154,4.50018e-09,6413.76,1381.97,9.4569e-05,-0.0110088,0.4,0.00817145,5.46535e-10,0,1,0,0,0,3,75853.4,181772,0.00174833,0.000729577,0.818423,0.686475,0.986676,0,0,3,1,0,2,0.333333,0,"103 84 200","0 0 1","0.000729577 0.00290473 0.999989","6 6 6","5.81023 46.8817 47.3028","8.68503e-09 8.55041e-05 0.214166","8.94435e-09 5.1177e-05 0.126838",0
0,"Airplane body_wing_rivets.step",202,1340.59,3.35459e-06,278.411,4.60116,3,135.608,13306.1,725.188,4.50018e-09,6413.76,1381.97,9.4569e-05,-0.0109361,1,0.171933,0,91.44,1,0,0,0,4,53714.3,111301,0.0249577,0.0120447,0.651606,0.354042,0.818845,0,1,3,0,0,3,0,0,"265 84 85","0 0 0","0.320205 0.0293631 0.0120447","1 6 6","20.705 123.126 134.58","5.96046e-09 1.93545e-08 3.15782e-08","7.30005e-09 2.11416e-08 3.36815e-08",0
0,"Airplane body_wing_rivets.step",203,8683.07,2.17279e-05,449.567,1.85228,0,0.000700441,13319.8,736.271,4.50018e-09,6413.76,1381.97,9.4569e-05,0,0.84,0,0,0,1,0,0,0,3,24921.1,45655.5,0.348423,0.190187,0.910472,0.827346,0.993598,0,1,2,0,0,2,0,0,"84 265","0 0","0.190187 2.07399","6 1","123.682 202.205","6.46744e-06 0","8.93485e-06 0",0
0,"Airplane body_wing_rivets.step",204,1340.61,3.35464e-06,278.413,4.60116,3,-135.607,13306.1,725.188,4.50018e-09,6413.76,1381.97,9.4569e-05,-0.0109361,1,0.171935,0,91.44,1,0,0,0,4,53714.3,111301,0.0249581,0.0120449,0.651034,0.352903,0.818274,0,1,3,0,0,3,0,0,"84 265 85","0 0 0","0.0293636 0.32021 0.0120449","6 1 6","123.127 20.705 134.581","2.17111e-08 0 3.17569e-08","1.92976e-08 0 3.21607e-08",0
0,"Airplane body_wing_rivets.step",205,133258,0.000333455,1582.91,1.49628,1,-3.84816e-05,13201.7,459.273,4.50018e-09,6413.76,1381.97,9.4569e-05,-0.000666738,0.84,0.0740122,0,749.92,1,0,0,0,2,57743.8,111301,2.30775,1.19728,0.92447,0.872536,0.976404,0,1,2,0,0,2,0,0,"265 85","0 0","31.8292 1.19728","1 6","202.205 1380.71","2.10734e-08 7.61907e-06","3.30872e-24 1.19235e-05",0
0,"Airplane body_wing_rivets.step",206,1.29447e+06,0.00323918,7457.05,3.41848,1,-1167.39,9444.99,750.309,4.50018e-09,6413.76,1381.97,9.4569e-05,-8.2021e-05,0.6,0.0290272,0,6096,1,0,0,0,9,63582.2,143799,20.359,9.00195,0.850795,0.633014,0.99938,2,3,7,0,3,6,0,0.333333,"221 86 207 266 213 92 214 94 215","0 0 0 0 0 -1 -1 -1 0","106.267 283.356 11.0605 36.5227 9.00195 11.2085 115.497 11.3272 70.9843","1 6 1 6 6 0 1 0 6","109.789 3232.16 734.184 610.379 2369.73 73.304 3.1357 72.9779 251.393","0 0.000489771 0 5.6289e-06 9.85539e-06 1.34929 1.21267 1.79282 9.24528e-06","0 0.00103828 0 4.7015e-06 1.11757e-05 0 0.00032265 2.22045e-16 5.71111e-06",0
0,"Airplane body_wing_rivets.step",207,117036,0.000292862,1765.25,2.11878,1,-1239.47,10694.4,562.07,4.50018e-09,6413.76,1381.97,9.4569e-05,-0.00410105,1,0.135967,0,121.92,1,0,0,0,4,346969,1.29447e+06,0.337309,0.0904122,0.781524,0.635766,0.87942,1,1,3,0,0,4,0,0,"206 87 208 267","0 0 0 0","0.0904122 385.849 1.43 10.3914","1 6 0 6","734.184 163.43 704.182 163.459","0 0.000151356 0 5.30287e-05","0 0.00011315 0 6.26344e-05",0
0,"Airplane body_wing_rivets.step",208,81843.3,0.000204799,1622.31,2.55903,0,-1251.63,10726.6,433.237,4.50018e-09,6413.76,1381.97,9.4569e-05,0,1,0,0,0,1,0,0,0,4,57862.4,117036,1.41445,0.699302,0.802391,0.770213,0.85177,0,2,4,0,0,4,0,0,"207 88 209 268","0 0 0 0","0.699302 315.731 0.766997 10.9877","1 6 1 4","704.182 123.039 675.152 119.937","0 1.76616e-07 0 0","0 1.25044e-07 0 0",0
0,"Airplane body_wing_rivets.step",209,106706,0.000267014,1643.25,2.01376,1,-1271.87,10695.1,304.503,4.50018e-09,6413.76,1381.97,9.4569e-05,-0.00410105,1,0.135967,1.35525e-20,121.92,1,0,0,0,4,171513,592581,0.622147,0.18007,0.775187,0.697478,0.879396,1,1,3,0,0,4,0,0,"208 89 210 269","0 0 0 0","1.30379 293.413 0.18007 9.47424","0 6 1 6","675.152 162.487 642.152 163.459","0 9.26047e-05 0 3.13937e-05","0 5.56381e-05 0 2.84374e-05",0
0,"Airplane body_wing_rivets.step",210,592581,0.00148283,5455.14,3.99626,1,-1268.97,9948.67,135.146,4.50018e-09,6413.76,1381.97,9.4569e-05,-8.2021e-05,0.52,0.00649655,0,6096,1,0,0,0,4,69514.7,130248,8.52454,4.54964,0.790278,0.697478,0.872814,0,1,4,0,0,4,0,0,"209 90 211 270","0 0 0 0","5.55339 104.658 4.54964 16.7194","1 6 6 6","642.152 2407.11 1795.5 610.379","0 0.000256042 3.10864e-06 5.62868e-06","0 0.000285622 3.13332e-06 4.70221e-06",0
0,"Airplane body_wing_rivets.step",211,130248,0.000325923,4825.49,14.2266,6,-1376.95,8938.91,70.2187,4.50018e-09,6413.76,1381.97,9.4569e-05,-0.00811859,0.96,0.0769943,2.67382e-11,0,1,0,0,0,5,1.8373e+06,8.44119e+06,0.070891,0.01543,0.817543,0.410727,0.972931,1,1,4,1,0,4,0.2,0,"270 212 92 91 210","0 0 1 0 0","3.67488 0.01543 1.12779 72.7398 0.219798","6 7 0 6 1","57.776 2365.69 33.4452 573.086 1795.5","7.19492e-09 1.11053e-05 1.41819 0.0010134 3.10864e-06","9.02552e-09 9.82896e-06 0.0248463 0.000753383 3.13332e-06",0
0,"Airplane body_wing_rivets.step",212,8.44119e+06,0.0211226,11457.6,1.23757,7,-2127.39,8839,432.816,4.50018e-09,6413.76,1381.97,9.4569e-05,0.00077172,1,0.281509,9.1408e-10,0,1,0,0,0,8,288310,506690,29.2781,16.6595,0.706154,0.234642,0.972931,1,0,6,1,0,6,0.142857,0,"271 272 213 92 211 273 274","0 0 0 1 0 0 0","16.6595 77.7511 58.7015 73.0904 64.8086 16.6595 16.6595","7 7 6 0 6 7 7","909.68 103.922 2365.69 3789.3 2365.69 909.68 909.68","0 7.19492e-09 1.1229e-05 1.46485 1.11053e-05 2.10734e-09 1.49012e-09","0 9.02552e-09 9.94723e-06 1.40433e-16 9.82896e-06 6.32203e-09 4.47035e-09",0
0,"Airplane body_wing_rivets.step",213,143799,0.000359831,4863.78,13.0913,6,-1369.99,8842.57,787.816,4.50018e-09,6413.76,1381.97,9.4569e-05,-0.00811838,1,0.0935811,2.66543e-11,0,1,0,0,0,4,2.47165e+06,8.44119e+06,0.0581792,0.0170353,0.858914,0.716587,0.959378,1,1,3,1,0,3,0.25,0,"212 266 206 92","0 0 0 1","0.0170353 4.0572 0.111087 1.24512","7 6 1 0","2365.69 57.776 2369.73 70.5864","1.1229e-05 5.08757e-09 9.85539e-06 1.38613","9.94723e-06 7.93312e-09 1.11757e-05 0.0353743",0
0,"Airplane body_wing_rivets.step",214,11207.8,2.80457e-05,7360.49,384.664,1,-2067.05,7709.39,432.816,4.50018e-09,6413.76,1381.97,9.4569e-05,-0.000754412,1,0.268186,5.29396e-22,662.768,1,0,0,0,4,381092,1.29447e+06,0.0294097,0.00865825,0.955892,0.938373,0.961931,2,2,2,0,4,0,0,1,"94 206 92 93","-1 -1 -1 -1","0.098074 0.00865825 0.0970461 84.3915","0 1 0 1","3677.84 3.1357 3676.37 3.1357","1.5708 1.21267 1.5708 1.21267","0 0.00032265 0 0.00032265",0
0,"Airplane body_wing_rivets.step",215,18236,4.56324e-05,654.177,1.86746,6,-1325.56,7583.65,654.493,4.50018e-09,6413.76,1381.97,9.4569e-05,-0.00810098,1,0.123095,2.28166e-11,0,1,0,0,0,4,705933,1.40068e+06,0.0258324,0.0130194,0.777652,0.625929,0.889546,1,1,3,1,0,3,0.25,0,"206 275 216 94","0 0 0 1","0.0140876 1.27436 0.0130194 0.159574","1 6 7 0","251.393 74.0203 258.132 70.6308","9.24528e-06 1.72265e-08 2.15796e-05 1.75611","5.71111e-06 1.21383e-08 6.81265e-06 0.0353891",0
0,"Airplane body_wing_rivets.step",216,1.40068e+06,0.00350495,8424.91,4.03258,7,-2062.34,7522.89,432.816,4.50018e-09,6413.76,1381.97,9.4569e-05,0.000805313,1,0.289302,1.34292e-10,0,1,0,0,0,6,54767.5,161062,25.5749,8.69652,0.57806,0.0960359,0.961099,1,0,5,1,0,5,0.166667,0,"217 94 215 275 276 218","0 1 0 0 0 0","141.905 12.2566 76.8084 97.8812 8.69652 129.121","6 0 6 6 4 6","258.132 3788.65 258.132 158.166 3803.66 158.165","8.1273e-06 1.67714 2.15796e-05 6.25013e-06 0 1.04704e-05","5.04198e-06 7.02167e-17 6.81265e-06 4.51377e-06 0 9.85583e-06",0
0,"Airplane body_wing_rivets.step",217,9870.54,2.46994e-05,592.474,2.83001,6,-1339.15,7576.09,204.063,4.50018e-09,6413.76,1381.97,9.4569e-05,-0.00809859,0.88,0.0533562,1.39236e-11,0,1,0,0,0,4,381670,1.40068e+06,0.0258614,0.00704699,0.677503,0.329983,0.925398,1,0,3,1,0,3,0.25,0,"216 218 95 94","0 0 0 1","0.00704699 0.909916 11.2272 0.0863721","7 6 6 0","258.132 48.0513 252.797 33.4937","8.1273e-06 1.49012e-09 0.00089522 1.72391","5.04198e-06 4.47035e-09 0.000583194 0.0249503",0
0,"Airplane body_wing_rivets.step",218,10847.7,2.71446e-05,505.865,1.87724,6,-1336.04,7387.46,295.764,4.50018e-09,6413.76,1381.97,9.4569e-05,-0.00599135,0.96,0.109948,7.85297e-07,0,1,0,0,0,5,284402,1.40068e+06,0.0381424,0.00774465,0.673796,0.0876319,0.925398,0,0,5,0,0,5,0,0,"96 217 216 277 219","0 0 0 0 0","20.2434 1.099 0.00774465 4.15077 1.30497","6 6 7 6 4","169.955 48.0513 158.165 67.2251 62.4674","7.99943e-05 1.49012e-09 1.04704e-05 0.000263903 8.06781e-09","9.85048e-05 4.47035e-09 9.85583e-06 0.00019566 8.25453e-09",0
0,"Airplane body_wing_rivets.step",219,8312.66,2.0801e-05,369.192,1.30483,4,-1313.97,7358.99,434.565,4.50018e-09,6413.76,1381.97,9.4569e-05,-0.00778022,1,0.125037,3.35195e-08,60.96,1,0,0,0,5,6081.71,14310,1.36683,0.580901,0.744778,0.228074,1,1,0,4,0,0,5,0,0,"220 97 218 278 275","0 0 0 0 0","8.0197 65.4867 0.766303 2.03373 0.580901","0 6 6 4 6","72.3837 48.6593 62.4674 109.765 75.9168","0 0.00156563 8.06781e-09 7.19492e-09 1.74803e-08","0 0.00101017 8.25453e-09 9.02552e-09 1.35254e-08",0
0,"Airplane body_wing_rivets.step",220,1036.53,2.59374e-06,180.881,2.51186,0,-1270.41,7373.83,469.338,4.50018e-09,6413.76,1381.97,9.4569e-05,0,0.6,0,0,0,1,0,0,0,3,6894.37,12181.2,0.150344,0.0850923,0.753629,0.696972,0.812543,0,1,3,0,0,3,0,0,"219 98 221","0 0 0","0.124693 5.47805 0.0850923","4 6 1","72.3837 77.6913 30.8061","0 4.18282e-08 0","0 2.4122e-08 0",0
0,"Airplane body_wing_rivets.step",221,12181.2,3.04815e-05,472.815,1.46043,1,-1252.65,7414.06,572.858,4.50018e-09,6413.76,1381.97,9.4569e-05,-0.00410105,0.8,0.162919,3.38813e-21,121.92,1,0,0,0,4,327540,1.29447e+06,0.0371901,0.00941024,0.741429,0.633014,0.796425,1,1,3,0,0,4,0,0,"220 99 206 275","0 0 0 0","11.7519 35.0407 0.00941024 0.851243","0 6 1 6","30.8061 171.508 109.789 160.712","0 7.09471e-05 0 4.90741e-05","0 7.01101e-05 0 5.03488e-05",0
0,"Airplane body_wing_rivets.step",222,574899,0.00143859,8807.17,10.7367,1,-132.865,11117.5,1162.86,4.50018e-09,6413.76,1381.97,9.4569e-05,-1.38632e-05,0.72,0.000971958,0,36066.8,1,0,0,0,7,1.31985e+06,7.0872e+06,0.43558,0.0811179,0.947701,0.775116,0.999492,0,2,6,2,0,4,0.333333,0,"199 103 223 279 280 262","1 0 0 0 0 1","1.00539 3.16274 8.83036 75.7419 0.0811179 102.772","1 6 1 6 6 6","194.411 4245.5 120.93 0.702266 4244.09 1.4317","2.92759 6.70111e-06 0 0.00768281 0.0322145 2.92686","2.80867e-16 9.69854e-06 0 0.00441081 0.0189065 0.00065639",0
0,"Airplane body_wing_rivets.step",223,65104.8,0.000162914,1353.62,2.23961,1,-166.607,8535.08,1326.39,4.50018e-09,6413.76,1381.97,9.4569e-05,-0.000340791,1,0.0122461,7.94093e-23,1467.17,1,0,0,0,4,157462,574899,0.413464,0.113246,0.728728,0.201346,0.989663,0,2,4,0,0,4,0,0,"222 104 197 279","0 0 0 0","0.113246 2.64289 2.86501 8.57744","1 6 1 6","120.93 563.59 104.966 564.136","0 2.53076e-05 0 1.2543e-06","0 1.19901e-05 0 1.80398e-06",0
0,"Airplane body_wing_rivets.step",224,127.272,3.18476e-07,87.7272,4.81201,1,1342.33,7709.39,194.669,4.50018e-09,6413.76,1381.97,9.4569e-05,-8.2021e-05,1,2.18925e-08,0,6096,1,0,0,0,4,57265.4,110167,0.00222249,0.00115526,0.885484,0.652541,0.97551,2,1,2,0,3,1,0,0.75,"120 105 106 229","-1 0 -1 -1","0.00118196 15.5403 0.00115526 0.0113556","0 6 0 1","40.5754 3.12494 40.8912 3.1357","1.79282 2.10734e-09 1.34929 1.21267","2.22045e-16 6.32203e-09 2.22045e-16 0.00032265",0
0,"Airplane body_wing_rivets.step",225,75.1312,1.88003e-07,75.9262,6.10595,6,1336.02,7711.36,171.516,4.50018e-09,6413.76,1381.97,9.4569e-05,-0.323153,1,0.167241,4.2404e-06,0,1,0,0,0,4,62210.4,130205,0.0012077,0.000577023,0.413132,0.0660406,0.590398,1,0,3,0,0,4,0,0,"107 230 226 106","0 0 0 0","4.83497 0.000577023 0.00888715 0.000681976","6 6 4 0","3.38842 33.4465 2.23271 36.8586","0.000443246 0.000184206 3.35702e-08 0.000173821","0.000340659 0.000132979 2.98939e-08 0.000287237",0
0,"Airplane body_wing_rivets.step",226,8453.92,2.11545e-05,7575.37,540.182,4,2082.01,7711.4,432.816,4.50018e-09,6413.76,1381.97,9.4569e-05,-0.328538,1,0.333924,3.25538e-08,1.524,1,0,0,0,4,2.13659e+06,8.43599e+06,0.00395673,0.00100213,0.323321,4.05921e-14,0.643407,1,0,3,0,0,4,0,0,"225 281 227 106","0 0 0 0","112.522 0.00100213 61.421 0.0767373","6 7 6 0","2.23271 3789.59 2.23271 3781.31","3.35702e-08 5.7048e-09 3.13123e-08 0","2.98939e-08 8.85876e-09 3.29326e-08 0",0
0,"Airplane body_wing_rivets.step",227,137.639,3.44418e-07,145.148,12.1806,6,1324.24,7711.37,685.614,4.50018e-09,6413.76,1381.97,9.4569e-05,-0.323175,1,0.23616,4.26635e-06,0,1,0,0,0,4,389205,1.29449e+06,0.000353642,0.000106327,0.565466,0.489127,0.643407,1,1,3,0,1,3,0,0.25,"226 282 228 106","0 0 -1 0","0.0162811 0.000957761 0.000106327 0.00124937","4 6 1 0","2.23271 70.5917 12.2038 60.1193","3.13123e-08 0.000186715 0.651844 0.000178847","3.29326e-08 0.000171848 0.384159 0.000173813",0
0,"Airplane body_wing_rivets.step",228,1.29449e+06,0.00323924,7454.12,3.41574,1,1167.39,9444.97,750.308,4.50018e-09,6413.76,1381.97,9.4569e-05,-8.2021e-05,0.6,0.0168189,0,6096,1,0,0,0,11,50945.7,143709,25.4092,9.0077,0.801009,0.489127,0.99938,2,3,9,0,5,6,0,0.454545,"234 113 235 283 241 120 229 106 227 282 284","0 0 0 0 -1 -1 -1 -1 -1 0 0","11.0606 283.361 106.268 71.4943 7687.15 12.0218 115.499 11.7502 9404.95 9.0077 36.5233","1 6 1 6 6 0 1 0 6 6 6","734.183 3232.16 109.789 249.486 15.2603 57.814 3.1357 61.1973 12.2038 2368.51 610.379","0 0.000489586 0 8.96093e-06 0.837807 1.79282 1.21267 1.34929 0.651844 9.83796e-06 5.62889e-06","0 0.0010386 0 5.52849e-06 0.504574 0 0.00032265 0 0.384159 1.11411e-05 4.70151e-06",0
0,"Airplane body_wing_rivets.step",229,11207.8,2.80457e-05,7360.49,384.664,1,2067.05,7709.39,432.816,4.50018e-09,6413.76,1381.97,9.4569e-05,-0.000754412,1,0.268186,5.29396e-22,662.768,1,0,0,0,4,378115,1.29449e+06,0.0296413,0.00865811,0.955892,0.938373,0.961931,2,2,2,0,4,0,0,1,"120 224 106 228","-1 -1 -1 -1","0.104086 88.062 0.101735 0.00865811","0 1 0 1","3677.84 3.1357 3676.37 3.1357","1.5708 1.21267 1.5708 1.21267","0 0.00032265 0 0.00032265",0
0,"Airplane body_wing_rivets.step",230,130205,0.000325816,4822.84,14.2157,6,1376.96,8939.32,70.1851,4.50018e-09,6413.76,1381.97,9.4569e-05,-0.00811859,0.96,0.0959036,2.66987e-11,0,1,0,0,0,5,1.81318e+06,8.43599e+06,0.0718105,0.0154345,0.694114,0.342216,0.961207,0,1,5,0,0,5,0,0,"285 231 108 225 281","0 0 0 0 0","3.67367 0.219726 72.8987 1733.03 0.0154345","6 1 6 6 7","57.776 1795.49 571.824 33.4465 2364.3","2.98023e-09 3.1088e-06 0.00052234 0.000184206 1.1084e-05","5.96046e-09 3.13059e-06 0.000528308 0.000132979 9.79352e-06",0
0,"Airplane body_wing_rivets.step",231,592579,0.00148283,5455.13,3.99626,1,1268.97,9948.67,135.146,4.50018e-09,6413.76,1381.97,9.4569e-05,-8.2021e-05,0.52,0.0194662,0,6096,1,0,0,0,4,69504,130205,8.52583,4.55113,0.790285,0.697478,0.872814,0,1,4,0,0,4,0,0,"230 109 232 285","0 0 0 0","4.55113 104.658 5.55338 16.7193","6 6 1 6","1795.49 2407.11 642.151 610.379","3.1088e-06 0.000255878 0 5.62869e-06","3.13059e-06 0.000285176 0 4.70218e-06",0
0,"Airplane body_wing_rivets.step",232,106706,0.000267014,1643.25,2.01377,1,1271.87,10695.1,304.503,4.50018e-09,6413.76,1381.97,9.4569e-05,-0.00410105,1,0.135967,0,121.92,1,0,0,0,4,171512,592579,0.622148,0.180071,0.775186,0.697478,0.879396,1,1,3,0,0,4,0,0,"231 110 233 286","0 0 0 0","0.180071 293.411 1.30378 9.47424","1 6 0 6","642.151 162.488 675.154 163.459","0 9.26006e-05 0 3.13937e-05","0 5.56372e-05 0 2.84374e-05",0
0,"Airplane body_wing_rivets.step",233,81843.4,0.000204799,1622.31,2.55903,0,1251.63,10726.6,433.237,4.50018e-09,6413.76,1381.97,9.4569e-05,0,1,0,0,0,1,0,0,0,4,57862.4,117036,1.41445,0.699304,0.802391,0.770214,0.85177,0,2,4,0,0,4,0,0,"232 111 234 287","0 0 0 0","0.766999 315.733 0.699304 10.9877","1 6 1 4","675.154 123.039 704.182 119.937","0 2.3894e-07 0 0","0 1.45299e-07 0 0",0
0,"Airplane body_wing_rivets.step",234,117036,0.000292862,1765.25,2.11878,1,1239.47,10694.4,562.07,4.50018e-09,6413.76,1381.97,9.4569e-05,-0.00410105,1,0.135967,1.69407e-20,121.92,1,0,0,0,4,346974,1.29449e+06,0.337303,0.0904107,0.781524,0.635766,0.87942,1,1,3,0,0,4,0,0,"233 112 228 288","0 0 0 0","1.42999 385.85 0.0904107 10.3914","0 6 1 6","704.182 163.43 734.183 163.459","0 0.000151357 0 5.30287e-05","0 0.000113151 0 6.26344e-05",0
0,"Airplane body_wing_rivets.step",235,12181.3,3.04817e-05,472.816,1.46043,1,1252.65,7414.06,572.858,4.50018e-09,6413.76,1381.97,9.4569e-05,-0.00410105,0.8,0.109015,3.38813e-21,121.92,1,0,0,0,4,327546,1.29449e+06,0.0371897,0.00941015,0.741429,0.633014,0.796424,1,1,3,0,0,4,0,0,"228 114 236 289","0 0 0 0","0.00941015 35.0409 11.7517 0.851249","1 6 0 6","109.789 171.508 30.8068 160.712","0 7.09486e-05 0 4.90741e-05","0 7.01135e-05 0 5.03488e-05",0
0,"Airplane body_wing_rivets.step",236,1036.56,2.59381e-06,180.882,2.51181,0,1270.41,7373.83,469.338,4.50018e-09,6413.76,1381.97,9.4569e-05,0,0.6,0,0,0,1,0,0,0,3,6894.39,12181.3,0.150348,0.0850941,0.753629,0.696972,0.812543,0,1,3,0,0,3,0,0,"235 115 237","0 0 0","0.0850941 5.47819 0.124697","1 6 4","30.8068 77.6916 72.3837","0 3.90051e-08 0","0 1.85413e-08 0",0
0,"Airplane body_wing_rivets.step",237,8312.64,2.0801e-05,369.192,1.30483,4,1313.97,7358.99,434.566,4.50018e-09,6413.76,1381.97,9.4569e-05,-0.00778022,1,0.125037,3.35195e-08,60.96,1,0,0,0,5,6081.63,14310,1.36684,0.580899,0.744779,0.22808,1,1,0,4,0,0,5,0,0,"116 236 289 290 238","0 0 0 0 0","65.4859 8.01946 0.580899 2.03372 0.766333","6 0 6 4 6","48.6596 72.3837 75.9168 109.765 62.4665","0.0015657 0 2.06953e-08 1.49012e-09 3.59746e-09","0.00101023 0 1.22074e-08 4.47035e-09 7.3261e-09",0
0,"Airplane body_wing_rivets.step",238,10847.3,2.71435e-05,505.863,1.8773,6,1336.04,7387.46,295.764,4.50018e-09,6413.76,1381.97,9.4569e-05,-0.00599137,0.96,0.120546,7.85282e-07,0,1,0,0,0,5,283105,1.39425e+06,0.0383155,0.00778001,0.597982,0.0601015,0.925472,0,0,5,0,0,5,0,0,"239 117 237 291 292","0 0 0 0 0","1.10568 20.2419 1.30492 4.15059 0.00778001","6 6 4 6 7","48.0483 169.957 62.4665 67.2251 158.165","8.42937e-09 7.99935e-05 3.59746e-09 0.000263903 1.04705e-05","1.03238e-08 9.84799e-05 7.3261e-09 0.00019566 9.85582e-06",0
0,"Airplane body_wing_rivets.step",239,9810.49,2.45491e-05,588.933,2.8134,6,1339.17,7575.3,204.256,4.50018e-09,6413.76,1381.97,9.4569e-05,-0.00809856,0.88,0.0417517,1.38499e-11,0,1,0,0,0,4,351516,1.39425e+06,0.0279091,0.00703638,0.544306,0.210681,0.925472,0,0,4,0,0,4,0,0,"238 292 240 118","0 0 0 0","0.904418 0.00703638 107.126 11.2498","6 7 6 6","48.0483 256.408 33.5422 250.934","8.42937e-09 7.92963e-06 0.000101642 0.00096099","1.03238e-08 4.91476e-06 8.03012e-05 0.000729345",0
0,"Airplane body_wing_rivets.step",240,91.5788,2.2916e-07,77.6598,5.24069,6,1335.87,7707.23,173.041,4.50018e-09,6413.76,1381.97,9.4569e-05,-0.322477,1,0.250941,4.78375e-06,0,1,0,0,0,4,31795.8,107678,0.00288022,0.000850484,0.633736,0.488736,0.905782,1,0,3,0,0,4,0,0,"119 120 242 239","0 0 0 0","5.27206 0.000850484 0.00946367 0.00933478","6 0 4 6","4.20602 37.3553 2.55631 33.5422","0.000484852 0.000173983 7.01286e-08 0.000101642","0.000438343 0.000292748 6.2249e-08 8.03012e-05",0
0,"Airplane body_wing_rivets.step",241,168.396,4.21383e-07,145.634,10.0226,6,1324.43,7707.16,684.282,4.50018e-09,6413.76,1381.97,9.4569e-05,-0.32221,0.96,0.287995,4.61046e-06,0,1,0,0,0,4,357487,1.29449e+06,0.000471055,0.000130087,0.556949,0.300954,0.664903,1,1,3,0,1,3,0,0.25,"228 283 242 120","-1 0 0 0","0.000130087 0.00930049 0.0174019 0.00156388","1 6 4 0","15.2603 70.6806 2.55631 57.1364","0.837807 0.000187681 6.97701e-08 0.000195421","0.504574 0.000161098 6.22952e-08 0.000207273",0
0,"Airplane body_wing_rivets.step",242,9676.88,2.42147e-05,7573.39,471.667,4,2081.5,7707.24,432.816,4.50018e-09,6413.76,1381.97,9.4569e-05,-0.32858,1,0.410408,3.44089e-08,1.524,1,0,0,0,4,375547,1.39425e+06,0.0257674,0.00694055,0.324869,0.216308,0.518394,1,0,3,0,0,4,0,0,"241 292 240 120","0 0 0 0","57.4649 0.00694055 105.667 0.0898683","6 7 6 0","2.55631 3788.28 2.55631 3780","6.97701e-08 3.59746e-09 7.01286e-08 0","6.22952e-08 7.3261e-09 6.2249e-08 0",0
0,"Airplane body_wing_rivets.step",243,3.34991e+07,0.0838257,56706.5,7.63876,6,-48.9984,3203.7,323.007,4.50018e-09,6413.76,1381.97,9.4569e-05,-0.000432672,0.64,0.300317,9.70997e-10,0,8,7,1219.05,1219.05,106,653841,2.48709e+07,51.2343,1.34692,0.298427,0,0.996367,33,34,36,64,4,1,0.927536,0.057971,"124 293 294 295 296 125 126 127 128 129 130 131 132 133 134 135 297 137 138 139 140 141 142 143 144 145 146 147 148 149 150 151 152 153 154 155 156 157 158 159 160 188 189 186 187 184 185 182 183 180 181 178 179 176 177 174 175 172 173 170 171 168 169 166 167 164 165 162 163","1 -1 -1 -1 -1 1 1 1 1 1 1 1 1 1 1 1 0 1 1 1 1 1 1 1 1 1 1 1 1 1 1 1 1 1 1 1 1 1 1 1 1 1 1 1 1 1 1 1 1 1 1 1 1 1 1 1 1 1 1 1 1 1 1 1 1 1 1 1 1","382.073 1.34692 13.0762 9.34456 5.6883 382.073 382.073 382.073 382.073 382.073 382.073 106.805 814.08 182.205 814.081 106.805 8.52064 930.328 211.564 930.327 1479.37 363.152 1479.37 1479.37 363.152 1479.37 1479.37 363.152 1479.37 1479.37 363.152 1479.37 1479.37 363.152 1479.37 1479.37 363.152 1479.37 1479.37 363.152 1479.37 382.073 1479.37 363.153 1479.37 382.073 1479.37 363.153 1479.37 382.073 1479.37 363.153 1479.37 382.073 1479.37 363.153 1479.37 382.073 1479.37 363.153 1479.37 382.073 1479.37 363.153 1479.37 382.073 1479.37 363.153 1479.37","1 6 1 0 1 1 1 1 1 1 1 0 1 0 1 0 6 1 0 1 0 1 0 0 1 0 0 1 0 0 1 0 0 1 0 0 1 0 0 1 0 1 0 1 0 1 0 1 0 1 0 1 0 1 0 1 0 1 0 1 0 1 0 1 0 1 0 1 0","158.115 4258.49 350.737 1828.8 8052.19 163.231 163.231 163.231 163.231 163.231 163.231 952.114 197.808 609.6 197.808 952.114 7178.96 176.72 609.6 176.72 124.164 491.261 124.164 124.164 491.261 124.164 124.164 491.261 124.164 124.164 491.261 124.164 124.164 491.261 124.164 124.164 491.261 124.164 124.164 491.261 124.164 479.462 124.164 491.261 124.164 479.462 124.164 491.261 124.164 479.462 124.164 491.261 124.164 479.462 124.164 491.261 124.164 479.462 124.164 491.261 124.164 479.462 124.164 491.261 124.164 479.462 124.164 491.261 124.164","1.58846 0.0979196 0.943965 0.946892 0.723439 1.55736 1.55736 1.55736 1.55736 1.55736 1.55736 1.5708 1.02687 0.553124 1.02672 1.5708 3.86369e-05 1.08631 0.703432 1.08572 1.5708 1.33954 1.5708 1.5708 1.33954 1.5708 1.5708 1.33954 1.5708 1.5708 1.33954 1.5708 1.5708 1.33954 1.5708 1.5708 1.33954 1.5708 1.5708 1.33954 1.5708 1.57816 1.5708 1.33954 1.5708 1.57816 1.5708 1.33954 1.5708 1.57816 1.5708 1.33954 1.5708 1.57816 1.5708 1.33954 1.5708 1.57816 1.5708 1.33954 1.5708 1.57816 1.5708 1.33954 1.5708 1.57816 1.5708 1.33954 1.5708","0.00820718 0.0350696 0.00260951 1.75542e-16 0.205955 0.00620647 0.00620647 0.00620647 0.00620647 0.00620647 0.00620647 0 0.313441 0 0.313273 0 2.05486e-05 0.270281 1.11022e-16 0.270212 0 0.127882 0 0 0.127882 0 0 0.127882 0 0 0.127882 0 0 0.127882 0 0 0.127882 0 0 0.127882 0 0.0164965 0 0.127882 0 0.0164965 0 0.127882 0 0.0164965 0 0.127882 0 0.0164965 0 0.127882 0 0.0164965 0 0.127882 0 0.0164965 0 0.127882 0 0.0164965 0 0.127882 0",0
0,"Airplane body_wing_rivets.step",244,1.04926e+07,0.0262559,23036.6,4.02481,6,-0.159988,-1212.68,-100.635,4.50018e-09,6413.76,1381.97,9.4569e-05,-0.000443831,1,0.305251,2.60824e-09,0,3,2,1546.19,1546.2,45,540377,1.0874e+07,19.4171,0.964924,0.436709,0.00986555,0.968833,8,22,24,31,0,1,0.96875,0,"136 298 299 300 301 302 303 304 305 306 307 308 309 310 311 312 313 314 315 316 317 318 319 320 321 322 323 324 325 326 327 328","0 1 1 1 1 1 1 1 1 1 1 1 1 1 1 1 1 1 1 1 1 1 1 1 1 1 1 1 1 1 1 1","2.28973 0.964924 35.1725 409.921 240.392 559.471 4418.71 72.243 572.162 572.154 72.2433 4418.71 559.471 240.392 409.921 35.1726 500.329 121.336 466.927 439.544 380.167 86.9416 345.782 316.877 500.33 316.877 345.782 86.9416 380.167 439.544 466.928 121.336","6 6 1 1 0 1 1 1 1 1 1 1 1 0 1 1 1 1 1 0 1 0 1 0 1 0 1 0 1 0 1 1","604.461 1444.77 355.814 115.982 226.74 90.2029 10.8568 691.733 24.1336 24.222 691.733 10.8568 90.2031 226.74 115.982 355.814 103.26 375.91 105.488 122.36 118.291 417.629 130.102 173.154 103.26 173.154 130.102 417.629 118.29 122.36 105.488 375.91","0.0262646 0.0442805 2.31641 1.93718 1.43702 1.14558 1.02381 1.07891 1.12741 1.12759 1.07891 1.02382 1.14538 1.43702 1.93671 2.31641 1.24787 0.967414 1.15935 1.52348 2.00671 2.37365 2.04762 1.58123 1.24727 1.58123 2.04731 2.37364 2.00742 1.52348 1.1598 0.967413","0.0172239 0.0296687 0.0185026 0.265035 0.0130193 0.125243 0.000568487 0.0296674 0.0128662 0.0129636 0.0296669 0.000568697 0.12519 0.0130195 0.265037 0.0184991 0.185986 0.009941 0.178355 0.00246274 0.264794 0.00973294 0.258152 0.011416 0.186081 0.0114162 0.258094 0.00973178 0.264709 0.00246246 0.178442 0.00994069",0
0,"Airplane body_wing_rivets.step",245,94964.2,0.000237632,2333.79,4.56408,0,-1197.64,5119.82,-701.642,4.50018e-09,6413.76,1381.97,9.4569e-05,0,0.72,0,0,0,1,0,0,0,4,339018,835158,0.280115,0.113708,0.905219,0.700025,0.975625,0,3,4,0,0,4,0,0,"196 329 190 161","0 0 0 0","0.113708 1.22503 0.261596 1.18151","1 6 1 1","129.094 1069.05 68.8398 1066.8","0 4.19943e-06 0 0","0 3.02805e-06 0 0",0
0,"Airplane body_wing_rivets.step",246,63805.5,0.000159662,1950.05,4.74268,6,-1199.12,4077.82,-766.325,4.50018e-09,6413.76,1381.97,9.4569e-05,-0.0108683,1,0.197408,2.1935e-11,0,1,0,0,0,5,3.35915e+06,1.29732e+07,0.0189946,0.00491825,0.845064,0.679708,0.995763,0,1,4,0,0,4,0,0,"330 329 190 247","0 0 0 0","0.00491825 0.823082 0.175763 2.79313","6 6 1 6","9.97399 71.7456 904.306 69.3945","6.31627e-05 2.98023e-09 2.55588e-05 0.0027682","3.3592e-05 5.96046e-09 1.5542e-05 0.00134542",0
0,"Airplane body_wing_rivets.step",247,22843.7,5.71626e-05,783.156,2.13658,6,-1152.21,3467.08,-809.559,4.50018e-09,6413.76,1381.97,9.4569e-05,-0.0108671,1,0.199712,1.92849e-11,0,1,0,0,0,5,2.6867e+06,1.29732e+07,0.00850254,0.00176084,0.8159,0.676309,0.995763,0,2,5,0,0,5,0,0,"331 330 246 190 248","0 0 0 0 0","4.29854 0.00176084 0.358021 0.062927 0.812101","1 6 6 1 6","311.075 10.4373 69.3945 321.189 71.06","2.793e-06 0.0295087 0.0027682 2.73463e-06 1.49012e-09","1.4737e-06 0.0105825 0.00134542 1.50212e-06 4.47035e-09",0
0,"Airplane body_wing_rivets.step",248,28129.2,7.03885e-05,956.332,2.58732,6,-1103.78,3118.64,-882.195,4.50018e-09,6413.76,1381.97,9.4569e-05,-0.0105321,1,0.193744,2.03471e-08,0,1,0,0,0,4,108155,363019,0.260083,0.0774868,0.791684,0.717567,0.979978,0,2,4,0,0,4,0,0,"332 247 190 249","0 0 0 0","1.0845 1.23137 0.0774868 1.35118","1 6 1 6","399.195 71.06 418.767 67.3095","1.60552e-05 1.49012e-09 6.13801e-07 2.10734e-09","1.52688e-05 4.47035e-09 5.14373e-07 6.32203e-09",0
0,"Airplane body_wing_rivets.step",249,20818.2,5.20941e-05,796.479,2.4249,6,-1063.18,2888.65,-1103.38,4.50018e-09,6413.76,1381.97,9.4569e-05,-0.00899107,1,0.203171,8.0634e-07,0,1,0,0,0,4,109543,363019,0.190047,0.0573474,0.758544,0.717567,0.819371,0,2,4,0,0,4,0,0,"333 248 190 250","0 0 0 0","0.687644 0.740094 0.0573474 1.24309","1 6 1 6","286.923 67.3095 374.937 67.3095","5.01181e-05 2.10734e-09 5.15511e-07 5.96046e-09","3.30304e-05 6.32203e-09 2.9092e-07 7.30005e-09",0
0,"Airplane body_wing_rivets.step",250,16747.1,4.19068e-05,629.175,1.88102,6,-1091.79,3042.62,-1297.37,4.50018e-09,6413.76,1381.97,9.4569e-05,-0.0105374,1,0.186104,2.03906e-08,0,1,0,0,0,4,105181,363019,0.159222,0.0461328,0.803081,0.723532,0.98219,0,2,4,0,0,4,0,0,"190 191 251 249","0 0 0 0","0.0461328 1.54141 0.643599 0.804444","1 6 1 6","252.003 69.6943 240.168 67.3095","2.60388e-06 6.57769e-09 4.74688e-05 5.96046e-09","1.13891e-06 8.23142e-09 2.23682e-05 7.30005e-09",0
0,"Airplane body_wing_rivets.step",251,26021,6.51132e-05,927.247,2.6294,1,-1162.43,3091.12,-1297.38,4.50018e-09,6413.76,1381.97,9.4569e-05,-0.000598901,0.72,0.0135468,2.11758e-22,834.863,1,0,0,0,5,3.71417e+06,1.84761e+07,0.00700588,0.00140836,0.735818,0.381816,0.922234,0,2,5,1,0,4,0.2,0,"252 191 250 333 253","0 0 0 0 1","0.705282 2.39499 1.55376 0.859497 0.00140836","1 6 6 1 6","37.2903 158.865 240.168 96.2931 394.631","0 3.17173e-05 4.74688e-05 0 0.283129","0 1.5831e-05 2.23682e-05 0 0.056482",0
0,"Airplane body_wing_rivets.step",252,36894.5,9.23222e-05,2358.79,12.0007,1,-1179.51,3816.17,-1384.74,4.50018e-09,6413.76,1381.97,9.4569e-05,-0.000122297,0.8,0.00518129,9.92617e-24,4088.4,1,0,0,0,4,4.63685e+06,1.84761e+07,0.0079568,0.00199688,0.898878,0.750641,0.998718,0,1,4,1,0,3,0.25,0,"253 193 192 251","1 0 0 0","0.00199688 0.940729 6.05267 1.41787","6 6 6 1","1159.08 1058.83 103.59 37.2903","0.0966509 0.00305484 2.23113e-06 0","0.0461135 0.000265107 1.41928e-06 0",0
0,"Airplane body_wing_rivets.step",253,1.84761e+07,0.0462332,27364.8,3.22526,6,-4281.24,5735.3,-1061.68,4.50018e-09,6413.76,1381.97,9.4569e-05,9.70728e-05,0.76,0.0574037,4.65286e-08,0,1,0,0,0,33,781493,1.29732e+07,23.642,1.42417,0.551681,0.0296113,0.999237,6,5,13,11,0,8,0.578947,0,"334 335 330 332 333 251 252 193 194 254 255 256 336 337 338 339 340 341 342","1 0 0 1 1 1 1 0 0 0 0 0 0 1 1 1 1 1 1","390.209 346.456 1.42417 712.334 610.28 710.043 500.781 471.099 297.297 3202.38 356.589 317.323 493.299 243.286 36.4026 282.147 291.791 28.7289 407.775","6 6 6 1 1 1 1 6 6 6 6 6 1 0 0 0 0 0 0","4.46952 692.812 9468.57 394.631 142.41 394.631 1159.08 4.06519 3.63568 81.7354 735.654 4.82966 678.623 773.078 2736.15 764.04 764.035 4571.45 766.75","3.01083 3.17575e-06 0.00918482 0.19338 0.472913 0.283129 0.0966509 0.0119726 6.41148e-05 3.83196e-08 5.06485e-06 0.0181404 0.0270789 1.54229 1.52899 1.60488 1.53911 1.50261 1.58543","0.0106465 1.97273e-06 0.0053783 0.0731964 0.0704438 0.056482 0.0461135 0.00246582 2.11145e-05 1.32188e-08 8.07122e-06 0.00582493 0.00139248 0.00057026 0.00466844 0.00233875 0.000367952 0.0416112 0.0170295",0
0,"Airplane body_wing_rivets.step",254,5769.47,1.44371e-05,304.555,1.27934,6,-1213.8,5549.5,-1203.23,4.50018e-09,6413.76,1381.97,9.4569e-05,-0.0109579,1,0.196831,7.6358e-11,0,1,0,0,0,4,4.64759e+06,1.84761e+07,0.00124139,0.000312267,0.857059,0.715944,0.999719,1,0,3,0,0,4,0,0,"195 255 253 194","0 0 0 0","16.3125 0.111351 0.000312267 0.0928363","0 6 6 6","81.4857 70.6563 81.7354 70.678","0 5.7048e-09 3.83196e-08 5.7048e-09","0 8.85876e-09 1.32188e-08 8.85876e-09",0
0,"Airplane body_wing_rivets.step",255,51813.3,0.000129654,1613.69,3.99934,6,-1198.9,5955.87,-1167.22,4.50018e-09,6413.76,1381.97,9.4569e-05,-0.0109038,1,0.197136,9.18099e-10,0,1,0,0,0,5,4.8438e+06,1.84761e+07,0.0106968,0.00280435,0.859133,0.717414,0.999719,0,1,4,0,0,4,0,0,"254 196 256 253","0 0 0 0","8.98059 0.0620401 0.889883 0.00280435","6 1 6 6","70.6563 732.439 70.3853 4.55373","5.7048e-09 8.83263e-06 0.00192504 3.66753e-05","8.85876e-09 6.1607e-06 0.000916238 1.31874e-05",0
0,"Airplane body_wing_rivets.step",256,58224.8,0.000145698,2133,6.21818,6,-1098.2,6728.43,-1128.69,4.50018e-09,6413.76,1381.97,9.4569e-05,-0.0109047,0.88,0.176899,1.09704e-09,0,1,0,0,0,6,3.24967e+06,1.84761e+07,0.0179172,0.00315136,0.64311,0.114512,0.99766,0,3,6,2,0,4,0.333333,0,"253 255 196 257 343 336","0 0 0 1 1 0","0.00315136 1.12374 0.0697171 1.0078 1.46515 1.55457","6 6 1 6 1 1","4.82966 70.3853 1021.21 343.459 2.91133 690.203","0.0181404 0.00192504 0.00713757 1.14992 2.859 8.63367e-05","0.00582493 0.000916238 1.40329e-05 0.740313 0.00596261 2.91576e-05",0
0,"Airplane body_wing_rivets.step",257,57774.4,0.000144571,2153.33,6.3867,6,-1096.27,6735.61,-1019.39,4.50018e-09,6413.76,1381.97,9.4569e-05,-0.0108516,0.88,0.212267,8.18799e-11,0,1,0,0,0,4,247180,835158,0.233734,0.0691778,0.63768,0.114512,0.986681,0,2,4,1,0,3,0.25,0,"343 256 196 258","0 1 0 0","1.45381 0.992265 0.0691778 1.03914","1 6 1 6","703.588 343.459 1035.56 70.7227","1.87688e-05 1.14992 3.32713e-05 0.00473532","1.04497e-05 0.740313 1.70764e-05 0.00228181",0
0,"Airplane body_wing_rivets.step",258,55598.5,0.000139126,1679.9,4.03918,6,-1199.64,5962.88,-866.926,4.50018e-09,6413.76,1381.97,9.4569e-05,-0.0108453,1,0.212004,9.47029e-11,0,1,0,0,0,5,2.79668e+06,1.29732e+07,0.0198802,0.00428564,0.823577,0.701531,0.993182,0,2,5,0,0,5,0,0,"330 343 257 196 329","0 0 0 0 0","0.00428564 1.39906 0.962338 0.0665725 0.717213","6 1 6 1 6","768.563 11.7041 70.7227 755.295 73.6145","4.56327e-05 0.0402944 0.00473532 3.09835e-05 5.08757e-09","4.60469e-05 0.014491 0.00228181 2.13277e-05 7.93312e-09",0
0,"Airplane body_wing_rivets.step",259,4301.42,1.07636e-05,283.883,1.49093,6,46.1232,8225.47,1406.68,4.50018e-09,6413.76,1381.97,9.4569e-05,-0.0151684,1,0.141,2.93666e-07,0,1,0,0,0,4,2.74524e+06,1.09463e+07,0.00156687,0.000392955,0.640727,0.54759,0.770049,0,1,4,0,0,4,0,0,"260 197 261 263","0 0 0 0","1 0.189289 0.566872 0.000392955","6 1 6 6","43.8335 116.957 37.1637 85.9287","5.7048e-09 0.000152497 5.08757e-09 5.44132e-05","8.85876e-09 0.000125728 7.93312e-09 3.87011e-05",0
0,"Airplane body_wing_rivets.step",260,4301.41,1.07636e-05,283.883,1.49093,6,-46.1233,8225.47,1406.68,4.50018e-09,6413.76,1381.97,9.4569e-05,-0.0151415,1,0.17062,2.85806e-07,0,1,0,0,0,4,2.74524e+06,1.09463e+07,0.00156686,0.000392955,0.592787,0.35574,0.769486,0,1,4,0,0,4,0,0,"279 197 259 263","0 0 0 0","0.566704 0.189289 0.999999 0.000392955","6 1 6 6","37.1637 116.957 43.8335 85.9287","8.68503e-09 5.34811e-05 5.7048e-09 2.7528e-05","8.94435e-09 4.02659e-05 8.85876e-09 1.84182e-05",0
0,"Airplane body_wing_rivets.step",261,7587.99,1.89877e-05,1178.96,14.5767,6,146.243,8448.81,1396.15,4.50018e-09,6413.76,1381.97,9.4569e-05,-0.011271,1,0.0187776,3.75179e-11,0,1,0,0,0,5,2.75409e+06,1.09463e+07,0.00275517,0.000693199,0.902233,0.660015,0.989639,0,1,4,0,0,4,0,0,"259 198 264 263","0 0 0 0","1.76407 0.116551 12.366 0.000693199","6 1 6 6","37.1637 564.136 1.4256 549.156","5.08757e-09 9.72676e-06 2.98023e-09 1.10869e-05","7.93312e-09 1.62965e-05 5.96046e-09 7.04769e-06",0
0,"Airplane body_wing_rivets.step",262,5593.94,1.39979e-05,6529.5,606.502,6,98.5905,11858.5,1187.51,4.50018e-09,6413.76,1381.97,9.4569e-05,-0.0109219,1,0.00080286,7.52377e-13,0,1,0,0,0,5,4.79506e+06,1.09463e+07,0.0011666,0.000511033,0.992303,0.983855,0.999782,0,2,4,2,0,2,0.5,0,"263 280 222 199","0 1 1 0","0.000511033 0.000789302 0.00973031 0.00978278","6 6 1 1","3263.62 1.60051 1.4317 3262.79","3.20582e-05 2.90125 2.92686 3.86312e-05","4.62166e-05 0.00406574 0.00065639 4.88531e-05",0
0,"Airplane body_wing_rivets.step",263,1.09463e+07,0.0273913,23794.1,4.11584,6,95.4258,11437.8,2564.13,4.50018e-09,6413.76,1381.97,9.4569e-05,-0.000285818,0.84,0.159873,1.96642e-07,0,2,1,4586.64,4586.64,29,574483,7.0872e+06,19.0542,1.54452,0.666103,0.108546,0.996612,3,1,12,4,0,11,0.266667,0,"344 345 346 347 280 348 349 279 260 259 261 264 199 262 350","0 0 1 1 1 0 0 0 0 0 0 0 0 0 1","1171.96 929.632 21.0908 87.8972 1.54452 67.9324 8891.54 1442.16 2544.82 2544.82 1442.59 17839 19.1432 1956.82 108.142","6 6 0 0 6 6 6 6 6 6 6 6 1 6 0","1852.39 2734.25 2568.33 1032.37 749.763 1792.49 411.147 550.124 85.9287 85.9287 27.0734 0.955146 192.159 0.0589289 1030.56","0.000385056 0.000128497 1.47318 1.49071 2.78593 3.89454e-06 5.66704e-05 5.19817e-07 2.7528e-05 5.44132e-05 6.18346e-05 1.94314e-05 0.00183093 0.000645341 1.63485","0.000860562 0.000268573 0.00144836 0.00830654 0.0141741 2.29442e-06 0.000111146 4.81053e-07 1.84182e-05 3.87011e-05 6.24894e-05 1.65647e-05 0.00130045 0.000370655 0.00406094",0
0,"Airplane body_wing_rivets.step",264,613.618,1.53547e-06,1579.94,323.722,6,205.566,9104.76,1355.91,4.50018e-09,6413.76,1381.97,9.4569e-05,-0.0109392,1,6.23725e-05,5.7655e-10,0,1,0,0,0,5,3.84191e+06,1.09463e+07,0.000159717,5.60569e-05,0.987098,0.970063,0.998541,0,1,3,0,0,3,0,0,"261 199 263","0 0 0","0.0808669 0.00107311 5.60569e-05","6 1 6","1.4256 789.139 788.215","2.98023e-09 1.45723e-05 3.50493e-05","5.96046e-09 3.71504e-05 4.38601e-05",0
0,"Airplane body_wing_rivets.step",265,4186.66,1.04764e-05,445.82,3.77783,1,0.000620098,13319,700.787,4.50018e-09,6413.76,1381.97,9.4569e-05,-0.00546807,1,0.00426667,0,91.44,1,0,0,0,4,36155.5,133258,0.115796,0.0314177,0.857498,0.781927,0.993598,1,1,3,0,0,4,0,0,"204 203 202 205","0 0 0 0","3.12295 0.482163 3.123 0.0314177","3 0 3 1","20.705 202.205 20.705 202.205","0 0 5.96046e-09 2.10734e-08","0 0 7.30005e-09 3.30872e-24",0
0,"Airplane body_wing_rivets.step",266,35442.8,8.86896e-05,1330.33,3.97355,6,-1542.71,10346.9,687.441,4.50018e-09,6413.76,1381.97,9.4569e-05,-0.00806222,1,0.0754829,6.06298e-10,0,1,0,0,0,4,389524,1.29447e+06,0.0909901,0.0273802,0.805736,0.533964,0.959378,0,1,4,0,0,4,0,0,"206 213 272 267","0 0 0 0","0.0273802 0.246475 0.326461 3.14692","1 6 7 6","610.379 57.776 603.141 59.031","5.6289e-06 5.08757e-09 2.7271e-05 1.49012e-09","4.7015e-06 7.93312e-09 6.14283e-06 4.47035e-09",0
0,"Airplane body_wing_rivets.step",267,11262.7,2.8183e-05,512.202,1.85366,6,-1635.08,10701.4,565.261,4.50018e-09,6413.76,1381.97,9.4569e-05,-0.00573206,1,0.0986647,7.76123e-07,0,1,0,0,0,4,67123.5,117036,0.167791,0.0962331,0.83442,0.745617,0.87942,0,1,4,0,0,4,0,0,"207 266 272 268","0 0 0 0","0.0962331 0.317771 0.10374 1.51205","1 6 7 4","163.459 59.031 222.336 67.3759","5.30287e-05 1.49012e-09 1.15366e-05 9.30226e-09","6.26344e-05 4.47035e-09 6.63691e-06 9.54482e-09",0
0,"Airplane body_wing_rivets.step",268,7448.65,1.8639e-05,357.81,1.36778,4,-1623.79,10737.9,432.816,4.50018e-09,6413.76,1381.97,9.4569e-05,-0.00748051,1,0.0991896,1.08938e-07,60.96,1,0,0,0,4,53233.9,108567,0.139923,0.0686089,0.847652,0.837126,0.864396,1,0,3,0,0,4,0,0,"208 267 272 269","0 0 0 0","0.0910111 0.661355 0.0686089 0.661352","0 6 7 6","119.937 67.3759 103.121 67.3759","0 9.30226e-09 4.47035e-09 8.68503e-09","0 9.54482e-09 6.82857e-09 8.94435e-09",0
0,"Airplane body_wing_rivets.step",269,11262.8,2.81831e-05,512.201,1.85364,6,-1635.08,10701.4,300.371,4.50018e-09,6413.76,1381.97,9.4569e-05,-0.00573045,1,0.138641,7.78841e-07,0,1,0,0,0,4,64541.1,108567,0.174505,0.10374,0.834455,0.745756,0.879396,0,1,4,0,0,4,0,0,"209 268 272 270","0 0 0 0","0.105549 1.51205 0.10374 0.317773","1 4 7 6","163.459 67.3759 222.336 59.031","3.13937e-05 8.68503e-09 6.74231e-06 9.55792e-09","2.84374e-05 8.94435e-09 6.69841e-06 8.00483e-09",0
0,"Airplane body_wing_rivets.step",270,35442.8,8.86896e-05,1330.33,3.97355,6,-1542.71,10346.9,178.191,4.50018e-09,6413.76,1381.97,9.4569e-05,-0.00806222,1,0.0835253,6.06298e-10,0,1,0,0,0,4,210665,592581,0.168243,0.0598109,0.810827,0.533964,0.961178,0,1,4,0,0,4,0,0,"210 269 272 211","0 0 0 0","0.0598109 3.1469 0.326461 0.272118","1 6 7 6","610.379 59.031 603.141 57.776","5.62868e-06 9.55792e-09 2.72709e-05 7.19492e-09","4.70221e-06 8.00483e-09 6.14352e-06 9.02552e-09",0
0,"Airplane body_wing_rivets.step",271,506690,0.0012679,2997.76,1.41137,7,-1981.72,10392.9,873.829,4.50018e-09,6413.76,1381.97,9.4569e-05,0.00119873,1,0.170256,1.43654e-08,0,1,0,0,0,13,678087,8.44119e+06,0.747234,0.0600259,0.772605,0.318173,0.987609,1,4,12,0,6,7,0,0.461538,"351 352 353 354 355 212 356 357 358 359 360 361 362","0 0 0 0 -1 0 -1 -1 -1 0 -1 0 -1","667.933 359.458 79090.9 8906.78 1229.47 0.0600259 1233.94 193.062 1.6674 667.933 627.649 8.17061 627.649","6 6 6 6 1 7 1 6 0 6 1 4 1","63.7488 626.874 2.8733 27.2232 65.158 909.68 63.4867 29.8432 595.848 96.562 36.3841 443.692 36.3841","0.00018641 8.26171e-05 4.89403e-08 0.000502106 3.07515 0 3.07575 1.21636 1.47919 6.01546e-05 3.03951 7.45058e-09 3.03947","0.000177053 0.000112225 1.9504e-08 0.00023685 0.013475 0 0.013115 0.162336 0.00923123 5.89036e-05 0.0102891 7.45058e-09 0.0102902",0
0,"Airplane body_wing_rivets.step",272,108567,0.00027167,4049.99,12.0227,7,-1615.03,10482.5,435.261,4.50018e-09,6413.76,1381.97,9.4569e-05,0.00139416,0.08,0.205598,0,0,1,0,0,0,19,495333,8.44119e+06,0.219179,0.0128616,0.705838,0.234642,0.987925,1,4,17,0,6,12,0,0.333333,"363 364 365 366 367 212 270 269 268 267 266 368 369 370 351 362 361 371","0 0 0 0 -1 0 0 0 0 0 0 -1 -1 -1 0 -1 0 -1","143.116 77.0199 16946.6 1908.43 263.434 0.0128616 3.06315 9.63945 14.5754 9.63949 3.06315 264.392 41.3668 0.357268 143.116 134.484 1.75069 134.484","6 6 6 6 1 7 6 6 4 6 6 1 6 0 6 1 4 1","63.7488 626.874 2.8733 27.2232 65.158 103.922 603.141 222.336 103.121 222.336 603.141 63.4867 29.8432 595.848 96.562 36.3841 443.692 36.3841","0.000186411 8.26025e-05 4.79186e-08 0.000502117 3.07515 3.59746e-09 2.72709e-05 6.74231e-06 4.47035e-09 1.15366e-05 2.7271e-05 3.07575 1.21636 1.47919 6.01543e-05 3.03951 3.59746e-09 3.03947","0.000177052 0.000112206 1.86047e-08 0.000236855 0.013475 7.3261e-09 6.14352e-06 6.69841e-06 6.82857e-09 6.63691e-06 6.14283e-06 0.013115 0.162336 0.00923123 5.89037e-05 0.0102891 7.3261e-09 0.0102902",0
0,"Airplane body_wing_rivets.step",273,506690,0.0012679,2997.76,1.41137,7,-1980.68,10392.9,-8.1972,4.50018e-09,6413.76,1381.97,9.4569e-05,0.00119873,1,0.170256,1.43654e-08,0,1,0,0,0,13,678087,8.44119e+06,0.747234,0.0600259,0.751971,0.223455,0.987609,1,4,12,0,6,7,0,0.461538,"372 373 374 375 376 212 377 378 379 363 371 361 380","0 0 0 0 -1 0 -1 -1 -1 0 -1 0 -1","667.933 359.458 79090.9 8906.78 1229.47 0.0600259 1233.94 193.062 1.6674 667.933 627.649 8.17061 627.649","6 6 6 6 1 7 1 6 0 6 1 4 1","63.7488 626.874 2.8733 27.2232 65.158 909.68 63.4867 29.8432 595.848 96.562 36.3841 443.692 36.3841","0.00018641 8.26325e-05 4.92361e-08 0.000502112 3.07515 2.10734e-09 3.07575 1.21636 1.47919 6.01546e-05 3.03951 5.7048e-09 3.03947","0.000177053 0.000112247 1.87447e-08 0.000236853 0.013475 6.32203e-09 0.013115 0.162336 0.00923123 5.89044e-05 0.0102891 8.85876e-09 0.0102902",0
0,"Airplane body_wing_rivets.step",274,506690,0.0012679,2997.76,1.41137,7,-2422.21,10392.9,432.292,4.50018e-09,6413.76,1381.97,9.4569e-05,0.00119873,1,0.170256,1.43654e-08,0,1,0,0,0,14,678087,8.44119e+06,0.747234,0.0600259,0.709019,0.260182,0.987609,1,4,12,0,6,7,0,0.461538,"359 381 382 383 384 212 385 386 387 372 380 361 360","0 0 0 0 -1 0 -1 -1 -1 0 -1 0 -1","667.933 359.458 79090.9 8906.78 1229.47 0.0600259 1233.94 193.062 1.6674 667.933 627.649 8.17061 627.649","6 6 6 6 1 7 1 6 0 6 1 4 1","63.7488 626.874 2.8733 27.2232 65.158 909.68 63.4867 29.8432 595.848 96.562 36.3841 221.846 36.3841","0.000186411 8.26069e-05 4.8716e-08 0.000502125 3.07515 1.49012e-09 3.07575 1.21636 1.47919 6.01546e-05 3.03951 6.57769e-09 3.03947","0.000177053 0.000112216 1.94961e-08 0.000236857 0.013475 4.47035e-09 0.013115 0.162336 0.00923123 5.89037e-05 0.0102891 8.23142e-09 0.0102902",0
0,"Airplane body_wing_rivets.step",275,14310,3.58082e-05,536.039,1.59788,6,-1328.41,7392.49,569.189,4.50018e-09,6413.76,1381.97,9.4569e-05,-0.00564585,1,0.190216,9.68172e-07,0,1,0,0,0,5,288404,1.40068e+06,0.0496178,0.0102165,0.750785,0.35062,0.889546,0,1,5,0,0,5,0,0,"215 221 219 388 216","0 0 0 0 0","0.78471 1.17475 1.72146 5.47554 0.0102165","6 1 4 6 7","74.0203 160.712 75.9168 67.2251 158.166","1.72265e-08 4.90741e-05 1.74803e-08 0.00026324 6.25013e-06","1.21383e-08 5.03488e-05 1.35254e-08 0.000195355 4.51377e-06",0
0,"Airplane body_wing_rivets.step",276,161062,0.00040303,7515.8,27.9092,4,-2021.48,7320.93,432.816,4.50018e-09,6413.76,1381.97,9.4569e-05,-0.0168875,1,0.316479,3.62546e-08,30.48,1,0,0,0,4,366225,1.40068e+06,0.43979,0.114989,0.345394,1.74217e-15,0.642779,1,0,3,0,0,4,0,0,"388 216 277 389","0 0 0 0","61.6284 0.114989 61.6284 2.73006","6 7 6 0","43.1416 3803.66 43.1416 3625.85","2.94705e-08 0 3.10338e-08 0","2.3507e-08 0 2.24142e-08 0",0
0,"Airplane body_wing_rivets.step",277,2613.43,6.53967e-06,212.267,1.37197,6,-1355.45,7319.68,345.696,4.50018e-09,6413.76,1381.97,9.4569e-05,-0.0168646,1,0.16582,1.03335e-07,0,1,0,0,0,4,58748.1,161062,0.0444854,0.0162263,0.656542,0.0976026,0.994982,1,0,3,0,0,4,0,0,"276 218 278 389","0 0 0 0","0.0162263 0.240919 0.639387 0.0442988","4 6 4 0","43.1416 67.2251 37.9584 63.9422","3.10338e-08 0.000263903 1.23351e-08 8.35818e-07","2.24142e-08 0.00019566 1.50107e-08 6.68949e-07",0
0,"Airplane body_wing_rivets.step",278,4087.41,1.0228e-05,290.526,1.64329,4,-1349.83,7318.99,432.816,4.50018e-09,6413.76,1381.97,9.4569e-05,-0.0168437,1,0.125037,3.24756e-08,30.48,1,0,0,0,4,18133.8,58995.6,0.225403,0.0692832,0.747491,4.20685e-15,1,1,0,3,0,0,4,0,0,"388 389 277 219","0 0 0 0","1.564 0.0692832 1.564 0.491708","6 0 6 4","37.9584 104.845 37.9584 109.765","1.35004e-08 0 1.23351e-08 7.19492e-09","1.31533e-08 0 1.50107e-08 9.02552e-09",0
0,"Airplane body_wing_rivets.step",279,7590.23,1.89933e-05,1180.37,14.6074,6,-146.252,8448.85,1396.14,4.50018e-09,6413.76,1381.97,9.4569e-05,-0.0112713,1,0.042473,3.84544e-11,0,1,0,0,0,6,3.73557e+06,1.09463e+07,0.00203188,0.000693404,0.898527,0.660667,0.989663,0,2,5,0,0,5,0,0,"222 223 260 263 280","0 0 0 0 0","0.0132027 0.116585 1.76459 0.000693404 0.00107098","1 1 6 6 6","0.702266 564.136 37.1637 27.0739 1.17044","0.00768281 1.2543e-06 8.68503e-09 6.8206e-05 0.00737078","0.00441081 1.80398e-06 8.94435e-09 6.76087e-05 0.00428502",0
0,"Airplane body_wing_rivets.step",280,7.0872e+06,0.0177345,20969.5,4.93733,6,-147.599,11917.4,2475.33,4.50018e-09,6413.76,1381.97,9.4569e-05,-3.89167e-05,0.8,0.00440157,1.62583e-10,0,1,0,0,0,17,1.0492e+06,1.09463e+07,6.75489,0.647449,0.62768,0.0347296,0.999492,3,1,9,5,1,6,0.416667,0.0833333,"263 347 346 350 262 222 279 390 391 392 348 393","1 1 1 1 1 -1 0 0 0 0 0 0","0.647449 56.909 13.6552 70.0166 1266.94 12.3277 933.727 691.727 758.921 26923.2 43.9828 54.4437","6 0 0 0 6 1 6 6 6 6 6 6","749.763 1032.4 2568.33 1030.56 1.60051 0.104826 1.17044 2267.64 1852.4 55.5173 0.00556209 0.00308856","2.78593 1.49054 1.47284 1.63494 2.90125 0.0623844 0.00737078 0.000103389 0.000387646 0.000495529 5.39101e-05 5.04473e-05","0.0141741 0.00830355 0.00150926 0.00400364 0.00406574 2.41642e-07 0.00428502 0.000209165 0.000859569 0.000269694 6.71151e-07 3.9816e-08",0
0,"Airplane body_wing_rivets.step",281,8.43599e+06,0.0211096,11455.1,1.2378,7,2127.42,8839.7,432.816,4.50018e-09,6413.76,1381.97,9.4569e-05,0.00077173,1,0.281526,9.15203e-10,0,1,0,0,0,8,273001,506690,30.901,16.6492,0.577665,0.0684917,0.976077,0,0,7,0,0,7,0,0,"394 395 396 397 230 226 282","0 0 0 0 0 0 0","77.703 16.6492 16.6492 16.6492 64.7901 997.879 58.7019","7 7 7 7 6 4 6","103.922 909.68 909.68 909.68 2364.3 3789.59 2364.3","3.59746e-09 2.98023e-09 1.49012e-09 2.98023e-09 1.1084e-05 5.7048e-09 1.12113e-05","7.3261e-09 5.96046e-09 4.47035e-09 5.96046e-09 9.79352e-06 8.85876e-09 9.91574e-06",0
0,"Airplane body_wing_rivets.step",282,143709,0.000359608,4861.17,13.0854,6,1370.02,8843.28,787.88,4.50018e-09,6413.76,1381.97,9.4569e-05,-0.00811839,1,0.0828323,2.66171e-11,0,1,0,0,0,4,2.44152e+06,8.43599e+06,0.0588606,0.0170352,0.856899,0.612344,0.976077,0,1,4,0,0,4,0,0,"284 281 227 228","0 0 0 0","4.05468 0.0170352 1044.1 0.111016","6 7 6 1","57.776 2364.3 70.5917 2368.51","2.10734e-09 1.12113e-05 0.000186715 9.83796e-06","6.32203e-09 9.91574e-06 0.000171848 1.11411e-05",0
0,"Airplane body_wing_rivets.step",283,18106.2,4.53076e-05,650.595,1.86031,6,1325.6,7582.77,654.289,4.50018e-09,6413.76,1381.97,9.4569e-05,-0.00810095,1,0.114501,2.28578e-11,0,1,0,0,0,4,675804,1.39425e+06,0.026792,0.0129863,0.8042,0.618867,0.914924,0,1,4,0,0,4,0,0,"289 228 241 292","0 0 0 0","1.26528 0.0139871 107.521 0.0129863","6 1 6 7","74.0203 249.486 70.6806 256.408","1.67151e-08 8.96093e-06 0.000187681 2.11015e-05","8.71068e-09 5.52849e-06 0.000161098 6.62983e-06",0
0,"Airplane body_wing_rivets.step",284,35442.8,8.86896e-05,1330.33,3.97355,6,1542.71,10346.9,687.441,4.50018e-09,6413.76,1381.97,9.4569e-05,-0.00806222,1,0.0807599,6.06298e-10,0,1,0,0,0,4,389507,1.29449e+06,0.090994,0.0273798,0.805743,0.533964,0.959407,0,1,4,0,0,4,0,0,"394 282 228 288","0 0 0 0","0.32646 0.246629 0.0273798 3.14692","7 6 1 6","603.141 57.776 610.379 59.031","2.7271e-05 2.10734e-09 5.62889e-06 6.57769e-09","6.14283e-06 6.32203e-09 4.70151e-06 8.23142e-09",0
0,"Airplane body_wing_rivets.step",285,35442.8,8.86896e-05,1330.33,3.97355,6,1542.71,10346.9,178.191,4.50018e-09,6413.76,1381.97,9.4569e-05,-0.00806222,1,0.0755599,6.06298e-10,0,1,0,0,0,4,210654,592579,0.168252,0.059811,0.810834,0.533964,0.961207,0,1,4,0,0,4,0,0,"394 286 231 230","0 0 0 0","0.32646 3.1469 0.059811 0.272208","7 6 1 6","603.141 59.031 610.379 57.776","2.72709e-05 1.49012e-09 5.62869e-06 2.98023e-09","6.14351e-06 4.47035e-09 4.70218e-06 5.96046e-09",0
0,"Airplane body_wing_rivets.step",286,11262.8,2.81831e-05,512.201,1.85364,6,1635.08,10701.4,300.371,4.50018e-09,6413.76,1381.97,9.4569e-05,-0.00573045,1,0.173284,7.78841e-07,0,1,0,0,0,4,64541.2,108567,0.174505,0.10374,0.834455,0.745756,0.879396,0,1,4,0,0,4,0,0,"394 287 232 285","0 0 0 0","0.10374 1.51205 0.105549 0.317773","7 4 1 6","222.336 67.3759 163.459 59.031","6.74232e-06 9.30226e-09 3.13937e-05 1.49012e-09","6.69841e-06 9.54482e-09 2.84374e-05 4.47035e-09",0
0,"Airplane body_wing_rivets.step",287,7448.65,1.8639e-05,357.81,1.36778,4,1623.79,10737.9,432.816,4.50018e-09,6413.76,1381.97,9.4569e-05,-0.00748051,1,0.0991896,1.08938e-07,60.96,1,0,0,0,4,53234,108567,0.139923,0.0686087,0.847652,0.837126,0.864396,1,0,3,0,0,4,0,0,"394 288 233 286","0 0 0 0","0.0686087 0.661355 0.091011 0.661352","7 6 0 6","103.121 67.3759 119.937 67.3759","4.47035e-09 1.27561e-08 0 9.30226e-09","6.82857e-09 9.02944e-09 0 9.54482e-09",0
0,"Airplane body_wing_rivets.step",288,11262.7,2.8183e-05,512.202,1.85366,6,1635.08,10701.4,565.261,4.50018e-09,6413.76,1381.97,9.4569e-05,-0.00573206,1,0.171118,7.76123e-07,0,1,0,0,0,4,67123.5,117036,0.167791,0.0962332,0.83442,0.745617,0.87942,0,1,4,0,0,4,0,0,"394 284 234 287","0 0 0 0","0.10374 0.317771 0.0962332 1.51205","7 6 1 4","222.336 59.031 163.459 67.3759","1.15366e-05 6.57769e-09 5.30287e-05 1.27561e-08","6.63694e-06 8.23142e-09 6.26344e-05 9.02944e-09",0
0,"Airplane body_wing_rivets.step",289,14310,3.58082e-05,536.039,1.59788,6,1328.41,7392.49,569.189,4.50018e-09,6413.76,1381.97,9.4569e-05,-0.00564585,1,0.245361,9.68172e-07,0,1,0,0,0,5,287093,1.39425e+06,0.0498443,0.0102635,0.810185,0.647523,0.889641,0,1,5,0,0,5,0,0,"235 283 292 398 237","0 0 0 0 0","1.17474 0.790336 0.0102635 5.47554 1.72147","1 6 7 6 4","160.712 74.0203 158.166 67.2251 75.9168","4.90741e-05 1.67151e-08 6.25013e-06 0.00026324 2.06953e-08","5.03488e-05 8.71068e-09 4.51376e-06 0.000195355 1.22074e-08",0
0,"Airplane body_wing_rivets.step",290,4087.41,1.0228e-05,290.526,1.64329,4,1349.83,7318.99,432.816,4.50018e-09,6413.76,1381.97,9.4569e-05,-0.0168437,1,0.125037,3.24756e-08,30.48,1,0,0,0,4,18133.8,58995.6,0.225403,0.0692832,0.747491,8.02109e-14,1,1,0,3,0,0,4,0,0,"398 237 291 399","0 0 0 0","1.564 0.49171 1.564 0.0692832","6 4 6 0","37.9584 109.765 37.9584 104.845","1.6858e-08 1.49012e-09 1.49905e-08 0","1.17343e-08 4.47035e-09 1.55428e-08 0",0
0,"Airplane body_wing_rivets.step",291,2613.43,6.53967e-06,212.267,1.37197,6,1355.45,7319.68,345.696,4.50018e-09,6413.76,1381.97,9.4569e-05,-0.0168646,1,0.136605,1.03335e-07,0,1,0,0,0,4,58748,161062,0.0444855,0.0162263,0.656542,0.0976026,0.994982,1,0,3,0,0,4,0,0,"400 399 290 238","0 0 0 0","0.0162263 0.0442988 0.639387 0.240929","4 0 4 6","43.1416 63.9422 37.9584 67.2251","3.21207e-08 8.35491e-07 1.49905e-08 0.000263903","2.38114e-08 6.68593e-07 1.55428e-08 0.00019566",0
0,"Airplane body_wing_rivets.step",292,1.39425e+06,0.00348888,8421.09,4.04749,7,2062.26,7522.05,432.816,4.50018e-09,6413.76,1381.97,9.4569e-05,0.000805418,1,0.289335,1.33379e-10,0,1,0,0,0,6,37302.1,161062,37.3773,8.65663,0.435175,0.096066,0.914924,0,0,6,0,0,6,0,0,"283 242 239 238 400 289","0 0 0 0 0 0","77.0042 144.081 142.118 128.534 8.65663 97.4323","6 4 6 6 4 6","256.408 3788.28 256.408 158.165 3803.66 158.166","2.11015e-05 3.59746e-09 7.92963e-06 1.04705e-05 8.68503e-09 6.25013e-06","6.62983e-06 7.3261e-09 4.91476e-06 9.85582e-06 8.94435e-09 4.51376e-06",0
0,"Airplane body_wing_rivets.step",293,2.48709e+07,0.0622353,22201.4,1.5771,6,0.0671488,9165.9,260.73,4.50018e-09,6413.76,1381.97,9.4569e-05,-0.000676979,0.92,0.313897,2.6387e-08,0,1,0,0,0,6,1.22008e+07,3.34991e+07,2.03846,0.742437,0.611493,0.0169617,0.971658,1,1,2,0,3,0,0,1,"401 243 294","-1 -1 -1","45.92 0.742437 9.70825","0 6 1","2617.97 669.002 3562.78","1.45054 0.160523 0.712647","0.054866 0.0125221 0.164056",0
0,"Airplane body_wing_rivets.step",294,2.56183e+06,0.00641056,6224.48,1.2035,1,-0.462674,7065.67,-665.532,4.50018e-09,6413.76,1381.97,9.4569e-05,-7.0169e-05,0.92,0.00411375,0,7125.65,1,0,0,0,4,2.06516e+07,3.34991e+07,0.12405,0.0764748,0.964814,0.92919,0.993594,1,0,2,0,2,1,0,0.666667,"243 295 293","-1 0 -1","0.0764748 0.714623 0.103005","6 0 6","350.737 1960.23 3562.78","0.943965 0 0.712647","0.00260951 0 0.164056",0
0,"Airplane body_wing_rivets.step",295,3.58487e+06,0.00897054,7578.07,1.27477,0,2.49987e-11,5440.68,-615.696,4.50018e-09,6413.76,1381.97,9.4569e-05,0,1,0,0,0,1,0,0,0,4,1.39833e+07,3.34991e+07,0.256368,0.107014,0.973663,0.935181,0.993594,0,2,3,0,1,2,0,0.333333,"294 243 296","0 -1 0","1.39934 0.107014 0.608729","1 6 1","1960.23 1828.8 1960.23","0 0.946892 0","0 1.75542e-16 0",0
0,"Airplane body_wing_rivets.step",296,5.88911e+06,0.0147365,10012.4,1.35462,1,-0.00188621,2933.06,-741.868,4.50018e-09,6413.76,1381.97,9.4569e-05,-3.5817e-05,0.92,0.0063543,0,13959.8,1,0,0,0,2,1.8542e+07,3.34991e+07,0.31761,0.175799,0.960057,0.9279,0.992214,1,0,1,0,1,1,0,0.5,"243 295","-1 0","0.175799 1.64277","6 0","8052.19 1960.23","0.723439 0","0.205955 0",0
0,"Airplane body_wing_rivets.step",297,3.93152e+06,0.00983796,15453.2,4.83356,6,-5.11704e-05,-273.822,2.18847e-12,4.50018e-09,6413.76,1381.97,9.4569e-05,-0.00042911,1,0.285341,7.93964e-10,0,1,0,0,0,8,2.10856e+07,3.34991e+07,0.186455,0.117362,0.972645,0.948923,0.996367,0,0,2,0,1,1,0,0.5,"402 243","-1 0","0.453346 0.117362","6 6","1794.74 7178.96","0.0523114 3.86369e-05","0.0301024 2.05486e-05",0
0,"Airplane body_wing_rivets.step",298,1.0874e+07,0.0272104,16964.1,2.10602,6,0.24179,-2891.83,-381.995,4.50018e-09,6413.76,1381.97,9.4569e-05,-0.00077005,0.96,0.386689,1.24534e-07,0,2,1,672.238,672.238,25,917828,1.04926e+07,11.8475,1.03635,0.322091,0.0562402,0.968833,2,9,11,12,0,1,0.923077,0,"403 244 312 404 405 406 306 305 407 408 409 299 410","0 1 1 1 1 1 1 1 1 1 1 1 1","37.7175 1.03635 36.4511 262.931 459.538 82.3848 592.953 592.961 82.3848 459.538 262.931 36.4511 88.0187","6 6 1 1 1 0 1 1 0 1 1 1 1","439.285 1416.47 859.196 198.131 121.155 721.023 70.8082 70.7181 721.023 121.155 198.131 859.197 672.238","0.0106789 0.120609 2.21458 2.07003 1.88385 1.55513 1.34222 1.34243 1.55513 1.88369 2.07003 2.21458 1.62408","0.00760871 0.0660096 0.0707023 0.00706671 0.160443 0.00371625 0.120274 0.120132 0.00371527 0.160408 0.007064 0.0707013 0.0760905",0
0,"Airplane body_wing_rivets.step",299,298318,0.000746489,2916.26,2.26864,1,-684.568,-2146.27,527.02,4.50018e-09,6413.76,1381.97,9.4569e-05,-0.000314668,0.8,0.0505521,5.29396e-23,1588.98,1,0,0,0,6,6.34267e+06,1.0874e+07,0.0470334,0.027434,0.497447,0.367946,0.847132,0,2,6,4,0,2,0.666667,0,"244 300 402 411 409 298","1 0 1 1 0 1","0.0284313 11.6546 0.0343992 0.037523 7.21325 0.027434","6 1 6 6 1 6","355.814 279.865 279.39 929.779 212.22 859.197","2.31641 0 0.668659 0.836863 0 2.21458","0.0185026 0 0.0220958 0.108779 0 0.0707013",0
0,"Airplane body_wing_rivets.step",300,25596.6,6.40512e-05,786.375,1.9225,1,-891.596,-1587.09,627.236,4.50018e-09,6413.76,1381.97,9.4569e-05,-0.0082021,0.92,0.17859,4.06576e-20,60.96,1,0,0,0,4,4.8767e+06,1.04926e+07,0.00524876,0.00243949,0.542784,0.430775,0.720694,1,1,3,2,0,2,0.5,0,"244 301 402 299","1 0 1 0","0.00243949 0.586435 0.00295156 0.0858032","6 0 6 1","115.982 263.028 127.5 279.865","1.93718 0 1.10708 0","0.265035 0 0.302658 0",0
0,"Airplane body_wing_rivets.step",301,43647.9,0.000109221,967.588,1.7069,0,-772.126,-1541.19,752.964,4.50018e-09,6413.76,1381.97,9.4569e-05,0,0.76,0,0,0,1,0,0,0,4,4.80229e+06,1.04926e+07,0.00908896,0.00415988,0.454795,0.14259,0.7716,0,2,4,2,0,2,0.5,0,"244 300 402 302","1 0 1 0","0.00415988 1.70522 0.00503306 2.32733","6 1 6 1","226.74 263.028 249.973 227.847","1.43702 0 1.67326 0","0.0130193 0 0.0188493 0",0
0,"Airplane body_wing_rivets.step",302,18754.5,4.69299e-05,631.333,1.69123,1,-643.785,-1533.21,849.43,4.50018e-09,6413.76,1381.97,9.4569e-05,-0.0082021,1,0.150413,4.06576e-20,60.96,1,0,0,0,4,4.80271e+06,1.04926e+07,0.00390498,0.0017874,0.50296,0.231391,0.773016,1,1,3,2,0,2,0.5,0,"244 303 402 301","1 0 1 0","0.0017874 7.89803 0.00216259 0.429677","6 1 6 0","90.2029 219.96 93.3234 227.847","1.14558 0 2.02261 0","0.125243 0 0.154363 0",0
0,"Airplane body_wing_rivets.step",303,2374.58,5.94198e-06,461.289,7.13098,1,-611.668,-1564.73,858.735,4.50018e-09,6413.76,1381.97,9.4569e-05,-0.000206325,1,1.65613e-06,0,2423.37,1,0,0,0,4,4.8322e+06,1.04926e+07,0.000491407,0.00022631,0.671167,0.505983,0.864946,0,2,4,2,0,2,0.5,0,"244 302 402 304","1 0 1 0","0.00022631 0.126614 0.000273814 0.0163493","6 1 6 1","10.8568 219.96 10.8299 219.642","1.02381 0 2.19096 1.49012e-08","0.000568487 0 0.000836136 0",0
0,"Airplane body_wing_rivets.step",304,145240,0.000363439,1807.51,1.79006,1,-386.128,-1814.35,851.164,4.50018e-09,6413.76,1381.97,9.4569e-05,-0.000757276,1,0.0886617,1.05879e-22,660.261,1,0,0,0,5,5.42716e+06,1.04926e+07,0.0267617,0.0138422,0.548737,0.266234,0.977634,0,2,5,3,0,2,0.6,0,"244 303 402 411 305","1 0 1 1 0","0.0138422 61.1646 0.0167477 0.0182686 7.91996","6 1 6 6 1","691.733 219.642 451.076 240.403 204.66","1.07891 1.49012e-08 2.12446 2.06504 0","0.0296674 0 0.038446 0.0174873 0",0
0,"Airplane body_wing_rivets.step",305,18338.5,4.58889e-05,599.345,1.55877,1,-50.7873,-1995.19,840.574,4.50018e-09,6413.76,1381.97,9.4569e-05,-0.0082021,1,0.169917,4.06576e-20,60.96,1,0,0,0,6,5.91882e+06,1.0874e+07,0.00309834,0.00168645,0.55933,0.326637,0.977634,1,1,4,3,0,2,0.6,0,"244 298 407 411 304","1 1 0 1 0","0.00174776 0.00168645 0.138938 0.00230665 0.126263","6 6 0 6 1","24.1336 70.7181 204.632 95.076 204.66","1.12741 1.34243 0 1.86156 0","0.0128662 0.120132 0 0.141907 0",0
0,"Airplane body_wing_rivets.step",306,18338.7,4.58896e-05,599.398,1.55902,1,50.7876,-1995.19,840.575,4.50018e-09,6413.76,1381.97,9.4569e-05,-0.0082021,1,0.169917,4.06576e-20,60.96,1,0,0,0,5,5.91882e+06,1.0874e+07,0.00309838,0.00168647,0.565722,0.300321,0.977634,1,1,4,3,0,2,0.6,0,"244 307 411 406 298","1 0 1 0 1","0.00174778 0.126265 0.00230668 0.13894 0.00168647","6 1 6 0 6","24.222 204.66 95.0759 204.632 70.8082","1.12759 0 1.86146 0 1.34222","0.0129636 0 0.141923 0 0.120274",0
0,"Airplane body_wing_rivets.step",307,145240,0.000363437,1807.51,1.79006,1,386.129,-1814.35,851.165,4.50018e-09,6413.76,1381.97,9.4569e-05,-0.000757276,1,0.0886617,1.05879e-22,660.261,1,0,0,0,5,5.42716e+06,1.04926e+07,0.0267616,0.0138421,0.573628,0.234834,0.977634,0,2,5,3,0,2,0.6,0,"306 411 402 308 244","0 1 1 0 1","7.91983 0.0182685 0.0167477 61.1643 0.0138421","1 6 6 1 6","204.66 240.402 451.076 219.642 691.733","0 2.06501 2.12446 0 1.07891","0 0.0175062 0.0384461 0 0.0296669",0
0,"Airplane body_wing_rivets.step",308,2374.58,5.94198e-06,461.289,7.13098,1,611.668,-1564.73,858.735,4.50018e-09,6413.76,1381.97,9.4569e-05,-0.000206325,1,1.65613e-06,1.98523e-23,2423.37,1,0,0,0,4,4.8322e+06,1.04926e+07,0.000491407,0.00022631,0.689911,0.531122,0.864946,0,2,4,2,0,2,0.5,0,"307 402 309 244","0 1 0 1","0.0163494 0.000273814 0.126614 0.00022631","1 6 1 6","219.642 10.8299 219.96 10.8568","0 2.19096 1.49012e-08 1.02382","0 0.00083611 0 0.000568697",0
0,"Airplane body_wing_rivets.step",309,18754.5,4.69299e-05,631.333,1.69123,1,643.785,-1533.21,849.43,4.50018e-09,6413.76,1381.97,9.4569e-05,-0.0082021,1,0.150413,4.06576e-20,60.96,1,0,0,0,4,4.80271e+06,1.04926e+07,0.00390498,0.0017874,0.546208,0.293837,0.773016,1,1,3,2,0,2,0.5,0,"244 310 402 308","1 0 1 0","0.0017874 0.429677 0.00216259 7.89802","6 0 6 1","90.2031 227.847 93.3237 219.96","1.14538 0 2.02302 1.49012e-08","0.12519 0 0.154217 0",0
0,"Airplane body_wing_rivets.step",310,43647.9,0.000109221,967.588,1.7069,0,772.126,-1541.19,752.964,4.50018e-09,6413.76,1381.97,9.4569e-05,0,0.76,0,0,0,1,0,0,0,4,4.80229e+06,1.04926e+07,0.00908896,0.00415988,0.406697,0.0564136,0.7716,0,2,4,2,0,2,0.5,0,"309 402 311 244","0 1 0 1","2.32733 0.00503306 1.70522 0.00415988","1 6 1 6","227.847 249.973 263.028 226.74","0 1.67326 0 1.43702","0 0.0188493 0 0.0130195",0
0,"Airplane body_wing_rivets.step",311,25596.6,6.40511e-05,786.375,1.9225,1,891.596,-1587.09,627.236,4.50018e-09,6413.76,1381.97,9.4569e-05,-0.0082021,0.92,0.17859,4.06576e-20,60.96,1,0,0,0,4,4.8767e+06,1.04926e+07,0.00524876,0.00243949,0.514807,0.430775,0.720694,1,1,3,2,0,2,0.5,0,"244 312 402 310","1 0 1 0","0.00243949 0.0858032 0.00295156 0.586434","6 1 6 0","115.982 279.865 127.5 263.028","1.93671 0 1.10782 0","0.265037 0 0.302791 0",0
0,"Airplane body_wing_rivets.step",312,298317,0.000746488,2916.26,2.26864,1,684.568,-2146.27,527.02,4.50018e-09,6413.76,1381.97,9.4569e-05,-0.000314668,0.8,0.0411771,7.94093e-23,1588.98,1,0,0,0,6,6.34267e+06,1.0874e+07,0.0470334,0.027434,0.506951,0.347846,0.847132,0,2,6,4,0,2,0.666667,0,"298 404 411 402 311 244","1 0 1 1 0 1","0.027434 7.21324 0.0375229 0.0343991 11.6546 0.0284312","6 1 6 6 1 6","859.196 212.22 929.779 279.39 279.865 355.814","2.21458 0 0.836863 0.668659 0 2.31641","0.0707023 0 0.108779 0.0220958 0 0.0184991",0
0,"Airplane body_wing_rivets.step",313,20971.4,5.24773e-05,669.055,1.69858,1,694.792,-1400.87,856.29,4.50018e-09,6413.76,1381.97,9.4569e-05,-0.0082021,0.96,0.166272,4.06576e-20,60.96,1,0,0,0,4,4.8211e+06,1.04926e+07,0.00434991,0.00199868,0.627038,0.484203,0.765963,1,1,3,2,0,2,0.5,0,"244 314 402 320","1 0 1 0","0.00199868 0.242513 0.00241822 0.633337","6 1 6 0","103.26 226.213 106.883 232.698","1.24787 0 1.96063 0","0.185986 0 0.204377 0",0
0,"Airplane body_wing_rivets.step",314,86475.1,0.000216389,1211.38,1.3504,1,732.822,-1175.77,884.927,4.50018e-09,6413.76,1381.97,9.4569e-05,-0.000206325,1,0.00199487,4.63221e-23,2423.37,1,0,0,0,4,4.80207e+06,1.04926e+07,0.0180079,0.00824155,0.669129,0.554408,0.765963,0,2,4,2,0,2,0.5,0,"313 402 315 244","0 1 0 1","4.12349 0.0099715 3.8482 0.00824155","1 6 1 6","226.213 375.482 233.779 375.91","0 2.27553 0 0.967414","0 0.0156158 0 0.009941",0
0,"Airplane body_wing_rivets.step",315,22471.6,5.62313e-05,698.169,1.72615,1,796.783,-957.923,879.443,4.50018e-09,6413.76,1381.97,9.4569e-05,-0.0082021,0.92,0.201413,4.06576e-20,60.96,1,0,0,0,4,4.81879e+06,1.04926e+07,0.00466332,0.00214166,0.56064,0.351163,0.744872,1,1,3,2,0,2,0.5,0,"244 316 402 314","1 0 1 0","0.00214166 0.941355 0.00259121 0.259862","6 0 6 1","105.488 246.66 112.243 233.779","1.15935 0 2.02941 0","0.178355 0 0.216871 0",0
0,"Airplane body_wing_rivets.step",316,23871.5,5.97344e-05,783.304,2.04537,0,883.768,-947.169,801.837,4.50018e-09,6413.76,1381.97,9.4569e-05,0,0.88,0,0,0,1,0,0,0,4,4.80372e+06,1.04926e+07,0.00496938,0.00227508,0.37306,0.00986555,0.739535,0,2,4,2,0,2,0.5,0,"315 402 317 244","0 1 0 1","1.0623 0.00275264 0.864912 0.00227508","1 6 1 6","246.66 141.19 273.094 122.36","0 1.60315 0 1.52348","0 0.00437028 0 0.00246274",0
0,"Airplane body_wing_rivets.step",317,27599.9,6.90642e-05,822.961,1.95272,1,964.996,-979.917,705.863,4.50018e-09,6413.76,1381.97,9.4569e-05,-0.0082021,0.92,0.187161,4.06576e-20,60.96,1,0,0,0,4,4.82734e+06,1.04926e+07,0.00571742,0.00263042,0.569579,0.421922,0.707107,2,0,2,2,0,2,0.5,0,"244 318 402 316","1 0 1 0","0.00263042 0.228693 0.00318256 1.15619","6 0 6 0","118.291 296.994 134.582 273.094","2.00671 0 1.04829 0","0.264794 0 0.314145 0",0
0,"Airplane body_wing_rivets.step",318,120685,0.000301995,1416.81,1.32361,0,956.726,-1225,658.667,4.50018e-09,6413.76,1381.97,9.4569e-05,0,1,0,0,0,1,0,0,0,4,4.80569e+06,1.04926e+07,0.025113,0.011502,0.625077,0.560955,0.707107,0,2,4,2,0,2,0.5,0,"317 402 319 244","0 1 0 1","4.37267 0.0139163 3.97718 0.011502","1 6 1 6","296.994 416.459 285.729 417.629","0 0.593528 0 2.37365","0 0.0135928 0 0.00973294",0
0,"Airplane body_wing_rivets.step",319,30344.5,7.5932e-05,820.658,1.76618,1,898.91,-1469.48,657.133,4.50018e-09,6413.76,1381.97,9.4569e-05,-0.0082021,0.92,0.243854,4.06576e-20,60.96,1,0,0,0,4,4.82965e+06,1.04926e+07,0.00628295,0.00289199,0.480813,0.317857,0.616776,2,0,2,2,0,2,0.5,0,"244 320 402 318","1 0 1 0","0.00289199 0.916406 0.00349904 0.251435","6 0 6 0","130.102 259.439 145.388 285.729","2.04762 0 1.0619 0","0.258152 0 0.321825 0",0
0,"Airplane body_wing_rivets.step",320,33112.5,8.28584e-05,856.357,1.76241,0,787.085,-1457.93,767.759,4.50018e-09,6413.76,1381.97,9.4569e-05,0,0.8,0,0,0,1,0,0,0,4,4.80403e+06,1.04926e+07,0.00689264,0.0031558,0.421407,0.156784,0.743206,0,2,4,2,0,2,0.5,0,"244 319 402 313","1 0 1 0","0.0031558 1.09122 0.00381822 1.57894","6 1 6 1","173.154 259.439 191.066 232.698","1.58123 0 1.60387 0","0.011416 0 0.0162325 0",0
0,"Airplane body_wing_rivets.step",321,20971.3,5.24772e-05,669.055,1.69859,1,-694.792,-1400.87,856.29,4.50018e-09,6413.76,1381.97,9.4569e-05,-0.0082021,0.96,0.185627,4.06576e-20,60.96,1,0,0,0,4,4.8211e+06,1.04926e+07,0.00434991,0.00199868,0.649437,0.514243,0.765963,1,1,3,2,0,2,0.5,0,"244 322 402 328","1 0 1 0","0.00199868 0.633336 0.00241822 0.242513","6 0 6 1","103.26 232.698 106.884 226.213","1.24727 0 1.96105 1.49012e-08","0.186081 0 0.204306 0",0
0,"Airplane body_wing_rivets.step",322,33112.5,8.28584e-05,856.357,1.76241,0,-787.085,-1457.93,767.759,4.50018e-09,6413.76,1381.97,9.4569e-05,0,0.8,0,0,0,1,0,0,0,4,4.80403e+06,1.04926e+07,0.00689264,0.0031558,0.467254,0.230352,0.743206,0,2,4,2,0,2,0.5,0,"321 402 323 244","0 1 0 1","1.57894 0.00381822 1.09122 0.0031558","1 6 1 6","232.698 191.066 259.439 173.154","0 1.60387 0 1.58123","0 0.0162325 0 0.0114162",0
0,"Airplane body_wing_rivets.step",323,30344.5,7.5932e-05,820.658,1.76617,1,-898.91,-1469.48,657.133,4.50018e-09,6413.76,1381.97,9.4569e-05,-0.0082021,0.92,0.243854,4.06576e-20,60.96,1,0,0,0,4,4.82965e+06,1.04926e+07,0.00628296,0.002892,0.4388,0.260137,0.616776,2,0,2,2,0,2,0.5,0,"244 324 402 322","1 0 1 0","0.002892 0.251435 0.00349905 0.916407","6 0 6 0","130.102 285.729 145.388 259.439","2.04731 0 1.0626 0","0.258094 0 0.322041 0",0
0,"Airplane body_wing_rivets.step",324,120685,0.000301995,1416.81,1.32361,0,-956.726,-1225,658.667,4.50018e-09,6413.76,1381.97,9.4569e-05,0,1,0,0,0,1,0,0,0,4,4.80569e+06,1.04926e+07,0.025113,0.011502,0.619099,0.552937,0.707107,0,2,4,2,0,2,0.5,0,"244 323 402 325","1 0 1 0","0.011502 3.97717 0.0139163 4.37267","6 1 6 1","417.629 285.729 416.459 296.994","2.37364 0 0.593528 0","0.00973178 0 0.0135927 0",0
0,"Airplane body_wing_rivets.step",325,27600,6.90642e-05,822.96,1.95272,1,-964.996,-979.917,705.863,4.50018e-09,6413.76,1381.97,9.4569e-05,-0.0082021,0.92,0.187161,4.06576e-20,60.96,1,0,0,0,4,4.82734e+06,1.04926e+07,0.00571742,0.00263042,0.599781,0.462428,0.707107,2,0,2,2,0,2,0.5,0,"244 326 402 324","1 0 1 0","0.00263042 1.15619 0.00318257 0.228693","6 0 6 0","118.29 273.094 134.582 296.994","2.00742 0 1.04783 0","0.264709 0 0.31397 0",0
0,"Airplane body_wing_rivets.step",326,23871.5,5.97344e-05,783.304,2.04537,0,-883.768,-947.169,801.837,4.50018e-09,6413.76,1381.97,9.4569e-05,0,0.88,0,0,0,1,0,0,0,4,4.80372e+06,1.04926e+07,0.00496938,0.00227508,0.42175,0.101036,0.739535,0,2,4,2,0,2,0.5,0,"244 325 402 327","1 0 1 0","0.00227508 0.864912 0.00275264 1.0623","6 1 6 1","122.36 273.094 141.19 246.66","1.52348 0 1.60315 0","0.00246246 0 0.00437027 0",0
0,"Airplane body_wing_rivets.step",327,22471.6,5.62312e-05,698.169,1.72615,1,-796.783,-957.923,879.443,4.50018e-09,6413.76,1381.97,9.4569e-05,-0.0082021,0.92,0.169364,4.06576e-20,60.96,1,0,0,0,4,4.81879e+06,1.04926e+07,0.00466332,0.00214166,0.520607,0.297472,0.744872,1,1,3,2,0,2,0.5,0,"244 328 402 326","1 0 1 0","0.00214166 0.259861 0.00259121 0.941354","6 1 6 0","105.488 233.779 112.243 246.66","1.1598 1.49012e-08 2.02894 0","0.178442 0 0.216958 0",0
0,"Airplane body_wing_rivets.step",328,86475.1,0.000216389,1211.38,1.3504,1,-732.822,-1175.77,884.927,4.50018e-09,6413.76,1381.97,9.4569e-05,-0.000206325,1,0.00199487,4.63221e-23,2423.37,1,0,0,0,4,4.80207e+06,1.04926e+07,0.0180079,0.00824155,0.658227,0.539787,0.765963,0,2,4,2,0,2,0.5,0,"244 327 402 321","1 0 1 0","0.00824155 3.8482 0.0099715 4.12349","6 1 6 1","375.91 233.779 375.482 226.213","0.967413 1.49012e-08 2.27553 1.49012e-08","0.00994069 0 0.0156158 0",0
0,"Airplane body_wing_rivets.step",329,77520.2,0.000193981,2278.37,5.32874,6,-1214.61,5060.86,-773.737,4.50018e-09,6413.76,1381.97,9.4569e-05,-0.0109015,1,0.203295,1.9152e-10,0,1,0,0,0,4,3.29689e+06,1.29732e+07,0.0235131,0.00597541,0.8471,0.700025,0.994093,1,0,3,0,0,4,0,0,"330 258 245 246","0 0 0 0","0.00597541 1.39429 0.81631 1.21495","6 6 0 6","1063.96 73.6145 1069.05 71.7456","1.24922e-06 5.08757e-09 4.19943e-06 2.98023e-09","8.97268e-07 7.93312e-09 3.02805e-06 5.96046e-09",0
0,"Airplane body_wing_rivets.step",330,1.29732e+07,0.0324633,26152.1,4.19522,6,-4244.09,6051.36,-801.913,4.50018e-09,6413.76,1381.97,9.4569e-05,9.22711e-05,0.72,0.0174821,4.26532e-10,0,9,8,1.92,2.01062,42,630905,1.84761e+07,20.5629,0.702163,0.245638,0.00170928,0.995322,18,8,14,8,19,5,0.25,0.59375,"340 253 339 338 337 343 258 329 246 247 331 334 342 341 412 413 414 416 418 417 415 419 420 421 423 425 424 422 426 427 428 429","1 1 1 1 1 -1 0 0 0 0 1 0 1 1 -1 -1 -1 -1 -1 -1 -1 -1 -1 -1 -1 -1 -1 -1 -1 -1 -1 -1","204.885 0.702163 198.113 25.5606 170.827 326.453 233.337 167.353 203.324 567.911 2441.19 273.991 286.325 20.1723 5.7608e+07 3.61955e+08 3.61954e+08 3.61967e+08 3.61956e+08 3.61954e+08 3.61967e+08 5.76077e+07 3.61956e+08 3.61953e+08 3.61967e+08 3.61956e+08 3.61953e+08 3.61967e+08 5.76073e+07 5.76071e+07 5.76071e+07 5.76069e+07","0 6 0 0 0 1 6 6 6 6 1 6 0 0 1 0 0 0 0 0 0 1 0 0 0 0 0 0 1 1 1 1","781.685 458.581 782.752 2735.31 792.229 680.275 768.563 1063.96 894.631 10.4373 308.954 1124.18 770.851 4570.64 1.86178 0.32 0.32 0.32 0.32 0.32 0.32 0.807988 0.32 0.32 0.32 0.32 0.32 0.32 0.90214 0.845972 0.850729 1.86544","1.61114 2.89618 1.55776 1.3952 1.63632 0.0676259 4.56327e-05 1.24922e-06 2.33922e-05 0.0295087 0.0538596 2.39445e-06 1.5431 1.46934 1.57077 1.57075 1.57075 1.5708 1.57075 1.57075 1.5708 1.57077 1.57076 1.57075 1.5708 1.57076 1.57075 1.5708 1.57076 1.57077 1.57076 1.57076","0.00467097 0.00248759 0.00128032 0.00699997 0.00473076 0.00358553 4.60469e-05 8.97268e-07 1.18419e-05 0.0105825 0.00515159 3.42024e-06 0.0100138 0.0335001 1.90355e-05 8.68208e-06 7.94709e-06 7.35233e-07 8.68108e-06 7.9455e-06 7.35323e-07 1.84696e-05 9.00806e-06 6.9975e-06 2.01058e-06 9.00681e-06 6.99616e-06 2.01063e-06 2.3948e-05 2.39801e-05 2.48954e-05 2.803e-05",0
0,"Airplane body_wing_rivets.step",331,5314.3,1.32981e-05,656.169,6.44726,1,-1185.87,3406.78,-832.6,4.50018e-09,6413.76,1381.97,9.4569e-05,-5.21364e-05,0.4,7.20708e-05,4.1359e-25,9590.22,1,0,0,0,3,4.34066e+06,1.29732e+07,0.00122431,0.000409637,0.886507,0.711974,0.985883,0,1,3,1,0,2,0.333333,0,"332 247 330","0 0 1","0.20489 0.232637 0.000409637","1 6 6","36.1407 311.075 308.954","1.49012e-08 2.793e-06 0.0538596","0 1.4737e-06 0.00515159",0
0,"Airplane body_wing_rivets.step",332,25937.4,6.49039e-05,926.259,2.63226,1,-1162.46,3090.57,-909.553,4.50018e-09,6413.76,1381.97,9.4569e-05,-0.000598901,0.72,0.0231261,0,834.863,1,0,0,0,4,4.63494e+06,1.84761e+07,0.00559605,0.00140384,0.75234,0.381816,0.961666,0,2,4,1,0,3,0.25,0,"333 248 331 253","0 0 0 1","0.856734 0.92208 4.88067 0.00140384","1 6 1 6","96.2931 399.195 36.1407 394.631","0 1.60552e-05 1.49012e-08 0.19338","0 1.52688e-05 0 0.0731964",0
0,"Airplane body_wing_rivets.step",333,30274.7,7.57573e-05,764.329,1.53558,1,-1144.39,2898.5,-1103.38,4.50018e-09,6413.76,1381.97,9.4569e-05,-0.00341754,1,0.284676,0,146.304,1,0,0,0,5,4.63721e+06,1.84761e+07,0.00652865,0.00163859,0.386217,0.0421371,0.7391,0,2,4,1,0,3,0.25,0,"251 249 332 253","0 0 0 1","1.16347 1.45424 1.16722 0.00163859","1 6 1 6","96.2931 286.923 96.2931 142.41","0 5.01181e-05 0 0.472913","0 3.30304e-05 0 0.0704438",0
0,"Airplane body_wing_rivets.step",334,47349.1,0.000118483,2297.43,8.87076,6,-9414.51,8540.5,-792.01,4.50018e-09,6413.76,1381.97,9.4569e-05,-0.0164714,0.92,0.0753714,6.28981e-10,0,1,0,0,0,6,7.88752e+06,1.84761e+07,0.00600304,0.00256273,0.552302,0.0932715,0.731671,1,0,3,2,0,2,0.5,0,"330 253 335 430","0 1 1 0","0.00364976 0.00256273 0.887872 0.997282","6 6 6 0","1124.18 4.46952 407.284 714.061","2.39445e-06 3.01083 1.22337 2.5051e-06","3.42024e-06 0.0106465 0.752974 1.97443e-06",0
0,"Airplane body_wing_rivets.step",335,53328.7,0.000133446,2653.81,10.5092,6,-9415.4,8461.71,-869.965,4.50018e-09,6413.76,1381.97,9.4569e-05,-0.0164152,0.92,0.226415,2.56783e-08,0,1,0,0,0,16,6.1903e+06,1.84761e+07,0.00861489,0.00288637,0.509491,0.0932715,0.760786,1,0,2,1,0,2,0.333333,0,"430 334 253","0 1 0","1.12323 1.12629 0.00288637","0 6 6","41.4107 407.284 692.812","7.44554e-06 1.22337 3.17575e-06","8.10309e-06 0.752974 1.97273e-06",0
0,"Airplane body_wing_rivets.step",336,37454.1,9.37224e-05,1492.63,4.73365,1,-1158.41,6794.86,-1107.6,4.50018e-09,6413.76,1381.97,9.4569e-05,-3.32046e-05,0.4,5.64155e-05,0,15058.2,1,0,0,0,3,6.19134e+06,1.84761e+07,0.00604942,0.00202717,0.882334,0.682563,0.999237,0,1,3,1,0,2,0.333333,0,"253 256 343","0 0 1","0.00202717 0.643267 0.94248","6 6 1","678.623 690.203 123.805","0.0270789 8.63367e-05 2.86802","0.00139248 2.91576e-05 0",0
0,"Airplane body_wing_rivets.step",337,75943.8,0.000190036,1956.05,4.00918,0,-1502.44,6554.71,-1038.57,4.50018e-09,6413.76,1381.97,9.4569e-05,0,0.6,0,0,0,2,1,191.51,191.51,4,8.10899e+06,1.84761e+07,0.00936538,0.00411039,0.0956732,0.0184171,0.165048,1,0,3,2,2,0,0.5,0.5,"431 253 338 330","-1 1 -1 1","0.158497 0.00411039 0.149629 0.00585389","6 6 0 6","191.51 773.078 199.228 792.229","1.56585 1.54229 1.7366 1.63632","0.120478 0.00057026 2.22045e-16 0.00473076",0
0,"Airplane body_wing_rivets.step",338,507547,0.00127005,5843.35,5.3535,0,-2818.15,6505.94,-976.578,4.50018e-09,6413.76,1381.97,9.4569e-05,0,0.8,0,0,0,1,0,0,0,4,7.89767e+06,1.84761e+07,0.0642654,0.0274705,0.0819869,0.0358439,0.165048,2,0,2,2,2,0,0.5,0.5,"339 330 337 253","-1 1 -1 1","7.75072 0.0391227 6.6832 0.0274705","0 6 0 6","172.662 2735.31 199.228 2736.15","1.64239 1.3952 1.7366 1.52899","2.22045e-16 0.00699997 2.22045e-16 0.00466844",0
0,"Airplane body_wing_rivets.step",339,65483.9,0.000163862,1910.96,4.43772,0,-4136.08,6998.15,-954.633,4.50018e-09,6413.76,1381.97,9.4569e-05,0,0.6,0,0,0,2,1,191.509,191.509,4,8.10899e+06,1.84761e+07,0.00807547,0.00354426,0.0481071,0.00538537,0.0719476,1,0,3,2,2,0,0.5,0.5,"431 253 330 338","-1 1 1 -1","0.136667 0.00354426 0.00504763 0.12902","6 6 6 0","191.509 764.04 782.752 172.662","1.56578 1.60488 1.55776 1.64239","0.0568144 0.00233875 0.00128032 2.22045e-16",0
0,"Airplane body_wing_rivets.step",340,63319.5,0.000158446,1902.07,4.54678,0,-4579.83,7108.26,-941.6,4.50018e-09,6413.76,1381.97,9.4569e-05,0,0.6,0,0,0,2,1,191.511,191.511,4,8.24143e+06,1.84761e+07,0.00768307,0.00342711,0.0411118,0.00538537,0.0715289,1,0,3,2,2,0,0.5,0.5,"341 330 253 432","-1 1 1 -1","0.0984569 0.00488079 0.00342711 0.0725047","0 6 6 6","164.834 781.685 764.035 191.511","1.64239 1.61114 1.53911 1.57076","2.22045e-16 0.00467097 0.000367952 0.0528868",0
0,"Airplane body_wing_rivets.step",341,643118,0.00160929,9441.28,11.0296,0,-6723.99,7508.65,-870.874,4.50018e-09,6413.76,1381.97,9.4569e-05,0,0.68,0,0,0,1,0,0,0,4,7.88947e+06,1.84761e+07,0.081516,0.0348082,0.0572417,0.0296113,0.0715289,2,0,2,2,2,0,0.5,0.5,"342 330 340 253","-1 1 -1 1","14.1939 0.0495728 10.1567 0.0348082","0 6 0 6","134.362 4570.64 164.834 4571.45","1.49921 1.46934 1.64239 1.50261","2.22045e-16 0.0335001 2.22045e-16 0.0416112",0
0,"Airplane body_wing_rivets.step",342,45309.4,0.000113379,1863.47,6.09886,0,-8935.9,8488.08,-830.977,4.50018e-09,6413.76,1381.97,9.4569e-05,0,0.56,0,0,0,2,1,191.511,191.511,4,8.24143e+06,1.84761e+07,0.00549777,0.00245233,0.0411118,0.00538537,0.0715289,1,0,3,2,2,0,0.5,0.5,"330 341 253 432","1 -1 1 -1","0.00349254 0.0704527 0.00245233 0.0518821","6 0 6 6","770.851 134.362 766.75 191.511","1.5431 1.49921 1.58543 1.57076","0.0100138 2.22045e-16 0.0170295 0.052887",0
0,"Airplane body_wing_rivets.step",343,39739.9,9.94424e-05,1522.28,4.64039,1,-1157.46,6793.89,-1049.57,4.50018e-09,6413.76,1381.97,9.4569e-05,-5.21364e-05,0.4,0.000144608,1.65436e-24,9590.22,1,0,0,0,5,2.63645e+06,1.29732e+07,0.0150733,0.00306323,0.799055,0.620112,0.982353,0,1,5,2,1,2,0.4,0.2,"258 257 256 336 330","0 0 1 1 -1","0.714765 0.687846 0.682526 1.06103 0.00306323","6 6 6 1 6","11.7041 703.588 2.91133 123.805 680.275","0.0402944 1.87688e-05 2.859 2.86802 0.0676259","0.014491 1.04497e-05 0.00596261 0 0.00358553",0
0,"Airplane body_wing_rivets.step",344,9340.17,2.33722e-05,3711.17,117.343,6,103.871,14052.2,4092.13,4.50018e-09,6413.76,1381.97,9.4569e-05,-0.164007,1,0.228652,2.33456e-10,0,1,0,0,0,5,5.06294e+06,1.09463e+07,0.00184481,0.000853269,0.574307,0.100163,0.775068,0,0,4,1,0,3,0.25,0,"433 434 345 263","1 0 0 0","0.00148898 0.00309197 0.793227 0.000853269","6 6 6 6","0.638934 1824.56 4.90116 1852.39","2.91648 0.000121371 0.000703241 0.000385056","0.0111132 0.000188868 0.000328617 0.000860562",0
0,"Airplane body_wing_rivets.step",345,11774.9,2.94647e-05,5466.47,201.951,6,111.611,13744.7,3931.41,4.50018e-09,6413.76,1381.97,9.4569e-05,-0.163381,1,0.197955,1.69238e-06,0,1,0,0,0,8,5.74285e+06,1.09463e+07,0.00205036,0.00107569,0.404874,0.100163,0.690225,0,0,3,1,0,2,0.333333,0,"433 344 263","0 1 0","0.00187712 1.26067 0.00107569","6 6 6","357.51 28.6777 2734.25","0.000135032 1.14073 0.000128497","0.000223978 0.738355 0.000268573",0
0,"Airplane body_wing_rivets.step",346,519010,0.00129874,5545.43,4.71503,0,-0.109154,12952.4,2516.56,4.50018e-09,6413.76,1381.97,9.4569e-05,0,1,0,0,0,1,0,0,0,4,4.56482e+06,1.09463e+07,0.113698,0.0474141,0.320352,0.0595859,0.556638,2,0,2,2,2,0,0.5,0.5,"347 263 350 280","-1 1 -1 1","4.16756 0.0474141 5.12746 0.0732321","0 6 0 6","221.528 2568.33 187.247 2568.33","0.980463 1.47318 2.16113 1.47284","0 0.00144836 4.44089e-16 0.00150926",0
0,"Airplane body_wing_rivets.step",347,124536,0.000311629,2286.3,3.34013,0,-0.0967103,14004.5,3553.65,4.50018e-09,6413.76,1381.97,9.4569e-05,0,0.68,0,0,0,1,0,0,0,3,6.18418e+06,1.09463e+07,0.0201378,0.0113769,0.236021,0.0347296,0.556638,1,0,2,2,1,0,0.666667,0.333333,"263 346 280","1 -1 1","0.0113769 0.239948 0.0175719","6 0 6","1032.37 221.528 1032.4","1.49071 0.980463 1.49054","0.00830654 0 0.00830355",0
0,"Airplane body_wing_rivets.step",348,161136,0.000403215,5032.9,12.5094,6,73.6899,13943.7,4280.03,4.50018e-09,6413.76,1381.97,9.4569e-05,-0.0110715,1,0.188444,5.5702e-08,0,1,0,0,0,17,4.60597e+06,1.09463e+07,0.0349841,0.0147205,0.551222,0.0158567,0.75398,1,0,3,1,0,3,0.25,0,"263 393 435 280","0 1 0 0","0.0147205 1.23784 0.619383 0.0227362","6 6 0 6","59.1073 316.057 1489.2 0.00556209","3.53936e-05 1.14975 5.25216e-06 5.39101e-05","2.70848e-05 0.772605 5.10168e-06 6.71151e-07",0
0,"Airplane body_wing_rivets.step",349,1231.1,3.08061e-06,826.23,44.1266,6,-150.598,12913,4123.75,4.50018e-09,6413.76,1381.97,9.4569e-05,-0.162955,1,0.117828,1.03746e-06,0,1,0,0,0,6,4.30735e+06,1.09463e+07,0.000285813,0.000112466,0.601444,0.0236501,0.930903,0,0,4,0,0,4,0,0,"392 263 390 436","0 0 0 0","4.67674 0.000112466 0.120158 0.000196267","6 6 6 6","4.61778 411.147 2.84067 105.216","0.00110477 5.66704e-05 0.000339633 0.000199648","0.000286092 0.000111146 8.82395e-05 0.0001427",0
0,"Airplane body_wing_rivets.step",350,101222,0.00025329,2248.37,3.97424,0,-0.0112687,12568.5,1420.05,4.50018e-09,6413.76,1381.97,9.4569e-05,0,0.68,0,0,0,1,0,0,0,3,6.18418e+06,1.09463e+07,0.0163678,0.00924708,0.236021,0.0347296,0.556638,1,0,2,2,1,0,0.666667,0.333333,"346 263 280","-1 1 1","0.195028 0.00924708 0.0142823","0 6 6","187.247 1030.56 1030.56","2.16113 1.63485 1.63494","4.44089e-16 0.00406094 0.00400364",0
0,"Airplane body_wing_rivets.step",351,758.593,1.89825e-06,614.863,39.6586,6,-1748.42,10771.9,662.443,4.50018e-09,6413.76,1381.97,9.4569e-05,-0.323784,0.92,0.521768,1.8553e-05,0,1,0,0,0,6,169023,506690,0.0044881,0.00149716,0.716313,0.367391,0.976033,1,1,5,1,1,4,0.166667,0.166667,"437 352 271 362 272 370","0 0 0 1 0 -1","0.00817566 0.538165 0.00149716 0.939689 0.00698735 0.00249635","4 6 7 1 7 0","273.27 2.2122 63.7488 146.253 96.562 32.8177","0.000100656 2.98023e-09 0.00018641 2.51764 6.01543e-05 0.703114","7.5607e-05 5.96046e-09 0.000177053 0.108778 5.89037e-05 0.414111",0
0,"Airplane body_wing_rivets.step",352,1409.59,3.52727e-06,1258.57,89.423,6,-1681.76,10421.9,797.611,4.50018e-09,6413.76,1381.97,9.4569e-05,-0.327952,1,0.181128,9.73143e-09,0,1,0,0,0,4,202620,506690,0.00695682,0.00278197,0.913845,0.7403,0.996419,1,0,3,0,0,4,0,0,"271 351 438 353","0 0 0 0","0.00278197 1.85817 0.00465172 220.028","7 6 0 6","626.874 2.2122 627.211 2.26972","8.26171e-05 2.98023e-09 0 6.57769e-09","0.000112225 5.96046e-09 0 8.23142e-09",0
0,"Airplane body_wing_rivets.step",353,6.40642,1.6031e-08,10.2055,1.29373,6,-1615.89,10122.9,863.487,4.50018e-09,6413.76,1381.97,9.4569e-05,-0.325258,1,0.183303,1.15026e-06,0,1,0,0,0,4,174863,506690,3.66368e-05,1.26437e-05,0.855661,0.463183,0.996419,0,0,4,0,0,4,0,0,"271 352 439 354","0 0 0 0","1.26437e-05 0.00454487 3.34895e-05 0.112614","7 6 4 6","2.8733 2.26972 2.83801 2.22449","4.89403e-08 6.57769e-09 1.13048e-05 2.98023e-09","1.9504e-08 8.23142e-09 4.90653e-06 5.96046e-09",0
0,"Airplane body_wing_rivets.step",354,56.8881,1.42353e-07,78.4192,8.60229,6,-1613.26,10107.1,865.768,4.50018e-09,6413.76,1381.97,9.4569e-05,-0.325551,0.92,0.179391,1.40147e-06,0,1,0,0,0,4,127424,506690,0.000446445,0.000112274,0.916795,0.788503,0.987582,0,1,4,1,0,3,0.25,0,"271 353 440 355","0 0 0 1","0.000112274 8.87985 0.0219662 0.138037","7 6 6 1","27.2232 2.22449 38.0789 10.8926","0.000502106 2.98023e-09 0.00399635 2.61836","0.00023685 5.96046e-09 0.00247104 0.177712",0
0,"Airplane body_wing_rivets.step",355,412.121,1.03126e-06,139.977,3.78337,1,-1597.04,10068.4,862.698,4.50018e-09,6413.76,1381.97,9.4569e-05,-0.000117173,0.24,5.8581e-06,0,4267.2,1,0,0,0,4,127451,506690,0.00323356,0.000813359,0.751075,0.729029,0.788503,0,1,4,3,1,0,0.75,0.25,"354 440 441 271","1 1 1 -1","7.24441 0.159132 0.880811 0.000813359","6 6 1 7","10.8926 49.6646 14.2617 65.158","2.61836 2.56391 2.39927 3.07515","0.177712 0.0988586 4.44089e-16 0.013475",0
0,"Airplane body_wing_rivets.step",356,410.628,1.02753e-06,136.753,3.62424,1,-2365.41,10068.3,862.678,4.50018e-09,6413.76,1381.97,9.4569e-05,-0.000117173,0.24,5.44695e-06,0,4267.2,1,0,0,0,3,169927,506690,0.0024165,0.000810414,0.737768,0.729007,0.743793,0,1,3,2,1,0,0.666667,0.333333,"357 271 442","1 -1 1","0.15646 0.000810414 0.877622","6 7 1","59.005 63.4867 14.2617","2.51374 3.07575 2.39927","0.148661 0.013115 4.44089e-16",0
0,"Airplane body_wing_rivets.step",357,2624.49,6.56735e-06,216.679,1.42357,6,-2375.73,10087,865.347,4.50018e-09,6413.76,1381.97,9.4569e-05,-0.00623577,1,0.111906,1.02634e-05,0,1,0,0,0,4,174716,506690,0.0150215,0.00517969,0.788514,0.740503,0.832643,0,2,4,1,1,2,0.25,0.25,"356 271 443 442","1 -1 0 0","6.3914 0.00517969 0.0137195 5.60923","1 7 4 1","59.005 29.8432 71.8168 56.014","2.51374 1.21636 4.12326e-08 4.56296e-05","0.148661 0.162336 4.88415e-08 3.86917e-05",0
0,"Airplane body_wing_rivets.step",358,303881,0.00076041,2736.48,1.96097,0,-2332.66,10820.2,848.931,4.50018e-09,6413.76,1381.97,9.4569e-05,0,0.76,0,0,0,1,0,0,0,5,163045,506690,1.86378,0.599738,0.798594,0.497967,0.952849,0,0,5,0,2,3,0,0.4,"444 445 443 271 359","0 0 0 -1 -1","3.27504 12.8245 1.58853 0.599738 400.584","4 4 4 7 6","700.882 100.8 1306.13 595.848 32.8177","0 3.59746e-09 1.49012e-09 1.47919 0.703114","0 7.3261e-09 4.47035e-09 0.00923123 0.414111",0
0,"Airplane body_wing_rivets.step",359,758.593,1.89825e-06,614.863,39.6586,6,-2210.83,10771.9,665.595,4.50018e-09,6413.76,1381.97,9.4569e-05,-0.323784,0.92,0.521768,1.8553e-05,0,1,0,0,0,6,235377,506690,0.00322288,0.00149716,0.708109,0.318173,0.976033,1,1,5,1,1,4,0.166667,0.166667,"444 381 274 360 271 358","0 0 0 1 0 -1","0.00817566 0.538165 0.00149716 0.939689 0.00149716 0.00249635","4 6 7 1 7 0","273.27 2.2122 63.7488 146.253 96.562 32.8177","0.000100657 5.08757e-09 0.000186411 2.51764 6.01546e-05 0.703114","7.56069e-05 7.93312e-09 0.000177053 0.108778 5.89036e-05 0.414111",0
0,"Airplane body_wing_rivets.step",360,807.281,2.02008e-06,269.968,7.18437,1,-2199.65,10808,651.267,4.50018e-09,6413.76,1381.97,9.4569e-05,-0.000117173,0.2,9.50242e-07,3.30872e-24,4267.2,1,0,0,0,4,269038,506690,0.00300062,0.00159325,0.706451,0.47152,0.855114,0,0,4,1,3,0,0.25,0.75,"359 274 361 271","1 -1 -1 -1","1.06418 0.00159325 0.0130178 0.00159325","6 7 4 7","146.253 36.3841 50.9467 36.3841","2.51764 3.03947 2.94689 3.03951","0.108778 0.0102902 0.0434636 0.0102891",0
0,"Airplane body_wing_rivets.step",361,62013.7,0.000155179,3844.48,18.9661,4,-1981.2,10811.1,432.816,4.50018e-09,6413.76,1381.97,9.4569e-05,-0.0172275,1,0.505862,1.16559e-07,30.48,1,0,0,0,12,182883,506690,0.33909,0.12239,0.371269,0.138488,0.545808,1,4,8,0,4,5,0,0.444444,"360 271 362 272 371 273 380 274 446","-1 0 -1 0 -1 0 -1 0 0","76.8179 0.12239 76.8179 0.571203 76.8179 0.12239 76.8179 0.12239 4.40462","1 7 1 7 1 7 1 7 0","50.9467 443.692 50.9467 443.692 50.9467 443.692 50.9467 221.846 1799.51","2.94689 7.45058e-09 2.94689 3.59746e-09 2.94689 5.7048e-09 2.94689 6.57769e-09 0","0.0434636 7.45058e-09 0.0434636 7.3261e-09 0.0434636 8.85876e-09 0.0434636 8.23142e-09 0",0
0,"Airplane body_wing_rivets.step",362,807.281,2.02008e-06,269.968,7.18437,1,-1762.75,10808,651.267,4.50018e-09,6413.76,1381.97,9.4569e-05,-0.000117173,0.2,9.50242e-07,1.65436e-24,4267.2,1,0,0,0,4,169507,506690,0.00476252,0.00159325,0.728857,0.545808,0.855114,0,0,4,1,3,0,0.25,0.75,"351 271 361 272","1 -1 -1 -1","1.06418 0.00159325 0.0130178 0.00743581","6 7 4 7","146.253 36.3841 50.9467 36.3841","2.51764 3.03947 2.94689 3.03951","0.108778 0.0102902 0.0434636 0.0102891",0
0,"Airplane body_wing_rivets.step",363,758.593,1.89825e-06,614.863,39.6586,6,-1751.57,10771.9,200.037,4.50018e-09,6413.76,1381.97,9.4569e-05,-0.323784,0.92,0.521768,1.8553e-05,0,1,0,0,0,6,169023,506690,0.0044881,0.00149716,0.710091,0.318173,0.987925,1,1,5,1,1,4,0.166667,0.166667,"447 364 272 371 273 379","0 0 0 1 0 -1","0.00817566 0.538165 0.00698735 0.939689 0.00149716 0.00249635","4 6 7 1 7 0","273.27 2.2122 63.7488 146.253 96.562 32.8177","0.000100657 1.14096e-08 0.000186411 2.51764 6.01546e-05 0.703114","7.56069e-05 9.58465e-09 0.000177052 0.108778 5.89044e-05 0.414111",0
0,"Airplane body_wing_rivets.step",364,1409.59,3.52727e-06,1258.57,89.423,6,-1616.4,10421.9,133.379,4.50018e-09,6413.76,1381.97,9.4569e-05,-0.327952,1,0.181128,9.73094e-09,0,1,0,0,0,4,103090,303026,0.0136735,0.00465172,0.907456,0.7403,0.996419,1,0,3,0,0,4,0,0,"272 363 448 365","0 0 0 0","0.0129837 1.85817 0.00465172 220.028","7 6 0 6","626.874 2.2122 627.211 2.26972","8.26025e-05 1.14096e-08 1.20268e-08 4.47035e-09","0.000112206 9.58465e-09 1.66505e-08 6.82857e-09",0
0,"Airplane body_wing_rivets.step",365,6.40642,1.6031e-08,10.2055,1.29373,6,-1550.53,10122.9,67.5094,4.50018e-09,6413.76,1381.97,9.4569e-05,-0.325258,1,0.183303,1.15026e-06,0,1,0,0,0,4,75332.4,191296,8.5042e-05,3.34895e-05,0.846819,0.463183,0.996419,0,0,4,0,0,4,0,0,"272 364 449 366","0 0 0 0","5.9009e-05 0.00454487 3.34895e-05 0.112614","7 6 4 6","2.8733 2.26972 2.83801 2.22449","4.79186e-08 4.47035e-09 1.1304e-05 1.22825e-08","1.86047e-08 6.82857e-09 4.90628e-06 8.43712e-09",0
0,"Airplane body_wing_rivets.step",366,56.8881,1.42353e-07,78.4192,8.60229,6,-1548.25,10107.1,64.8725,4.50018e-09,6413.76,1381.97,9.4569e-05,-0.325551,0.92,0.179391,1.40147e-06,0,1,0,0,0,4,27893.8,108567,0.00203945,0.000523992,0.908499,0.788503,0.987582,0,1,4,1,0,3,0.25,0,"272 365 450 367","0 0 0 1","0.000523992 8.87985 0.0219662 0.138037","7 6 6 1","27.2232 2.22449 38.0789 10.8926","0.000502117 1.22825e-08 0.00399636 2.61836","0.000236855 8.43712e-09 0.00247104 0.177712",0
0,"Airplane body_wing_rivets.step",367,412.121,1.03126e-06,139.977,3.78337,1,-1551.32,10068.4,48.653,4.50018e-09,6413.76,1381.97,9.4569e-05,-0.000117173,0.24,5.8581e-06,0,4267.2,1,0,0,0,4,27920.3,108567,0.0147606,0.00379601,0.749291,0.721894,0.788503,0,1,4,3,1,0,0.75,0.25,"366 450 451 272","1 1 1 -1","7.24441 0.159132 0.880811 0.00379601","6 6 1 7","10.8926 49.6646 14.2617 65.158","2.61836 2.56391 2.39927 3.07515","0.177712 0.0988586 4.44089e-16 0.013475",0
0,"Airplane body_wing_rivets.step",368,410.628,1.02753e-06,136.753,3.62424,1,-1551.34,10068.3,817.03,4.50018e-09,6413.76,1381.97,9.4569e-05,-0.000117173,0.24,5.44695e-06,0,4267.2,1,0,0,0,3,37219.7,108567,0.0110326,0.00378227,0.735384,0.721856,0.743793,0,1,3,2,1,0,0.666667,0.333333,"369 272 441","1 -1 1","0.15646 0.00378227 0.877622","6 7 1","59.005 63.4867 14.2617","2.51374 3.07575 2.39927","0.148661 0.013115 4.44089e-16",0
0,"Airplane body_wing_rivets.step",369,2624.49,6.56735e-06,216.679,1.42357,6,-1548.67,10087,827.344,4.50018e-09,6413.76,1381.97,9.4569e-05,-0.00623577,1,0.111906,1.02634e-05,0,1,0,0,0,4,75185.4,191296,0.034907,0.0137195,0.769461,0.733576,0.832643,0,2,4,1,1,2,0.25,0.25,"368 272 439 441","1 -1 0 0","6.3914 0.024174 0.0137195 5.60923","1 7 4 1","59.005 29.8432 71.8168 56.014","2.51374 1.21636 3.94027e-08 4.56295e-05","0.148661 0.162336 4.92141e-08 3.86918e-05",0
0,"Airplane body_wing_rivets.step",370,303881,0.00076041,2736.48,1.96097,0,-1565.08,10820.2,784.273,4.50018e-09,6413.76,1381.97,9.4569e-05,0,0.76,0,0,0,1,0,0,0,5,83420.8,191296,3.64275,1.58853,0.791098,0.497967,0.952849,0,0,5,0,2,3,0,0.4,"437 452 439 272 351","0 0 0 -1 -1","3.27504 12.8245 1.58853 2.79902 400.584","4 4 4 7 6","700.882 100.8 1306.13 595.848 32.8177","0 0 0 1.47919 0.703114","0 0 0 0.00923123 0.414111",0
0,"Airplane body_wing_rivets.step",371,807.281,2.02008e-06,269.968,7.18437,1,-1762.75,10808,214.365,4.50018e-09,6413.76,1381.97,9.4569e-05,-0.000117173,0.2,9.50242e-07,1.65436e-24,4267.2,1,0,0,0,4,169507,506690,0.00476252,0.00159325,0.684532,0.368509,0.855114,0,0,4,1,3,0,0.25,0.75,"363 272 361 273","1 -1 -1 -1","1.06418 0.00743581 0.0130178 0.00159325","6 7 4 7","146.253 36.3841 50.9467 36.3841","2.51764 3.03947 2.94689 3.03951","0.108778 0.0102902 0.0434636 0.0102891",0
0,"Airplane body_wing_rivets.step",372,758.593,1.89825e-06,614.863,39.6586,6,-2213.98,10771.9,203.189,4.50018e-09,6413.76,1381.97,9.4569e-05,-0.323784,0.92,0.521768,1.8553e-05,0,1,0,0,0,6,235377,506690,0.00322288,0.00149716,0.708109,0.318173,0.976033,1,1,5,1,1,4,0.166667,0.166667,"453 373 273 380 274 387","0 0 0 1 0 -1","0.00817566 0.538165 0.00149716 0.939689 0.00149716 0.00249635","4 6 7 1 7 0","273.27 2.2122 63.7488 146.253 96.562 32.8177","0.000100656 5.08757e-09 0.00018641 2.51764 6.01546e-05 0.703114","7.5607e-05 7.93312e-09 0.000177053 0.108778 5.89037e-05 0.414111",0
0,"Airplane body_wing_rivets.step",373,1409.59,3.52727e-06,1258.57,89.423,6,-2280.64,10421.9,68.0206,4.50018e-09,6413.76,1381.97,9.4569e-05,-0.327952,1,0.181128,9.73274e-09,0,1,0,0,0,4,202620,506690,0.00695682,0.00278197,0.913845,0.7403,0.996419,1,0,3,0,0,4,0,0,"273 372 454 374","0 0 0 0","0.00278197 1.85817 0.00465172 220.028","7 6 0 6","626.874 2.2122 627.211 2.26972","8.26325e-05 5.08757e-09 1.14524e-08 4.47035e-09","0.000112247 7.93312e-09 1.49705e-08 6.82857e-09",0
0,"Airplane body_wing_rivets.step",374,6.40642,1.6031e-08,10.2055,1.29373,6,-2346.51,10122.9,2.14534,4.50018e-09,6413.76,1381.97,9.4569e-05,-0.325258,1,0.183303,1.15026e-06,0,1,0,0,0,4,174863,506690,3.66368e-05,1.26437e-05,0.855661,0.463183,0.996419,0,0,4,0,0,4,0,0,"273 373 455 375","0 0 0 0","1.26437e-05 0.00454487 3.34895e-05 0.112614","7 6 4 6","2.8733 2.26972 2.83801 2.22449","4.92361e-08 4.47035e-09 1.13044e-05 2.98023e-09","1.87447e-08 6.82857e-09 4.9064e-06 5.96046e-09",0
0,"Airplane body_wing_rivets.step",375,56.8881,1.42353e-07,78.4192,8.60229,6,-2349.14,10107.1,-0.13552,4.50018e-09,6413.76,1381.97,9.4569e-05,-0.325551,0.92,0.179391,1.40147e-06,0,1,0,0,0,4,127424,506690,0.000446445,0.000112274,0.916795,0.788503,0.987582,0,1,4,1,0,3,0.25,0,"273 374 456 376","0 0 0 1","0.000112274 8.87985 0.0219662 0.138037","7 6 6 1","27.2232 2.22449 38.0789 10.8926","0.000502112 2.98023e-09 0.00399636 2.61836","0.000236853 5.96046e-09 0.00247104 0.177712",0
0,"Airplane body_wing_rivets.step",376,412.121,1.03126e-06,139.977,3.78337,1,-2365.36,10068.4,2.93429,4.50018e-09,6413.76,1381.97,9.4569e-05,-0.000117173,0.24,5.8581e-06,0,4267.2,1,0,0,0,4,127451,506690,0.00323356,0.000813359,0.751075,0.729029,0.788503,0,1,4,3,1,0,0.75,0.25,"375 456 457 273","1 1 1 -1","7.24441 0.159132 0.880811 0.000813359","6 6 1 7","10.8926 49.6646 14.2617 65.158","2.61836 2.56391 2.39927 3.07515","0.177712 0.0988586 4.44089e-16 0.013475",0
0,"Airplane body_wing_rivets.step",377,410.628,1.02753e-06,136.753,3.62424,1,-1596.99,10068.3,2.95356,4.50018e-09,6413.76,1381.97,9.4569e-05,-0.000117173,0.24,5.44695e-06,0,4267.2,1,0,0,0,3,169927,506690,0.0024165,0.000810414,0.737768,0.729007,0.743793,0,1,3,2,1,0,0.666667,0.333333,"378 273 451","1 -1 1","0.15646 0.000810414 0.877622","6 7 1","59.005 63.4867 14.2617","2.51374 3.07575 2.39927","0.148661 0.013115 4.44089e-16",0
0,"Airplane body_wing_rivets.step",378,2624.49,6.56735e-06,216.679,1.42357,6,-1586.67,10087,0.285055,4.50018e-09,6413.76,1381.97,9.4569e-05,-0.00623577,1,0.111906,1.02634e-05,0,1,0,0,0,4,174716,506690,0.0150215,0.00517969,0.788514,0.740503,0.832643,0,2,4,1,1,2,0.25,0.25,"377 273 449 451","1 -1 0 0","6.3914 0.00517969 0.0137195 5.60923","1 7 4 1","59.005 29.8432 71.8168 56.014","2.51374 1.21636 4.46548e-08 4.56296e-05","0.148661 0.162336 4.64563e-08 3.86918e-05",0
0,"Airplane body_wing_rivets.step",379,303881,0.00076041,2736.48,1.96097,0,-1629.74,10820.2,16.7008,4.50018e-09,6413.76,1381.97,9.4569e-05,0,0.76,0,0,0,1,0,0,0,5,163045,506690,1.86378,0.599738,0.798594,0.497967,0.952849,0,0,5,0,2,3,0,0.4,"447 458 449 273 363","0 0 0 -1 -1","3.27504 12.8245 1.58853 0.599738 400.584","4 4 4 7 6","700.882 100.8 1306.13 595.848 32.8177","0 0 0 1.47919 0.703114","0 0 0 0.00923123 0.414111",0
0,"Airplane body_wing_rivets.step",380,807.281,2.02008e-06,269.968,7.18437,1,-2199.65,10808,214.365,4.50018e-09,6413.76,1381.97,9.4569e-05,-0.000117173,0.2,9.50242e-07,3.30872e-24,4267.2,1,0,0,0,4,269038,506690,0.00300062,0.00159325,0.662126,0.294221,0.855114,0,0,4,1,3,0,0.25,0.75,"372 273 361 274","1 -1 -1 -1","1.06418 0.00159325 0.0130178 0.00159325","6 7 4 7","146.253 36.3841 50.9467 36.3841","2.51764 3.03947 2.94689 3.03951","0.108778 0.0102902 0.0434636 0.0102891",0
0,"Airplane body_wing_rivets.step",381,1409.59,3.52727e-06,1258.57,89.423,6,-2346,10421.9,732.253,4.50018e-09,6413.76,1381.97,9.4569e-05,-0.327952,1,0.181128,9.73152e-09,0,1,0,0,0,4,202620,506690,0.00695682,0.00278197,0.913845,0.7403,0.996419,1,0,3,0,0,4,0,0,"274 359 459 382","0 0 0 0","0.00278197 1.85817 0.00465172 220.028","7 6 0 6","626.874 2.2122 627.211 2.26972","8.26069e-05 5.08757e-09 1.94179e-08 3.59746e-09","0.000112216 7.93312e-09 2.74841e-08 7.3261e-09",0
0,"Airplane body_wing_rivets.step",382,6.40642,1.6031e-08,10.2055,1.29373,6,-2411.87,10122.9,798.123,4.50018e-09,6413.76,1381.97,9.4569e-05,-0.325258,1,0.183303,1.15026e-06,0,1,0,0,0,4,174863,506690,3.66368e-05,1.26437e-05,0.855661,0.463183,0.996419,0,0,4,0,0,4,0,0,"274 381 443 383","0 0 0 0","1.26437e-05 0.00454487 3.34895e-05 0.112614","7 6 4 6","2.8733 2.26972 2.83801 2.22449","4.8716e-08 3.59746e-09 1.13044e-05 2.98023e-09","1.94961e-08 7.3261e-09 4.90634e-06 5.96046e-09",0
0,"Airplane body_wing_rivets.step",383,56.8881,1.42353e-07,78.4192,8.60229,6,-2414.15,10107.1,800.759,4.50018e-09,6413.76,1381.97,9.4569e-05,-0.325551,0.92,0.179391,1.40147e-06,0,1,0,0,0,4,127424,506690,0.000446445,0.000112274,0.916795,0.788503,0.987582,0,1,4,1,0,3,0.25,0,"274 382 460 384","0 0 0 1","0.000112274 8.87985 0.0219662 0.138037","7 6 6 1","27.2232 2.22449 38.0789 10.8926","0.000502125 2.98023e-09 0.00399637 2.61836","0.000236857 5.96046e-09 0.00247105 0.177712",0
0,"Airplane body_wing_rivets.step",384,412.121,1.03126e-06,139.977,3.78337,1,-2411.08,10068.4,816.979,4.50018e-09,6413.76,1381.97,9.4569e-05,-0.000117173,0.24,5.8581e-06,0,4267.2,1,0,0,0,4,127451,506690,0.00323356,0.000813359,0.751075,0.729029,0.788503,0,1,4,3,1,0,0.75,0.25,"383 460 442 274","1 1 1 -1","7.24441 0.159132 0.880811 0.000813359","6 6 1 7","10.8926 49.6646 14.2617 65.158","2.61836 2.56391 2.39927 3.07515","0.177712 0.0988586 4.44089e-16 0.013475",0
0,"Airplane body_wing_rivets.step",385,410.628,1.02753e-06,136.753,3.62424,1,-2411.06,10068.3,48.6022,4.50018e-09,6413.76,1381.97,9.4569e-05,-0.000117173,0.24,5.44695e-06,0,4267.2,1,0,0,0,3,169927,506690,0.0024165,0.000810414,0.737768,0.729007,0.743793,0,1,3,2,1,0,0.666667,0.333333,"386 274 457","1 -1 1","0.15646 0.000810414 0.877622","6 7 1","59.005 63.4867 14.2617","2.51374 3.07575 2.39927","0.148661 0.013115 4.44089e-16",0
0,"Airplane body_wing_rivets.step",386,2624.49,6.56735e-06,216.679,1.42357,6,-2413.73,10087,38.2884,4.50018e-09,6413.76,1381.97,9.4569e-05,-0.00623577,1,0.111906,1.02634e-05,0,1,0,0,0,4,174716,506690,0.0150215,0.00517969,0.788514,0.740503,0.832643,0,2,4,1,1,2,0.25,0.25,"385 274 455 457","1 -1 0 0","6.3914 0.00517969 0.0137195 5.60923","1 7 4 1","59.005 29.8432 71.8168 56.014","2.51374 1.21636 4.22247e-08 4.56295e-05","0.148661 0.162336 4.77545e-08 3.86918e-05",0
0,"Airplane body_wing_rivets.step",387,303881,0.00076041,2736.48,1.96097,0,-2397.32,10820.2,81.3587,4.50018e-09,6413.76,1381.97,9.4569e-05,0,0.76,0,0,0,1,0,0,0,5,163045,506690,1.86378,0.599738,0.798594,0.497967,0.952849,0,0,5,0,2,3,0,0.4,"453 461 455 274 372","0 0 0 -1 -1","3.27504 12.8245 1.58853 0.599738 400.584","4 4 4 7 6","700.882 100.8 1306.13 595.848 32.8177","0 0 2.98023e-09 1.47919 0.703114","0 0 5.96046e-09 0.00923123 0.414111",0
0,"Airplane body_wing_rivets.step",388,2613.43,6.53968e-06,212.267,1.37197,6,-1355.45,7319.68,519.936,4.50018e-09,6413.76,1381.97,9.4569e-05,-0.0168644,1,0.124301,1.03313e-07,0,1,0,0,0,4,59613.7,161062,0.0438395,0.0162263,0.6562,0.0976247,0.99498,1,0,3,0,0,4,0,0,"278 275 276 389","0 0 0 0","0.639387 0.182631 0.0162263 0.0442988","4 6 4 0","37.9584 67.2251 43.1416 63.9422","1.35004e-08 0.00026324 2.94705e-08 0","1.31533e-08 0.000195355 2.3507e-08 0",0
0,"Airplane body_wing_rivets.step",389,58995.6,0.000147626,7619.83,78.318,0,-1978.85,7311.62,432.816,4.50018e-09,6413.76,1381.97,9.4569e-05,0,0,0,0,0,2,1,3761.25,3761.25,5,72313,191189,0.815837,0.308572,0.226011,1.74217e-15,0.934828,0,0,5,0,0,5,0,0,"462 276 277 278 388","0 0 0 0 0","0.308572 0.366292 22.574 14.4335 22.574","4 4 6 4 6","3761.25 3625.85 63.9422 104.845 63.9422","0 0 8.35818e-07 0 0","0 0 6.68949e-07 0 0",0
0,"Airplane body_wing_rivets.step",390,10245.7,2.5638e-05,4535.07,159.742,6,-105.874,13862.2,3902.08,4.50018e-09,6413.76,1381.97,9.4569e-05,-0.163873,1,0.21915,1.02135e-07,0,1,0,0,0,6,3.34258e+06,7.0872e+06,0.00306519,0.00144566,0.330036,0.0236501,0.697838,0,0,4,1,0,3,0.25,0,"436 349 280 391","0 0 0 1","0.00163341 8.3224 0.00144566 1.09714","6 6 6 6","0.289216 2.84067 2267.64 28.6775","0.00021974 0.000339633 0.000103389 1.14027","2.69464e-08 8.82395e-05 0.000209165 0.738071",0
0,"Airplane body_wing_rivets.step",391,9338.53,2.33681e-05,3711.18,117.364,6,-103.946,14052.3,4092.13,4.50018e-09,6413.76,1381.97,9.4569e-05,-0.164007,1,0.244233,2.30194e-10,0,1,0,0,0,5,3.27818e+06,7.0872e+06,0.00284869,0.00131766,0.626171,0.0278374,0.993925,0,0,5,2,0,3,0.4,0,"463 436 390 280 392","0 1 1 0 0","0.00309157 0.00148879 0.911461 0.00131766 35.4756","6 6 6 6 6","1824.56 0.639064 28.6775 1852.4 4.90045","5.42932e-05 2.91648 1.14027 0.000387646 9.90335e-05","8.02859e-05 0.0111185 0.738071 0.000859569 2.20141e-05",0
0,"Airplane body_wing_rivets.step",392,263.238,6.58709e-07,120.202,4.36782,6,-156.203,13105.6,4178.54,4.50018e-09,6413.76,1381.97,9.4569e-05,-0.1633,1,0.200256,7.81401e-08,0,1,0,0,0,5,3.34258e+06,7.0872e+06,7.87529e-05,3.71428e-05,0.85224,0.674418,0.993925,0,0,4,0,0,4,0,0,"436 391 280 349","0 0 0 0","4.19666e-05 0.0281884 3.71428e-05 0.213824","6 6 6 6","55.1647 4.90045 55.5173 4.61778","4.54076e-05 9.90335e-05 0.000495529 0.00110477","7.15024e-05 2.20141e-05 0.000269694 0.000286092",0
0,"Airplane body_wing_rivets.step",393,130175,0.000325741,3789.09,8.77674,6,-91.0286,14137.5,4266.61,4.50018e-09,6413.76,1381.97,9.4569e-05,-0.0109662,1,0.233886,1.40365e-10,0,1,0,0,0,5,2.50283e+06,7.0872e+06,0.0520111,0.0183676,0.468988,0.0158567,0.704666,1,0,2,1,0,2,0.333333,0,"348 280 435","1 0 0","0.807859 0.0183676 0.500374","6 6 0","316.057 1852.76 1549.21","1.14975 2.97225e-06 2.18301e-06","0.772605 5.45531e-06 2.04518e-06",0
0,"Airplane body_wing_rivets.step",394,108567,0.000271671,4049.99,12.0227,7,1615.03,10482.5,435.261,4.50018e-09,6413.76,1381.97,9.4569e-05,0.00139416,0.08,0.205598,0,0,1,0,0,0,20,495044,8.43599e+06,0.219308,0.0128695,0.693251,0.234632,0.962054,1,4,17,0,6,12,0,0.333333,"464 465 466 467 281 284 288 287 286 285 468 469 470 471 472 473 474 475","0 -1 -1 -1 0 0 0 0 0 0 -1 0 0 0 0 -1 0 -1","143.116 0.357269 41.3669 264.389 0.0128695 3.06317 9.63953 14.5754 9.63948 3.06317 263.437 1908.43 16946.6 77.0202 143.116 134.475 1.7507 134.475","6 0 6 1 7 6 6 4 6 6 1 6 6 6 6 1 4 1","96.562 595.848 29.8432 63.4867 103.922 603.141 222.336 103.121 222.336 603.141 65.158 27.2232 2.8733 626.874 63.7488 36.3841 221.846 36.3841","6.01549e-05 1.47919 1.21636 3.07575 3.59746e-09 2.7271e-05 1.15366e-05 4.47035e-09 6.74232e-06 2.72709e-05 3.07515 0.000502119 4.80647e-08 8.26025e-05 0.000186411 3.03947 5.7048e-09 3.03951","5.89031e-05 0.00923123 0.162336 0.013115 7.3261e-09 6.14283e-06 6.63694e-06 6.82857e-09 6.69841e-06 6.14351e-06 0.013475 0.000236857 1.99682e-08 0.000112206 0.000177052 0.0102902 8.85876e-09 0.0102891",0
0,"Airplane body_wing_rivets.step",395,506690,0.0012679,2997.76,1.41137,7,1981.72,10392.9,873.829,4.50018e-09,6413.76,1381.97,9.4569e-05,0.00119873,1,0.170256,1.43654e-08,0,1,0,0,0,13,677688,8.43599e+06,0.747674,0.0600628,0.772709,0.482193,0.987609,1,4,12,0,6,7,0,0.461538,"476 477 478 479 281 480 481 482 483 464 475 474 484","0 -1 -1 -1 0 -1 0 0 0 0 -1 0 -1","667.933 1.6674 193.062 1233.92 0.0600628 1229.48 8906.78 79090.9 359.458 667.933 627.604 8.17061 627.604","6 0 6 1 7 1 6 6 6 6 1 4 1","96.562 595.848 29.8432 63.4867 909.68 65.158 27.2232 2.8733 626.874 63.7488 36.3841 443.692 36.3841","6.01546e-05 1.47919 1.21636 3.07575 2.98023e-09 3.07515 0.000502105 5.05463e-08 8.26171e-05 0.00018641 3.03947 5.96046e-09 3.03951","5.89036e-05 0.00923123 0.162336 0.013115 5.96046e-09 0.013475 0.00023685 1.69481e-08 0.000112225 0.000177053 0.0102902 7.30005e-09 0.0102891",0
0,"Airplane body_wing_rivets.step",396,506690,0.0012679,2997.76,1.41137,7,2422.21,10392.9,432.292,4.50018e-09,6413.76,1381.97,9.4569e-05,0.00119873,1,0.170256,1.43654e-08,0,1,0,0,0,13,677688,8.43599e+06,0.747674,0.0600628,0.718195,0.260193,0.987609,1,4,12,0,6,7,0,0.461538,"485 486 487 488 281 489 490 491 492 476 484 474 493","0 -1 -1 -1 0 -1 0 0 0 0 -1 0 -1","667.933 1.6674 193.062 1233.92 0.0600628 1229.48 8906.78 79090.9 359.458 667.933 627.604 8.17061 627.604","6 0 6 1 7 1 6 6 6 6 1 4 1","96.562 595.848 29.8432 63.4867 909.68 65.158 27.2232 2.8733 626.874 63.7488 36.3841 443.692 36.3841","6.01546e-05 1.47919 1.21636 3.07575 1.49012e-09 3.07515 0.000502123 4.42645e-08 8.26069e-05 0.000186411 3.03947 1.01751e-08 3.03951","5.89037e-05 0.00923123 0.162336 0.013115 4.47035e-09 0.013475 0.000236858 2.57057e-08 0.000112216 0.000177053 0.0102902 8.60825e-09 0.0102891",0
0,"Airplane body_wing_rivets.step",397,506690,0.0012679,2997.76,1.41137,7,1980.68,10392.9,-8.19721,4.50018e-09,6413.76,1381.97,9.4569e-05,0.00119873,1,0.170256,1.43654e-08,0,1,0,0,0,13,677688,8.43599e+06,0.747674,0.0600628,0.753538,0.223455,0.987609,1,4,12,0,6,7,0,0.461538,"472 494 495 496 281 497 498 499 500 485 493 474 473","0 -1 -1 -1 0 -1 0 0 0 0 -1 0 -1","667.933 1.6674 193.062 1233.92 0.0600628 1229.48 8906.78 79090.9 359.458 667.933 627.604 8.17061 627.604","6 0 6 1 7 1 6 6 6 6 1 4 1","96.562 595.848 29.8432 63.4867 909.68 65.158 27.2232 2.8733 626.874 63.7488 36.3841 443.692 36.3841","6.01549e-05 1.47919 1.21636 3.07575 2.98023e-09 3.07515 0.000502111 4.81868e-08 8.26325e-05 0.00018641 3.03947 9.55792e-09 3.03951","5.89037e-05 0.00923123 0.162336 0.013115 5.96046e-09 0.013475 0.000236853 2.02281e-08 0.000112247 0.000177053 0.0102902 8.00483e-09 0.0102891",0
0,"Airplane body_wing_rivets.step",398,2613.43,6.53968e-06,212.267,1.37197,6,1355.45,7319.68,519.936,4.50018e-09,6413.76,1381.97,9.4569e-05,-0.0168644,1,0.143689,1.03313e-07,0,1,0,0,0,4,59613.7,161062,0.0438395,0.0162263,0.6562,0.0976247,0.99498,1,0,3,0,0,4,0,0,"290 399 400 289","0 0 0 0","0.639387 0.0442988 0.0162263 0.182631","4 0 4 6","37.9584 63.9422 43.1416 67.2251","1.6858e-08 0 2.73312e-08 0.00026324","1.17343e-08 0 2.63874e-08 0.000195355",0
0,"Airplane body_wing_rivets.step",399,58995.6,0.000147626,7619.83,78.318,0,1978.85,7311.62,432.816,4.50018e-09,6413.76,1381.97,9.4569e-05,0,0,0,0,0,2,1,3761.25,3761.25,5,72313,191189,0.815837,0.308572,0.226011,2.70729e-14,0.934828,0,0,5,0,0,5,0,0,"501 291 400 398 290","0 0 0 0 0","0.308572 22.574 0.366292 22.574 14.4335","4 6 4 6 4","3761.25 63.9422 3625.85 63.9422 104.845","0 8.35491e-07 0 0 0","0 6.68593e-07 0 0 0",0
0,"Airplane body_wing_rivets.step",400,161062,0.00040303,7515.8,27.9092,4,2021.48,7320.93,432.816,4.50018e-09,6413.76,1381.97,9.4569e-05,-0.0168875,1,0.316479,3.62546e-08,30.48,1,0,0,0,4,364618,1.39425e+06,0.441727,0.115518,0.345402,2.70729e-14,0.642779,1,0,3,0,0,4,0,0,"398 399 291 292","0 0 0 0","61.6284 2.73006 61.6284 0.115518","6 0 6 7","43.1416 3625.85 43.1416 3803.66","2.73312e-08 0 3.21207e-08 8.68503e-09","2.63874e-08 0 2.38114e-08 8.94435e-09",0
0,"Airplane body_wing_rivets.step",401,541615,0.0013553,2617.97,1.007,0,5.68434e-14,12192,418.162,4.50018e-09,6413.76,1381.97,9.4569e-05,0,1,0,0,0,1,0,0,0,1,2.48709e+07,2.48709e+07,0.021777,0.021777,0.0169617,0.0169617,0.0169617,0,0,1,0,1,0,0,1,"293","-1","0.021777","6","2617.97","1.45054","0.054866",0
0,"Airplane body_wing_rivets.step",402,8.67223e+06,0.0217008,20661.9,3.91741,6,-0.266385,-1190.61,-104.542,4.50018e-09,6413.76,1381.97,9.4569e-05,-0.000508152,0.84,0.362557,3.83074e-09,0,3,2,1623.29,1623.29,41,456024,7.95027e+06,19.0171,1.09081,0.405123,0.0357331,0.984042,8,20,22,28,1,1,0.933333,0.0333333,"308 309 310 311 312 411 297 299 300 301 302 303 304 307 315 316 317 318 319 320 313 314 323 324 325 326 327 328 321 322","1 1 1 1 1 -1 0 1 1 1 1 1 1 1 1 1 1 1 1 1 1 1 1 1 1 1 1 1 1 1","3652.11 462.409 198.686 338.804 29.0705 1.09081 2.20582 29.0705 338.804 198.686 462.408 3652.11 59.7096 59.7098 385.92 363.288 314.212 71.8581 285.793 261.902 413.527 100.286 285.792 71.8581 314.212 363.288 385.921 100.286 413.528 261.902","1 1 0 1 1 6 6 1 1 0 1 1 1 1 1 0 1 0 1 0 1 1 1 0 1 0 1 1 1 0","10.8299 93.3237 249.973 127.5 279.39 1003.18 514.503 279.39 127.5 249.973 93.3234 10.8299 451.076 451.076 112.243 141.19 134.582 416.459 145.388 191.066 106.883 375.482 145.388 416.459 134.582 141.19 112.243 375.482 106.884 191.066","2.19096 2.02302 1.67326 1.10782 0.668659 0.113607 0.0263451 0.668659 1.10708 1.67326 2.02261 2.19096 2.12446 2.12446 2.02941 1.60315 1.04829 0.593528 1.0619 1.60387 1.96063 2.27553 1.0626 0.593528 1.04783 1.60315 2.02894 2.27553 1.96105 1.60387","0.00083611 0.154217 0.0188493 0.302791 0.0220958 0.0691286 0.0172349 0.0220958 0.302658 0.0188493 0.154363 0.000836136 0.038446 0.0384461 0.216871 0.00437028 0.314145 0.0135928 0.321825 0.0162325 0.204377 0.0156158 0.322041 0.0135927 0.31397 0.00437027 0.216958 0.0156158 0.204306 0.0162325",0
0,"Airplane body_wing_rivets.step",403,288302,0.000721426,2404.12,1.59535,6,0.0075083,-4107.84,-498.913,4.50018e-09,6413.76,1381.97,9.4569e-05,-0.00226812,1,0.263856,9.23885e-09,0,1,0,0,0,8,1.0874e+07,1.0874e+07,0.0265129,0.0265129,0.0562402,0.0562402,0.0562402,0,0,1,1,0,0,1,0,"298","1","0.0265129","6","454.793","0.0715915","0.042747",0
0,"Airplane body_wing_rivets.step",404,41356.9,0.000103489,816.053,1.28138,1,221.073,-2687.44,462.389,4.50018e-09,6413.76,1381.97,9.4569e-05,-0.00082475,1,0.0087957,3.17637e-22,606.244,1,0,0,0,4,4.78656e+06,1.0874e+07,0.00864021,0.00380328,0.414088,0.176456,0.847132,0,2,4,2,0,2,0.5,0,"405 411 312 298","0 1 0 1","1.74775 0.00520195 0.138634 0.00380328","1 6 1 6","207.937 197.764 212.22 198.131","0 1.06054 0 2.07003","0 0.0118157 0 0.00706671",0
0,"Airplane body_wing_rivets.step",405,23662.9,5.92124e-05,657.628,1.4544,1,82.1531,-2714.73,466.35,4.50018e-09,6413.76,1381.97,9.4569e-05,-0.0082021,1,0.264946,4.06576e-20,60.96,1,0,0,0,4,4.74941e+06,1.0874e+07,0.00498229,0.0021761,0.388016,0.251117,0.593568,1,1,3,2,0,2,0.5,0,"298 406 411 404","1 0 1 0","0.0021761 0.179277 0.00297637 0.572164","6 0 6 1","121.155 207.208 121.327 207.937","1.88385 0 1.25852 0","0.160443 0 0.162124 0",0
0,"Airplane body_wing_rivets.step",406,131991,0.000330284,1855.07,2.07476,0,41.6415,-2353.89,657.532,4.50018e-09,6413.76,1381.97,9.4569e-05,0,0.44,0,0,0,1,0,0,0,4,4.71657e+06,1.0874e+07,0.0279844,0.0121382,0.540174,0.412765,0.74155,0,2,4,2,0,2,0.5,0,"405 411 306 298","0 1 0 1","5.57795 0.016602 7.19736 0.0121382","1 6 1 6","207.208 722.206 204.632 721.023","0 1.59049 0 1.55513","0 0.00360462 0 0.00371625",0
0,"Airplane body_wing_rivets.step",407,131991,0.000330284,1855.07,2.07476,0,-41.6415,-2353.89,657.532,4.50018e-09,6413.76,1381.97,9.4569e-05,0,0.44,0,0,0,1,0,0,0,4,4.71657e+06,1.0874e+07,0.0279844,0.0121382,0.539575,0.411584,0.74155,0,2,4,2,0,2,0.5,0,"298 305 411 408","1 0 1 0","0.0121382 7.19746 0.016602 5.57795","6 1 6 1","721.023 204.632 722.206 207.208","1.55513 0 1.59049 0","0.00371527 0 0.00360462 0",0
0,"Airplane body_wing_rivets.step",408,23662.9,5.92124e-05,657.627,1.45439,1,-82.1531,-2714.73,466.35,4.50018e-09,6413.76,1381.97,9.4569e-05,-0.0082021,1,0.264946,4.06576e-20,60.96,1,0,0,0,4,4.74941e+06,1.0874e+07,0.00498229,0.0021761,0.371337,0.217769,0.593568,1,1,3,2,0,2,0.5,0,"298 409 411 407","1 0 1 0","0.0021761 0.572164 0.00297637 0.179277","6 1 6 0","121.155 207.937 121.327 207.208","1.88369 1.49012e-08 1.25869 0","0.160408 0 0.162093 0",0
0,"Airplane body_wing_rivets.step",409,41356.9,0.000103489,816.053,1.28138,1,-221.073,-2687.44,462.389,4.50018e-09,6413.76,1381.97,9.4569e-05,-0.00082475,1,0.0087957,3.17637e-22,606.244,1,0,0,0,4,4.78656e+06,1.0874e+07,0.0086402,0.00380328,0.431972,0.212218,0.847132,0,2,4,2,0,2,0.5,0,"298 299 411 408","1 0 1 0","0.00380328 0.138634 0.00520195 1.74775","6 1 6 1","198.131 212.22 197.764 207.937","2.07003 0 1.06054 1.49012e-08","0.007064 0 0.0118157 0",0
0,"Airplane body_wing_rivets.step",410,123542,0.000309143,1714.29,1.89298,1,2.06913e-05,-2117.54,-1164.13,4.50018e-09,6413.76,1381.97,9.4569e-05,-0.00468691,1,0.3,3.38813e-21,106.68,1,0,0,0,4,9.41214e+06,1.0874e+07,0.0131258,0.0113612,0.133866,0.13336,0.134373,0,0,2,2,0,0,1,0,"298 411","1 1","0.0113612 0.0155394","6 6","672.238 672.475","1.62408 1.50908","0.0760905 0.0808393",0
0,"Airplane body_wing_rivets.step",411,7.95027e+06,0.0198942,15863.9,2.51901,6,0.025035,-2795.35,-384.309,4.50018e-09,6413.76,1381.97,9.4569e-05,-0.00102708,0.96,0.384982,3.52192e-07,0,2,1,672.475,672.475,25,680737,8.67223e+06,11.6789,0.91675,0.313238,0.0524797,0.984042,2,11,13,13,2,0,0.866667,0.133333,"502 402 312 404 405 406 306 307 304 305 407 408 409 299 410","-1 -1 1 1 1 1 1 1 1 1 1 1 1 1 1","81.5668 0.91675 26.6504 192.236 335.98 60.2336 433.523 54.739 54.7388 433.529 60.2336 335.98 192.236 26.6504 64.3527","6 6 1 1 1 0 1 1 1 1 0 1 1 1 1","262.874 1003.18 929.779 197.764 121.327 722.206 95.0759 240.402 240.403 95.076 722.206 121.327 197.764 929.779 672.475","0.0706516 0.113607 0.836863 1.06054 1.25852 1.59049 1.86146 2.06501 2.06504 1.86156 1.59049 1.25869 1.06054 0.836863 1.50908","0.0424754 0.0691286 0.108779 0.0118157 0.162124 0.00360462 0.141923 0.0175062 0.0174873 0.141907 0.00360462 0.162093 0.0118157 0.108779 0.0808393",0
0,"Airplane body_wing_rivets.step",412,0.225198,5.6352e-10,4.24525,6.36842,1,-3542.66,4701.76,-818.405,4.50018e-09,6413.76,1381.97,9.4569e-05,-1.5625,1,0.3,0,0.32,1,0,0,0,5,6.48661e+06,1.29732e+07,3.47174e-08,1.73587e-08,0.0572745,9.71445e-17,0.114549,1,0,1,1,1,0,0.5,0.5,"330 503","-1 1","1.73587e-08 0.700028","6 0","0.148837 2.01062","1.57075 1.5708","3.64022e-06 7.02167e-17",0
0,"Airplane body_wing_rivets.step",413,0.0358421,8.96887e-11,0.864013,1.65744,0,-4978.89,5527.65,-806.11,4.50018e-09,6413.76,1381.97,9.4569e-05,0,1,2.22045e-16,0,0,1,0,0,0,4,3.2433e+06,1.29732e+07,1.10511e-08,2.76278e-09,0.28384,1.19821e-13,0.5,3,0,1,3,1,0,0.75,0.25,"504 414 330 415","1 1 -1 1","0.134723 0.999997 2.76278e-09 1.00003","0 0 6 0","0.32 0.112011 0.32 0.112002","1.5708 1.0472 1.57075 1.0472","2.22045e-16 2.22045e-16 8.68208e-06 2.22045e-16",0
0,"Airplane body_wing_rivets.step",414,0.0358422,8.9689e-11,0.864014,1.65744,0,-4978.65,5527.51,-806.112,4.50018e-09,6413.76,1381.97,9.4569e-05,0,1,0,0,0,1,0,0,0,4,3.2433e+06,1.29732e+07,1.10511e-08,2.76279e-09,0.288488,5.65797e-13,0.5,3,0,1,3,1,0,0.75,0.25,"504 416 330 413","1 1 -1 1","0.134723 1.00004 2.76279e-09 1","0 0 6 0","0.32 0.112003 0.32 0.112011","1.5708 1.0472 1.57075 1.0472","2.22045e-16 2.22045e-16 7.94709e-06 2.22045e-16",0
0,"Airplane body_wing_rivets.step",415,0.0358409,8.96857e-11,0.864005,1.65747,0,-4978.89,5527.93,-806.082,4.50018e-09,6413.76,1381.97,9.4569e-05,0,1,1.11022e-16,0,0,1,0,0,0,4,3.2433e+06,1.29732e+07,1.10507e-08,2.76268e-09,0.254648,1.72585e-13,0.5,3,0,1,3,1,0,0.75,0.25,"504 413 330 417","1 1 -1 1","0.134718 0.999966 2.76268e-09 0.999963","0 0 6 0","0.32 0.112002 0.32 0.112003","1.5708 1.0472 1.5708 1.0472","2.22045e-16 2.22045e-16 7.35323e-07 2.22045e-16",0
0,"Airplane body_wing_rivets.step",416,0.0358409,8.96857e-11,0.864005,1.65747,0,-4978.41,5527.65,-806.086,4.50018e-09,6413.76,1381.97,9.4569e-05,0,1,1.11022e-16,0,0,1,0,0,0,4,3.2433e+06,1.29732e+07,1.10507e-08,2.76268e-09,0.254648,1.72585e-13,0.5,3,0,1,3,1,0,0.75,0.25,"504 418 330 414","1 1 -1 1","0.134718 0.99997 2.76268e-09 0.999963","0 0 6 0","0.32 0.112002 0.32 0.112003","1.5708 1.0472 1.5708 1.0472","0 2.22045e-16 7.35233e-07 2.22045e-16",0
0,"Airplane body_wing_rivets.step",417,0.0358422,8.9689e-11,0.864014,1.65744,0,-4978.65,5528.06,-806.056,4.50018e-09,6413.76,1381.97,9.4569e-05,0,1,0,0,0,1,0,0,0,4,3.2433e+06,1.29732e+07,1.10511e-08,2.76279e-09,0.288488,5.65797e-13,0.5,3,0,1,3,1,0,0.75,0.25,"504 415 330 418","1 1 -1 1","0.134723 1.00004 2.76279e-09 1.00001","0 0 6 0","0.32 0.112003 0.32 0.112011","1.5708 1.0472 1.57075 1.0472","2.22045e-16 2.22045e-16 7.9455e-06 2.22045e-16",0
0,"Airplane body_wing_rivets.step",418,0.0358419,8.96883e-11,0.864013,1.65745,0,-4978.41,5527.93,-806.058,4.50018e-09,6413.76,1381.97,9.4569e-05,0,1,2.22045e-16,0,0,1,0,0,0,4,3.2433e+06,1.29732e+07,1.10511e-08,2.76276e-09,0.28384,1.19821e-13,0.5,3,0,1,3,1,0,0.75,0.25,"504 417 330 416","1 1 -1 1","0.134722 0.999992 2.76276e-09 1.00003","0 0 6 0","0.32 0.112011 0.32 0.112002","1.5708 1.0472 1.57075 1.0472","2.22045e-16 2.22045e-16 8.68108e-06 2.22045e-16",0
0,"Airplane body_wing_rivets.step",419,0.225199,5.63523e-10,4.24522,6.36829,1,-5349.1,7039.41,-819.001,4.50018e-09,6413.76,1381.97,9.4569e-05,-1.5625,1,0.3,0,0.32,1,0,0,0,5,6.48661e+06,1.29732e+07,3.47176e-08,1.73588e-08,0.028616,2.77556e-17,0.057232,1,0,1,1,1,0,0.5,0.5,"330 505","-1 1","1.73588e-08 0.700031","6 0","1.20259 2.01062","1.57076 1.5708","2.2648e-05 0",0
0,"Airplane body_wing_rivets.step",420,0.0358419,8.96884e-11,0.864012,1.65744,0,-6084.61,7281.71,-806.1,4.50018e-09,6413.76,1381.97,9.4569e-05,0,1,0,0,0,1,0,0,0,4,3.2433e+06,1.29732e+07,1.10511e-08,2.76277e-09,0.264169,7.52454e-14,0.5,3,0,1,3,1,0,0.75,0.25,"506 421 330 422","1 1 -1 1","0.134722 0.999991 2.76277e-09 1.00003","0 0 6 0","0.32 0.11201 0.32 0.112002","1.5708 1.0472 1.57076 1.0472","2.22045e-16 2.22045e-16 9.00806e-06 0",0
0,"Airplane body_wing_rivets.step",421,0.0358423,8.96891e-11,0.864014,1.65743,0,-6084.37,7281.57,-806.098,4.50018e-09,6413.76,1381.97,9.4569e-05,0,1,0,0,0,1,0,0,0,4,3.2433e+06,1.29732e+07,1.10512e-08,2.76279e-09,0.263741,6.89365e-13,0.5,3,0,1,3,1,0,0.75,0.25,"506 423 330 420","1 1 -1 1","0.134724 1.00004 2.76279e-09 1.00001","0 0 6 0","0.32 0.112004 0.32 0.11201","1.5708 1.0472 1.57075 1.0472","0 2.22045e-16 6.9975e-06 2.22045e-16",0
0,"Airplane body_wing_rivets.step",422,0.0358409,8.96857e-11,0.864005,1.65747,0,-6084.61,7281.98,-806.13,4.50018e-09,6413.76,1381.97,9.4569e-05,0,1,0,0,0,1,0,0,0,4,3.2433e+06,1.29732e+07,1.10507e-08,2.76268e-09,0.250427,2.10646e-13,0.5,3,0,1,3,1,0,0.75,0.25,"506 420 330 424","1 1 -1 1","0.134718 0.99997 2.76268e-09 0.999961","0 0 6 0","0.32 0.112002 0.32 0.112004","1.5708 1.0472 1.5708 1.0472","2.22045e-16 0 2.01063e-06 2.22045e-16",0
0,"Airplane body_wing_rivets.step",423,0.0358409,8.96857e-11,0.864005,1.65747,0,-6084.13,7281.71,-806.125,4.50018e-09,6413.76,1381.97,9.4569e-05,0,1,0,0,0,1,0,0,0,4,3.2433e+06,1.29732e+07,1.10507e-08,2.76268e-09,0.250427,2.10646e-13,0.5,3,0,1,3,1,0,0.75,0.25,"506 425 330 421","1 1 -1 1","0.134718 0.99997 2.76268e-09 0.999961","0 0 6 0","0.32 0.112002 0.32 0.112004","1.5708 1.0472 1.5708 1.0472","2.22045e-16 0 2.01058e-06 2.22045e-16",0
0,"Airplane body_wing_rivets.step",424,0.0358423,8.96891e-11,0.864014,1.65743,0,-6084.37,7282.12,-806.157,4.50018e-09,6413.76,1381.97,9.4569e-05,0,1,0,0,0,1,0,0,0,4,3.2433e+06,1.29732e+07,1.10512e-08,2.76279e-09,0.263741,6.89365e-13,0.5,3,0,1,3,1,0,0.75,0.25,"506 422 330 425","1 1 -1 1","0.134724 1.00004 2.76279e-09 1.00001","0 0 6 0","0.32 0.112004 0.32 0.11201","1.5708 1.0472 1.57075 1.0472","0 2.22045e-16 6.99616e-06 2.22045e-16",0
0,"Airplane body_wing_rivets.step",425,0.0358419,8.96884e-11,0.864012,1.65744,0,-6084.13,7281.98,-806.155,4.50018e-09,6413.76,1381.97,9.4569e-05,0,1,0,0,0,1,0,0,0,4,3.2433e+06,1.29732e+07,1.10511e-08,2.76277e-09,0.264169,7.52454e-14,0.5,3,0,1,3,1,0,0.75,0.25,"506 424 330 423","1 1 -1 1","0.134722 0.999991 2.76277e-09 1.00003","0 0 6 0","0.32 0.11201 0.32 0.112002","1.5708 1.0472 1.57076 1.0472","2.22045e-16 2.22045e-16 9.00681e-06 0",0
0,"Airplane body_wing_rivets.step",426,0.225201,5.63526e-10,4.24525,6.36834,1,-6856,7533.84,-793.71,4.50018e-09,6413.76,1381.97,9.4569e-05,-1.5625,1,0.3,0,0.32,1,0,0,0,5,6.48661e+06,1.29732e+07,3.47178e-08,1.73589e-08,0.0178653,1.38778e-17,0.0357306,1,0,1,1,1,0,0.5,0.5,"330 507","-1 1","1.73589e-08 0.700035","6 0","1.10847 2.01062","1.57076 1.5708","2.53171e-05 0",0
0,"Airplane body_wing_rivets.step",427,0.225201,5.63528e-10,4.24522,6.36823,1,-7640.93,7787.29,-782.656,4.50018e-09,6413.76,1381.97,9.4569e-05,-1.5625,1,0.3,0,0.32,1,0,0,0,5,6.48661e+06,1.29732e+07,3.47179e-08,1.7359e-08,0.010699,3.46945e-17,0.0213979,1,0,1,1,1,0,0.5,0.5,"330 508","-1 1","1.7359e-08 0.700037","6 0","1.16461 2.01062","1.57075 1.5708","2.73246e-05 0",0
0,"Airplane body_wing_rivets.step",428,0.225202,5.63529e-10,4.24522,6.36823,1,-6411.87,6347.58,-794.269,4.50018e-09,6413.76,1381.97,9.4569e-05,-1.5625,1,0.3,0,0.32,1,0,0,0,5,6.48661e+06,1.29732e+07,3.47179e-08,1.7359e-08,0.0492326,2.77556e-17,0.0984651,1,0,1,1,1,0,0.5,0.5,"330 509","-1 1","1.7359e-08 0.700038","6 0","1.15985 2.01062","1.57075 1.5708","2.75074e-05 0",0
0,"Airplane body_wing_rivets.step",429,0.225202,5.63531e-10,4.24525,6.36831,1,-7854.95,7171.39,-782.452,4.50018e-09,6413.76,1381.97,9.4569e-05,-1.5625,1,0.3,0,0.32,1,0,0,0,5,6.48661e+06,1.29732e+07,3.47181e-08,1.7359e-08,0.0422865,4.85723e-17,0.084573,1,0,1,1,1,0,0.5,0.5,"330 510","-1 1","1.7359e-08 0.700041","6 0","0.145176 2.01062","1.57072 1.5708","4.78419e-06 0",0
0,"Airplane body_wing_rivets.step",430,47478.2,0.000118806,1566.45,4.11274,0,-9427.24,8283.11,-838.905,4.50018e-09,6413.76,1381.97,9.4569e-05,0,0.76,0,0,0,1,0,0,0,7,50338.9,53328.7,0.94317,0.890292,0.671211,0.668005,0.674417,0,0,2,0,0,2,0,0,"334 335","0 0","1.00273 0.890292","6 6","714.061 294.13","2.5051e-06 4.34239e-06","1.97443e-06 9.96174e-07",0
0,"Airplane body_wing_rivets.step",431,479149,0.00119899,5831.39,5.6476,6,-2846.91,6556.69,-1025.99,4.50018e-09,6413.76,1381.97,9.4569e-05,0.0180978,1,0.388808,2.26002e-07,0,1,0,0,0,4,70713.8,75943.8,6.77589,6.30926,0.118274,0.0719476,0.1646,2,0,0,0,2,0,0,1,"339 337","-1 -1","7.31705 6.30926","0 0","191.509 191.51","1.56578 1.56585","0.0568144 0.120478",0
0,"Airplane body_wing_rivets.step",432,873315,0.00218532,9525.51,8.26791,6,-6809.72,7583.88,-910.491,4.50018e-09,6413.76,1381.97,9.4569e-05,0.0164537,1,0.30734,1.21655e-09,0,1,0,0,0,4,54314.4,63319.5,16.0789,13.7922,0.0439663,0.0439663,0.0439663,2,0,0,0,2,0,0,1,"342 340","-1 -1","19.2745 13.7922","0 0","191.511 191.511","1.57076 1.57076","0.052887 0.0528868",0
0,"Airplane body_wing_rivets.step",433,6.27286e+06,0.0156968,15295.4,2.9679,6,1922.45,14579.4,3950.51,4.50018e-09,6413.76,1381.97,9.4569e-05,-0.0022353,0.64,0.44946,4.30343e-06,0,1,0,0,0,19,562639,3.02079e+06,11.149,2.07657,0.427177,0.0664052,0.875469,3,0,4,5,0,2,0.714286,0,"434 511 512 513 514 345 344","1 1 1 1 0 0 1","2.07657 59.0465 9.33141 193.292 73.2355 532.731 671.6","6 0 0 0 6 6 6","474.44 977.269 3693.72 462.851 809.952 357.51 0.638934","2.91567 1.57358 1.43953 1.56538 2.3985e-05 0.000135032 2.91648","0.00133072 0.00170269 0.0158446 0.0034977 1.57479e-05 0.000223978 0.0111132",0
0,"Airplane body_wing_rivets.step",434,3.02079e+06,0.007559,13849.4,5.05281,6,1766.63,14815.3,4106.51,4.50018e-09,6413.76,1381.97,9.4569e-05,6.48927e-06,0.44,0.00031745,5.58954e-11,0,1,0,0,0,10,1.03356e+06,6.27286e+06,2.92271,0.481564,0.440747,0.010112,0.875469,3,0,4,4,0,3,0.571429,0,"512 511 433 344 514 515 513","1 1 1 0 0 0 1","4.49367 28.4347 0.481564 323.419 35.2676 53.8238 93.0827","0 0 6 6 6 6 0","3693.73 977.308 474.44 1824.56 0.0281595 0.009424 462.894","1.43882 1.57374 2.91567 0.000121371 0.000800283 6.27343e-05 1.56555","0.0158577 0.00182484 0.00133072 0.000188868 4.79472e-05 3.4577e-08 0.00334242",0
0,"Airplane body_wing_rivets.step",435,260155,0.000650994,3663.2,4.10467,0,-0.00970256,13730.8,4309.9,4.50018e-09,6413.76,1381.97,9.4569e-05,0,0.84,0,0,0,1,0,0,0,6,145655,161136,1.7861,1.61451,0.711629,0.686442,0.736815,0,0,2,0,0,2,0,0,"348 393","0 0","1.61451 1.9985","6 6","1489.2 1549.21","5.25216e-06 2.18301e-06","5.10168e-06 2.04518e-06",0
0,"Airplane body_wing_rivets.step",436,6.27256e+06,0.015696,15295.5,2.96806,6,-1922.54,14579.4,3950.51,4.50018e-09,6413.76,1381.97,9.4569e-05,0.0022353,0.64,0.44946,4.30343e-06,0,1,0,0,0,21,437591,3.02064e+06,14.3343,2.07657,0.528056,0.0664052,0.875469,3,0,6,5,0,4,0.555556,0,"516 517 463 518 392 349 390 391 519","1 1 1 0 0 0 0 1 1","9.33096 193.283 2.07657 73.2105 23828.5 5095.1 612.216 671.686 59.0437","0 0 6 6 6 6 6 6 0","3693.72 462.851 533.4 809.842 55.1647 302.407 65.9643 0.639064 977.269","1.43953 1.56538 2.83173 2.39905e-05 4.54076e-05 4.95345e-05 0.000247275 2.91648 1.57358","0.0158446 0.0034977 0.00637053 1.57518e-05 7.15024e-05 6.12124e-05 0.00023086 0.0111185 0.00170269",0
0,"Airplane body_wing_rivets.step",437,92786.8,0.000232183,1818.67,2.83668,4,-1718.92,11100.4,695.099,4.50018e-09,6413.76,1381.97,9.4569e-05,-0.0112445,1,0.429739,6.96628e-09,45.72,1,0,0,0,4,157840,303881,0.587852,0.305339,0.865988,0.670319,0.940164,2,0,2,0,0,4,0,0,"438 452 370 351","0 0 0 0","0.3062 3.91581 0.305339 122.314","0 4 0 6","700.882 143.634 700.882 273.27","0 4.21468e-09 0 0.000100656","0 8.42937e-09 0 7.5607e-05",0
0,"Airplane body_wing_rivets.step",438,303026,0.000758272,2732.8,1.96122,0,-1629.6,10821.3,849.071,4.50018e-09,6413.76,1381.97,9.4569e-05,0,0.76,0,0,0,1,0,0,0,4,77297,191296,3.92029,1.58407,0.893689,0.7403,0.952849,0,0,4,0,0,4,0,0,"439 452 437 352","0 0 0 0","1.58407 12.7884 3.26584 214.974","4 4 4 6","1303.91 100.8 700.882 627.211","1.49012e-09 0 0 0","4.47035e-09 0 0 0",0
0,"Airplane body_wing_rivets.step",439,191296,0.000478686,2898.38,3.49458,4,-1490.09,10752.6,923.926,4.50018e-09,6413.76,1381.97,9.4569e-05,-0.0111825,1,0.433163,4.49002e-09,45.72,1,0,0,0,6,105971,303881,1.80518,0.629511,0.703488,0.203952,0.941445,2,0,4,0,0,6,0,0,"440 369 370 452 438 353","0 0 0 0 0 0","73.8653 72.8889 0.629511 8.07314 0.631286 29860.1","6 6 0 4 0 6","70.0556 71.8168 1306.13 143.634 1303.91 2.83801","3.86158e-08 3.94027e-08 0 5.7048e-09 1.49012e-09 1.13048e-05","3.96615e-08 4.92141e-08 0 8.85876e-09 4.47035e-09 4.90653e-06",0
0,"Airplane body_wing_rivets.step",440,2589.8,6.48053e-06,213.813,1.40473,6,-1586.32,10086.8,865.343,4.50018e-09,6413.76,1381.97,9.4569e-05,-0.00636458,1,0.237598,9.64282e-06,0,1,0,0,0,4,48058.3,191296,0.0538887,0.0135382,0.675901,0.203952,0.917461,0,2,4,1,0,3,0.25,0,"355 441 439 354","1 0 0 0","6.28408 5.53508 0.0135382 45.5245","1 1 4 6","49.6646 56.014 70.0556 38.0789","2.56391 4.5959e-05 3.86158e-08 0.00399635","0.0988586 3.91386e-05 3.96615e-08 0.00247104",0
0,"Airplane body_wing_rivets.step",441,467.888,1.17081e-06,140.551,3.35984,1,-1567.47,10066.2,846.549,4.50018e-09,6413.76,1381.97,9.4569e-05,-0.000328084,0.36,0.000151456,0,1524,1,0,0,0,4,1509.26,2624.49,0.310011,0.178277,0.78982,0.74371,0.839135,0,2,4,2,0,2,0.5,0,"440 355 368 369","0 1 1 0","0.180666 1.13532 1.13944 0.178277","6 1 1 6","56.014 14.2617 14.2617 56.014","4.5959e-05 2.39927 2.39927 4.56295e-05","3.91386e-05 4.44089e-16 4.44089e-16 3.86918e-05",0
0,"Airplane body_wing_rivets.step",442,467.888,1.17081e-06,140.551,3.35984,1,-2394.93,10066.2,846.549,4.50018e-09,6413.76,1381.97,9.4569e-05,-0.000328084,0.36,0.000151456,0,1524,1,0,0,0,4,1509.26,2624.49,0.310011,0.178277,0.78982,0.74371,0.839135,0,2,4,2,0,2,0.5,0,"460 384 356 357","0 1 1 0","0.180666 1.13532 1.13944 0.178277","6 1 1 6","56.014 14.2617 14.2617 56.014","4.5959e-05 2.39927 2.39927 4.56296e-05","3.91386e-05 4.44089e-16 4.44089e-16 3.86917e-05",0
0,"Airplane body_wing_rivets.step",443,191296,0.000478686,2898.38,3.49458,4,-2472.31,10752.6,923.926,4.50018e-09,6413.76,1381.97,9.4569e-05,-0.0111825,1,0.433163,4.49002e-09,45.72,1,0,0,0,6,105971,303881,1.80518,0.629511,0.703488,0.203952,0.941445,2,0,4,0,0,6,0,0,"460 357 358 445 459 382","0 0 0 0 0 0","73.8653 72.8889 0.629511 8.07314 0.631286 29860.1","6 6 0 4 0 6","70.0556 71.8168 1306.13 143.634 1303.91 2.83801","3.73134e-08 4.12326e-08 1.49012e-09 8.06781e-09 0 1.13044e-05","4.06168e-08 4.88415e-08 4.47035e-09 1.06088e-08 0 4.90634e-06",0
0,"Airplane body_wing_rivets.step",444,92786.8,0.000232183,1818.67,2.83668,4,-2243.48,11100.4,695.099,4.50018e-09,6413.76,1381.97,9.4569e-05,-0.0112445,1,0.429739,6.96628e-09,45.72,1,0,0,0,4,157840,303881,0.587852,0.305339,0.865988,0.670319,0.940164,2,0,2,0,0,4,0,0,"459 445 358 359","0 0 0 0","0.3062 3.91581 0.305339 122.314","0 4 0 6","700.882 143.634 700.882 273.27","0 2.98023e-09 0 0.000100657","0 5.96046e-09 0 7.56069e-05",0
0,"Airplane body_wing_rivets.step",445,23695.4,5.92937e-05,488.867,0.802616,4,-2364.75,11430.1,816.364,4.50018e-09,6413.76,1381.97,9.4569e-05,-0.0155181,1,0.462246,6.05335e-07,45.72,1,0,0,0,4,222748,303881,0.106378,0.077976,0.929696,0.899782,0.952849,2,0,2,0,0,4,0,0,"443 358 444 459","0 0 0 0","0.123868 0.077976 0.255375 0.0781958","4 0 4 0","143.634 100.8 143.634 100.8","8.06781e-09 3.59746e-09 2.98023e-09 0","1.06088e-08 7.3261e-09 5.96046e-09 0",0
0,"Airplane body_wing_rivets.step",446,14079.2,3.52309e-05,3549.18,71.1977,0,-1981.2,10816.8,432.816,4.50018e-09,6413.76,1381.97,9.4569e-05,0,0,0,0,0,2,1,1749.66,1749.66,2,81066.3,100119,0.173676,0.140625,0.265469,0.138488,0.392449,0,0,2,0,0,2,0,0,"520 361","0 0","0.140625 0.227035","4 4","1749.66 1799.51","0 0","0 0",0
0,"Airplane body_wing_rivets.step",447,92786.8,0.000232183,1818.67,2.83668,4,-1718.92,11100.4,170.533,4.50018e-09,6413.76,1381.97,9.4569e-05,-0.0112445,1,0.429739,6.96628e-09,45.72,1,0,0,0,4,157840,303881,0.587852,0.305339,0.865988,0.670319,0.940164,2,0,2,0,0,4,0,0,"448 458 379 363","0 0 0 0","0.3062 3.91581 0.305339 122.314","0 4 0 6","700.882 143.634 700.882 273.27","0 8.06781e-09 0 0.000100657","0 8.25453e-09 0 7.56069e-05",0
0,"Airplane body_wing_rivets.step",448,303026,0.000758272,2732.8,1.96122,0,-1564.94,10821.3,81.2185,4.50018e-09,6413.76,1381.97,9.4569e-05,0,0.76,0,0,0,1,0,0,0,4,77297,191296,3.92029,1.58407,0.893689,0.7403,0.952849,0,0,4,0,0,4,0,0,"449 458 447 364","0 0 0 0","1.58407 12.7884 3.26584 214.974","4 4 4 6","1303.91 100.8 700.882 627.211","3.59746e-09 2.10734e-09 0 1.20268e-08","7.3261e-09 6.32203e-09 0 1.66505e-08",0
0,"Airplane body_wing_rivets.step",449,191296,0.000478686,2898.38,3.49458,4,-1490.09,10752.6,-58.2943,4.50018e-09,6413.76,1381.97,9.4569e-05,-0.0111825,1,0.433163,4.49002e-09,45.72,1,0,0,0,6,105971,303881,1.80518,0.629511,0.703488,0.203952,0.941445,2,0,4,0,0,6,0,0,"450 378 379 458 448 365","0 0 0 0 0 0","73.8653 72.8889 0.629511 8.07314 0.631286 29860.1","6 6 0 4 0 6","70.0556 71.8168 1306.13 143.634 1303.91 2.83801","3.7226e-08 4.46548e-08 0 4.47035e-09 3.59746e-09 1.1304e-05","4.15072e-08 4.64563e-08 0 6.82857e-09 7.3261e-09 4.90628e-06",0
0,"Airplane body_wing_rivets.step",450,2589.8,6.48053e-06,213.813,1.40473,6,-1548.67,10086.8,37.9375,4.50018e-09,6413.76,1381.97,9.4569e-05,-0.00636458,1,0.237598,9.64282e-06,0,1,0,0,0,4,48058.3,191296,0.0538887,0.0135382,0.675901,0.203952,0.917461,0,2,4,1,0,3,0.25,0,"367 451 449 366","1 0 0 0","6.28408 5.53508 0.0135382 45.5245","1 1 4 6","49.6646 56.014 70.0556 38.0789","2.56391 4.5959e-05 3.7226e-08 0.00399636","0.0988586 3.91386e-05 4.15072e-08 0.00247104",0
0,"Airplane body_wing_rivets.step",451,467.888,1.17081e-06,140.551,3.35984,1,-1567.47,10066.2,19.083,4.50018e-09,6413.76,1381.97,9.4569e-05,-0.000328084,0.36,0.000151456,0,1524,1,0,0,0,4,1509.26,2624.49,0.310011,0.178277,0.78982,0.74371,0.839135,0,2,4,2,0,2,0.5,0,"450 367 377 378","0 1 1 0","0.180666 1.13532 1.13944 0.178277","6 1 1 6","56.014 14.2617 14.2617 56.014","4.5959e-05 2.39927 2.39927 4.56296e-05","3.91386e-05 4.44089e-16 4.44089e-16 3.86918e-05",0
0,"Airplane body_wing_rivets.step",452,23695.4,5.92937e-05,488.867,0.802616,4,-1597.65,11430.1,816.364,4.50018e-09,6413.76,1381.97,9.4569e-05,-0.0155181,1,0.462246,6.05335e-07,45.72,1,0,0,0,4,222748,303881,0.106378,0.077976,0.929696,0.899782,0.952849,2,0,2,0,0,4,0,0,"439 370 437 438","0 0 0 0","0.123868 0.077976 0.255375 0.0781958","4 0 4 0","143.634 100.8 143.634 100.8","5.7048e-09 0 4.21468e-09 0","8.85876e-09 0 8.42937e-09 0",0
0,"Airplane body_wing_rivets.step",453,92786.8,0.000232183,1818.67,2.83668,4,-2243.48,11100.4,170.533,4.50018e-09,6413.76,1381.97,9.4569e-05,-0.0112445,1,0.429739,6.96628e-09,45.72,1,0,0,0,4,157840,303881,0.587852,0.305339,0.865988,0.670319,0.940164,2,0,2,0,0,4,0,0,"454 461 387 372","0 0 0 0","0.3062 3.91581 0.305339 122.314","0 4 0 6","700.882 143.634 700.882 273.27","0 7.19492e-09 0 0.000100656","0 9.02552e-09 0 7.5607e-05",0
0,"Airplane body_wing_rivets.step",454,303026,0.000758272,2732.8,1.96122,0,-2332.8,10821.3,16.5606,4.50018e-09,6413.76,1381.97,9.4569e-05,0,0.76,0,0,0,1,0,0,0,4,77297,191296,3.92029,1.58407,0.893689,0.7403,0.952849,0,0,4,0,0,4,0,0,"455 461 453 373","0 0 0 0","1.58407 12.7884 3.26584 214.974","4 4 4 6","1303.91 100.8 700.882 627.211","0 0 0 1.14524e-08","0 0 0 1.49705e-08",0
0,"Airplane body_wing_rivets.step",455,191296,0.000478686,2898.38,3.49458,4,-2472.31,10752.6,-58.2937,4.50018e-09,6413.76,1381.97,9.4569e-05,-0.0111825,1,0.433163,4.49002e-09,45.72,1,0,0,0,6,105971,303881,1.80518,0.629511,0.703488,0.203952,0.941445,2,0,4,0,0,6,0,0,"456 386 387 461 454 374","0 0 0 0 0 0","73.8653 72.8889 0.629511 8.07314 0.631286 29860.1","6 6 0 4 0 6","70.0556 71.8168 1306.13 143.634 1303.91 2.83801","3.48791e-08 4.22247e-08 2.98023e-09 5.96046e-09 0 1.13044e-05","4.27254e-08 4.77545e-08 5.96046e-09 7.30005e-09 0 4.9064e-06",0
0,"Airplane body_wing_rivets.step",456,2589.8,6.48053e-06,213.813,1.40473,6,-2376.08,10086.8,0.288521,4.50018e-09,6413.76,1381.97,9.4569e-05,-0.00636458,1,0.237598,9.64282e-06,0,1,0,0,0,4,48058.3,191296,0.0538887,0.0135382,0.675901,0.203952,0.917461,0,2,4,1,0,3,0.25,0,"376 457 455 375","1 0 0 0","6.28408 5.53508 0.0135382 45.5245","1 1 4 6","49.6646 56.014 70.0556 38.0789","2.56391 4.5959e-05 3.48791e-08 0.00399636","0.0988586 3.91386e-05 4.27254e-08 0.00247104",0
0,"Airplane body_wing_rivets.step",457,467.888,1.17081e-06,140.551,3.35984,1,-2394.93,10066.2,19.083,4.50018e-09,6413.76,1381.97,9.4569e-05,-0.000328084,0.36,0.000151456,1.32349e-23,1524,1,0,0,0,4,1509.26,2624.49,0.310011,0.178277,0.78982,0.74371,0.839135,0,2,4,2,0,2,0.5,0,"456 376 385 386","0 1 1 0","0.180666 1.13532 1.13944 0.178277","6 1 1 6","56.014 14.2617 14.2617 56.014","4.5959e-05 2.39927 2.39927 4.56295e-05","3.91386e-05 4.44089e-16 4.44089e-16 3.86918e-05",0
0,"Airplane body_wing_rivets.step",458,23695.4,5.92937e-05,488.867,0.802616,4,-1597.65,11430.1,49.2678,4.50018e-09,6413.76,1381.97,9.4569e-05,-0.0155181,1,0.462246,6.05335e-07,45.72,1,0,0,0,4,222748,303881,0.106378,0.077976,0.929696,0.899782,0.952849,2,0,2,0,0,4,0,0,"449 379 447 448","0 0 0 0","0.123868 0.077976 0.255375 0.0781958","4 0 4 0","143.634 100.8 143.634 100.8","4.47035e-09 0 8.06781e-09 2.10734e-09","6.82857e-09 0 8.25453e-09 6.32203e-09",0
0,"Airplane body_wing_rivets.step",459,303026,0.000758272,2732.8,1.96122,0,-2397.46,10821.3,784.414,4.50018e-09,6413.76,1381.97,9.4569e-05,0,0.76,0,0,0,1,0,0,0,4,77297,191296,3.92029,1.58407,0.893689,0.7403,0.952849,0,0,4,0,0,4,0,0,"443 445 444 381","0 0 0 0","1.58407 12.7884 3.26584 214.974","4 4 4 6","1303.91 100.8 700.882 627.211","0 0 0 1.94179e-08","0 0 0 2.74841e-08",0
0,"Airplane body_wing_rivets.step",460,2589.8,6.48053e-06,213.813,1.40473,6,-2413.73,10086.8,827.695,4.50018e-09,6413.76,1381.97,9.4569e-05,-0.00636458,1,0.237598,9.64282e-06,0,1,0,0,0,4,48058.3,191296,0.0538887,0.0135382,0.675901,0.203952,0.917461,0,2,4,1,0,3,0.25,0,"384 442 443 383","1 0 0 0","6.28408 5.53508 0.0135382 45.5245","1 1 4 6","49.6646 56.014 70.0556 38.0789","2.56391 4.5959e-05 3.73134e-08 0.00399637","0.0988586 3.91386e-05 4.06168e-08 0.00247105",0
0,"Airplane body_wing_rivets.step",461,23695.4,5.92937e-05,488.867,0.802616,4,-2364.75,11430.1,49.2678,4.50018e-09,6413.76,1381.97,9.4569e-05,-0.0155181,1,0.462246,6.05335e-07,45.72,1,0,0,0,4,222748,303881,0.106378,0.077976,0.929696,0.899782,0.952849,2,0,2,0,0,4,0,0,"455 387 453 454","0 0 0 0","0.123868 0.077976 0.255375 0.0781958","4 0 4 0","143.634 100.8 143.634 100.8","5.96046e-09 0 7.19492e-09 0","7.30005e-09 0 9.02552e-09 0",0
0,"Airplane body_wing_rivets.step",462,191189,0.000478418,7438.56,23.0306,4,-1981.2,7324.5,432.816,4.50018e-09,6413.76,1381.97,9.4569e-05,-0.0157961,1,0.531041,5.28068e-08,30.48,1,0,0,0,4,5.30503e+06,1.05511e+07,0.0360392,0.0181203,0.878264,0.8217,0.934828,1,0,1,0,0,2,0,0,"521 389","0 0","0.0181203 3.24073","7 0","3572.06 3761.25","0 0","0 0",0
0,"Airplane body_wing_rivets.step",463,3.02064e+06,0.00755864,13849.4,5.05305,6,-1766.71,14815.4,4106.51,4.50018e-09,6413.76,1381.97,9.4569e-05,-6.48927e-06,0.44,0.00031745,5.58954e-11,0,1,0,0,0,10,1.03352e+06,6.27256e+06,2.92268,0.481564,0.440679,0.010112,0.875469,3,0,4,4,0,3,0.571429,0,"436 391 518 522 517 516 519","1 0 0 0 1 1 1","0.481564 323.46 35.2555 53.8212 93.0783 4.49346 28.4333","6 6 6 6 0 0 0","474.439 1824.56 0.0281604 0.009424 462.894 3693.73 977.308","2.91567 5.42932e-05 0.000763374 6.27347e-05 1.56555 1.43882 1.57374","0.00133072 8.02859e-05 5.28378e-05 3.45785e-08 0.00334242 0.0158577 0.00182484",0
0,"Airplane body_wing_rivets.step",464,758.593,1.89825e-06,614.863,39.6586,6,1748.42,10771.9,662.443,4.50018e-09,6413.76,1381.97,9.4569e-05,-0.323784,0.92,0.298222,1.8553e-05,0,1,0,0,0,6,169010,506690,0.00448844,0.00149716,0.660174,0.126369,0.987871,1,1,5,1,1,4,0.166667,0.166667,"394 475 395 483 523 465","0 1 0 0 0 -1","0.00698732 0.939622 0.00149716 0.538165 0.00818265 0.00249635","7 1 7 6 4 0","96.562 146.253 63.7488 2.2122 273.27 32.8177","6.01549e-05 2.51764 0.00018641 4.21468e-09 0.000100656 0.703114","5.89031e-05 0.108778 0.000177053 8.42937e-09 7.5607e-05 0.414111",0
0,"Airplane body_wing_rivets.step",465,303881,0.00076041,2736.48,1.96097,0,1565.08,10820.2,784.273,4.50018e-09,6413.76,1381.97,9.4569e-05,0,0.76,0,0,0,1,0,0,0,5,83405,191296,3.64344,1.58853,0.889079,0.623068,0.987871,0,0,5,0,2,3,0,0.4,"523 464 394 524 525","0 -1 -1 0 0","3.27784 400.584 2.79901 1.58853 12.8245","4 6 7 4 4","700.882 32.8177 595.848 1306.13 100.8","0 0.703114 1.47919 1.49012e-09 0","0 0.414111 0.00923123 4.47035e-09 0",0
0,"Airplane body_wing_rivets.step",466,2624.49,6.56735e-06,216.679,1.42357,6,1548.67,10087,827.344,4.50018e-09,6413.76,1381.97,9.4569e-05,-0.00623577,1,0.246006,1.02634e-05,0,1,0,0,0,4,75185.5,191296,0.0349069,0.0137195,0.769461,0.733576,0.832643,0,2,4,1,1,2,0.25,0.25,"467 526 524 394","1 0 0 -1","6.39132 5.60924 0.0137195 0.0241739","1 1 4 7","59.005 56.014 71.8168 29.8432","2.51374 4.56297e-05 4.39461e-08 1.21636","0.148661 3.86918e-05 4.61752e-08 0.162336",0
0,"Airplane body_wing_rivets.step",467,410.634,1.02754e-06,136.753,3.6242,1,1551.34,10068.3,817.03,4.50018e-09,6413.76,1381.97,9.4569e-05,-0.000117173,0.24,3.02609e-06,0,4267.2,1,0,0,0,3,37219.8,108567,0.0110327,0.0037823,0.735384,0.721856,0.743793,0,1,3,2,1,0,0.666667,0.333333,"394 466 526","-1 1 1","0.0037823 0.156462 0.877633","7 6 1","63.4867 59.005 14.2617","3.07575 2.51374 2.39927","0.013115 0.148661 0",0
0,"Airplane body_wing_rivets.step",468,412.118,1.03125e-06,139.977,3.78339,1,1551.32,10068.4,48.6529,4.50018e-09,6413.76,1381.97,9.4569e-05,-0.000117173,0.24,3.2545e-06,0,4267.2,1,0,0,0,4,27920.4,108567,0.0147604,0.00379597,0.749291,0.721894,0.788503,0,1,4,3,1,0,0.75,0.25,"527 528 469 394","1 1 1 -1","0.880804 0.159131 7.24436 0.00379597","1 6 6 7","14.2617 49.6646 10.8926 65.158","2.39927 2.56391 2.61836 3.07515","0 0.0988586 0.177712 0.013475",0
0,"Airplane body_wing_rivets.step",469,56.8881,1.42353e-07,78.4192,8.60229,6,1548.25,10107.1,64.8725,4.50018e-09,6413.76,1381.97,9.4569e-05,-0.325551,0.92,0.100661,1.40147e-06,0,1,0,0,0,4,27893.9,108567,0.00203945,0.00052399,0.908499,0.788503,0.987582,0,1,4,1,0,3,0.25,0,"528 470 394 468","0 0 0 1","0.0219662 8.87985 0.00052399 0.138038","6 6 7 1","38.0789 2.22449 27.2232 10.8926","0.00399637 4.47035e-09 0.000502119 2.61836","0.00247105 6.82857e-09 0.000236857 0.177712",0
0,"Airplane body_wing_rivets.step",470,6.40642,1.6031e-08,10.2055,1.29373,6,1550.53,10122.9,67.5094,4.50018e-09,6413.76,1381.97,9.4569e-05,-0.325258,1,0.178736,1.15026e-06,0,1,0,0,0,4,75332.5,191296,8.50419e-05,3.34895e-05,0.846819,0.463183,0.996419,0,0,4,0,0,4,0,0,"529 471 394 469","0 0 0 0","3.34895e-05 0.00454487 5.90088e-05 0.112614","4 6 7 6","2.83801 2.26972 2.8733 2.22449","1.1304e-05 1.49012e-09 4.80647e-08 4.47035e-09","4.90626e-06 4.47035e-09 1.99682e-08 6.82857e-09",0
0,"Airplane body_wing_rivets.step",471,1409.59,3.52727e-06,1258.57,89.423,6,1616.4,10421.9,133.379,4.50018e-09,6413.76,1381.97,9.4569e-05,-0.327952,1,0.176976,9.73094e-09,0,1,0,0,0,4,103090,303026,0.0136735,0.00465172,0.837895,0.652808,0.996419,1,0,3,0,0,4,0,0,"530 472 394 470","0 0 0 0","0.00465172 1.85817 0.0129836 220.028","0 6 7 6","627.211 2.2122 626.874 2.26972","1.05367e-08 5.96046e-09 8.26025e-05 1.49012e-09","1.69899e-08 7.30005e-09 0.000112206 4.47035e-09",0
0,"Airplane body_wing_rivets.step",472,758.593,1.89825e-06,614.863,39.6586,6,1751.57,10771.9,200.037,4.50018e-09,6413.76,1381.97,9.4569e-05,-0.323784,0.92,0.298222,1.8553e-05,0,1,0,0,0,6,169010,506690,0.00448844,0.00149716,0.655891,0.126369,0.987871,1,1,5,1,1,4,0.166667,0.166667,"397 473 394 471 531 494","0 1 0 0 0 -1","0.00149716 0.939622 0.00698732 0.538165 0.00818265 0.00249635","7 1 7 6 4 0","96.562 146.253 63.7488 2.2122 273.27 32.8177","6.01549e-05 2.51764 0.000186411 5.96046e-09 0.000100657 0.703114","5.89037e-05 0.108778 0.000177052 7.30005e-09 7.56069e-05 0.414111",0
0,"Airplane body_wing_rivets.step",473,807.339,2.02023e-06,269.968,7.18385,1,1762.75,10808,214.365,4.50018e-09,6413.76,1381.97,9.4569e-05,-0.000117173,0.2,1.42536e-06,1.65436e-24,4267.2,1,0,0,0,4,169507,506690,0.00476286,0.00159336,0.483774,0.126369,0.764921,0,0,4,1,3,0,0.25,0.75,"474 394 472 397","-1 -1 1 -1","0.0130187 0.00743631 1.06426 0.00159336","4 7 6 7","50.9467 36.3841 146.253 36.3841","2.94689 3.03947 2.51764 3.03951","0.0434636 0.0102902 0.108778 0.0102891",0
0,"Airplane body_wing_rivets.step",474,62013.7,0.000155179,3844.48,18.9661,4,1981.2,10811.1,432.816,4.50018e-09,6413.76,1381.97,9.4569e-05,-0.0172275,1,0.505862,1.16559e-07,30.48,1,0,0,0,12,182883,506690,0.33909,0.12239,0.371952,0.138488,0.545808,1,4,8,0,4,5,0,0.444444,"532 394 475 395 484 396 493 397 473","0 0 -1 0 -1 0 -1 0 -1","4.40462 0.571201 76.8124 0.12239 76.8124 0.12239 76.8124 0.12239 76.8124","0 7 1 7 1 7 1 7 1","1799.51 221.846 50.9467 443.692 50.9467 443.692 50.9467 443.692 50.9467","0 2.98023e-09 2.94689 5.96046e-09 2.94689 1.01751e-08 2.94689 9.55792e-09 2.94689","0 5.96046e-09 0.0434636 7.30005e-09 0.0434636 8.60825e-09 0.0434636 8.00483e-09 0.0434636",0
0,"Airplane body_wing_rivets.step",475,807.339,2.02023e-06,269.968,7.18385,1,1762.75,10808,651.267,4.50018e-09,6413.76,1381.97,9.4569e-05,-0.000117173,0.2,1.42536e-06,1.65436e-24,4267.2,1,0,0,0,4,169507,506690,0.00476286,0.00159336,0.528099,0.126369,0.764921,0,0,4,1,3,0,0.25,0.75,"474 395 464 394","-1 -1 1 -1","0.0130187 0.00159336 1.06426 0.00743631","4 7 6 7","50.9467 36.3841 146.253 36.3841","2.94689 3.03947 2.51764 3.03951","0.0434636 0.0102902 0.108778 0.0102891",0
0,"Airplane body_wing_rivets.step",476,758.593,1.89825e-06,614.863,39.6586,6,2210.83,10771.9,665.595,4.50018e-09,6413.76,1381.97,9.4569e-05,-0.323784,0.92,0.298222,1.8553e-05,0,1,0,0,0,6,235364,506690,0.00322306,0.00149716,0.664203,0.126369,0.987871,1,1,5,1,1,4,0.166667,0.166667,"395 484 396 492 533 477","0 1 0 0 0 -1","0.00149716 0.939622 0.00149716 0.538165 0.00818265 0.00249635","7 1 7 6 4 0","96.562 146.253 63.7488 2.2122 273.27 32.8177","6.01546e-05 2.51764 0.000186411 8.68503e-09 0.000100657 0.703114","5.89036e-05 0.108778 0.000177053 8.94435e-09 7.56069e-05 0.414111",0
0,"Airplane body_wing_rivets.step",477,303881,0.00076041,2736.48,1.96097,0,2332.66,10820.2,848.931,4.50018e-09,6413.76,1381.97,9.4569e-05,0,0.76,0,0,0,1,0,0,0,5,163029,506690,1.86396,0.599737,0.896575,0.660547,0.987871,0,0,5,0,2,3,0,0.4,"533 476 395 534 535","0 -1 -1 0 0","3.27784 400.584 0.599737 1.58853 12.8245","4 6 7 4 4","700.882 32.8177 595.848 1306.13 100.8","0 0.703114 1.47919 0 2.10734e-09","0 0.414111 0.00923123 0 6.32203e-09",0
0,"Airplane body_wing_rivets.step",478,2624.49,6.56735e-06,216.679,1.42357,6,2375.73,10087,865.347,4.50018e-09,6413.76,1381.97,9.4569e-05,-0.00623577,1,0.246006,1.02634e-05,0,1,0,0,0,4,174716,506690,0.0150215,0.00517969,0.788514,0.740503,0.832643,0,2,4,1,1,2,0.25,0.25,"479 536 534 395","1 0 0 -1","6.39132 5.60924 0.0137195 0.00517969","1 1 4 7","59.005 56.014 71.8168 29.8432","2.51374 4.56296e-05 4.44301e-08 1.21636","0.148661 3.86918e-05 4.6193e-08 0.162336",0
0,"Airplane body_wing_rivets.step",479,410.634,1.02754e-06,136.753,3.6242,1,2365.41,10068.3,862.679,4.50018e-09,6413.76,1381.97,9.4569e-05,-0.000117173,0.24,3.02609e-06,1.65436e-24,4267.2,1,0,0,0,3,169927,506690,0.00241653,0.000810425,0.737768,0.729007,0.743793,0,1,3,2,1,0,0.666667,0.333333,"395 478 536","-1 1 1","0.000810425 0.156462 0.877633","7 6 1","63.4867 59.005 14.2617","3.07575 2.51374 2.39927","0.013115 0.148661 0",0
0,"Airplane body_wing_rivets.step",480,412.118,1.03125e-06,139.977,3.78339,1,1597.04,10068.4,862.698,4.50018e-09,6413.76,1381.97,9.4569e-05,-0.000117173,0.24,3.2545e-06,0,4267.2,1,0,0,0,4,127451,506690,0.00323354,0.000813353,0.751075,0.729029,0.788503,0,1,4,3,1,0,0.75,0.25,"526 537 481 395","1 1 1 -1","0.880804 0.159131 7.24436 0.000813353","1 6 6 7","14.2617 49.6646 10.8926 65.158","2.39927 2.56391 2.61836 3.07515","0 0.0988586 0.177712 0.013475",0
0,"Airplane body_wing_rivets.step",481,56.8881,1.42353e-07,78.4192,8.60229,6,1613.26,10107.1,865.768,4.50018e-09,6413.76,1381.97,9.4569e-05,-0.325551,0.92,0.100661,1.40147e-06,0,1,0,0,0,4,127424,506690,0.000446445,0.000112274,0.916795,0.788503,0.987582,0,1,4,1,0,3,0.25,0,"537 482 395 480","0 0 0 1","0.0219662 8.87985 0.000112274 0.138038","6 6 7 1","38.0789 2.22449 27.2232 10.8926","0.00399635 5.96046e-09 0.000502105 2.61836","0.00247104 7.30005e-09 0.00023685 0.177712",0
0,"Airplane body_wing_rivets.step",482,6.40642,1.6031e-08,10.2055,1.29373,6,1615.89,10122.9,863.487,4.50018e-09,6413.76,1381.97,9.4569e-05,-0.325258,1,0.178736,1.15026e-06,0,1,0,0,0,4,174863,506690,3.66368e-05,1.26437e-05,0.855661,0.463183,0.996419,0,0,4,0,0,4,0,0,"524 483 395 481","0 0 0 0","3.34895e-05 0.00454487 1.26437e-05 0.112614","4 6 7 6","2.83801 2.26972 2.8733 2.22449","1.13048e-05 0 5.05463e-08 5.96046e-09","4.90652e-06 0 1.69481e-08 7.30005e-09",0
0,"Airplane body_wing_rivets.step",483,1409.59,3.52727e-06,1258.57,89.423,6,1681.76,10421.9,797.611,4.50018e-09,6413.76,1381.97,9.4569e-05,-0.327952,1,0.176976,9.73143e-09,0,1,0,0,0,4,202620,506690,0.00695682,0.00278197,0.844284,0.652808,0.996419,1,0,3,0,0,4,0,0,"538 464 395 482","0 0 0 0","0.00465172 1.85817 0.00278197 220.028","0 6 7 6","627.211 2.2122 626.874 2.26972","0 4.21468e-09 8.26171e-05 0","0 8.42937e-09 0.000112225 0",0
0,"Airplane body_wing_rivets.step",484,807.339,2.02023e-06,269.968,7.18385,1,2199.65,10808,651.267,4.50018e-09,6413.76,1381.97,9.4569e-05,-0.000117173,0.2,1.42536e-06,1.65436e-24,4267.2,1,0,0,0,4,269038,506690,0.00300084,0.00159336,0.542836,0.126369,0.749584,0,0,4,1,3,0,0.25,0.75,"474 396 476 395","-1 -1 1 -1","0.0130187 0.00159336 1.06426 0.00159336","4 7 6 7","50.9467 36.3841 146.253 36.3841","2.94689 3.03947 2.51764 3.03951","0.0434636 0.0102902 0.108778 0.0102891",0
0,"Airplane body_wing_rivets.step",485,758.593,1.89825e-06,614.863,39.6586,6,2213.98,10771.9,203.189,4.50018e-09,6413.76,1381.97,9.4569e-05,-0.323784,0.92,0.298222,1.8553e-05,0,1,0,0,0,6,235364,506690,0.00322306,0.00149716,0.664203,0.126369,0.987871,1,1,5,1,1,4,0.166667,0.166667,"396 493 397 500 539 486","0 1 0 0 0 -1","0.00149716 0.939622 0.00149716 0.538165 0.00818265 0.00249635","7 1 7 6 4 0","96.562 146.253 63.7488 2.2122 273.27 32.8177","6.01546e-05 2.51764 0.00018641 4.07107e-09 0.000100656 0.703114","5.89037e-05 0.108778 0.000177053 8.49966e-09 7.5607e-05 0.414111",0
0,"Airplane body_wing_rivets.step",486,303881,0.00076041,2736.48,1.96097,0,2397.32,10820.2,81.3587,4.50018e-09,6413.76,1381.97,9.4569e-05,0,0.76,0,0,0,1,0,0,0,5,163029,506690,1.86396,0.599737,0.896575,0.660547,0.987871,0,0,5,0,2,3,0,0.4,"539 485 396 540 541","0 -1 -1 0 0","3.27784 400.584 0.599737 1.58853 12.8245","4 6 7 4 4","700.882 32.8177 595.848 1306.13 100.8","0 0.703114 1.47919 0 2.10734e-09","0 0.414111 0.00923123 0 6.32203e-09",0
0,"Airplane body_wing_rivets.step",487,2624.49,6.56735e-06,216.679,1.42357,6,2413.73,10087,38.2884,4.50018e-09,6413.76,1381.97,9.4569e-05,-0.00623577,1,0.246006,1.02634e-05,0,1,0,0,0,4,174716,506690,0.0150215,0.00517969,0.788514,0.740503,0.832643,0,2,4,1,1,2,0.25,0.25,"488 542 540 396","1 0 0 -1","6.39132 5.60924 0.0137195 0.00517969","1 1 4 7","59.005 56.014 71.8168 29.8432","2.51374 4.56296e-05 4.2964e-08 1.21636","0.148661 3.86918e-05 4.77925e-08 0.162336",0
0,"Airplane body_wing_rivets.step",488,410.634,1.02754e-06,136.753,3.6242,1,2411.06,10068.3,48.6024,4.50018e-09,6413.76,1381.97,9.4569e-05,-0.000117173,0.24,3.02609e-06,1.65436e-24,4267.2,1,0,0,0,3,169927,506690,0.00241653,0.000810425,0.737768,0.729007,0.743793,0,1,3,2,1,0,0.666667,0.333333,"396 487 542","-1 1 1","0.000810425 0.156462 0.877633","7 6 1","63.4867 59.005 14.2617","3.07575 2.51374 2.39927","0.013115 0.148661 0",0
0,"Airplane body_wing_rivets.step",489,412.118,1.03125e-06,139.977,3.78339,1,2411.08,10068.4,816.979,4.50018e-09,6413.76,1381.97,9.4569e-05,-0.000117173,0.24,3.2545e-06,0,4267.2,1,0,0,0,4,127451,506690,0.00323354,0.000813353,0.751075,0.729029,0.788503,0,1,4,3,1,0,0.75,0.25,"536 543 490 396","1 1 1 -1","0.880804 0.159131 7.24436 0.000813353","1 6 6 7","14.2617 49.6646 10.8926 65.158","2.39927 2.56391 2.61836 3.07515","4.86475e-16 0.0988586 0.177712 0.013475",0
0,"Airplane body_wing_rivets.step",490,56.8881,1.42353e-07,78.4192,8.60229,6,2414.15,10107.1,800.759,4.50018e-09,6413.76,1381.97,9.4569e-05,-0.325551,0.92,0.100661,1.40148e-06,0,1,0,0,0,4,127424,506690,0.000446445,0.000112274,0.916795,0.788503,0.987582,0,1,4,1,0,3,0.25,0,"543 491 396 489","0 0 0 1","0.0219662 8.87985 0.000112274 0.138038","6 6 7 1","38.0789 2.22449 27.2232 10.8926","0.00399638 5.08757e-09 0.000502123 2.61836","0.00247105 7.93312e-09 0.000236858 0.177712",0
0,"Airplane body_wing_rivets.step",491,6.40642,1.6031e-08,10.2055,1.29373,6,2411.87,10122.9,798.123,4.50018e-09,6413.76,1381.97,9.4569e-05,-0.325258,1,0.178736,1.15026e-06,0,1,0,0,0,4,174863,506690,3.66368e-05,1.26437e-05,0.855661,0.463183,0.996419,0,0,4,0,0,4,0,0,"534 492 396 490","0 0 0 0","3.34895e-05 0.00454487 1.26437e-05 0.112614","4 6 7 6","2.83801 2.26972 2.8733 2.22449","1.13044e-05 1.49012e-09 4.42645e-08 5.08757e-09","4.90634e-06 4.47035e-09 2.57057e-08 7.93312e-09",0
0,"Airplane body_wing_rivets.step",492,1409.59,3.52727e-06,1258.57,89.423,6,2346,10421.9,732.253,4.50018e-09,6413.76,1381.97,9.4569e-05,-0.327952,1,0.176976,9.73152e-09,0,1,0,0,0,4,202620,506690,0.00695682,0.00278197,0.844284,0.652808,0.996419,1,0,3,0,0,4,0,0,"544 476 396 491","0 0 0 0","0.00465172 1.85817 0.00278197 220.028","0 6 7 6","627.211 2.2122 626.874 2.26972","1.87597e-08 8.68503e-09 8.26069e-05 1.49012e-09","2.79375e-08 8.94435e-09 0.000112216 4.47035e-09",0
0,"Airplane body_wing_rivets.step",493,807.339,2.02023e-06,269.968,7.18385,1,2199.65,10808,214.365,4.50018e-09,6413.76,1381.97,9.4569e-05,-0.000117173,0.2,1.42536e-06,1.65436e-24,4267.2,1,0,0,0,4,269038,506690,0.00300084,0.00159336,0.498512,0.126369,0.749584,0,0,4,1,3,0,0.25,0.75,"474 397 485 396","-1 -1 1 -1","0.0130187 0.00159336 1.06426 0.00159336","4 7 6 7","50.9467 36.3841 146.253 36.3841","2.94689 3.03947 2.51764 3.03951","0.0434636 0.0102902 0.108778 0.0102891",0
0,"Airplane body_wing_rivets.step",494,303881,0.00076041,2736.48,1.96097,0,1629.74,10820.2,16.7008,4.50018e-09,6413.76,1381.97,9.4569e-05,0,0.76,0,0,0,1,0,0,0,5,163029,506690,1.86396,0.599737,0.896575,0.660547,0.987871,0,0,5,0,2,3,0,0.4,"531 472 397 529 545","0 -1 -1 0 0","3.27784 400.584 0.599737 1.58853 12.8245","4 6 7 4 4","700.882 32.8177 595.848 1306.13 100.8","0 0.703114 1.47919 0 0","0 0.414111 0.00923123 0 0",0
0,"Airplane body_wing_rivets.step",495,2624.49,6.56735e-06,216.679,1.42357,6,1586.67,10087,0.285055,4.50018e-09,6413.76,1381.97,9.4569e-05,-0.00623577,1,0.246006,1.02634e-05,0,1,0,0,0,4,174716,506690,0.0150215,0.00517969,0.788514,0.740503,0.832643,0,2,4,1,1,2,0.25,0.25,"496 527 529 397","1 0 0 -1","6.39132 5.60924 0.0137195 0.00517969","1 1 4 7","59.005 56.014 71.8168 29.8432","2.51374 4.56296e-05 4.31214e-08 1.21636","0.148661 3.86918e-05 4.76505e-08 0.162336",0
0,"Airplane body_wing_rivets.step",496,410.634,1.02754e-06,136.753,3.6242,1,1596.99,10068.3,2.95346,4.50018e-09,6413.76,1381.97,9.4569e-05,-0.000117173,0.24,3.02609e-06,0,4267.2,1,0,0,0,3,169927,506690,0.00241653,0.000810425,0.737768,0.729007,0.743793,0,1,3,2,1,0,0.666667,0.333333,"397 495 527","-1 1 1","0.000810425 0.156462 0.877633","7 6 1","63.4867 59.005 14.2617","3.07575 2.51374 2.39927","0.013115 0.148661 0",0
0,"Airplane body_wing_rivets.step",497,412.118,1.03125e-06,139.977,3.78339,1,2365.36,10068.4,2.9344,4.50018e-09,6413.76,1381.97,9.4569e-05,-0.000117173,0.24,3.2545e-06,0,4267.2,1,0,0,0,4,127451,506690,0.00323354,0.000813353,0.751075,0.729029,0.788503,0,1,4,3,1,0,0.75,0.25,"542 546 498 397","1 1 1 -1","0.880804 0.159131 7.24436 0.000813353","1 6 6 7","14.2617 49.6646 10.8926 65.158","2.39927 2.56391 2.61836 3.07515","0 0.0988586 0.177712 0.013475",0
0,"Airplane body_wing_rivets.step",498,56.8881,1.42353e-07,78.4192,8.60229,6,2349.14,10107.1,-0.13552,4.50018e-09,6413.76,1381.97,9.4569e-05,-0.325551,0.92,0.100661,1.40147e-06,0,1,0,0,0,4,127424,506690,0.000446445,0.000112274,0.916795,0.788503,0.987582,0,1,4,1,0,3,0.25,0,"546 499 397 497","0 0 0 1","0.0219662 8.87985 0.000112274 0.138038","6 6 7 1","38.0789 2.22449 27.2232 10.8926","0.00399636 5.08757e-09 0.000502111 2.61836","0.00247104 7.93312e-09 0.000236853 0.177712",0
0,"Airplane body_wing_rivets.step",499,6.40642,1.6031e-08,10.2055,1.29373,6,2346.51,10122.9,2.14534,4.50018e-09,6413.76,1381.97,9.4569e-05,-0.325258,1,0.178736,1.15026e-06,0,1,0,0,0,4,174863,506690,3.66368e-05,1.26437e-05,0.855661,0.463183,0.996419,0,0,4,0,0,4,0,0,"540 500 397 498","0 0 0 0","3.34895e-05 0.00454487 1.26437e-05 0.112614","4 6 7 6","2.83801 2.26972 2.8733 2.22449","1.13044e-05 4.21468e-09 4.81868e-08 5.08757e-09","4.90639e-06 8.42937e-09 2.02281e-08 7.93312e-09",0
0,"Airplane body_wing_rivets.step",500,1409.59,3.52727e-06,1258.57,89.423,6,2280.64,10421.9,68.0206,4.50018e-09,6413.76,1381.97,9.4569e-05,-0.327952,1,0.176976,9.73274e-09,0,1,0,0,0,4,202620,506690,0.00695682,0.00278197,0.844284,0.652808,0.996419,1,0,3,0,0,4,0,0,"547 485 397 499","0 0 0 0","0.00465172 1.85817 0.00278197 220.028","0 6 7 6","627.211 2.2122 626.874 2.26972","1.21222e-08 4.07107e-09 8.26325e-05 4.21468e-09","1.58976e-08 8.49966e-09 0.000112247 8.42937e-09",0
0,"Airplane body_wing_rivets.step",501,191189,0.000478418,7438.56,23.0306,4,1981.2,7324.5,432.816,4.50018e-09,6413.76,1381.97,9.4569e-05,-0.0157961,1,0.531041,5.28068e-08,30.48,1,0,0,0,4,5.30503e+06,1.05511e+07,0.0360392,0.0181203,0.878264,0.8217,0.934828,1,0,1,0,0,2,0,0,"399 548","0 0","3.24073 0.0181203","0 7","3761.25 3572.06","0 0","0 0",0
0,"Airplane body_wing_rivets.step",502,97469.4,0.000243901,1389.12,1.57544,6,0.000137339,-3946.93,-496.038,4.50018e-09,6413.76,1381.97,9.4569e-05,-0.00390995,1,0.237781,7.95752e-08,0,1,0,0,0,7,7.95027e+06,7.95027e+06,0.0122599,0.0122599,0.0524797,0.0524797,0.0524797,0,0,1,0,1,0,0,1,"411","-1","0.0122599","6","262.874","0.0706516","0.0424754",0
0,"Airplane body_wing_rivets.step",503,0.321699,8.04997e-10,2.01062,1,0,-3542.67,4701.75,-818.349,4.50018e-09,6413.76,1381.97,9.4569e-05,0,1,0,0,0,1,0,0,0,1,0.225198,0.225198,1.42851,1.42851,9.71445e-17,9.71445e-17,9.71445e-17,0,1,1,1,0,0,1,0,"412","1","1.42851","1","2.01062","1.5708","7.02167e-17",0
0,"Airplane body_wing_rivets.step",504,0.266043,6.65727e-10,1.92,1.10266,0,-4978.65,5527.78,-806.029,4.50018e-09,6413.76,1381.97,9.4569e-05,0,1,0,0,0,1,0,0,0,6,0.0358417,0.0358422,7.42273,7.42262,2.86068e-13,1.19821e-13,5.65797e-13,6,0,0,6,0,0,1,0,"413 415 417 418 416 414","1 1 1 1 1 1","7.42264 7.4229 7.42262 7.42268 7.4229 7.42262","0 0 0 0 0 0","0.32 0.32 0.32 0.32 0.32 0.32","1.5708 1.5708 1.5708 1.5708 1.5708 1.5708","2.22045e-16 2.22045e-16 2.22045e-16 2.22045e-16 0 2.22045e-16",0
0,"Airplane body_wing_rivets.step",505,0.321699,8.04997e-10,2.01062,1,0,-5349.1,7039.41,-818.945,4.50018e-09,6413.76,1381.97,9.4569e-05,0,1,0,0,0,1,0,0,0,1,0.225199,0.225199,1.42851,1.42851,2.77556e-17,2.77556e-17,2.77556e-17,0,1,1,1,0,0,1,0,"419","1","1.42851","1","2.01062","1.5708","0",0
0,"Airplane body_wing_rivets.step",506,0.266043,6.65727e-10,1.92,1.10266,0,-6084.37,7281.85,-806.072,4.50018e-09,6413.76,1381.97,9.4569e-05,0,1,0,0,0,1,0,0,0,6,0.0358417,0.0358423,7.42273,7.42261,3.25085e-13,7.52454e-14,6.89365e-13,6,0,0,6,0,0,1,0,"420 422 424 425 423 421","1 1 1 1 1 1","7.42267 7.4229 7.42261 7.42267 7.4229 7.42261","0 0 0 0 0 0","0.32 0.32 0.32 0.32 0.32 0.32","1.5708 1.5708 1.5708 1.5708 1.5708 1.5708","2.22045e-16 2.22045e-16 0 2.22045e-16 2.22045e-16 0",0
0,"Airplane body_wing_rivets.step",507,0.321699,8.04997e-10,2.01062,1,0,-6856,7533.84,-793.654,4.50018e-09,6413.76,1381.97,9.4569e-05,0,1,0,0,0,1,0,0,0,1,0.225201,0.225201,1.4285,1.4285,1.38778e-17,1.38778e-17,1.38778e-17,0,1,1,1,0,0,1,0,"426","1","1.4285","1","2.01062","1.5708","0",0
0,"Airplane body_wing_rivets.step",508,0.321699,8.04997e-10,2.01062,1,0,-7640.92,7787.29,-782.6,4.50018e-09,6413.76,1381.97,9.4569e-05,0,1,0,0,0,1,0,0,0,1,0.225201,0.225201,1.42849,1.42849,3.46945e-17,3.46945e-17,3.46945e-17,0,1,1,1,0,0,1,0,"427","1","1.42849","1","2.01062","1.5708","0",0
0,"Airplane body_wing_rivets.step",509,0.321699,8.04997e-10,2.01062,1,0,-6411.87,6347.58,-794.213,4.50018e-09,6413.76,1381.97,9.4569e-05,0,1,0,0,0,1,0,0,0,1,0.225202,0.225202,1.42849,1.42849,2.77556e-17,2.77556e-17,2.77556e-17,0,1,1,1,0,0,1,0,"428","1","1.42849","1","2.01062","1.5708","0",0
0,"Airplane body_wing_rivets.step",510,0.321699,8.04997e-10,2.01062,1,0,-7854.96,7171.38,-782.396,4.50018e-09,6413.76,1381.97,9.4569e-05,0,1,0,0,0,1,0,0,0,1,0.225202,0.225202,1.42849,1.42849,4.85723e-17,4.85723e-17,4.85723e-17,0,1,1,1,0,0,1,0,"429","1","1.42849","1","2.01062","1.5708","0",0
0,"Airplane body_wing_rivets.step",511,106236,0.000265837,2171.64,3.53259,0,715.088,14562.3,4001.36,4.50018e-09,6413.76,1381.97,9.4569e-05,0,0.68,0,0,0,1,0,0,0,3,3.32196e+06,6.27286e+06,0.0319799,0.0169358,0.0718968,0.010112,0.139173,1,0,2,2,1,0,0.666667,0.333333,"512 433 434","-1 1 1","0.158035 0.0169358 0.0351683","0 6 6","217.061 977.269 977.308","1.71042 1.57358 1.57374","0 0.00170269 0.00182484",0
0,"Airplane body_wing_rivets.step",512,672231,0.00168214,7748.94,7.10814,0,2292.89,15221.6,4001.54,4.50018e-09,6413.76,1381.97,9.4569e-05,0,1,0,0,0,1,0,0,0,4,2.35808e+06,6.27286e+06,0.285075,0.107165,0.19335,0.126155,0.368901,2,0,2,2,2,0,0.5,0.5,"513 433 511 434","-1 1 -1 1","20.7142 0.107165 6.32772 0.222535","0 6 0 6","144.425 3693.72 217.061 3693.73","1.43117 1.43953 1.71042 1.43882","2.22045e-16 0.0158446 0 0.0158577",0
0,"Airplane body_wing_rivets.step",513,32452.7,8.12074e-05,1070.17,2.80831,0,3868.92,16445.6,4001.35,4.50018e-09,6413.76,1381.97,9.4569e-05,0,0.52,0,0,0,1,0,0,0,3,3.32196e+06,6.27286e+06,0.00976914,0.00517351,0.0718968,0.010112,0.139173,1,0,2,2,1,0,0.666667,0.333333,"433 512 434","1 -1 1","0.00517351 0.0482761 0.0107431","6 0 6","462.851 144.425 462.894","1.56538 1.43117 1.56555","0.0034977 2.22045e-16 0.00334242",0
0,"Airplane body_wing_rivets.step",514,85653.3,0.000214333,2783.21,7.1968,6,4249.61,16318.8,3963.94,4.50018e-09,6413.76,1381.97,9.4569e-05,-0.0116347,0.96,0.523814,2.14645e-06,0,1,0,0,0,16,2.35448e+06,6.27286e+06,0.0363788,0.0136546,0.473363,0.0141434,0.76841,1,0,3,1,0,3,0.25,0,"433 515 549 434","0 1 0 0","0.0136546 1.52615 1.25656 0.0283546","6 6 0 6","57.4766 322.937 504.365 0.0281595","6.85677e-05 1.18263 3.98229e-08 0.000800283","6.58964e-05 0.769125 2.60574e-08 4.79472e-05",0
0,"Airplane body_wing_rivets.step",515,56123.6,0.00014044,1787.19,4.52882,6,4247.18,16483.1,4058.25,4.50018e-09,6413.76,1381.97,9.4569e-05,-0.01093,0.92,0.199813,5.06415e-12,0,1,0,0,0,5,1.0582e+06,3.02079e+06,0.0530368,0.0185791,0.460116,0.0141434,0.71931,1,0,2,1,0,2,0.333333,0,"514 434 549","1 0 0","0.655242 0.0185791 0.823348","6 6 0","322.937 846.578 541.026","1.18263 1.09813e-05 1.48309e-06","0.769125 1.2333e-05 9.14566e-07",0
0,"Airplane body_wing_rivets.step",516,672231,0.00168214,7748.94,7.10814,0,-2292.89,15221.6,4001.54,4.50018e-09,6413.76,1381.97,9.4569e-05,0,1,0,0,0,1,0,0,0,4,2.35797e+06,6.27256e+06,0.285089,0.10717,0.19335,0.126155,0.368901,2,0,2,2,2,0,0.5,0.5,"463 519 436 517","1 -1 1 -1","0.222546 6.32772 0.10717 20.7142","6 0 6 0","3693.73 217.061 3693.72 144.425","1.43882 1.71042 1.43953 1.43117","0.0158577 0 0.0158446 2.22045e-16",0
0,"Airplane body_wing_rivets.step",517,32452.7,8.12074e-05,1070.17,2.80831,0,-3868.92,16445.6,4001.35,4.50018e-09,6413.76,1381.97,9.4569e-05,0,0.52,0,0,0,1,0,0,0,3,3.32181e+06,6.27256e+06,0.00976958,0.00517376,0.0718968,0.010112,0.139173,1,0,2,2,1,0,0.666667,0.333333,"463 516 436","1 -1 1","0.0107436 0.0482761 0.00517376","6 0 6","462.894 144.425 462.851","1.56555 1.43117 1.56538","0.00334242 2.22045e-16 0.0034977",0
0,"Airplane body_wing_rivets.step",518,85678.5,0.000214396,2783.21,7.19468,6,-4249.61,16318.7,3963.94,4.50018e-09,6413.76,1381.97,9.4569e-05,-0.0116388,0.96,0.349135,2.13173e-06,0,1,0,0,0,16,2.35437e+06,6.27256e+06,0.0363912,0.0136592,0.473378,0.0150144,0.768969,1,0,3,0,0,4,0,0,"436 463 522 550","0 0 0 0","0.0136592 0.0283643 1.5266 1.25693","6 6 6 0","57.4765 0.0281604 76.637 173.774","8.00166e-05 0.000763374 0.000514468 4.16543e-06","8.23686e-05 5.28378e-05 0.00023421 2.33212e-06",0
0,"Airplane body_wing_rivets.step",519,106236,0.000265837,2171.64,3.53259,0,-715.088,14562.3,4001.36,4.50018e-09,6413.76,1381.97,9.4569e-05,0,0.68,0,0,0,1,0,0,0,3,3.32181e+06,6.27256e+06,0.0319813,0.0169366,0.0718968,0.010112,0.139173,1,0,2,2,1,0,0.666667,0.333333,"463 436 516","1 1 -1","0.03517 0.0169366 0.158035","6 6 0","977.308 977.269 217.061","1.57374 1.57358 1.71042","0.00182484 0.00170269 0",0
0,"Airplane body_wing_rivets.step",520,100119,0.000250531,3452.27,9.4729,4,-1981.2,10800.1,432.816,4.50018e-09,6413.76,1381.97,9.4569e-05,-0.0149084,1,0.493916,2.71325e-07,30.48,1,0,0,0,5,945391,1.8767e+06,0.105902,0.0533483,0.436658,0.392449,0.480866,1,0,1,0,0,2,0,0,"446 551","0 0","7.1111 0.0533483","0 7","1749.66 789.248","0 0","0 0",0
0,"Airplane body_wing_rivets.step",521,1.05511e+07,0.0264022,12169,1.11688,7,-1981.2,8678.2,432.816,4.50018e-09,6413.76,1381.97,9.4569e-05,0.000858068,1,0.305454,1.10722e-09,0,1,0,0,0,5,1.03395e+06,1.8767e+06,10.2047,5.62213,0.908189,0.8217,0.994679,0,0,2,0,0,2,0,0,"462 551","0 0","55.1866 5.62213","4 7","3572.06 1574.89","0 7.45058e-09","0 7.45058e-09",0
0,"Airplane body_wing_rivets.step",522,56123.6,0.00014044,1787.19,4.52882,6,-4247.18,16483.1,4058.25,4.50018e-09,6413.76,1381.97,9.4569e-05,-0.01093,0.92,0.0784722,5.06415e-12,0,1,0,0,0,5,1.05816e+06,3.02064e+06,0.0530388,0.01858,0.460406,0.0150144,0.71931,1,0,2,1,0,2,0.333333,0,"518 550 463","1 0 0","0.655049 0.823348 0.01858","6 0 6","322.937 541.026 0.009424","1.18263 1.48311e-06 6.27347e-05","0.769125 9.14607e-07 3.45785e-08",0
0,"Airplane body_wing_rivets.step",523,92707.5,0.000231985,1818.67,2.83911,4,1718.9,11100.5,695.112,4.50018e-09,6413.76,1381.97,9.4569e-05,-0.0112445,1,0.429739,6.96628e-09,45.72,1,0,0,0,4,157840,303881,0.58735,0.305079,0.926684,0.913102,0.940164,2,0,2,0,0,4,0,0,"538 464 465 525","0 0 0 0","0.305939 122.21 0.305079 3.91247","0 6 0 4","700.882 273.27 700.882 143.634","0 0.000100656 0 5.96046e-09","0 7.5607e-05 0 7.30005e-09",0
0,"Airplane body_wing_rivets.step",524,191296,0.000478686,2898.38,3.49458,4,1490.09,10752.6,923.926,4.50018e-09,6413.76,1381.97,9.4569e-05,-0.0111825,1,0.433163,4.49002e-09,45.72,1,0,0,0,6,105971,303881,1.80518,0.629511,0.703488,0.203952,0.941445,2,0,4,0,0,6,0,0,"537 482 538 525 465 466","0 0 0 0 0 0","73.8653 29860.1 0.631286 8.07314 0.629511 72.8889","6 6 0 4 0 6","70.0556 2.83801 1303.91 143.634 1306.13 71.8168","3.8079e-08 1.13048e-05 2.98023e-09 5.7048e-09 1.49012e-09 4.39461e-08","4.15359e-08 4.90652e-06 5.96046e-09 8.85876e-09 4.47035e-09 4.61752e-08",0
0,"Airplane body_wing_rivets.step",525,23695.4,5.92937e-05,488.867,0.802616,4,1597.65,11430.1,816.364,4.50018e-09,6413.76,1381.97,9.4569e-05,-0.0155181,1,0.462246,6.05335e-07,45.72,1,0,0,0,4,222728,303881,0.106387,0.077976,0.929696,0.899782,0.952849,2,0,2,0,0,4,0,0,"524 538 523 465","0 0 0 0","0.123868 0.0781958 0.255593 0.077976","4 0 4 0","143.634 100.8 143.634 100.8","5.7048e-09 0 5.96046e-09 0","8.85876e-09 0 7.30005e-09 0",0
0,"Airplane body_wing_rivets.step",526,467.888,1.17081e-06,140.551,3.35984,1,1567.47,10066.2,846.549,4.50018e-09,6413.76,1381.97,9.4569e-05,-0.000328084,0.36,6.05827e-05,0,1524,1,0,0,0,4,1509.26,2624.49,0.310011,0.178277,0.78982,0.74371,0.839135,0,2,4,2,0,2,0.5,0,"537 466 467 480","0 0 1 1","0.180666 0.178277 1.13943 1.13533","6 6 1 1","56.014 56.014 14.2617 14.2617","4.59589e-05 4.56297e-05 2.39927 2.39927","3.91387e-05 3.86918e-05 0 0",0
0,"Airplane body_wing_rivets.step",527,467.888,1.17081e-06,140.551,3.35984,1,1567.47,10066.2,19.083,4.50018e-09,6413.76,1381.97,9.4569e-05,-0.000328084,0.36,6.05827e-05,0,1524,1,0,0,0,4,1509.26,2624.49,0.310011,0.178277,0.78982,0.74371,0.839135,0,2,4,2,0,2,0.5,0,"528 495 496 468","0 0 1 1","0.180666 0.178277 1.13943 1.13533","6 6 1 1","56.014 56.014 14.2617 14.2617","4.59589e-05 4.56296e-05 2.39927 2.39927","3.91386e-05 3.86918e-05 0 0",0
0,"Airplane body_wing_rivets.step",528,2589.8,6.48053e-06,213.813,1.40473,6,1548.67,10086.8,37.9375,4.50018e-09,6413.76,1381.97,9.4569e-05,-0.00636458,1,0.107677,9.64282e-06,0,1,0,0,0,4,48058.3,191296,0.0538887,0.0135382,0.675901,0.203952,0.917461,0,2,4,1,0,3,0.25,0,"468 469 529 527","1 0 0 0","6.28413 45.5245 0.0135382 5.53509","1 6 4 1","49.6646 38.0789 70.0556 56.014","2.56391 0.00399637 3.79548e-08 4.59589e-05","0.0988586 0.00247105 4.19151e-08 3.91386e-05",0
0,"Airplane body_wing_rivets.step",529,191296,0.000478686,2898.38,3.49458,4,1490.09,10752.6,-58.2943,4.50018e-09,6413.76,1381.97,9.4569e-05,-0.0111825,1,0.433163,4.49002e-09,45.72,1,0,0,0,6,105971,303881,1.80518,0.629511,0.703488,0.203952,0.941445,2,0,4,0,0,6,0,0,"528 470 530 545 494 495","0 0 0 0 0 0","73.8653 29860.1 0.631286 8.07314 0.629511 72.8889","6 6 0 4 0 6","70.0556 2.83801 1303.91 143.634 1306.13 71.8168","3.79548e-08 1.1304e-05 0 5.08757e-09 0 4.31214e-08","4.19151e-08 4.90626e-06 0 7.93312e-09 0 4.76505e-08",0
0,"Airplane body_wing_rivets.step",530,303026,0.000758272,2732.8,1.96122,0,1564.94,10821.3,81.2185,4.50018e-09,6413.76,1381.97,9.4569e-05,0,0.76,0,0,0,1,0,0,0,4,77277.2,191296,3.92129,1.58407,0.893689,0.7403,0.952849,0,0,4,0,0,4,0,0,"529 471 531 545","0 0 0 0","1.58407 214.974 3.26863 12.7884","4 6 4 4","1303.91 627.211 700.882 100.8","0 1.05367e-08 0 1.49012e-09","0 1.69899e-08 0 4.47035e-09",0
0,"Airplane body_wing_rivets.step",531,92707.5,0.000231985,1818.67,2.83911,4,1718.9,11100.5,170.52,4.50018e-09,6413.76,1381.97,9.4569e-05,-0.0112445,1,0.429739,6.96628e-09,45.72,1,0,0,0,4,157840,303881,0.58735,0.305079,0.926684,0.913102,0.940164,2,0,2,0,0,4,0,0,"530 472 494 545","0 0 0 0","0.305939 122.21 0.305079 3.91247","0 6 0 4","700.882 273.27 700.882 143.634","0 0.000100657 0 5.96046e-09","0 7.56069e-05 0 7.30005e-09",0
0,"Airplane body_wing_rivets.step",532,14079.2,3.52309e-05,3549.18,71.1977,0,1981.2,10816.8,432.816,4.50018e-09,6413.76,1381.97,9.4569e-05,0,0,0,0,0,2,1,1749.66,1749.66,2,81066.3,100119,0.173676,0.140625,0.265469,0.138488,0.392449,0,0,2,0,0,2,0,0,"552 474","0 0","0.140625 0.227035","4 4","1749.66 1799.51","0 0","0 0",0
0,"Airplane body_wing_rivets.step",533,92707.5,0.000231985,1818.67,2.83911,4,2243.5,11100.5,695.112,4.50018e-09,6413.76,1381.97,9.4569e-05,-0.0112445,1,0.429739,6.96628e-09,45.72,1,0,0,0,4,157840,303881,0.58735,0.305079,0.926684,0.913102,0.940164,2,0,2,0,0,4,0,0,"544 476 477 535","0 0 0 0","0.305939 122.21 0.305079 3.91247","0 6 0 4","700.882 273.27 700.882 143.634","0 0.000100657 0 5.96046e-09","0 7.56069e-05 0 7.30005e-09",0
0,"Airplane body_wing_rivets.step",534,191296,0.000478686,2898.38,3.49458,4,2472.31,10752.6,923.926,4.50018e-09,6413.76,1381.97,9.4569e-05,-0.0111825,1,0.433163,4.49002e-09,45.72,1,0,0,0,6,105971,303881,1.80518,0.629511,0.703488,0.203952,0.941445,2,0,4,0,0,6,0,0,"543 491 544 535 477 478","0 0 0 0 0 0","73.8653 29860.1 0.631286 8.07314 0.629511 72.8889","6 6 0 4 0 6","70.0556 2.83801 1303.91 143.634 1306.13 71.8168","3.82346e-08 1.13044e-05 0 8.68503e-09 0 4.44301e-08","4.08527e-08 4.90634e-06 0 8.94435e-09 0 4.6193e-08",0
0,"Airplane body_wing_rivets.step",535,23695.4,5.92937e-05,488.867,0.802616,4,2364.75,11430.1,816.364,4.50018e-09,6413.76,1381.97,9.4569e-05,-0.0155181,1,0.462246,6.05335e-07,45.72,1,0,0,0,4,222728,303881,0.106387,0.077976,0.929696,0.899782,0.952849,2,0,2,0,0,4,0,0,"534 544 533 477","0 0 0 0","0.123868 0.0781958 0.255593 0.077976","4 0 4 0","143.634 100.8 143.634 100.8","8.68503e-09 0 5.96046e-09 2.10734e-09","8.94435e-09 0 7.30005e-09 6.32203e-09",0
0,"Airplane body_wing_rivets.step",536,467.888,1.17081e-06,140.551,3.35984,1,2394.93,10066.2,846.549,4.50018e-09,6413.76,1381.97,9.4569e-05,-0.000328084,0.36,6.05827e-05,0,1524,1,0,0,0,4,1509.26,2624.49,0.310011,0.178277,0.78982,0.74371,0.839135,0,2,4,2,0,2,0.5,0,"543 478 479 489","0 0 1 1","0.180666 0.178277 1.13943 1.13533","6 6 1 1","56.014 56.014 14.2617 14.2617","4.5959e-05 4.56296e-05 2.39927 2.39927","3.91386e-05 3.86918e-05 0 4.86475e-16",0
0,"Airplane body_wing_rivets.step",537,2589.8,6.48053e-06,213.813,1.40473,6,1586.32,10086.8,865.343,4.50018e-09,6413.76,1381.97,9.4569e-05,-0.00636458,1,0.107677,9.64282e-06,0,1,0,0,0,4,48058.3,191296,0.0538887,0.0135382,0.675901,0.203952,0.917461,0,2,4,1,0,3,0.25,0,"480 481 524 526","1 0 0 0","6.28413 45.5245 0.0135382 5.53509","1 6 4 1","49.6646 38.0789 70.0556 56.014","2.56391 0.00399635 3.8079e-08 4.59589e-05","0.0988586 0.00247104 4.15359e-08 3.91387e-05",0
0,"Airplane body_wing_rivets.step",538,303026,0.000758272,2732.8,1.96122,0,1629.6,10821.3,849.071,4.50018e-09,6413.76,1381.97,9.4569e-05,0,0.76,0,0,0,1,0,0,0,4,77277.2,191296,3.92129,1.58407,0.893689,0.7403,0.952849,0,0,4,0,0,4,0,0,"524 483 523 525","0 0 0 0","1.58407 214.974 3.26863 12.7884","4 6 4 4","1303.91 627.211 700.882 100.8","2.98023e-09 0 0 0","5.96046e-09 0 0 0",0
0,"Airplane body_wing_rivets.step",539,92707.5,0.000231985,1818.67,2.83911,4,2243.5,11100.5,170.52,4.50018e-09,6413.76,1381.97,9.4569e-05,-0.0112445,1,0.429739,6.96628e-09,45.72,1,0,0,0,4,157840,303881,0.58735,0.305079,0.926684,0.913102,0.940164,2,0,2,0,0,4,0,0,"547 485 486 541","0 0 0 0","0.305939 122.21 0.305079 3.91247","0 6 0 4","700.882 273.27 700.882 143.634","0 0.000100656 0 7.81214e-09","0 7.5607e-05 0 9.71605e-09",0
0,"Airplane body_wing_rivets.step",540,191296,0.000478686,2898.38,3.49458,4,2472.31,10752.6,-58.2937,4.50018e-09,6413.76,1381.97,9.4569e-05,-0.0111825,1,0.433163,4.49002e-09,45.72,1,0,0,0,6,105971,303881,1.80518,0.629511,0.703488,0.203952,0.941445,2,0,4,0,0,6,0,0,"546 499 547 541 486 487","0 0 0 0 0 0","73.8653 29860.1 0.631286 8.07314 0.629511 72.8889","6 6 0 4 0 6","70.0556 2.83801 1303.91 143.634 1306.13 71.8168","3.66943e-08 1.13044e-05 0 5.7048e-09 0 4.2964e-08","4.27641e-08 4.90639e-06 0 8.85876e-09 0 4.77925e-08",0
0,"Airplane body_wing_rivets.step",541,23695.4,5.92937e-05,488.867,0.802616,4,2364.75,11430.1,49.2678,4.50018e-09,6413.76,1381.97,9.4569e-05,-0.0155181,1,0.462246,6.05335e-07,45.72,1,0,0,0,4,222728,303881,0.106387,0.077976,0.929696,0.899782,0.952849,2,0,2,0,0,4,0,0,"540 547 539 486","0 0 0 0","0.123868 0.0781958 0.255593 0.077976","4 0 4 0","143.634 100.8 143.634 100.8","5.7048e-09 0 7.81214e-09 2.10734e-09","8.85876e-09 0 9.71605e-09 6.32203e-09",0
0,"Airplane body_wing_rivets.step",542,467.888,1.17081e-06,140.551,3.35984,1,2394.93,10066.2,19.083,4.50018e-09,6413.76,1381.97,9.4569e-05,-0.000328084,0.36,6.05827e-05,0,1524,1,0,0,0,4,1509.26,2624.49,0.310011,0.178277,0.78982,0.74371,0.839135,0,2,4,2,0,2,0.5,0,"546 487 488 497","0 0 1 1","0.180666 0.178277 1.13943 1.13533","6 6 1 1","56.014 56.014 14.2617 14.2617","4.5959e-05 4.56296e-05 2.39927 2.39927","3.91386e-05 3.86918e-05 0 0",0
0,"Airplane body_wing_rivets.step",543,2589.8,6.48053e-06,213.813,1.40473,6,2413.73,10086.8,827.695,4.50018e-09,6413.76,1381.97,9.4569e-05,-0.00636458,1,0.107677,9.64282e-06,0,1,0,0,0,4,48058.3,191296,0.0538887,0.0135382,0.675901,0.203952,0.917461,0,2,4,1,0,3,0.25,0,"489 490 534 536","1 0 0 0","6.28413 45.5245 0.0135382 5.53509","1 6 4 1","49.6646 38.0789 70.0556 56.014","2.56391 0.00399638 3.82346e-08 4.5959e-05","0.0988586 0.00247105 4.08527e-08 3.91386e-05",0
0,"Airplane body_wing_rivets.step",544,303026,0.000758272,2732.8,1.96122,0,2397.46,10821.3,784.414,4.50018e-09,6413.76,1381.97,9.4569e-05,0,0.76,0,0,0,1,0,0,0,4,77277.2,191296,3.92129,1.58407,0.893689,0.7403,0.952849,0,0,4,0,0,4,0,0,"534 492 533 535","0 0 0 0","1.58407 214.974 3.26863 12.7884","4 6 4 4","1303.91 627.211 700.882 100.8","0 1.87597e-08 0 0","0 2.79375e-08 0 0",0
0,"Airplane body_wing_rivets.step",545,23695.4,5.92937e-05,488.867,0.802616,4,1597.65,11430.1,49.2678,4.50018e-09,6413.76,1381.97,9.4569e-05,-0.0155181,1,0.462246,6.05335e-07,45.72,1,0,0,0,4,222728,303881,0.106387,0.077976,0.929696,0.899782,0.952849,2,0,2,0,0,4,0,0,"529 530 531 494","0 0 0 0","0.123868 0.0781958 0.255593 0.077976","4 0 4 0","143.634 100.8 143.634 100.8","5.08757e-09 1.49012e-09 5.96046e-09 0","7.93312e-09 4.47035e-09 7.30005e-09 0",0
0,"Airplane body_wing_rivets.step",546,2589.8,6.48053e-06,213.813,1.40473,6,2376.08,10086.8,0.288521,4.50018e-09,6413.76,1381.97,9.4569e-05,-0.00636458,1,0.107677,9.64282e-06,0,1,0,0,0,4,48058.3,191296,0.0538887,0.0135382,0.675901,0.203952,0.917461,0,2,4,1,0,3,0.25,0,"497 498 540 542","1 0 0 0","6.28413 45.5245 0.0135382 5.53509","1 6 4 1","49.6646 38.0789 70.0556 56.014","2.56391 0.00399636 3.66943e-08 4.5959e-05","0.0988586 0.00247104 4.27641e-08 3.91386e-05",0
0,"Airplane body_wing_rivets.step",547,303026,0.000758272,2732.8,1.96122,0,2332.8,10821.3,16.5606,4.50018e-09,6413.76,1381.97,9.4569e-05,0,0.76,0,0,0,1,0,0,0,4,77277.2,191296,3.92129,1.58407,0.893689,0.7403,0.952849,0,0,4,0,0,4,0,0,"540 500 539 541","0 0 0 0","1.58407 214.974 3.26863 12.7884","4 6 4 4","1303.91 627.211 700.882 100.8","0 1.21222e-08 0 0","0 1.58976e-08 0 0",0
0,"Airplane body_wing_rivets.step",548,1.05511e+07,0.0264022,12169,1.11688,7,1981.2,8678.2,432.816,4.50018e-09,6413.76,1381.97,9.4569e-05,0.000858068,1,0.305454,1.10722e-09,0,1,0,0,0,5,1.03395e+06,1.8767e+06,10.2047,5.62213,0.908189,0.8217,0.994679,0,0,2,0,0,2,0,0,"501 553","0 0","55.1866 5.62213","4 7","3572.06 1574.89","0 6.57769e-09","0 8.23142e-09",0
0,"Airplane body_wing_rivets.step",549,68165.1,0.000170572,1506.62,2.64994,0,4267.2,16196.8,4001.27,4.50018e-09,6413.76,1381.97,9.4569e-05,0,0.68,0,0,0,1,0,0,0,6,70888.5,85653.3,0.961583,0.795826,0.707652,0.646895,0.76841,0,0,2,0,0,2,0,0,"514 515","0 0","0.795826 1.21455","6 6","504.365 541.026","3.98229e-08 1.48309e-06","2.60574e-08 9.14566e-07",0
0,"Airplane body_wing_rivets.step",550,68165.1,0.000170572,1506.62,2.64994,0,-4267.2,16196.8,4001.27,4.50018e-09,6413.76,1381.97,9.4569e-05,0,0.68,0,0,0,1,0,0,0,6,70901,85678.5,0.961412,0.795592,0.707932,0.646895,0.768969,0,0,2,0,0,2,0,0,"518 522","0 0","0.795592 1.21455","6 6","173.774 541.026","4.16543e-06 1.48311e-06","2.33212e-06 9.14607e-07",0
0,"Airplane body_wing_rivets.step",551,1.8767e+06,0.00469613,6252.87,1.65788,7,-1981.2,10380.9,432.816,4.50018e-09,6413.76,1381.97,9.4569e-05,0.00139,1,0.376651,2.75474e-08,0,1,0,0,0,6,5.32559e+06,1.05511e+07,0.352393,0.177869,0.737772,0.480866,0.994679,0,0,2,0,0,2,0,0,"520 521","0 0","18.7447 0.177869","4 7","789.248 1574.89","7.19492e-09 7.45058e-09","9.02552e-09 7.45058e-09",0
0,"Airplane body_wing_rivets.step",552,100119,0.000250531,3452.27,9.4729,4,1981.2,10800.1,432.816,4.50018e-09,6413.76,1381.97,9.4569e-05,-0.0149084,1,0.493916,2.71325e-07,30.48,1,0,0,0,5,945391,1.8767e+06,0.105902,0.0533483,0.436658,0.392449,0.480866,1,0,1,0,0,2,0,0,"553 532","0 0","0.0533483 7.1111","7 0","789.248 1749.66","4.47035e-09 0","6.82857e-09 0",0
0,"Airplane body_wing_rivets.step",553,1.8767e+06,0.00469613,6252.87,1.65788,7,1981.2,10380.9,432.816,4.50018e-09,6413.76,1381.97,9.4569e-05,0.00139,1,0.376651,2.75474e-08,0,1,0,0,0,6,5.32559e+06,1.05511e+07,0.352393,0.177869,0.737772,0.480866,0.994679,0,0,2,0,0,2,0,0,"552 548","0 0","18.7447 0.177869","4 7","789.248 1574.89","4.47035e-09 6.57769e-09","6.82857e-09 8.23142e-09",0
0,"Airplane body_wing_rivets.step",554,0.0358409,8.96857e-11,0.864005,1.65747,0,6084.13,7281.71,-806.125,4.50018e-09,6413.76,1381.97,9.4569e-05,0,1,0,0,0,1,0,0,0,4,0.117711,0.266043,0.304482,0.134718,0.5,2.70506e-13,1,4,0,0,3,0,1,0.75,0,"555 558 557 556","1 1 0 1","0.134718 0.999961 0.538481 0.350008","0 0 0 0","0.32 0.112004 0.32 0.112002","1.5708 1.0472 0 1.0472","2.22045e-16 2.22045e-16 0 2.22045e-16",0
0,"Airplane body_wing_rivets.step",555,0.266043,6.65727e-10,1.92,1.10266,0,6084.37,7281.85,-806.072,4.50018e-09,6413.76,1381.97,9.4569e-05,0,1,0,0,0,1,0,0,0,6,0.0469347,0.1024,5.66837,2.59808,2.77634e-13,2.58044e-13,3.04354e-13,6,0,0,6,0,0,1,0,"554 556 559 560 561 558","1 1 1 1 1 1","7.4229 2.59808 7.42261 7.4229 7.42267 7.42261","0 0 0 0 0 0","0.32 0.32 0.32 0.32 0.32 0.32","1.5708 1.5708 1.5708 1.5708 1.5708 1.5708","2.22045e-16 2.22045e-16 2.22045e-16 2.22045e-16 2.22045e-16 2.22045e-16",0
0,"Airplane body_wing_rivets.step",556,0.1024,2.56239e-10,1.28,1.27324,0,6084.13,7281.97,-806.258,4.50018e-09,6413.76,1381.97,9.4569e-05,0,1,0,0,0,1,0,0,0,6,0.122814,0.266043,0.833779,0.3849,0.333333,2.58044e-13,0.5,6,0,0,6,0,0,1,0,"554 557 563 562 559 555","1 1 1 1 1 1","2.85707 1.53848 0.3849 1.53851 2.85696 0.3849","0 0 0 0 0 0","0.112002 0.207998 0.32 0.20799 0.11201 0.32","1.0472 1.0472 1.5708 1.0472 1.0472 1.5708","2.22045e-16 2.22045e-16 2.22045e-16 0 0 2.22045e-16",0
0,"Airplane body_wing_rivets.step",557,0.0665591,1.66553e-10,1.05599,1.33323,0,6084.14,7281.69,-806.284,4.50018e-09,6413.76,1381.97,9.4569e-05,0,1,0,0,0,1,0,0,0,4,0.11771,0.266043,0.565448,0.250182,0.5,2.70506e-13,1,4,0,0,3,0,1,0.75,0,"554 564 563 556","0 1 1 1","1.85707 1.00002 0.250182 0.649992","0 0 0 0","0.32 0.207996 0.32 0.207998","0 1.0472 1.5708 1.0472","0 2.22045e-16 2.22045e-16 2.22045e-16",0
0,"Airplane body_wing_rivets.step",558,0.0358423,8.96891e-11,0.864014,1.65743,0,6084.37,7281.57,-806.098,4.50018e-09,6413.76,1381.97,9.4569e-05,0,1,0,0,0,1,0,0,0,4,0.101071,0.266043,0.354625,0.134724,0.5,3.04354e-13,1,4,0,0,3,0,1,0.75,0,"555 561 564 554","1 1 0 1","0.134724 1.00001 0.538514 1.00004","0 0 0 0","0.32 0.11201 0.32 0.112004","1.5708 1.0472 0 1.0472","2.22045e-16 0 0 2.22045e-16",0
0,"Airplane body_wing_rivets.step",559,0.0358423,8.96891e-11,0.864014,1.65743,0,6084.37,7282.12,-806.157,4.50018e-09,6413.76,1381.97,9.4569e-05,0,1,0,0,0,1,0,0,0,4,0.11771,0.266043,0.304495,0.134724,0.5,3.04354e-13,1,4,0,0,3,0,1,0.75,0,"555 556 562 560","1 1 0 1","0.134724 0.350022 0.538514 1.00004","0 0 0 0","0.32 0.11201 0.32 0.112004","1.5708 1.0472 0 1.0472","2.22045e-16 0 0 2.22045e-16",0
0,"Airplane body_wing_rivets.step",560,0.0358409,8.96857e-11,0.864005,1.65747,0,6084.61,7281.98,-806.13,4.50018e-09,6413.76,1381.97,9.4569e-05,0,1,0,0,0,1,0,0,0,4,0.101072,0.266043,0.354609,0.134718,0.5,2.70506e-13,1,4,0,0,3,0,1,0.75,0,"555 559 565 561","1 1 0 1","0.134718 0.999961 0.538481 0.99997","0 0 0 0","0.32 0.112004 0.32 0.112002","1.5708 1.0472 0 1.0472","2.22045e-16 2.22045e-16 0 2.22045e-16",0
0,"Airplane body_wing_rivets.step",561,0.0358419,8.96884e-11,0.864012,1.65744,0,6084.61,7281.71,-806.1,4.50018e-09,6413.76,1381.97,9.4569e-05,0,1,0,0,0,1,0,0,0,4,0.101071,0.266043,0.354621,0.134722,0.5,2.58044e-13,1,4,0,0,3,0,1,0.75,0,"555 560 566 558","1 1 0 1","0.134722 1.00003 0.538506 0.999991","0 0 0 0","0.32 0.112002 0.32 0.11201","1.5708 1.0472 0 1.0472","2.22045e-16 2.22045e-16 0 0",0
0,"Airplane body_wing_rivets.step",562,0.0665577,1.66549e-10,1.05599,1.33324,0,6084.38,7282.1,-806.316,4.50018e-09,6413.76,1381.97,9.4569e-05,0,1,0,0,0,1,0,0,0,4,0.117711,0.266043,0.565433,0.250177,0.5,3.04354e-13,1,4,0,0,3,0,1,0.75,0,"559 556 563 565","0 1 1 1","1.85696 0.649978 0.250177 0.999979","0 0 0 0","0.32 0.20799 0.32 0.207996","0 1.0472 1.5708 1.0472","0 0 2.22045e-16 2.22045e-16",0
0,"Airplane body_wing_rivets.step",563,0.266043,6.65727e-10,1.92,1.10266,0,6084.38,7281.82,-806.39,4.50018e-09,6413.76,1381.97,9.4569e-05,0,1,0,0,0,1,0,0,0,6,0.072532,0.1024,3.66794,2.59808,2.77634e-13,2.58044e-13,3.04354e-13,6,0,0,6,0,0,1,0,"557 556 562 565 566 564","1 1 1 1 1 1","3.99709 2.59808 3.99718 3.99709 3.99716 3.99718","0 0 0 0 0 0","0.32 0.32 0.32 0.32 0.32 0.32","1.5708 1.5708 1.5708 1.5708 1.5708 1.5708","2.22045e-16 2.22045e-16 2.22045e-16 2.22045e-16 2.22045e-16 2.22045e-16",0
0,"Airplane body_wing_rivets.step",564,0.0665577,1.66549e-10,1.05599,1.33324,0,6084.38,7281.55,-806.256,4.50018e-09,6413.76,1381.97,9.4569e-05,0,1,0,0,0,1,0,0,0,4,0.108751,0.266043,0.612022,0.250177,0.5,3.04354e-13,1,4,0,0,3,0,1,0.75,0,"558 566 563 557","0 1 1 1","1.85696 0.999995 0.250177 0.999979","0 0 0 0","0.32 0.20799 0.32 0.207996","0 1.0472 1.5708 1.0472","0 0 2.22045e-16 2.22045e-16",0
0,"Airplane body_wing_rivets.step",565,0.0665591,1.66553e-10,1.05599,1.33323,0,6084.62,7281.97,-806.289,4.50018e-09,6413.76,1381.97,9.4569e-05,0,1,0,0,0,1,0,0,0,4,0.10875,0.266043,0.612039,0.250182,0.5,2.70506e-13,1,4,0,0,3,0,1,0.75,0,"560 562 563 566","0 1 1 1","1.85707 1.00002 0.250182 1.00002","0 0 0 0","0.32 0.207996 0.32 0.207998","0 1.0472 1.5708 1.0472","0 2.22045e-16 2.22045e-16 2.22045e-16",0
0,"Airplane body_wing_rivets.step",566,0.0665581,1.6655e-10,1.05599,1.33324,0,6084.62,7281.69,-806.259,4.50018e-09,6413.76,1381.97,9.4569e-05,0,1,0,0,0,1,0,0,0,4,0.10875,0.266043,0.612026,0.250178,0.5,2.58044e-13,1,4,0,0,3,0,1,0.75,0,"561 565 563 564","0 1 1 1","1.85699 0.999984 0.250178 1","0 0 0 0","0.32 0.207998 0.32 0.20799","0 1.0472 1.5708 1.0472","0 2.22045e-16 2.22045e-16 0",0
0,"Airplane body_wing_rivets.step",567,1.5701e+06,0.00392891,5384.49,1.46944,6,1096.94,411.48,-70.4087,4.50018e-09,6413.76,1381.97,9.4569e-05,-0.000444627,1,0.241362,1.3697e-10,0,1,0,0,0,8,91891.3,207706,17.0865,7.55924,0.042516,0,0.0704429,4,4,4,8,0,0,1,0,"569 570 571 572 573 574 575 568","1 1 1 1 1 1 1 1","66.9361 15.2742 66.9361 7.55924 59.4618 13.3968 59.4619 7.55924","1 0 1 0 1 0 1 0","171.175 609.6 171.175 1724.86 186.612 609.6 186.612 1724.86","2.03053 2.38093 2.03 1.5708 2.08724 2.51389 2.08666 1.5708","0.252916 5.61733e-16 0.252787 0 0.292314 0 0.292418 0",0
0,"Airplane body_wing_rivets.step",568,207706,0.00051975,3735.84,5.3471,0,1199.19,807.72,-63.0282,4.50018e-09,6413.76,1381.97,9.4569e-05,0,0.28,0,0,0,1,0,0,0,4,785012,1.5701e+06,0.26459,0.132288,0.353553,0,0.707107,0,2,4,2,0,2,0.5,0,"576 575 567 569","1 0 1 0","0.136641 7.86612 0.132288 8.85487","6 1 6 1","1685.21 170.862 1724.86 154.909","1.5708 0 1.5708 0","0 0 0 0",0
0,"Airplane body_wing_rivets.step",569,23456.7,5.86964e-05,658.517,1.47115,1,998.379,773.8,784.378,4.50018e-09,6413.76,1381.97,9.4569e-05,-0.00546807,0.8,0.192188,0,91.44,1,0,0,0,4,850172,1.5701e+06,0.0275905,0.0149396,0.376196,0.0407583,0.707107,2,0,2,2,0,2,0.5,0,"570 576 568 567","0 1 0 1","0.22819 0.0154312 0.112932 0.0149396","0 6 0 6","168.626 163.808 154.909 171.175","0 1.15511 0 2.03053","0 0.224266 0 0.252916",0
0,"Airplane body_wing_rivets.step",570,102795,0.000257226,1556.45,1.87539,0,969.012,411.48,816.864,4.50018e-09,6413.76,1381.97,9.4569e-05,0,1,0,0,0,1,0,0,0,4,784275,1.5701e+06,0.13107,0.0654701,0.385574,0.057641,0.707107,0,2,4,2,0,2,0.5,0,"576 569 567 571","1 0 1 0","0.0676242 4.38231 0.0654701 4.38231","6 1 6 1","609.6 168.626 609.6 168.626","0.853668 0 2.38093 0","1.11022e-16 0 5.61733e-16 0",0
0,"Airplane body_wing_rivets.step",571,23456.7,5.86965e-05,658.518,1.47115,1,998.379,49.1603,784.378,4.50018e-09,6413.76,1381.97,9.4569e-05,-0.00546807,0.8,0.192188,0,91.44,1,0,0,0,4,850172,1.5701e+06,0.0275906,0.0149396,0.376196,0.0407583,0.707107,2,0,2,2,0,2,0.5,0,"572 576 570 567","0 1 0 1","0.112932 0.0154312 0.22819 0.0149396","0 6 0 6","154.909 163.808 168.626 171.175","0 1.15572 0 2.03","0 0.224223 0 0.252787",0
0,"Airplane body_wing_rivets.step",572,207706,0.00051975,3735.84,5.3471,0,1199.19,15.24,-63.0282,4.50018e-09,6413.76,1381.97,9.4569e-05,0,0.28,0,0,0,1,0,0,0,4,785012,1.5701e+06,0.26459,0.132288,0.353553,3.47352e-18,0.707107,0,2,4,2,0,2,0.5,0,"573 576 571 567","0 1 0 1","7.86611 0.136641 8.85487 0.132288","1 6 1 6","170.862 1685.21 154.909 1724.86","0 1.5708 0 1.5708","0 0 0 0",0
0,"Airplane body_wing_rivets.step",573,26405.2,6.60745e-05,723.092,1.57575,1,893.286,49.4349,-888.299,4.50018e-09,6413.76,1381.97,9.4569e-05,-0.00546807,0.8,0.192188,0,91.44,1,0,0,0,4,853773,1.5701e+06,0.0309277,0.0168175,0.376196,0.0407583,0.707107,2,0,2,2,0,2,0.5,0,"574 576 572 567","0 1 0 1","0.225302 0.0173709 0.127128 0.0168175","0 6 0 6","192.256 173.361 170.862 186.612","0 1.10297 0 2.08724","0 0.257894 0 0.292314",0
0,"Airplane body_wing_rivets.step",574,117199,0.000293271,1603.71,1.7463,0,856.255,411.48,-920.496,4.50018e-09,6413.76,1381.97,9.4569e-05,0,1,0,0,0,1,0,0,0,4,785749,1.5701e+06,0.149156,0.0746444,0.385574,0.057641,0.707107,0,2,4,2,0,2,0.5,0,"575 576 573 567","0 1 0 1","4.4385 0.0771005 4.43849 0.0746444","1 6 1 6","192.256 609.6 192.256 609.6","0 0.743779 0 2.51389","0 0 0 0",0
0,"Airplane body_wing_rivets.step",575,26405.2,6.60745e-05,723.092,1.57575,1,893.286,773.525,-888.299,4.50018e-09,6413.76,1381.97,9.4569e-05,-0.00546807,0.8,0.192188,0,91.44,1,0,0,0,4,853773,1.5701e+06,0.0309276,0.0168175,0.376196,0.0407583,0.707107,2,0,2,2,0,2,0.5,0,"568 576 574 567","0 1 0 1","0.127128 0.0173708 0.225301 0.0168175","0 6 0 6","170.862 173.361 192.256 186.612","0 1.1035 0 2.08666","0 0.25773 0 0.292418",0
0,"Airplane body_wing_rivets.step",576,1.52009e+06,0.00380376,5263.96,1.4506,6,1240.25,411.48,-65.0048,4.50018e-09,6413.76,1381.97,9.4569e-05,-0.000403436,1,0.190071,5.84389e-11,0,1,0,0,0,8,91891.3,207706,16.5422,7.31844,0.0347894,0,0.057641,4,4,4,8,0,0,1,0,"575 568 569 570 571 572 573 574","1 1 1 1 1 1 1 1","57.5677 7.31844 64.8039 14.7876 64.8039 7.31844 57.5677 12.9701","1 0 1 0 1 0 1 0","173.361 1685.21 163.808 609.6 163.808 1685.21 173.361 609.6","1.1035 1.5708 1.15511 0.853668 1.15572 1.5708 1.10297 0.743779","0.25773 0 0.224266 1.11022e-16 0.224223 0 0.257894 0",0
0,"Airplane body_wing_rivets.step",577,112254,0.000280897,1215.42,1.04723,6,1278.08,5974.08,193.833,4.50018e-09,6413.76,1381.97,9.4569e-05,-0.000432143,1,0.011788,5.81925e-12,0,1,0,0,0,4,18718.5,30580.1,5.99697,3.67083,0.050307,0,0.143021,2,2,2,4,0,0,1,0,"580 579 578 581","1 1 1 1","14.8956 3.84146 14.8956 3.67083","0 1 0 1","123.715 479.328 123.715 488.667","1.5708 1.56417 1.5708 1.77821","0 0.0147669 0 0.114387",0
0,"Airplane body_wing_rivets.step",578,7536.05,1.88577e-05,370.995,1.45339,0,1314.15,6126.48,192.199,4.50018e-09,6413.76,1381.97,9.4569e-05,0,0.88,0,0,0,1,0,0,0,4,71023.5,112254,0.106106,0.0671338,0.368627,0,0.939071,0,2,4,2,0,2,0.5,0,"581 582 579 577","0 1 0 1","0.246437 0.0672634 0.257892 0.0671338","1 6 1 6","62.4043 123.536 61.3392 123.715","0 1.5708 0 1.5708","0 0 0 0",0
0,"Airplane body_wing_rivets.step",579,29221.7,7.31224e-05,1081.28,3.18391,1,1329.02,5974.08,34.1157,4.50018e-09,6413.76,1381.97,9.4569e-05,-0.00328084,1,0.426795,0,152.4,1,0,0,0,4,59841.1,112254,0.488322,0.260318,0.337394,0.135676,0.535439,2,0,2,2,0,2,0.5,0,"582 580 577 578","1 0 1 0","0.26082 3.87759 0.260318 3.87759","6 0 6 0","479.274 61.3392 479.328 61.3392","1.57708 0 1.56417 0","0.0140239 0 0.0147669 0",0
0,"Airplane body_wing_rivets.step",580,7536.05,1.88577e-05,370.995,1.45339,0,1314.15,5821.68,192.199,4.50018e-09,6413.76,1381.97,9.4569e-05,0,0.88,0,0,0,1,0,0,0,4,71023.5,112254,0.106106,0.0671338,0.368627,0,0.939071,0,2,4,2,0,2,0.5,0,"582 581 577 579","1 0 1 0","0.0672634 0.246437 0.0671338 0.257892","6 1 6 1","123.536 62.4043 123.715 61.3392","1.5708 0 1.5708 0","0 0 0 0",0
0,"Airplane body_wing_rivets.step",581,30580.1,7.65215e-05,1101.12,3.15515,1,1276.23,5974.08,350.577,4.50018e-09,6413.76,1381.97,9.4569e-05,-0.00328084,0.6,0.426795,0,152.4,1,0,0,0,4,59841.1,112254,0.511022,0.272418,0.497891,0.0552171,0.939071,2,0,2,2,0,2,0.5,0,"582 578 577 580","1 0 1 0","0.272944 4.05784 0.272418 4.05784","6 0 6 0","487.644 62.4043 488.667 62.4043","1.37381 0 1.77821 0","0.10851 0 0.114387 0",0
0,"Airplane body_wing_rivets.step",582,112038,0.000280356,1213.99,1.04678,6,1340.2,5974.08,193.65,4.50018e-09,6413.76,1381.97,9.4569e-05,-0.000410754,1,0.0106084,3.94983e-12,0,1,0,0,0,4,18718.5,30580.1,5.98542,3.66376,0.0477232,0,0.135676,2,2,2,4,0,0,1,0,"578 581 580 579","1 1 1 1","14.8669 3.66376 14.8669 3.83407","0 1 0 1","123.536 487.644 123.536 479.274","1.5708 1.37381 1.5708 1.57708","0 0.10851 0 0.0140239",0
0,"Airplane body_wing_rivets.step",583,112252,0.000280891,1215.42,1.04726,6,-1278.08,5974.08,193.833,4.50018e-09,6413.76,1381.97,9.4569e-05,-0.000432143,1,0.0117465,5.81925e-12,0,1,0,0,0,4,18718.5,30580,5.99686,3.67076,0.0291033,0,0.0582067,2,2,2,4,0,0,1,0,"587 586 585 584","1 1 1 1","14.8953 3.84138 14.8953 3.67076","0 1 0 1","123.715 479.328 123.715 488.667","1.5708 1.56417 1.5708 1.77821","0 0.0147669 0 0.114387",0
0,"Airplane body_wing_rivets.step",584,30580,7.65212e-05,1101.12,3.15516,1,-1276.23,5974.08,350.577,4.50018e-09,6413.76,1381.97,9.4569e-05,-0.00328084,0.6,0.426795,0,152.4,1,0,0,0,4,59839.9,112252,0.51103,0.272423,0.497891,0.0552171,0.939071,2,0,2,2,0,2,0.5,0,"588 585 583 587","1 0 1 0","0.272949 4.05782 0.272423 4.05782","6 0 6 0","487.644 62.4043 488.667 62.4043","1.37381 0 1.77821 0","0.10851 0 0.114387 0",0
0,"Airplane body_wing_rivets.step",585,7536.05,1.88577e-05,370.995,1.45339,0,-1314.15,5821.68,192.199,4.50018e-09,6413.76,1381.97,9.4569e-05,0,0.88,0,0,0,1,0,0,0,4,71022.3,112252,0.106108,0.0671352,0.469535,0,0.939071,0,2,4,2,0,2,0.5,0,"588 586 583 584","1 0 1 0","0.0672649 0.257892 0.0671352 0.246438","6 1 6 1","123.536 61.3392 123.715 62.4043","1.5708 0 1.5708 0","0 0 0 0",0
0,"Airplane body_wing_rivets.step",586,29221.7,7.31224e-05,1081.28,3.18391,1,-1329.02,5974.08,34.1157,4.50018e-09,6413.76,1381.97,9.4569e-05,-0.00328084,1,0.426795,0,152.4,1,0,0,0,4,59839.9,112252,0.488332,0.260323,0.497891,0.0552171,0.939071,2,0,2,2,0,2,0.5,0,"588 587 583 585","1 0 1 0","0.260826 3.87759 0.260323 3.87759","6 0 6 0","479.274 61.3392 479.328 61.3392","1.57708 0 1.56417 0","0.0140239 0 0.0147669 0",0
0,"Airplane body_wing_rivets.step",587,7536.05,1.88577e-05,370.995,1.45339,0,-1314.15,6126.48,192.199,4.50018e-09,6413.76,1381.97,9.4569e-05,0,0.88,0,0,0,1,0,0,0,4,71022.3,112252,0.106108,0.0671352,0.469535,0,0.939071,0,2,4,2,0,2,0.5,0,"586 588 584 583","0 1 0 1","0.257892 0.0672649 0.246438 0.0671352","1 6 1 6","61.3392 123.536 62.4043 123.715","0 1.5708 0 1.5708","0 0 0 0",0
0,"Airplane body_wing_rivets.step",588,112035,0.00028035,1213.99,1.0468,6,-1340.2,5974.08,193.65,4.50018e-09,6413.76,1381.97,9.4569e-05,-0.000410754,1,0.0105748,3.94983e-12,0,1,0,0,0,4,18718.5,30580,5.98529,3.66369,0.0276086,0,0.0552171,2,2,2,4,0,0,1,0,"585 584 587 586","1 1 1 1","14.8666 3.66369 14.8666 3.83398","0 1 0 1","123.536 487.644 123.536 479.274","1.5708 1.37381 1.5708 1.57708","0 0.10851 0 0.0140239",0
0,"Airplane body_wing_rivets.step",589,112254,0.000280897,1215.42,1.04723,6,1278.08,5303.52,193.833,4.50018e-09,6413.76,1381.97,9.4569e-05,-0.000432143,1,0.011788,5.81925e-12,0,1,0,0,0,4,18718.5,30580.1,5.99697,3.67083,0.050307,0,0.143021,2,2,2,4,0,0,1,0,"592 591 590 593","1 1 1 1","14.8956 3.84146 14.8956 3.67083","0 1 0 1","123.715 479.328 123.715 488.667","1.5708 1.56417 1.5708 1.77821","0 0.0147669 0 0.114387",0
0,"Airplane body_wing_rivets.step",590,7536.05,1.88577e-05,370.995,1.45339,0,1314.15,5455.92,192.199,4.50018e-09,6413.76,1381.97,9.4569e-05,0,0.88,0,0,0,1,0,0,0,4,71023.5,112254,0.106106,0.0671338,0.368627,0,0.939071,0,2,4,2,0,2,0.5,0,"593 594 591 589","0 1 0 1","0.246437 0.0672634 0.257892 0.0671338","1 6 1 6","62.4043 123.536 61.3392 123.715","0 1.5708 0 1.5708","0 0 0 0",0
0,"Airplane body_wing_rivets.step",591,29221.7,7.31224e-05,1081.28,3.18391,1,1329.02,5303.52,34.1157,4.50018e-09,6413.76,1381.97,9.4569e-05,-0.00328084,1,0.426795,0,152.4,1,0,0,0,4,59841.1,112254,0.488322,0.260318,0.337394,0.135676,0.535439,2,0,2,2,0,2,0.5,0,"594 592 589 590","1 0 1 0","0.26082 3.87759 0.260318 3.87759","6 0 6 0","479.274 61.3392 479.328 61.3392","1.57708 0 1.56417 0","0.0140239 0 0.0147669 0",0
0,"Airplane body_wing_rivets.step",592,7536.05,1.88577e-05,370.995,1.45339,0,1314.15,5151.12,192.199,4.50018e-09,6413.76,1381.97,9.4569e-05,0,0.88,0,0,0,1,0,0,0,4,71023.5,112254,0.106106,0.0671338,0.368627,0,0.939071,0,2,4,2,0,2,0.5,0,"594 593 589 591","1 0 1 0","0.0672634 0.246437 0.0671338 0.257892","6 1 6 1","123.536 62.4043 123.715 61.3392","1.5708 0 1.5708 0","0 0 0 0",0
0,"Airplane body_wing_rivets.step",593,30580.1,7.65215e-05,1101.12,3.15515,1,1276.23,5303.52,350.577,4.50018e-09,6413.76,1381.97,9.4569e-05,-0.00328084,0.6,0.426795,0,152.4,1,0,0,0,4,59841.1,112254,0.511022,0.272418,0.497891,0.0552171,0.939071,2,0,2,2,0,2,0.5,0,"594 590 589 592","1 0 1 0","0.272944 4.05784 0.272418 4.05784","6 0 6 0","487.644 62.4043 488.667 62.4043","1.37381 0 1.77821 0","0.10851 0 0.114387 0",0
0,"Airplane body_wing_rivets.step",594,112038,0.000280356,1213.99,1.04678,6,1340.2,5303.52,193.65,4.50018e-09,6413.76,1381.97,9.4569e-05,-0.000410754,1,0.0106084,3.94983e-12,0,1,0,0,0,4,18718.5,30580.1,5.98542,3.66376,0.0477232,0,0.135676,2,2,2,4,0,0,1,0,"590 593 592 591","1 1 1 1","14.8669 3.66376 14.8669 3.83407","0 1 0 1","123.536 487.644 123.536 479.274","1.5708 1.37381 1.5708 1.57708","0 0.10851 0 0.0140239",0
0,"Airplane body_wing_rivets.step",595,112252,0.000280891,1215.42,1.04726,6,-1278.08,5303.52,193.833,4.50018e-09,6413.76,1381.97,9.4569e-05,-0.000432143,1,0.0117465,5.81925e-12,0,1,0,0,0,4,18718.5,30580,5.99686,3.67076,0.0291033,0,0.0582067,2,2,2,4,0,0,1,0,"599 598 597 596","1 1 1 1","14.8953 3.84138 14.8953 3.67076","0 1 0 1","123.715 479.328 123.715 488.667","1.5708 1.56417 1.5708 1.77821","0 0.0147669 0 0.114387",0
0,"Airplane body_wing_rivets.step",596,30580,7.65212e-05,1101.12,3.15516,1,-1276.23,5303.52,350.577,4.50018e-09,6413.76,1381.97,9.4569e-05,-0.00328084,0.6,0.426795,0,152.4,1,0,0,0,4,59839.9,112252,0.51103,0.272423,0.497891,0.0552171,0.939071,2,0,2,2,0,2,0.5,0,"600 597 595 599","1 0 1 0","0.272949 4.05782 0.272423 4.05782","6 0 6 0","487.644 62.4043 488.667 62.4043","1.37381 0 1.77821 0","0.10851 0 0.114387 0",0
0,"Airplane body_wing_rivets.step",597,7536.05,1.88577e-05,370.995,1.45339,0,-1314.15,5151.12,192.199,4.50018e-09,6413.76,1381.97,9.4569e-05,0,0.88,0,0,0,1,0,0,0,4,71022.3,112252,0.106108,0.0671352,0.469535,0,0.939071,0,2,4,2,0,2,0.5,0,"600 598 595 596","1 0 1 0","0.0672649 0.257892 0.0671352 0.246438","6 1 6 1","123.536 61.3392 123.715 62.4043","1.5708 0 1.5708 0","0 0 0 0",0
0,"Airplane body_wing_rivets.step",598,29221.7,7.31224e-05,1081.28,3.18391,1,-1329.02,5303.52,34.1157,4.50018e-09,6413.76,1381.97,9.4569e-05,-0.00328084,1,0.426795,0,152.4,1,0,0,0,4,59839.9,112252,0.488332,0.260323,0.497891,0.0552171,0.939071,2,0,2,2,0,2,0.5,0,"600 599 595 597","1 0 1 0","0.260826 3.87759 0.260323 3.87759","6 0 6 0","479.274 61.3392 479.328 61.3392","1.57708 0 1.56417 0","0.0140239 0 0.0147669 0",0
0,"Airplane body_wing_rivets.step",599,7536.05,1.88577e-05,370.995,1.45339,0,-1314.15,5455.92,192.199,4.50018e-09,6413.76,1381.97,9.4569e-05,0,0.88,0,0,0,1,0,0,0,4,71022.3,112252,0.106108,0.0671352,0.469535,0,0.939071,0,2,4,2,0,2,0.5,0,"598 600 596 595","0 1 0 1","0.257892 0.0672649 0.246438 0.0671352","1 6 1 6","61.3392 123.536 62.4043 123.715","0 1.5708 0 1.5708","0 0 0 0",0
0,"Airplane body_wing_rivets.step",600,112035,0.00028035,1213.99,1.0468,6,-1340.2,5303.52,193.65,4.50018e-09,6413.76,1381.97,9.4569e-05,-0.000410754,1,0.0105748,3.94983e-12,0,1,0,0,0,4,18718.5,30580,5.98529,3.66369,0.0276086,0,0.0552171,2,2,2,4,0,0,1,0,"597 596 599 598","1 1 1 1","14.8666 3.66369 14.8666 3.83398","0 1 0 1","123.536 487.644 123.536 479.274","1.5708 1.37381 1.5708 1.57708","0 0.10851 0 0.0140239",0
0,"Airplane body_wing_rivets.step",601,112254,0.000280897,1215.42,1.04723,6,1278.08,4632.96,193.833,4.50018e-09,6413.76,1381.97,9.4569e-05,-0.000432143,1,0.011788,5.81925e-12,0,1,0,0,0,4,18718.5,30580.1,5.99697,3.67083,0.050307,0,0.143021,2,2,2,4,0,0,1,0,"604 603 602 605","1 1 1 1","14.8956 3.84146 14.8956 3.67083","0 1 0 1","123.715 479.328 123.715 488.667","1.5708 1.56417 1.5708 1.77821","0 0.0147669 0 0.114387",0
0,"Airplane body_wing_rivets.step",602,7536.05,1.88577e-05,370.995,1.45339,0,1314.15,4785.36,192.199,4.50018e-09,6413.76,1381.97,9.4569e-05,0,0.88,0,0,0,1,0,0,0,4,71023.5,112254,0.106106,0.0671338,0.368627,0,0.939071,0,2,4,2,0,2,0.5,0,"605 606 603 601","0 1 0 1","0.246437 0.0672634 0.257892 0.0671338","1 6 1 6","62.4043 123.536 61.3392 123.715","0 1.5708 0 1.5708","0 0 0 0",0
0,"Airplane body_wing_rivets.step",603,29221.7,7.31224e-05,1081.28,3.18391,1,1329.02,4632.96,34.1157,4.50018e-09,6413.76,1381.97,9.4569e-05,-0.00328084,1,0.426795,0,152.4,1,0,0,0,4,59841.1,112254,0.488322,0.260318,0.337394,0.135676,0.535439,2,0,2,2,0,2,0.5,0,"606 604 601 602","1 0 1 0","0.26082 3.87759 0.260318 3.87759","6 0 6 0","479.274 61.3392 479.328 61.3392","1.57708 0 1.56417 0","0.0140239 0 0.0147669 0",0
0,"Airplane body_wing_rivets.step",604,7536.05,1.88577e-05,370.995,1.45339,0,1314.15,4480.56,192.199,4.50018e-09,6413.76,1381.97,9.4569e-05,0,0.88,0,0,0,1,0,0,0,4,71023.5,112254,0.106106,0.0671338,0.368627,0,0.939071,0,2,4,2,0,2,0.5,0,"606 605 601 603","1 0 1 0","0.0672634 0.246437 0.0671338 0.257892","6 1 6 1","123.536 62.4043 123.715 61.3392","1.5708 0 1.5708 0","0 0 0 0",0
0,"Airplane body_wing_rivets.step",605,30580.1,7.65215e-05,1101.12,3.15515,1,1276.23,4632.96,350.577,4.50018e-09,6413.76,1381.97,9.4569e-05,-0.00328084,0.6,0.426795,0,152.4,1,0,0,0,4,59841.1,112254,0.511022,0.272418,0.497891,0.0552171,0.939071,2,0,2,2,0,2,0.5,0,"606 602 601 604","1 0 1 0","0.272944 4.05784 0.272418 4.05784","6 0 6 0","487.644 62.4043 488.667 62.4043","1.37381 0 1.77821 0","0.10851 0 0.114387 0",0
0,"Airplane body_wing_rivets.step",606,112038,0.000280356,1213.99,1.04678,6,1340.2,4632.96,193.65,4.50018e-09,6413.76,1381.97,9.4569e-05,-0.000410754,1,0.0106084,3.94983e-12,0,1,0,0,0,4,18718.5,30580.1,5.98542,3.66376,0.0477232,0,0.135676,2,2,2,4,0,0,1,0,"602 605 604 603","1 1 1 1","14.8669 3.66376 14.8669 3.83407","0 1 0 1","123.536 487.644 123.536 479.274","1.5708 1.37381 1.5708 1.57708","0 0.10851 0 0.0140239",0
0,"Airplane body_wing_rivets.step",607,112252,0.000280891,1215.42,1.04726,6,-1278.08,4632.96,193.833,4.50018e-09,6413.76,1381.97,9.4569e-05,-0.000432143,1,0.0117465,5.81925e-12,0,1,0,0,0,4,18718.5,30580,5.99686,3.67076,0.0291033,0,0.0582067,2,2,2,4,0,0,1,0,"611 610 609 608","1 1 1 1","14.8953 3.84138 14.8953 3.67076","0 1 0 1","123.715 479.328 123.715 488.667","1.5708 1.56417 1.5708 1.77821","0 0.0147669 0 0.114387",0
0,"Airplane body_wing_rivets.step",608,30580,7.65212e-05,1101.12,3.15516,1,-1276.23,4632.96,350.577,4.50018e-09,6413.76,1381.97,9.4569e-05,-0.00328084,0.6,0.426795,0,152.4,1,0,0,0,4,59839.9,112252,0.51103,0.272423,0.497891,0.0552171,0.939071,2,0,2,2,0,2,0.5,0,"612 609 607 611","1 0 1 0","0.272949 4.05782 0.272423 4.05782","6 0 6 0","487.644 62.4043 488.667 62.4043","1.37381 0 1.77821 0","0.10851 0 0.114387 0",0
0,"Airplane body_wing_rivets.step",609,7536.05,1.88577e-05,370.995,1.45339,0,-1314.15,4480.56,192.199,4.50018e-09,6413.76,1381.97,9.4569e-05,0,0.88,0,0,0,1,0,0,0,4,71022.3,112252,0.106108,0.0671352,0.469535,0,0.939071,0,2,4,2,0,2,0.5,0,"612 610 607 608","1 0 1 0","0.0672649 0.257892 0.0671352 0.246438","6 1 6 1","123.536 61.3392 123.715 62.4043","1.5708 0 1.5708 0","0 0 0 0",0
0,"Airplane body_wing_rivets.step",610,29221.7,7.31224e-05,1081.28,3.18391,1,-1329.02,4632.96,34.1157,4.50018e-09,6413.76,1381.97,9.4569e-05,-0.00328084,1,0.426795,0,152.4,1,0,0,0,4,59839.9,112252,0.488332,0.260323,0.497891,0.0552171,0.939071,2,0,2,2,0,2,0.5,0,"612 611 607 609","1 0 1 0","0.260826 3.87759 0.260323 3.87759","6 0 6 0","479.274 61.3392 479.328 61.3392","1.57708 0 1.56417 0","0.0140239 0 0.0147669 0",0
0,"Airplane body_wing_rivets.step",611,7536.05,1.88577e-05,370.995,1.45339,0,-1314.15,4785.36,192.199,4.50018e-09,6413.76,1381.97,9.4569e-05,0,0.88,0,0,0,1,0,0,0,4,71022.3,112252,0.106108,0.0671352,0.469535,0,0.939071,0,2,4,2,0,2,0.5,0,"610 612 608 607","0 1 0 1","0.257892 0.0672649 0.246438 0.0671352","1 6 1 6","61.3392 123.536 62.4043 123.715","0 1.5708 0 1.5708","0 0 0 0",0
0,"Airplane body_wing_rivets.step",612,112035,0.00028035,1213.99,1.0468,6,-1340.2,4632.96,193.65,4.50018e-09,6413.76,1381.97,9.4569e-05,-0.000410754,1,0.0105748,3.94983e-12,0,1,0,0,0,4,18718.5,30580,5.98529,3.66369,0.0276086,0,0.0552171,2,2,2,4,0,0,1,0,"609 608 611 610","1 1 1 1","14.8666 3.66369 14.8666 3.83398","0 1 0 1","123.536 487.644 123.536 479.274","1.5708 1.37381 1.5708 1.57708","0 0.10851 0 0.0140239",0
0,"Airplane body_wing_rivets.step",613,112254,0.000280897,1215.42,1.04723,6,1278.08,3962.4,193.833,4.50018e-09,6413.76,1381.97,9.4569e-05,-0.000432143,1,0.011788,5.81925e-12,0,1,0,0,0,4,18718.5,30580.1,5.99697,3.67083,0.050307,0,0.143021,2,2,2,4,0,0,1,0,"616 615 614 617","1 1 1 1","14.8956 3.84146 14.8956 3.67083","0 1 0 1","123.715 479.328 123.715 488.667","1.5708 1.56417 1.5708 1.77821","0 0.0147669 0 0.114387",0
0,"Airplane body_wing_rivets.step",614,7536.05,1.88577e-05,370.995,1.45339,0,1314.15,4114.8,192.199,4.50018e-09,6413.76,1381.97,9.4569e-05,0,0.88,0,0,0,1,0,0,0,4,71023.5,112254,0.106106,0.0671338,0.368627,0,0.939071,0,2,4,2,0,2,0.5,0,"617 618 615 613","0 1 0 1","0.246437 0.0672634 0.257892 0.0671338","1 6 1 6","62.4043 123.536 61.3392 123.715","0 1.5708 0 1.5708","0 0 0 0",0
0,"Airplane body_wing_rivets.step",615,29221.7,7.31224e-05,1081.28,3.18391,1,1329.02,3962.4,34.1157,4.50018e-09,6413.76,1381.97,9.4569e-05,-0.00328084,1,0.426795,0,152.4,1,0,0,0,4,59841.1,112254,0.488322,0.260318,0.337394,0.135676,0.535439,2,0,2,2,0,2,0.5,0,"618 616 613 614","1 0 1 0","0.26082 3.87759 0.260318 3.87759","6 0 6 0","479.274 61.3392 479.328 61.3392","1.57708 0 1.56417 0","0.0140239 0 0.0147669 0",0
0,"Airplane body_wing_rivets.step",616,7536.05,1.88577e-05,370.995,1.45339,0,1314.15,3810,192.199,4.50018e-09,6413.76,1381.97,9.4569e-05,0,0.88,0,0,0,1,0,0,0,4,71023.5,112254,0.106106,0.0671338,0.368627,0,0.939071,0,2,4,2,0,2,0.5,0,"618 617 613 615","1 0 1 0","0.0672634 0.246437 0.0671338 0.257892","6 1 6 1","123.536 62.4043 123.715 61.3392","1.5708 0 1.5708 0","0 0 0 0",0
0,"Airplane body_wing_rivets.step",617,30580.1,7.65215e-05,1101.12,3.15515,1,1276.23,3962.4,350.577,4.50018e-09,6413.76,1381.97,9.4569e-05,-0.00328084,0.6,0.426795,0,152.4,1,0,0,0,4,59841.1,112254,0.511022,0.272418,0.497891,0.0552171,0.939071,2,0,2,2,0,2,0.5,0,"618 614 613 616","1 0 1 0","0.272944 4.05784 0.272418 4.05784","6 0 6 0","487.644 62.4043 488.667 62.4043","1.37381 0 1.77821 0","0.10851 0 0.114387 0",0
0,"Airplane body_wing_rivets.step",618,112038,0.000280356,1213.99,1.04678,6,1340.2,3962.4,193.65,4.50018e-09,6413.76,1381.97,9.4569e-05,-0.000410754,1,0.0106084,3.94983e-12,0,1,0,0,0,4,18718.5,30580.1,5.98542,3.66376,0.0477232,0,0.135676,2,2,2,4,0,0,1,0,"614 617 616 615","1 1 1 1","14.8669 3.66376 14.8669 3.83407","0 1 0 1","123.536 487.644 123.536 479.274","1.5708 1.37381 1.5708 1.57708","0 0.10851 0 0.0140239",0
0,"Airplane body_wing_rivets.step",619,112252,0.000280891,1215.42,1.04726,6,-1278.08,3962.4,193.833,4.50018e-09,6413.76,1381.97,9.4569e-05,-0.000432143,1,0.0117465,5.81925e-12,0,1,0,0,0,4,18718.5,30580,5.99686,3.67076,0.0291033,0,0.0582067,2,2,2,4,0,0,1,0,"623 622 621 620","1 1 1 1","14.8953 3.84138 14.8953 3.67076","0 1 0 1","123.715 479.328 123.715 488.667","1.5708 1.56417 1.5708 1.77821","0 0.0147669 0 0.114387",0
0,"Airplane body_wing_rivets.step",620,30580,7.65212e-05,1101.12,3.15516,1,-1276.23,3962.4,350.577,4.50018e-09,6413.76,1381.97,9.4569e-05,-0.00328084,0.6,0.426795,0,152.4,1,0,0,0,4,59839.9,112252,0.51103,0.272423,0.497891,0.0552171,0.939071,2,0,2,2,0,2,0.5,0,"624 621 619 623","1 0 1 0","0.272949 4.05782 0.272423 4.05782","6 0 6 0","487.644 62.4043 488.667 62.4043","1.37381 0 1.77821 0","0.10851 0 0.114387 0",0
0,"Airplane body_wing_rivets.step",621,7536.05,1.88577e-05,370.995,1.45339,0,-1314.15,3810,192.199,4.50018e-09,6413.76,1381.97,9.4569e-05,0,0.88,0,0,0,1,0,0,0,4,71022.3,112252,0.106108,0.0671352,0.469535,0,0.939071,0,2,4,2,0,2,0.5,0,"624 622 619 620","1 0 1 0","0.0672649 0.257892 0.0671352 0.246438","6 1 6 1","123.536 61.3392 123.715 62.4043","1.5708 0 1.5708 0","0 0 0 0",0
0,"Airplane body_wing_rivets.step",622,29221.7,7.31224e-05,1081.28,3.18391,1,-1329.02,3962.4,34.1157,4.50018e-09,6413.76,1381.97,9.4569e-05,-0.00328084,1,0.426795,0,152.4,1,0,0,0,4,59839.9,112252,0.488332,0.260323,0.497891,0.0552171,0.939071,2,0,2,2,0,2,0.5,0,"624 623 619 621","1 0 1 0","0.260826 3.87759 0.260323 3.87759","6 0 6 0","479.274 61.3392 479.328 61.3392","1.57708 0 1.56417 0","0.0140239 0 0.0147669 0",0
0,"Airplane body_wing_rivets.step",623,7536.05,1.88577e-05,370.995,1.45339,0,-1314.15,4114.8,192.199,4.50018e-09,6413.76,1381.97,9.4569e-05,0,0.88,0,0,0,1,0,0,0,4,71022.3,112252,0.106108,0.0671352,0.469535,0,0.939071,0,2,4,2,0,2,0.5,0,"622 624 620 619","0 1 0 1","0.257892 0.0672649 0.246438 0.0671352","1 6 1 6","61.3392 123.536 62.4043 123.715","0 1.5708 0 1.5708","0 0 0 0",0
0,"Airplane body_wing_rivets.step",624,112035,0.00028035,1213.99,1.0468,6,-1340.2,3962.4,193.65,4.50018e-09,6413.76,1381.97,9.4569e-05,-0.000410754,1,0.0105748,3.94983e-12,0,1,0,0,0,4,18718.5,30580,5.98529,3.66369,0.0276086,0,0.0552171,2,2,2,4,0,0,1,0,"621 620 623 622","1 1 1 1","14.8666 3.66369 14.8666 3.83398","0 1 0 1","123.536 487.644 123.536 479.274","1.5708 1.37381 1.5708 1.57708","0 0.10851 0 0.0140239",0
0,"Airplane body_wing_rivets.step",625,112254,0.000280897,1215.42,1.04723,6,1278.08,3291.84,193.833,4.50018e-09,6413.76,1381.97,9.4569e-05,-0.000432143,1,0.011788,5.81925e-12,0,1,0,0,0,4,18718.5,30580.1,5.99697,3.67083,0.050307,0,0.143021,2,2,2,4,0,0,1,0,"628 627 626 629","1 1 1 1","14.8956 3.84146 14.8956 3.67083","0 1 0 1","123.715 479.328 123.715 488.667","1.5708 1.56417 1.5708 1.77821","0 0.0147669 0 0.114387",0
0,"Airplane body_wing_rivets.step",626,7536.05,1.88577e-05,370.995,1.45339,0,1314.15,3444.24,192.199,4.50018e-09,6413.76,1381.97,9.4569e-05,0,0.88,0,0,0,1,0,0,0,4,71023.5,112254,0.106106,0.0671338,0.368627,0,0.939071,0,2,4,2,0,2,0.5,0,"629 630 627 625","0 1 0 1","0.246437 0.0672634 0.257892 0.0671338","1 6 1 6","62.4043 123.536 61.3392 123.715","0 1.5708 0 1.5708","0 0 0 0",0
0,"Airplane body_wing_rivets.step",627,29221.7,7.31224e-05,1081.28,3.18391,1,1329.02,3291.84,34.1157,4.50018e-09,6413.76,1381.97,9.4569e-05,-0.00328084,1,0.426795,0,152.4,1,0,0,0,4,59841.1,112254,0.488322,0.260318,0.337394,0.135676,0.535439,2,0,2,2,0,2,0.5,0,"630 628 625 626","1 0 1 0","0.26082 3.87759 0.260318 3.87759","6 0 6 0","479.274 61.3392 479.328 61.3392","1.57708 0 1.56417 0","0.0140239 0 0.0147669 0",0
0,"Airplane body_wing_rivets.step",628,7536.05,1.88577e-05,370.995,1.45339,0,1314.15,3139.44,192.199,4.50018e-09,6413.76,1381.97,9.4569e-05,0,0.88,0,0,0,1,0,0,0,4,71023.5,112254,0.106106,0.0671338,0.368627,0,0.939071,0,2,4,2,0,2,0.5,0,"630 629 625 627","1 0 1 0","0.0672634 0.246437 0.0671338 0.257892","6 1 6 1","123.536 62.4043 123.715 61.3392","1.5708 0 1.5708 0","0 0 0 0",0
0,"Airplane body_wing_rivets.step",629,30580.1,7.65215e-05,1101.12,3.15515,1,1276.23,3291.84,350.577,4.50018e-09,6413.76,1381.97,9.4569e-05,-0.00328084,0.6,0.426795,0,152.4,1,0,0,0,4,59841.1,112254,0.511022,0.272418,0.497891,0.0552171,0.939071,2,0,2,2,0,2,0.5,0,"630 626 625 628","1 0 1 0","0.272944 4.05784 0.272418 4.05784","6 0 6 0","487.644 62.4043 488.667 62.4043","1.37381 0 1.77821 0","0.10851 0 0.114387 0",0
0,"Airplane body_wing_rivets.step",630,112038,0.000280356,1213.99,1.04678,6,1340.2,3291.84,193.65,4.50018e-09,6413.76,1381.97,9.4569e-05,-0.000410754,1,0.0106084,3.94983e-12,0,1,0,0,0,4,18718.5,30580.1,5.98542,3.66376,0.0477232,0,0.135676,2,2,2,4,0,0,1,0,"626 629 628 627","1 1 1 1","14.8669 3.66376 14.8669 3.83407","0 1 0 1","123.536 487.644 123.536 479.274","1.5708 1.37381 1.5708 1.57708","0 0.10851 0 0.0140239",0
0,"Airplane body_wing_rivets.step",631,112252,0.000280891,1215.42,1.04726,6,-1278.08,3291.84,193.833,4.50018e-09,6413.76,1381.97,9.4569e-05,-0.000432143,1,0.0117465,5.81925e-12,0,1,0,0,0,4,18718.5,30580,5.99686,3.67076,0.0291033,0,0.0582067,2,2,2,4,0,0,1,0,"635 634 633 632","1 1 1 1","14.8953 3.84138 14.8953 3.67076","0 1 0 1","123.715 479.328 123.715 488.667","1.5708 1.56417 1.5708 1.77821","0 0.0147669 0 0.114387",0
0,"Airplane body_wing_rivets.step",632,30580,7.65212e-05,1101.12,3.15516,1,-1276.23,3291.84,350.577,4.50018e-09,6413.76,1381.97,9.4569e-05,-0.00328084,0.6,0.426795,0,152.4,1,0,0,0,4,59839.9,112252,0.51103,0.272423,0.497891,0.0552171,0.939071,2,0,2,2,0,2,0.5,0,"636 633 631 635","1 0 1 0","0.272949 4.05782 0.272423 4.05782","6 0 6 0","487.644 62.4043 488.667 62.4043","1.37381 0 1.77821 0","0.10851 0 0.114387 0",0
0,"Airplane body_wing_rivets.step",633,7536.05,1.88577e-05,370.995,1.45339,0,-1314.15,3139.44,192.199,4.50018e-09,6413.76,1381.97,9.4569e-05,0,0.88,0,0,0,1,0,0,0,4,71022.3,112252,0.106108,0.0671352,0.469535,0,0.939071,0,2,4,2,0,2,0.5,0,"636 634 631 632","1 0 1 0","0.0672649 0.257892 0.0671352 0.246438","6 1 6 1","123.536 61.3392 123.715 62.4043","1.5708 0 1.5708 0","0 0 0 0",0
0,"Airplane body_wing_rivets.step",634,29221.7,7.31224e-05,1081.28,3.18391,1,-1329.02,3291.84,34.1157,4.50018e-09,6413.76,1381.97,9.4569e-05,-0.00328084,1,0.426795,0,152.4,1,0,0,0,4,59839.9,112252,0.488332,0.260323,0.497891,0.0552171,0.939071,2,0,2,2,0,2,0.5,0,"636 635 631 633","1 0 1 0","0.260826 3.87759 0.260323 3.87759","6 0 6 0","479.274 61.3392 479.328 61.3392","1.57708 0 1.56417 0","0.0140239 0 0.0147669 0",0
0,"Airplane body_wing_rivets.step",635,7536.05,1.88577e-05,370.995,1.45339,0,-1314.15,3444.24,192.199,4.50018e-09,6413.76,1381.97,9.4569e-05,0,0.88,0,0,0,1,0,0,0,4,71022.3,112252,0.106108,0.0671352,0.469535,0,0.939071,0,2,4,2,0,2,0.5,0,"634 636 632 631","0 1 0 1","0.257892 0.0672649 0.246438 0.0671352","1 6 1 6","61.3392 123.536 62.4043 123.715","0 1.5708 0 1.5708","0 0 0 0",0
0,"Airplane body_wing_rivets.step",636,112035,0.00028035,1213.99,1.0468,6,-1340.2,3291.84,193.65,4.50018e-09,6413.76,1381.97,9.4569e-05,-0.000410754,1,0.0105748,3.94983e-12,0,1,0,0,0,4,18718.5,30580,5.98529,3.66369,0.0276086,0,0.0552171,2,2,2,4,0,0,1,0,"633 632 635 634","1 1 1 1","14.8666 3.66369 14.8666 3.83398","0 1 0 1","123.536 487.644 123.536 479.274","1.5708 1.37381 1.5708 1.57708","0 0.10851 0 0.0140239",0
0,"Airplane body_wing_rivets.step",637,112254,0.000280897,1215.42,1.04723,6,1278.08,2621.28,193.833,4.50018e-09,6413.76,1381.97,9.4569e-05,-0.000432143,1,0.011788,5.81925e-12,0,1,0,0,0,4,18718.5,30580.1,5.99697,3.67083,0.050307,0,0.143021,2,2,2,4,0,0,1,0,"640 639 638 641","1 1 1 1","14.8956 3.84146 14.8956 3.67083","0 1 0 1","123.715 479.328 123.715 488.667","1.5708 1.56417 1.5708 1.77821","0 0.0147669 0 0.114387",0
0,"Airplane body_wing_rivets.step",638,7536.05,1.88577e-05,370.995,1.45339,0,1314.15,2773.68,192.199,4.50018e-09,6413.76,1381.97,9.4569e-05,0,0.88,0,0,0,1,0,0,0,4,71023.5,112254,0.106106,0.0671338,0.368627,0,0.939071,0,2,4,2,0,2,0.5,0,"641 642 639 637","0 1 0 1","0.246437 0.0672634 0.257892 0.0671338","1 6 1 6","62.4043 123.536 61.3392 123.715","0 1.5708 0 1.5708","0 0 0 0",0
0,"Airplane body_wing_rivets.step",639,29221.7,7.31224e-05,1081.28,3.18391,1,1329.02,2621.28,34.1157,4.50018e-09,6413.76,1381.97,9.4569e-05,-0.00328084,1,0.426795,0,152.4,1,0,0,0,4,59841.1,112254,0.488322,0.260318,0.337394,0.135676,0.535439,2,0,2,2,0,2,0.5,0,"642 640 637 638","1 0 1 0","0.26082 3.87759 0.260318 3.87759","6 0 6 0","479.274 61.3392 479.328 61.3392","1.57708 0 1.56417 0","0.0140239 0 0.0147669 0",0
0,"Airplane body_wing_rivets.step",640,7536.05,1.88577e-05,370.995,1.45339,0,1314.15,2468.88,192.199,4.50018e-09,6413.76,1381.97,9.4569e-05,0,0.88,0,0,0,1,0,0,0,4,71023.5,112254,0.106106,0.0671338,0.368627,0,0.939071,0,2,4,2,0,2,0.5,0,"642 641 637 639","1 0 1 0","0.0672634 0.246437 0.0671338 0.257892","6 1 6 1","123.536 62.4043 123.715 61.3392","1.5708 0 1.5708 0","0 0 0 0",0
0,"Airplane body_wing_rivets.step",641,30580.1,7.65215e-05,1101.12,3.15515,1,1276.23,2621.28,350.577,4.50018e-09,6413.76,1381.97,9.4569e-05,-0.00328084,0.6,0.426795,0,152.4,1,0,0,0,4,59841.1,112254,0.511022,0.272418,0.497891,0.0552171,0.939071,2,0,2,2,0,2,0.5,0,"642 638 637 640","1 0 1 0","0.272944 4.05784 0.272418 4.05784","6 0 6 0","487.644 62.4043 488.667 62.4043","1.37381 0 1.77821 0","0.10851 0 0.114387 0",0
0,"Airplane body_wing_rivets.step",642,112038,0.000280356,1213.99,1.04678,6,1340.2,2621.28,193.65,4.50018e-09,6413.76,1381.97,9.4569e-05,-0.000410754,1,0.0106084,3.94983e-12,0,1,0,0,0,4,18718.5,30580.1,5.98542,3.66376,0.0477232,0,0.135676,2,2,2,4,0,0,1,0,"638 641 640 639","1 1 1 1","14.8669 3.66376 14.8669 3.83407","0 1 0 1","123.536 487.644 123.536 479.274","1.5708 1.37381 1.5708 1.57708","0 0.10851 0 0.0140239",0
0,"Airplane body_wing_rivets.step",643,112252,0.000280891,1215.42,1.04726,6,-1278.08,2621.28,193.833,4.50018e-09,6413.76,1381.97,9.4569e-05,-0.000432143,1,0.0117465,5.81925e-12,0,1,0,0,0,4,18718.5,30580,5.99686,3.67076,0.0291033,0,0.0582067,2,2,2,4,0,0,1,0,"647 646 645 644","1 1 1 1","14.8953 3.84138 14.8953 3.67076","0 1 0 1","123.715 479.328 123.715 488.667","1.5708 1.56417 1.5708 1.77821","0 0.0147669 0 0.114387",0
0,"Airplane body_wing_rivets.step",644,30580,7.65212e-05,1101.12,3.15516,1,-1276.23,2621.28,350.577,4.50018e-09,6413.76,1381.97,9.4569e-05,-0.00328084,0.6,0.426795,0,152.4,1,0,0,0,4,59839.9,112252,0.51103,0.272423,0.497891,0.0552171,0.939071,2,0,2,2,0,2,0.5,0,"648 645 643 647","1 0 1 0","0.272949 4.05782 0.272423 4.05782","6 0 6 0","487.644 62.4043 488.667 62.4043","1.37381 0 1.77821 0","0.10851 0 0.114387 0",0
0,"Airplane body_wing_rivets.step",645,7536.05,1.88577e-05,370.995,1.45339,0,-1314.15,2468.88,192.199,4.50018e-09,6413.76,1381.97,9.4569e-05,0,0.88,0,0,0,1,0,0,0,4,71022.3,112252,0.106108,0.0671352,0.469535,0,0.939071,0,2,4,2,0,2,0.5,0,"648 646 643 644","1 0 1 0","0.0672649 0.257892 0.0671352 0.246438","6 1 6 1","123.536 61.3392 123.715 62.4043","1.5708 0 1.5708 0","0 0 0 0",0
0,"Airplane body_wing_rivets.step",646,29221.7,7.31224e-05,1081.28,3.18391,1,-1329.02,2621.28,34.1157,4.50018e-09,6413.76,1381.97,9.4569e-05,-0.00328084,1,0.426795,0,152.4,1,0,0,0,4,59839.9,112252,0.488332,0.260323,0.497891,0.0552171,0.939071,2,0,2,2,0,2,0.5,0,"648 647 643 645","1 0 1 0","0.260826 3.87759 0.260323 3.87759","6 0 6 0","479.274 61.3392 479.328 61.3392","1.57708 0 1.56417 0","0.0140239 0 0.0147669 0",0
0,"Airplane body_wing_rivets.step",647,7536.05,1.88577e-05,370.995,1.45339,0,-1314.15,2773.68,192.199,4.50018e-09,6413.76,1381.97,9.4569e-05,0,0.88,0,0,0,1,0,0,0,4,71022.3,112252,0.106108,0.0671352,0.469535,0,0.939071,0,2,4,2,0,2,0.5,0,"646 648 644 643","0 1 0 1","0.257892 0.0672649 0.246438 0.0671352","1 6 1 6","61.3392 123.536 62.4043 123.715","0 1.5708 0 1.5708","0 0 0 0",0
0,"Airplane body_wing_rivets.step",648,112035,0.00028035,1213.99,1.0468,6,-1340.2,2621.28,193.65,4.50018e-09,6413.76,1381.97,9.4569e-05,-0.000410754,1,0.0105748,3.94983e-12,0,1,0,0,0,4,18718.5,30580,5.98529,3.66369,0.0276086,0,0.0552171,2,2,2,4,0,0,1,0,"645 644 647 646","1 1 1 1","14.8666 3.66369 14.8666 3.83398","0 1 0 1","123.536 487.644 123.536 479.274","1.5708 1.37381 1.5708 1.57708","0 0.10851 0 0.0140239",0
0,"Airplane body_wing_rivets.step",649,112254,0.000280897,1215.42,1.04723,6,1278.08,1950.72,193.833,4.50018e-09,6413.76,1381.97,9.4569e-05,-0.000432143,1,0.011788,5.81925e-12,0,1,0,0,0,4,18718.5,30580.1,5.99697,3.67083,0.050307,0,0.143021,2,2,2,4,0,0,1,0,"652 651 650 653","1 1 1 1","14.8956 3.84146 14.8956 3.67083","0 1 0 1","123.715 479.328 123.715 488.667","1.5708 1.56417 1.5708 1.77821","0 0.0147669 0 0.114387",0
0,"Airplane body_wing_rivets.step",650,7536.05,1.88577e-05,370.995,1.45339,0,1314.15,2103.12,192.199,4.50018e-09,6413.76,1381.97,9.4569e-05,0,0.88,0,0,0,1,0,0,0,4,71023.5,112254,0.106106,0.0671338,0.368627,0,0.939071,0,2,4,2,0,2,0.5,0,"653 654 651 649","0 1 0 1","0.246437 0.0672634 0.257892 0.0671338","1 6 1 6","62.4043 123.536 61.3392 123.715","0 1.5708 0 1.5708","0 0 0 0",0
0,"Airplane body_wing_rivets.step",651,29221.7,7.31224e-05,1081.28,3.18391,1,1329.02,1950.72,34.1157,4.50018e-09,6413.76,1381.97,9.4569e-05,-0.00328084,1,0.426795,0,152.4,1,0,0,0,4,59841.1,112254,0.488322,0.260318,0.337394,0.135676,0.535439,2,0,2,2,0,2,0.5,0,"654 652 649 650","1 0 1 0","0.26082 3.87759 0.260318 3.87759","6 0 6 0","479.274 61.3392 479.328 61.3392","1.57708 0 1.56417 0","0.0140239 0 0.0147669 0",0
0,"Airplane body_wing_rivets.step",652,7536.05,1.88577e-05,370.995,1.45339,0,1314.15,1798.32,192.199,4.50018e-09,6413.76,1381.97,9.4569e-05,0,0.88,0,0,0,1,0,0,0,4,71023.5,112254,0.106106,0.0671338,0.368627,0,0.939071,0,2,4,2,0,2,0.5,0,"654 653 649 651","1 0 1 0","0.0672634 0.246437 0.0671338 0.257892","6 1 6 1","123.536 62.4043 123.715 61.3392","1.5708 0 1.5708 0","0 0 0 0",0
0,"Airplane body_wing_rivets.step",653,30580.1,7.65215e-05,1101.12,3.15515,1,1276.23,1950.72,350.577,4.50018e-09,6413.76,1381.97,9.4569e-05,-0.00328084,0.6,0.426795,0,152.4,1,0,0,0,4,59841.1,112254,0.511022,0.272418,0.497891,0.0552171,0.939071,2,0,2,2,0,2,0.5,0,"654 650 649 652","1 0 1 0","0.272944 4.05784 0.272418 4.05784","6 0 6 0","487.644 62.4043 488.667 62.4043","1.37381 0 1.77821 0","0.10851 0 0.114387 0",0
0,"Airplane body_wing_rivets.step",654,112038,0.000280356,1213.99,1.04678,6,1340.2,1950.72,193.65,4.50018e-09,6413.76,1381.97,9.4569e-05,-0.000410754,1,0.0106084,3.94983e-12,0,1,0,0,0,4,18718.5,30580.1,5.98542,3.66376,0.0477232,0,0.135676,2,2,2,4,0,0,1,0,"650 653 652 651","1 1 1 1","14.8669 3.66376 14.8669 3.83407","0 1 0 1","123.536 487.644 123.536 479.274","1.5708 1.37381 1.5708 1.57708","0 0.10851 0 0.0140239",0
0,"Airplane body_wing_rivets.step",655,112252,0.000280891,1215.42,1.04726,6,-1278.08,1950.72,193.833,4.50018e-09,6413.76,1381.97,9.4569e-05,-0.000432143,1,0.0117465,5.81925e-12,0,1,0,0,0,4,18718.5,30580,5.99686,3.67076,0.0291033,0,0.0582067,2,2,2,4,0,0,1,0,"659 658 657 656","1 1 1 1","14.8953 3.84138 14.8953 3.67076","0 1 0 1","123.715 479.328 123.715 488.667","1.5708 1.56417 1.5708 1.77821","0 0.0147669 0 0.114387",0
0,"Airplane body_wing_rivets.step",656,30580,7.65212e-05,1101.12,3.15516,1,-1276.23,1950.72,350.577,4.50018e-09,6413.76,1381.97,9.4569e-05,-0.00328084,0.6,0.426795,0,152.4,1,0,0,0,4,59839.9,112252,0.51103,0.272423,0.497891,0.0552171,0.939071,2,0,2,2,0,2,0.5,0,"660 657 655 659","1 0 1 0","0.272949 4.05782 0.272423 4.05782","6 0 6 0","487.644 62.4043 488.667 62.4043","1.37381 0 1.77821 0","0.10851 0 0.114387 0",0
0,"Airplane body_wing_rivets.step",657,7536.05,1.88577e-05,370.995,1.45339,0,-1314.15,1798.32,192.199,4.50018e-09,6413.76,1381.97,9.4569e-05,0,0.88,0,0,0,1,0,0,0,4,71022.3,112252,0.106108,0.0671352,0.469535,0,0.939071,0,2,4,2,0,2,0.5,0,"660 658 655 656","1 0 1 0","0.0672649 0.257892 0.0671352 0.246438","6 1 6 1","123.536 61.3392 123.715 62.4043","1.5708 0 1.5708 0","0 0 0 0",0
0,"Airplane body_wing_rivets.step",658,29221.7,7.31224e-05,1081.28,3.18391,1,-1329.02,1950.72,34.1157,4.50018e-09,6413.76,1381.97,9.4569e-05,-0.00328084,1,0.426795,0,152.4,1,0,0,0,4,59839.9,112252,0.488332,0.260323,0.497891,0.0552171,0.939071,2,0,2,2,0,2,0.5,0,"660 659 655 657","1 0 1 0","0.260826 3.87759 0.260323 3.87759","6 0 6 0","479.274 61.3392 479.328 61.3392","1.57708 0 1.56417 0","0.0140239 0 0.0147669 0",0
0,"Airplane body_wing_rivets.step",659,7536.05,1.88577e-05,370.995,1.45339,0,-1314.15,2103.12,192.199,4.50018e-09,6413.76,1381.97,9.4569e-05,0,0.88,0,0,0,1,0,0,0,4,71022.3,112252,0.106108,0.0671352,0.469535,0,0.939071,0,2,4,2,0,2,0.5,0,"658 660 656 655","0 1 0 1","0.257892 0.0672649 0.246438 0.0671352","1 6 1 6","61.3392 123.536 62.4043 123.715","0 1.5708 0 1.5708","0 0 0 0",0
0,"Airplane body_wing_rivets.step",660,112035,0.00028035,1213.99,1.0468,6,-1340.2,1950.72,193.65,4.50018e-09,6413.76,1381.97,9.4569e-05,-0.000410754,1,0.0105748,3.94983e-12,0,1,0,0,0,4,18718.5,30580,5.98529,3.66369,0.0276086,0,0.0552171,2,2,2,4,0,0,1,0,"657 656 659 658","1 1 1 1","14.8666 3.66369 14.8666 3.83398","0 1 0 1","123.536 487.644 123.536 479.274","1.5708 1.37381 1.5708 1.57708","0 0.10851 0 0.0140239",0
0,"Airplane body_wing_rivets.step",661,211578,0.000529437,2185.28,1.79612,6,-656.866,-1775.58,812.159,4.50018e-09,6413.76,1381.97,9.4569e-05,-0.000483334,0.56,0.0328982,3.20359e-11,0,1,0,0,0,7,79583.4,470605,2.65856,0.449586,0.512347,0.209689,0.96283,1,5,6,6,1,0,0.857143,0.142857,"668 669 670 671 672 662 667","1 1 1 1 1 -1 1","544.049 69.0662 30.121 52.6906 4.40767 0.449586 8.82133","1 1 0 1 1 6 1","10.8526 90.6357 229.859 117.398 340.917 749.028 646.595","1.01196 1.14093 1.44134 1.95188 2.33902 0.074474 1.06972","0.000608496 0.129855 0.0138773 0.270634 0.0191138 0.0452916 0.0314916",0
0,"Airplane body_wing_rivets.step",662,470605,0.00117761,2802.73,1.3283,6,-346.462,-2261.43,705.312,4.50018e-09,6413.76,1381.97,9.4569e-05,-0.000364035,0.84,0.018607,4.32047e-10,0,1,0,0,0,8,45631.9,211578,10.3131,2.22427,0.481809,0.200169,0.96283,1,5,6,6,1,0,0.857143,0.142857,"667 661 672 665 666 663 664","1 -1 1 1 1 1 1","19.621 2.22427 9.80383 68.3877 119.398 21.4072 154.158","1 6 1 1 1 0 1","0.0547544 749.028 873.088 198.066 121.185 721.246 95.0443","1.10148 0.074474 2.22795 2.07186 1.88355 1.55447 1.2854","2.40575e-06 0.0452916 0.0761525 0.00779877 0.160723 0.00373367 0.140891",0
0,"Airplane body_wing_rivets.step",663,21983.5,5.501e-05,1510.88,8.26327,0,-41.642,-2353.9,739.955,4.50018e-09,6413.76,1381.97,9.4569e-05,0,0.2,0,0,0,1,0,0,0,4,233908,470605,0.0939835,0.0467133,0.464067,0.238591,0.74155,0,2,4,2,0,2,0.5,0,"674 666 662 664","1 0 1 0","0.0479954 5.57749 0.0467133 7.20122","6 1 6 1","721.043 34.5149 721.246 34.0732","1.58651 0 1.55447 0","0.00373673 0 0.00373367 0",0
0,"Airplane body_wing_rivets.step",664,3052.75,7.63898e-06,258.138,1.73701,1,-50.7824,-1995.2,922.409,4.50018e-09,6413.76,1381.97,9.4569e-05,-0.0082021,0.64,0.16666,1.35525e-20,60.96,1,0,0,0,6,239078,470605,0.0127688,0.00648686,0.650638,0.483916,0.977634,1,1,4,3,0,2,0.6,0,"674 663 662 667 673","1 0 1 0 1","0.00666491 0.138865 0.00648686 0.127279 0.0138269","6 0 6 1 6","0.17197 34.0732 95.0443 34.0462 21.2444","1.99639 0 1.2854 0 2.01784","0.000160929 0 0.140891 0 0.0100838",0
0,"Airplane body_wing_rivets.step",665,6881.43,1.72196e-05,466.078,2.51206,1,-221.036,-2687.46,546.294,4.50018e-09,6413.76,1381.97,9.4569e-05,-0.00082475,0.8,0.0087957,1.05879e-22,606.244,1,0,0,0,4,245145,470605,0.0280708,0.0146225,0.56932,0.414247,0.827759,0,2,4,2,0,2,0.5,0,"666 674 672 662","0 1 0 1","1.74591 0.0150239 0.143357 0.0146225","1 6 1 6","34.6322 198.125 35.2544 198.066","1.49012e-08 1.0714 0 2.07186","0 0.00713141 0 0.00779877",0
0,"Airplane body_wing_rivets.step",666,3941.46,9.86285e-06,311.49,1.95894,1,-82.1523,-2714.73,549.367,4.50018e-09,6413.76,1381.97,9.4569e-05,-0.0082021,0.56,0.235163,1.35525e-20,60.96,1,0,0,0,4,239376,470605,0.0164656,0.00837532,0.362336,0.200169,0.62971,1,1,3,2,0,2,0.5,0,"663 674 665 662","0 1 0 1","0.179292 0.0086052 0.572768 0.00837532","0 6 1 6","34.5149 121.157 34.6322 121.185","0 1.25792 1.49012e-08 1.88355","0 0.160441 0 0.160723",0
0,"Airplane body_wing_rivets.step",667,23984.8,6.00178e-05,1453.42,7.0087,1,-385.659,-1814.74,935.428,4.50018e-09,6413.76,1381.97,9.4569e-05,-0.000757276,0.8,0.0886617,4.23516e-22,660.261,1,0,0,0,6,181281,470605,0.132307,0.0509659,0.688066,0.515233,0.977634,0,2,5,3,0,2,0.6,0,"668 661 662 664 673","0 1 1 0 1","61.6742 0.113362 0.0509659 7.85679 0.108635","1 6 6 1 6","35.9779 646.595 0.0547544 34.0462 691.728","1.49012e-08 1.06972 1.10148 0 2.06329","0 0.0314916 2.40575e-06 0 0.0298577",0
0,"Airplane body_wing_rivets.step",668,388.895,9.73143e-07,93.7044,1.79671,1,-611.668,-1564.73,947.05,4.50018e-09,6413.76,1381.97,9.4569e-05,-0.000206325,1,1.65613e-06,0,2423.37,1,0,0,0,4,114852,220783,0.00338605,0.00176144,0.685924,0.55105,0.864946,0,2,4,2,0,2,0.5,0,"669 661 667 673","0 1 0 1","0.126949 0.00183807 0.0162142 0.00176144","1 6 1 6","36.0175 10.8526 35.9779 10.8564","0 1.01196 1.49012e-08 2.11883","0 0.000608496 0 0.000571849",0
0,"Airplane body_wing_rivets.step",669,3063.4,7.66565e-06,253.987,1.67575,1,-643.75,-1533.23,939.161,4.50018e-09,6413.76,1381.97,9.4569e-05,-0.0082021,0.64,0.141012,1.35525e-20,60.96,1,0,0,0,4,109943,220783,0.0278635,0.0138752,0.633924,0.492854,0.789928,1,1,3,2,0,2,0.5,0,"670 673 668 661","0 1 0 1","0.436118 0.0138752 7.87721 0.0144789","0 6 1 6","37.0938 90.2403 36.0175 90.6357","0 1.99645 0 1.14093","0 0.125641 0 0.129855",0
0,"Airplane body_wing_rivets.step",670,7024.26,1.7577e-05,535.636,3.25034,0,-771.734,-1541.11,851.655,4.50018e-09,6413.76,1381.97,9.4569e-05,0,0.28,0,0,0,1,0,0,0,4,109860,220783,0.0639384,0.0318153,0.489148,0.209689,0.789928,0,2,4,2,0,2,0.5,0,"673 669 661 671","1 0 1 0","0.0318153 2.29296 0.0331994 1.7493","6 1 6 1","227.009 37.0938 229.859 41.6737","1.7042 0 1.44134 0","0.013093 0 0.0138773 0",0
0,"Airplane body_wing_rivets.step",671,4015.47,1.0048e-05,318.853,2.01482,1,-891.524,-1587,738.667,4.50018e-09,6413.76,1381.97,9.4569e-05,-0.0082021,0.48,0.19536,4.06576e-20,60.96,1,0,0,0,4,121847,220783,0.0329551,0.0181874,0.395284,0.188071,0.73515,1,1,3,2,0,2,0.5,0,"672 673 670 661","0 1 0 1","0.0836519 0.0181874 0.571657 0.0189787","1 6 0 6","43.6791 116.103 41.6737 117.398","0 1.20311 0 1.95188","0 0.26554 0 0.270634",0
0,"Airplane body_wing_rivets.step",672,48002.1,0.000120117,2507.86,10.4264,1,-681.184,-2152.02,626.941,4.50018e-09,6413.76,1381.97,9.4569e-05,-0.000314668,0.28,0.0615019,1.32349e-23,1588.98,1,0,0,0,6,228649,470605,0.209938,0.102001,0.547132,0.432343,0.827759,0,2,6,4,0,2,0.666667,0,"665 674 673 671 661 662","0 1 1 0 1 1","6.9756 0.104801 0.217418 11.9543 0.226877 0.102001","1 6 6 1 6 6","35.2544 860.473 354.448 43.6791 340.917 873.088","0 0.925842 0.823205 0 2.33902 2.22795","0 0.071177 0.0185764 0 0.0191138 0.0761525",0
0,"Airplane body_wing_rivets.step",673,220783,0.000552471,2315.66,1.93275,6,-646.345,-1785.31,850.5,4.50018e-09,6413.76,1381.97,9.4569e-05,-0.000475147,0.56,0.0350997,3.42276e-11,0,1,0,0,0,8,68445.6,458033,3.22566,0.482023,0.509735,0.188071,0.968427,1,6,7,8,0,0,1,0,"664 667 668 669 670 671 672 674","1 1 1 1 1 1 1 1","72.3226 9.20511 567.718 72.071 31.4314 54.983 4.59943 0.482023","1 1 1 1 0 1 1 6","21.2444 691.728 10.8564 90.2403 227.009 116.103 354.448 804.032","2.01784 2.06329 2.11883 1.99645 1.7042 1.20311 0.823205 0.0658103","0.0100838 0.0298577 0.000571849 0.125641 0.013093 0.26554 0.0185764 0.045612",0
0,"Airplane body_wing_rivets.step",674,458033,0.00114615,2778.56,1.34132,6,-343.156,-2268.95,738.549,4.50018e-09,6413.76,1381.97,9.4569e-05,-0.000355164,0.84,0.0174379,3.96265e-10,0,1,0,0,0,7,50774,220783,9.02102,2.07459,0.474076,0.205218,0.968427,1,4,5,6,0,0,1,0,"664 673 672 665 666 663","1 1 1 1 1 1","150.04 2.07459 9.54193 66.5608 116.209 20.8353","1 6 1 1 1 0","0.17197 804.032 860.473 198.125 121.157 721.043","1.99639 0.0658103 0.925842 1.0714 1.25792 1.58651","0.000160929 0.045612 0.071177 0.00713141 0.160441 0.00373673",0
0,"Airplane body_wing_rivets.step",675,157249,0.000393489,1555.94,1.22514,6,846.967,-1213.81,858.252,4.50018e-09,6413.76,1381.97,9.4569e-05,-0.000467147,0.96,0.00720676,4.0992e-11,0,1,0,0,0,8,7213.52,18592.7,21.7992,8.45754,0.409422,0.0578407,0.659642,3,5,5,8,0,0,1,0,"678 679 680 681 682 683 676 677","1 1 1 1 1 1 1 1","29.5709 33.079 8.45754 36.9724 41.6827 43.5544 11.2326 46.1337","0 1 0 1 0 1 1 1","175.575 131.906 417.488 120.204 124.754 106.376 375.845 103.789","1.57486 2.05346 2.39933 2.02012 1.52539 1.15151 0.951328 1.23706","0.0121183 0.267814 0.0103145 0.272322 0.00271171 0.18442 0.0107769 0.189128",0
0,"Airplane body_wing_rivets.step",676,13999.4,3.50311e-05,826.249,3.88064,1,732.762,-1176.04,977.824,4.50018e-09,6413.76,1381.97,9.4569e-05,-0.000206325,0.76,0.00202984,4.63221e-23,2423.37,1,0,0,0,4,79745.1,157249,0.175552,0.0890269,0.700605,0.645577,0.754163,0,2,4,2,0,2,0.5,0,"675 683 684 677","1 0 1 0","0.0890269 3.87752 0.0904863 4.10714","6 1 6 1","375.845 37.7026 375.905 36.7968","0.951328 0 2.17561 0","0.0107769 0 0.0100156 0",0
0,"Airplane body_wing_rivets.step",677,3408.55,8.52932e-06,281.605,1.8514,1,694.778,-1400.85,948.112,4.50018e-09,6413.76,1381.97,9.4569e-05,-0.0082021,0.52,0.160362,1.35525e-20,60.96,1,0,0,0,4,82819.7,157249,0.0411563,0.0216761,0.611526,0.46174,0.755232,1,1,3,2,0,2,0.5,0,"678 684 676 675","0 1 0 1","0.640982 0.0220315 0.243479 0.0216761","0 6 1 6","37.7122 103.307 36.7968 103.789","0 1.89466 0 1.23706","0 0.186248 0 0.189128",0
0,"Airplane body_wing_rivets.step",678,5317.7,1.33066e-05,427.852,2.73939,0,786.874,-1457.85,866.933,4.50018e-09,6413.76,1381.97,9.4569e-05,0,0.32,0,0,0,1,0,0,0,4,80031,157249,0.0664455,0.0338171,0.384325,0.0519269,0.755232,0,2,4,2,0,2,0.5,0,"684 677 675 679","1 0 1 0","0.0343714 1.56011 0.0338171 1.11864","6 1 6 1","173.363 37.7122 175.575 41.2028","1.56091 0 1.57486 0","0.0114773 0 0.0121183 0",0
0,"Airplane body_wing_rivets.step",679,4753.74,1.18954e-05,347.676,2.02351,1,898.72,-1469.59,768.947,4.50018e-09,6413.76,1381.97,9.4569e-05,-0.0082021,0.52,0.285161,1.35525e-20,60.96,1,0,0,0,4,83968,157249,0.0566137,0.0302307,0.530199,0.442289,0.672301,2,0,2,2,0,2,0.5,0,"680 684 678 675","0 1 0 1","0.255677 0.0307262 0.893946 0.0302307","0 6 0 6","44.3126 130.255 41.2028 131.906","0 1.09336 0 2.05346","0 0.258937 0 0.267814",0
0,"Airplane body_wing_rivets.step",680,18592.7,4.65252e-05,924.844,3.66087,0,956.668,-1225.48,777.363,4.50018e-09,6413.76,1381.97,9.4569e-05,0,0.6,0,0,0,1,0,0,0,4,80242.1,157249,0.231708,0.118238,0.631608,0.557995,0.677374,0,2,4,2,0,2,0.5,0,"681 684 679 675","0 1 0 1","4.37153 0.120176 3.91118 0.118238","1 6 1 6","45.426 417.618 44.3126 417.488","0 0.765695 0 2.39933","0 0.00979101 0 0.0103145",0
0,"Airplane body_wing_rivets.step",681,4253.14,1.06428e-05,326.739,1.99748,1,964.887,-979.788,823.611,4.50018e-09,6413.76,1381.97,9.4569e-05,-0.0082021,0.52,0.172989,1.35525e-20,60.96,1,0,0,0,4,83581.7,157249,0.050886,0.0270472,0.53419,0.356062,0.735639,2,0,2,2,0,2,0.5,0,"682 684 680 675","0 1 0 1","1.1274 0.0274906 0.228753 0.0270472","0 6 0 6","42.6563 118.453 45.426 120.204","0 1.1337 0 2.02012","0 0.265462 0 0.272322",0
0,"Airplane body_wing_rivets.step",682,3772.52,9.44008e-06,329.352,2.28812,0,883.603,-947.148,907.038,4.50018e-09,6413.76,1381.97,9.4569e-05,0,0.4,0,0,0,1,0,0,0,4,79956.3,157249,0.0471822,0.0239907,0.420498,0.101214,0.741382,0,2,4,2,0,2,0.5,0,"683 684 681 675","0 1 0 1","1.0449 0.024384 0.886995 0.0239907","1 6 1 6","39.3762 122.565 42.6563 124.754","0 1.61795 0 1.52539","0 0.00248378 0 0.00271171",0
0,"Airplane body_wing_rivets.step",683,3610.4,9.03441e-06,289.019,1.84115,1,796.719,-957.967,975.755,4.50018e-09,6413.76,1381.97,9.4569e-05,-0.0082021,0.56,0.199951,1.35525e-20,60.96,1,0,0,0,4,82433.4,157249,0.0437978,0.0229598,0.625698,0.505299,0.743036,1,1,3,2,0,2,0.5,0,"676 684 682 675","0 1 0 1","0.257897 0.0233361 0.957027 0.0229598","1 6 0 6","37.7026 105.564 39.3762 106.376","0 1.98298 0 1.15151","0 0.178882 0 0.18442",0
0,"Airplane body_wing_rivets.step",684,154713,0.000387142,1547.03,1.23101,6,846.678,-1213.94,899.154,4.50018e-09,6413.76,1381.97,9.4569e-05,-0.000459976,0.96,0.00674949,4.09091e-11,0,1,0,0,0,8,7213.52,18592.7,21.4476,8.32114,0.400623,0.0519269,0.645577,3,5,5,8,0,0,1,0,"676 677 678 679 680 681 682 683","1 1 1 1 1 1 1 1","11.0514 45.3896 29.0939 32.5455 8.32114 36.3761 41.0105 42.852","1 1 0 1 0 1 0 1","375.905 103.307 173.363 130.255 417.618 118.453 122.565 105.564","2.17561 1.89466 1.56091 1.09336 0.765695 1.1337 1.61795 1.98298","0.0100156 0.186248 0.0114773 0.258937 0.00979101 0.265462 0.00248378 0.178882",0
0,"Airplane body_wing_rivets.step",685,211560,0.000529394,2185.28,1.79627,6,656.88,-1775.57,812.158,4.50018e-09,6413.76,1381.97,9.4569e-05,-0.000483334,0.56,0.0154231,3.20338e-11,0,1,0,0,0,7,79586.1,470624,2.65826,0.449532,0.512347,0.20969,0.96283,1,5,6,6,1,0,0.857143,0.142857,"692 693 694 695 696 691 686","1 1 1 1 1 1 -1","4.40733 52.6868 30.1186 69.0604 544.005 8.82061 0.449532","1 1 0 1 1 1 6","340.917 117.397 229.859 90.6354 10.8526 646.595 749.028","2.33902 1.95122 1.44134 1.14048 1.01196 1.06972 0.0744742","0.0191141 0.270712 0.0138773 0.129737 0.000608497 0.0314917 0.0452917",0
0,"Airplane body_wing_rivets.step",686,470624,0.00117766,2802.73,1.32825,6,346.48,-2261.42,705.311,4.50018e-09,6413.76,1381.97,9.4569e-05,-0.000364035,0.84,0.0359439,4.32048e-10,0,1,0,0,0,7,45629.5,211560,10.314,2.22454,0.481809,0.200169,0.96283,1,5,6,6,1,0,0.857143,0.142857,"688 689 690 692 685 691 687","1 1 1 1 -1 1 1","21.4081 119.403 68.3905 9.80427 2.22454 19.6218 154.143","0 1 1 1 6 1 1","721.246 121.186 198.066 873.088 749.028 45.0764 95.0442","1.55447 1.88371 2.07186 2.22795 0.0744742 1.10438 1.28551","0.00373358 0.160758 0.00779876 0.0761525 0.0452917 0.00155869 0.140911",0
0,"Airplane body_wing_rivets.step",687,3053.16,7.64001e-06,258.181,1.73736,1,50.7837,-1995.19,922.413,4.50018e-09,6413.76,1381.97,9.4569e-05,-0.0082021,0.64,0.16666,1.35525e-20,60.96,1,0,0,0,5,239085,470624,0.0127702,0.00648747,0.650636,0.483916,0.977634,1,1,4,3,0,2,0.6,0,"688 698 697 691 686","0 1 1 0 1","0.138884 0.00666611 0.0138264 0.127296 0.00648747","0 6 6 1 6","34.0732 73.689 21.3283 34.0462 95.0442","0 1.80689 2.01768 0 1.28551","0 0.123629 0.0101798 0 0.140911",0
0,"Airplane body_wing_rivets.step",688,21983.5,5.501e-05,1510.88,8.26327,0,41.642,-2353.9,739.955,4.50018e-09,6413.76,1381.97,9.4569e-05,0,0.2,0,0,0,1,0,0,0,4,233908,470624,0.0939836,0.0467113,0.464067,0.238591,0.74155,0,2,4,2,0,2,0.5,0,"689 698 687 686","0 1 0 1","5.5775 0.0479976 7.20024 0.0467113","1 6 1 6","34.5149 721.043 34.0732 721.246","0 1.58651 0 1.55447","0 0.0037367 0 0.00373358",0
0,"Airplane body_wing_rivets.step",689,3941.46,9.86284e-06,311.491,1.95895,1,82.1523,-2714.73,549.367,4.50018e-09,6413.76,1381.97,9.4569e-05,-0.0082021,0.56,0.283871,1.35525e-20,60.96,1,0,0,0,4,239375,470624,0.0164656,0.00837496,0.362336,0.200169,0.62971,1,1,3,2,0,2,0.5,0,"690 698 688 686","0 1 0 1","0.572768 0.00860559 0.179292 0.00837496","1 6 0 6","34.6322 121.158 34.5149 121.186","0 1.25777 0 1.88371","0 0.160476 0 0.160758",0
0,"Airplane body_wing_rivets.step",690,6881.43,1.72196e-05,466.078,2.51206,1,221.036,-2687.46,546.294,4.50018e-09,6413.76,1381.97,9.4569e-05,-0.00082475,0.8,0.0087957,2.11758e-22,606.244,1,0,0,0,4,245145,470624,0.0280709,0.0146219,0.56932,0.414247,0.827759,0,2,4,2,0,2,0.5,0,"698 689 686 692","1 0 1 0","0.0150246 1.74591 0.0146219 0.143357","6 1 6 1","198.125 34.6322 198.066 35.2544","1.0714 0 2.07186 0","0.00713141 0 0.00779876 0",0
0,"Airplane body_wing_rivets.step",691,23984.8,6.00178e-05,1453.42,7.00871,1,385.659,-1814.74,935.428,4.50018e-09,6413.76,1381.97,9.4569e-05,-0.000757276,0.8,0.0886617,3.17637e-22,660.261,1,0,0,0,5,181290,470624,0.132301,0.0509638,0.688065,0.515233,0.977634,0,2,5,3,0,2,0.6,0,"686 685 696 697 687","1 1 0 1 0","0.0509638 0.113371 61.6743 0.108616 7.85572","6 6 1 6 1","45.0764 646.595 35.9779 691.728 34.0462","1.10438 1.06972 0 2.06329 0","0.00155869 0.0314917 0 0.0298577 0",0
0,"Airplane body_wing_rivets.step",692,48001.9,0.000120117,2507.86,10.4265,1,681.184,-2152.02,626.941,4.50018e-09,6413.76,1381.97,9.4569e-05,-0.000314668,0.28,0.0347162,2.64698e-23,1588.98,1,0,0,0,6,228652,470624,0.209934,0.101996,0.547129,0.432343,0.827759,0,2,6,4,0,2,0.666667,0,"698 690 686 685 693 697","1 0 1 1 0 1","0.104805 6.97558 0.101996 0.226895 11.9544 0.217379","6 1 6 6 1 6","860.474 35.2544 873.088 340.917 43.6791 354.447","0.925842 0 2.22795 2.33902 0 0.823205","0.071177 0 0.0761525 0.0191141 0 0.0185763",0
0,"Airplane body_wing_rivets.step",693,4015.44,1.00479e-05,318.853,2.01482,1,891.524,-1587,738.668,4.50018e-09,6413.76,1381.97,9.4569e-05,-0.0082021,0.48,0.17612,1.35525e-20,60.96,1,0,0,0,4,121852,220822,0.0329534,0.0181841,0.395279,0.188054,0.73515,1,1,3,2,0,2,0.5,0,"694 697 692 685","0 1 0 1","0.571653 0.0181841 0.0836515 0.0189801","0 6 1 6","41.6737 116.103 43.6791 117.397","0 1.20359 0 1.95122","0 0.265541 0 0.270712",0
0,"Airplane body_wing_rivets.step",694,7024.26,1.7577e-05,535.636,3.25034,0,771.734,-1541.11,851.655,4.50018e-09,6413.76,1381.97,9.4569e-05,0,0.28,0,0,0,1,0,0,0,4,109865,220822,0.0639352,0.0318097,0.48915,0.20969,0.789928,0,2,4,2,0,2,0.5,0,"695 697 693 685","0 1 0 1","2.29295 0.0318097 1.74931 0.0332021","1 6 1 6","37.0938 227.009 41.6737 229.859","0 1.7042 0 1.44134","0 0.013093 0 0.0138773",0
0,"Airplane body_wing_rivets.step",695,3063.41,7.66567e-06,253.987,1.67575,1,643.75,-1533.23,939.161,4.50018e-09,6413.76,1381.97,9.4569e-05,-0.0082021,0.64,0.165612,1.35525e-20,60.96,1,0,0,0,4,109949,220822,0.0278622,0.0138728,0.633923,0.49285,0.789928,1,1,3,2,0,2,0.5,0,"696 697 694 685","0 1 0 1","7.87724 0.0138728 0.436119 0.0144801","1 6 0 6","36.0175 90.2405 37.0938 90.6354","1.49012e-08 1.99665 0 1.14048","0 0.125588 0 0.129737",0
0,"Airplane body_wing_rivets.step",696,388.894,9.73142e-07,93.7044,1.79671,1,611.668,-1564.73,947.05,4.50018e-09,6413.76,1381.97,9.4569e-05,-0.000206325,1,1.65613e-06,1.98523e-23,2423.37,1,0,0,0,4,114858,220822,0.00338589,0.00176113,0.68592,0.551035,0.864946,0,2,4,2,0,2,0.5,0,"685 695 697 691","1 0 1 0","0.00183822 0.126948 0.00176113 0.0162142","6 1 6 1","10.8526 36.0175 10.8564 35.9779","1.01196 1.49012e-08 2.11883 0","0.000608497 0 0.000571849 0",0
0,"Airplane body_wing_rivets.step",697,220822,0.000552568,2315.82,1.93268,6,646.311,-1785.34,850.501,4.50018e-09,6413.76,1381.97,9.4569e-05,-0.000475148,0.56,0.0165623,3.42324e-11,0,1,0,0,0,8,68443,458012,3.22636,0.48213,0.509729,0.188054,0.968432,1,6,7,8,0,0,1,0,"687 698 692 693 694 695 696 691","1 1 1 1 1 1 1 1","72.3256 0.48213 4.60026 54.9932 31.437 72.0835 567.819 9.20673","1 6 1 1 0 1 1 1","21.3283 804.112 354.447 116.103 227.009 90.2405 10.8564 691.728","2.01768 0.0658038 0.823205 1.20359 1.7042 1.99665 2.11883 2.06329","0.0101798 0.0456145 0.0185763 0.265541 0.013093 0.125588 0.000571849 0.0298577",0
0,"Airplane body_wing_rivets.step",698,458012,0.0011461,2778.6,1.34142,6,343.136,-2268.96,738.549,4.50018e-09,6413.76,1381.97,9.4569e-05,-0.000355164,0.84,0.0334113,3.96267e-10,0,1,0,0,0,6,50780.5,220822,9.01945,2.07413,0.474077,0.205218,0.968432,1,4,5,6,0,0,1,0,"687 688 689 690 692 697","1 1 1 1 1 1","150.012 20.8344 116.204 66.5577 9.54153 2.07413","1 0 1 1 1 6","73.689 721.043 121.158 198.125 860.474 804.112","1.80689 1.58651 1.25777 1.0714 0.925842 0.0658038","0.123629 0.0037367 0.160476 0.00713141 0.071177 0.0456145",0
0,"Airplane body_wing_rivets.step",699,157249,0.000393488,1555.94,1.22514,6,-846.967,-1213.81,858.252,4.50018e-09,6413.76,1381.97,9.4569e-05,-0.000467148,0.96,0.00652248,4.0998e-11,0,1,0,0,0,8,7213.52,18592.7,21.7992,8.45753,0.409422,0.057841,0.659642,3,5,5,8,0,0,1,0,"702 703 704 705 706 707 700 701","1 1 1 1 1 1 1 1","11.2325 43.5544 41.6827 36.9723 8.45753 33.079 29.5708 46.1338","1 1 0 1 0 1 0 1","375.845 106.377 124.754 120.203 417.488 131.906 175.575 103.79","0.951328 1.15159 1.52539 2.02086 2.39933 2.05301 1.57486 1.23674","0.0107769 0.184409 0.00271172 0.272228 0.0103144 0.268034 0.0121183 0.189115",0
0,"Airplane body_wing_rivets.step",700,5317.7,1.33066e-05,427.852,2.73939,0,-786.874,-1457.85,866.933,4.50018e-09,6413.76,1381.97,9.4569e-05,0,0.32,0,0,0,1,0,0,0,4,80030.9,157249,0.0664456,0.0338171,0.384325,0.051927,0.755232,0,2,4,2,0,2,0.5,0,"701 708 707 699","0 1 0 1","1.56011 0.0343715 1.11864 0.0338171","1 6 1 6","37.7122 173.363 41.2028 175.575","0 1.56091 0 1.57486","0 0.0114773 0 0.0121183",0
0,"Airplane body_wing_rivets.step",701,3408.53,8.52927e-06,281.605,1.85141,1,-694.778,-1400.85,948.112,4.50018e-09,6413.76,1381.97,9.4569e-05,-0.0082021,0.52,0.196095,1.35525e-20,60.96,1,0,0,0,4,82819.6,157249,0.0411561,0.0216761,0.611526,0.46174,0.755232,1,1,3,2,0,2,0.5,0,"702 708 700 699","0 1 0 1","0.243477 0.0220314 0.640979 0.0216761","1 6 0 6","36.7968 103.306 37.7122 103.79","1.49012e-08 1.89525 0 1.23674","0 0.186347 0 0.189115",0
0,"Airplane body_wing_rivets.step",702,13999.4,3.50311e-05,826.249,3.88064,1,-732.762,-1176.04,977.824,4.50018e-09,6413.76,1381.97,9.4569e-05,-0.000206325,0.76,0.00202984,2.64698e-23,2423.37,1,0,0,0,4,79745,157249,0.175552,0.0890271,0.700605,0.645577,0.754163,0,2,4,2,0,2,0.5,0,"703 699 701 708","0 1 0 1","3.87752 0.0890271 4.10716 0.0904865","1 6 1 6","37.7026 375.845 36.7968 375.905","1.49012e-08 0.951328 1.49012e-08 2.17561","0 0.0107769 0 0.0100156",0
0,"Airplane body_wing_rivets.step",703,3610.4,9.0344e-06,289.02,1.84115,1,-796.719,-957.967,975.755,4.50018e-09,6413.76,1381.97,9.4569e-05,-0.0082021,0.56,0.165244,1.35525e-20,60.96,1,0,0,0,4,82433.3,157249,0.0437978,0.0229598,0.625698,0.505299,0.743036,1,1,3,2,0,2,0.5,0,"704 708 702 699","0 1 0 1","0.957026 0.0233362 0.257897 0.0229598","0 6 1 6","39.3762 105.564 37.7026 106.377","0 1.98253 1.49012e-08 1.15159","0 0.17897 0 0.184409",0
0,"Airplane body_wing_rivets.step",704,3772.52,9.44008e-06,329.352,2.28812,0,-883.603,-947.148,907.038,4.50018e-09,6413.76,1381.97,9.4569e-05,0,0.4,0,0,0,1,0,0,0,4,79956.2,157249,0.0471823,0.0239908,0.420498,0.101213,0.741382,0,2,4,2,0,2,0.5,0,"708 703 699 705","1 0 1 0","0.024384 1.0449 0.0239908 0.886995","6 1 6 1","122.565 39.3762 124.754 42.6562","1.61795 0 1.52539 0","0.00248379 0 0.00271172 0",0
0,"Airplane body_wing_rivets.step",705,4253.14,1.06428e-05,326.738,1.99747,1,-964.887,-979.788,823.611,4.50018e-09,6413.76,1381.97,9.4569e-05,-0.0082021,0.52,0.21145,1.35525e-20,60.96,1,0,0,0,4,83581.6,157249,0.0508861,0.0270472,0.53419,0.356062,0.735639,2,0,2,2,0,2,0.5,0,"706 708 704 699","0 1 0 1","0.228753 0.0274906 1.1274 0.0270472","0 6 0 6","45.4261 118.453 42.6562 120.203","0 1.13299 0 2.02086","0 0.265372 0 0.272228",0
0,"Airplane body_wing_rivets.step",706,18592.7,4.65252e-05,924.844,3.66087,0,-956.668,-1225.48,777.363,4.50018e-09,6413.76,1381.97,9.4569e-05,0,0.6,0,0,0,1,0,0,0,4,80242,157249,0.231708,0.118238,0.631608,0.557995,0.677374,0,2,4,2,0,2,0.5,0,"708 705 699 707","1 0 1 0","0.120176 4.37153 0.118238 3.91119","6 1 6 1","417.618 45.4261 417.488 44.3126","0.765695 0 2.39933 0","0.00979098 0 0.0103144 0",0
0,"Airplane body_wing_rivets.step",707,4753.73,1.18954e-05,347.676,2.02351,1,-898.72,-1469.59,768.947,4.50018e-09,6413.76,1381.97,9.4569e-05,-0.0082021,0.52,0.209526,1.35525e-20,60.96,1,0,0,0,4,83967.9,157249,0.0566136,0.0302306,0.530199,0.442289,0.672301,2,0,2,2,0,2,0.5,0,"700 708 706 699","0 1 0 1","0.893945 0.0307262 0.255677 0.0302306","0 6 0 6","41.2028 130.255 44.3126 131.906","0 1.09376 0 2.05301","0 0.258945 0 0.268034",0
0,"Airplane body_wing_rivets.step",708,154712,0.000387142,1547.03,1.23101,6,-846.678,-1213.94,899.154,4.50018e-09,6413.76,1381.97,9.4569e-05,-0.000459977,0.96,0.00610356,4.09145e-11,0,1,0,0,0,8,7213.52,18592.7,21.4476,8.32112,0.400623,0.051927,0.645577,3,5,5,8,0,0,1,0,"700 701 702 703 704 705 706 707","1 1 1 1 1 1 1 1","29.0939 45.3898 11.0514 42.8519 41.0104 36.376 8.32112 32.5455","0 1 1 1 0 1 0 1","173.363 103.306 375.905 105.564 122.565 118.453 417.618 130.255","1.56091 1.89525 2.17561 1.98253 1.61795 1.13299 0.765695 1.09376","0.0114773 0.186347 0.0100156 0.17897 0.00248379 0.265372 0.00979098 0.258945",0
