graph_id,model_name,id,area,relativeArea,perimeter,compactness,surfaceType,centerX,centerY,centerZ,normalizationCenterX,normalizationCenterY,normalizationCenterZ,normalizationScale,meanCurvature,uvInsideFraction,normalVariation,curvatureVariation,radius,numWires,innerWireCount,minInnerWireLength,maxInnerWireLength,numEdges,neighborAreaMean,neighborAreaMax,areaToNeighborMean,areaToNeighborMax,normalNeighborDotMean,normalNeighborDotMin,normalNeighborDotMax,neighborPlaneCount,neighborCylinderCount,neighborCurvedCount,convexEdgeCount,concaveEdgeCount,smoothEdgeCount,convexEdgeRatio,concaveEdgeRatio,neighbors,edge_types,edge_area_ratios,edge_neighbor_surface_types,shared_edge_lengths,edge_dihedral_means,edge_dihedral_stds,label
0,"AULIRA 2_wing_rivets.step",1,20.7345,0.000162585,82.938,26.4,0,4.44089e-15,2.20738,-300,0,11.1832,-142.5,0.00511848,0,0.16,0,0,0,2,1,39.8982,39.8982,2,414.69,430.398,0.05,0.0481752,0,0,0,0,2,2,2,0,0,1,0,"2 4","1 1","0.0519685 0.0481752","1 1","39.8982 43.0398","1.5708 1.5708","0 0",0
0,"AULIRA 2_wing_rivets.step",2,398.982,0.00312853,99.7965,1.9864,1,-4.15668e-13,2.20738,-295,0,11.1832,-142.5,0.00511848,-0.0787402,1,0.3,0,6.35,1,0,0,0,4,20.7345,20.7345,19.2424,19.2424,0,0,0,2,0,0,2,0,0,1,0,"3 1","1 1","19.2424 19.2424","0 0","39.8982 39.8982","1.5708 1.5708","0 0",0
0,"AULIRA 2_wing_rivets.step",3,20.7345,0.000162585,82.938,26.4,0,4.44089e-15,2.20738,-290,0,11.1832,-142.5,0.00511848,0,0.16,0,0,0,2,1,39.8982,39.8982,2,414.69,430.398,0.05,0.0481752,0,0,0,0,2,2,2,0,0,1,0,"2 4","1 1","0.0519685 0.0481752","1 1","39.8982 43.0398","1.5708 1.5708","0 0",0
0,"AULIRA 2_wing_rivets.step",4,430.398,0.00337487,106.08,2.08058,1,4.51195e-13,2.20738,-295,0,11.1832,-142.5,0.00511848,-0.0729927,1,0.3,4.33681e-18,6.85,1,0,0,0,4,20.7345,20.7345,20.7576,20.7576,0,0,0,2,0,0,2,0,0,1,0,"3 1","1 1","20.7576 20.7576","0 0","43.0398 43.0398","1.5708 1.5708","0 0",0
0,"AULIRA 2_wing_rivets.step",5,0.0425641,3.33757e-07,1.40112,3.67026,1,139.004,21.6789,-140.956,0,11.1832,-142.5,0.00511848,-4.94876,1,0.3,3.55271e-15,0.101035,1,0,0,0,5,3544.4,7088.76,1.20088e-05,6.00445e-06,0.470361,3.88578e-16,0.940723,1,0,1,1,1,0,0.5,0.5,"7 6","1 -1","1.32723 6.00445e-06","0 6","0.634825 0.476601","1.5708 1.54376","9.93014e-17 0.0194113",0
0,"AULIRA 2_wing_rivets.step",6,7088.76,0.0555849,501.843,2.82719,6,82.6441,21.5413,-130.189,0,11.1832,-142.5,0.00511848,-0.0249599,1,0.143379,0.000624127,0,9,8,0.606213,0.634942,28,327.481,5740.21,21.6463,1.23493,0.456339,0.0310779,0.999014,15,6,7,4,18,0,0.181818,0.818182,"8 9 11 10 5 12 13 14 15 16 18 20 19 17 21 22 23 25 27 26 24 28","1 1 1 1 -1 -1 -1 -1 -1 -1 -1 -1 -1 -1 -1 -1 -1 -1 -1 -1 -1 -1","174.724 1.23493 24.7823 6.23183 166543 167087 315749 315751 1.05726e+06 1.04483e+06 1.06282e+06 1.05742e+06 1.04525e+06 1.06289e+06 167836 1.98399e+06 1.98394e+06 1.9839e+06 1.98399e+06 1.98393e+06 1.98388e+06 315757","0 0 0 6 1 1 1 1 0 0 0 0 0 0 1 0 0 0 0 0 0 1","19.7105 206.379 52.3364 218.395 0.158341 0.47007 0.296263 0.621412 0.101052 0.101037 0.101047 0.101051 0.101037 0.101047 0.47228 0.101035 0.101035 0.101035 0.101035 0.101035 0.101035 0.30388","1.57411 2.75104 1.56748 0.0634924 1.5431 1.54802 1.57075 1.57075 1.55735 1.53715 1.56629 1.55761 1.53806 1.56637 1.55377 1.57079 1.57076 1.57073 1.57079 1.57075 1.57072 1.57076","0.171161 9.1118e-12 0.171161 1.36487e-09 0.0187336 0.0159592 3.94236e-05 3.50061e-05 0.00559284 0.0017354 0.0038478 0.00540624 0.00164962 0.00376721 0.0119044 5.54395e-06 1.09395e-05 5.92218e-06 5.19371e-06 1.36249e-05 7.90467e-06 2.50938e-05",0
0,"AULIRA 2_wing_rivets.step",7,0.0320699,2.51469e-07,0.634825,1,0,139.018,21.6869,-140.927,0,11.1832,-142.5,0.00511848,0,1,0,0,0,1,0,0,0,1,0.0425641,0.0425641,0.75345,0.75345,3.88578e-16,3.88578e-16,3.88578e-16,0,1,1,1,0,0,1,0,"5","1","0.75345","1","0.634825","1.5708","9.93014e-17",0
0,"AULIRA 2_wing_rivets.step",8,40.5712,0.00031813,38.9159,2.97048,0,194.675,23.6318,-177.015,0,11.1832,-142.5,0.00511848,0,0.64,0,0,0,1,0,0,0,3,4655.49,7088.76,0.00871469,0.00572331,0.114837,0.031945,0.267829,1,0,2,3,0,0,1,0,"10 9 6","1 1 1","0.0356667 0.00706789 0.00572331","6 0 6","3.08801 16.1174 19.7105","1.31962 1.52604 1.57411","0.153494 2.22045e-16 0.171161",0
0,"AULIRA 2_wing_rivets.step",9,5740.21,0.0450106,481.926,3.21976,0,82.6447,17.3272,-132.95,0,11.1832,-142.5,0.00511848,0,0.32,0,0,0,1,0,0,0,4,2138.22,7088.76,2.68458,0.809763,0.4867,0.0447385,0.999014,2,0,2,3,0,1,0.75,0,"10 11 6 8","0 1 1 1","5.04631 20.0678 0.809763 141.485","6 0 6 0","216.634 42.7958 206.379 16.1174","0.0357716 1.61555 2.75104 1.52604","9.64019e-11 2.22045e-16 9.1118e-12 2.22045e-16",0
0,"AULIRA 2_wing_rivets.step",10,1137.51,0.00891951,446.316,13.9354,6,82.6447,17.8819,-114.297,0,11.1832,-142.5,0.00511848,-0.218589,1,0.184927,0.0255608,0,1,0,0,0,4,3288.9,7088.76,0.345863,0.160466,0.567003,0.267829,0.874046,3,0,1,3,0,1,0.75,0,"8 6 11 9","1 1 1 0","28.0373 0.160466 3.97672 0.198165","0 6 0 0","3.08801 218.395 8.19944 216.634","1.31962 0.0634924 1.82197 0.0357716","0.153494 1.36487e-09 0.153494 9.64019e-11",0
0,"AULIRA 2_wing_rivets.step",11,286.042,0.00224293,103.332,2.97048,0,0,17.0449,-91.2193,0,11.1832,-142.5,0.00511848,0,0.64,0,0,0,1,0,0,0,3,4655.49,7088.76,0.0614418,0.0403514,0.114837,0.031945,0.267829,1,0,2,3,0,0,1,0,"10 6 9","1 1 1","0.251463 0.0403514 0.0498312","6 6 0","8.19944 52.3364 42.7958","1.82197 1.56748 1.61555","0.153494 0.171161 2.22045e-16",0
0,"AULIRA 2_wing_rivets.step",12,0.0424256,3.3267e-07,1.40108,3.68206,1,104.906,20.5285,-123.673,0,11.1832,-142.5,0.00511848,-4.94876,1,0.3,7.10543e-15,0.101035,1,0,0,0,5,3544.4,7088.76,1.19698e-05,5.98491e-06,0.469579,5.55112e-17,0.939157,1,0,1,1,1,0,0.5,0.5,"29 6","1 -1","1.32291 5.98491e-06","0 6","0.634825 0.164838","1.5708 1.54757","9.93014e-17 0.0167965",0
0,"AULIRA 2_wing_rivets.step",13,0.0224506,1.76041e-07,1.34038,6.36824,1,158.056,20.8522,-174.681,0,11.1832,-142.5,0.00511848,-4.94876,1,0.3,0,0.101035,1,0,0,0,5,3544.4,7088.76,6.33411e-06,3.16707e-06,0.015539,1.38778e-16,0.0310779,1,0,1,1,1,0,0.5,0.5,"6 30","-1 1","3.16707e-06 0.700052","6 0","0.296263 0.634825","1.57075 1.5708","3.94236e-05 7.02167e-17",0
0,"AULIRA 2_wing_rivets.step",14,0.0224505,1.7604e-07,1.34037,6.36818,1,123.802,19.3703,-162.59,0,11.1832,-142.5,0.00511848,-4.94876,1,0.3,0,0.101035,1,0,0,0,5,3544.4,7088.76,6.33408e-06,3.16706e-06,0.0155401,4.16334e-17,0.0310801,1,0,1,1,1,0,0.5,0.5,"6 31","-1 1","3.16706e-06 0.700049","6 0","0.621412 0.634825","1.57075 1.5708","3.50061e-05 1.40433e-16",0
0,"AULIRA 2_wing_rivets.step",15,0.00670483,5.25744e-08,0.335219,1.3337,0,70.8161,19.4076,-106.402,0,11.1832,-142.5,0.00511848,0,1,0,0,0,1,0,0,0,4,1772.2,7088.76,3.78334e-06,9.45839e-07,0.399335,1.2193e-13,0.597338,3,0,1,3,1,0,0.75,0.25,"6 16 32 17","-1 1 1 1","9.45839e-07 0.988239 0.252806 1.00532","6 0 0 0","0.101052 0.0674123 0.101035 0.065719","1.55735 1.0472 1.5708 1.0472","0.00559284 0 2.22045e-16 2.22045e-16",0
0,"AULIRA 2_wing_rivets.step",16,0.00678462,5.32e-08,0.336374,1.32712,0,70.8842,19.4406,-106.446,0,11.1832,-142.5,0.00511848,0,1,0,0,0,1,0,0,0,4,1772.2,7088.76,3.82836e-06,9.57095e-07,0.493154,5.96051e-13,0.972617,3,0,1,3,1,0,0.75,0.25,"6 18 32 15","-1 1 1 1","9.57095e-07 1.01722 0.255815 1.0119","6 0 0 0","0.101037 0.0668895 0.101035 0.0674123","1.53715 1.0472 1.5708 1.0472","0.0017354 0 2.22045e-16 0",0
0,"AULIRA 2_wing_rivets.step",17,0.00666933,5.2296e-08,0.33467,1.33642,0,70.8162,19.3231,-106.378,0,11.1832,-142.5,0.00511848,0,1,0,0,0,1,0,0,0,4,1772.2,7088.76,3.76331e-06,9.40832e-07,0.34382,7.26474e-13,0.5,3,0,1,3,1,0,0.75,0.25,"6 15 32 19","-1 1 1 1","9.40832e-07 0.994706 0.251468 0.983405","6 0 0 0","0.101047 0.065719 0.101035 0.0668688","1.56637 1.0472 1.5708 1.0472","0.00376721 2.22045e-16 0 0",0
0,"AULIRA 2_wing_rivets.step",18,0.00666977,5.22995e-08,0.334691,1.33649,0,70.9527,19.3899,-106.465,0,11.1832,-142.5,0.00511848,0,1,0,0,0,1,0,0,0,4,1772.2,7088.76,3.76356e-06,9.40894e-07,0.34382,7.26474e-13,0.5,3,0,1,3,1,0,0.75,0.25,"6 20 32 16","-1 1 1 1","9.40894e-07 0.994921 0.251485 0.983072","6 0 0 0","0.101047 0.0657189 0.101035 0.0668895","1.56629 1.0472 1.5708 1.0472","0.0038478 2.22045e-16 0 0",0
0,"AULIRA 2_wing_rivets.step",19,0.00678187,5.31785e-08,0.33632,1.32723,0,70.8843,19.2721,-106.398,0,11.1832,-142.5,0.00511848,0,1,0,0,0,1,0,0,0,4,1772.2,7088.76,3.82681e-06,9.56708e-07,0.493154,5.96051e-13,0.972617,3,0,1,3,1,0,0.75,0.25,"6 17 32 20","-1 1 1 1","9.56708e-07 1.01687 0.255711 1.01164","6 0 0 0","0.101037 0.0668688 0.101035 0.0673785","1.53806 1.0472 1.5708 1.0472","0.00164962 0 2.22045e-16 0",0
0,"AULIRA 2_wing_rivets.step",20,0.00670382,5.25665e-08,0.335184,1.33363,0,70.9526,19.3053,-106.441,0,11.1832,-142.5,0.00511848,0,1,0,0,0,1,0,0,0,4,1772.2,7088.76,3.78277e-06,9.45698e-07,0.399335,1.2193e-13,0.597338,3,0,1,3,1,0,0.75,0.25,"6 19 32 18","-1 1 1 1","9.45698e-07 0.988491 0.252769 1.00511","6 0 0 0","0.101051 0.0673785 0.101035 0.0657189","1.55761 1.0472 1.5708 1.0472","0.00540624 0 2.22045e-16 2.22045e-16",0
0,"AULIRA 2_wing_rivets.step",21,0.0422363,3.31186e-07,1.40104,3.69835,1,36.6297,18.1479,-89.0449,0,11.1832,-142.5,0.00511848,-4.94876,1,0.3,0,0.101035,1,0,0,0,5,3544.4,7088.76,1.19164e-05,5.95821e-06,0.471031,0,0.942062,1,0,1,1,1,0,0.5,0.5,"33 6","1 -1","1.31701 5.95821e-06","0 6","0.634825 0.16259","1.5708 1.55384","1.21619e-16 0.0123467",0
0,"AULIRA 2_wing_rivets.step",22,0.00357298,2.80167e-08,0.272798,1.65746,0,89.7057,17.8917,-150.565,0,11.1832,-142.5,0.00511848,0,1,0,0,0,1,0,0,0,4,1772.2,7088.76,2.01613e-06,5.04035e-07,0.26326,6.13676e-14,0.5,3,0,1,3,1,0,0.75,0.25,"34 24 6 23","1 1 -1 1","0.13472 0.999944 5.04035e-07 0.999975","0 0 6 0","0.101035 0.0353645 0.101035 0.0353628","1.5708 1.0472 1.57079 1.0472","2.22045e-16 0 5.54395e-06 2.22045e-16",0
0,"AULIRA 2_wing_rivets.step",23,0.00357307,2.80174e-08,0.2728,1.65744,0,89.7057,17.8598,-150.646,0,11.1832,-142.5,0.00511848,0,1,0,0,0,1,0,0,0,4,1772.2,7088.76,2.01618e-06,5.04048e-07,0.317794,6.90559e-14,0.5,3,0,1,3,1,0,0.75,0.25,"34 22 6 25","1 1 -1 1","0.134723 1.00003 5.04048e-07 0.999978","0 0 6 0","0.101035 0.0353628 0.101035 0.0353663","1.5708 1.0472 1.57076 1.0472","0 2.22045e-16 1.09395e-05 2.22045e-16",0
0,"AULIRA 2_wing_rivets.step",24,0.00357318,2.80183e-08,0.272802,1.65741,0,89.7804,17.9194,-150.528,0,11.1832,-142.5,0.00511848,0,1,1.11022e-16,0,0,1,0,0,0,4,1772.2,7088.76,2.01624e-06,5.04063e-07,0.331054,5.62328e-13,0.5,3,0,1,3,1,0,0.75,0.25,"34 26 6 22","1 1 -1 1","0.134727 1.00002 5.04063e-07 1.00006","0 0 6 0","0.101035 0.0353668 0.101035 0.0353645","1.5708 1.0472 1.57072 1.0472","2.22045e-16 2.22045e-16 7.90467e-06 0",0
0,"AULIRA 2_wing_rivets.step",25,0.00357315,2.80181e-08,0.272802,1.65742,0,89.7804,17.8556,-150.691,0,11.1832,-142.5,0.00511848,0,1,1.11022e-16,0,0,1,0,0,0,4,1772.2,7088.76,2.01623e-06,5.04059e-07,0.331054,5.62328e-13,0.5,3,0,1,3,1,0,0.75,0.25,"34 23 6 27","1 1 -1 1","0.134726 1.00002 5.04059e-07 1.00005","0 0 6 0","0.101035 0.0353663 0.101035 0.0353643","1.5708 1.0472 1.57073 1.0472","0 2.22045e-16 5.92218e-06 0",0
0,"AULIRA 2_wing_rivets.step",26,0.0035731,2.80176e-08,0.272801,1.65743,0,89.8551,17.9152,-150.574,0,11.1832,-142.5,0.00511848,0,1,0,0,0,1,0,0,0,4,1772.2,7088.76,2.0162e-06,5.04051e-07,0.317794,6.90559e-14,0.5,3,0,1,3,1,0,0.75,0.25,"34 27 6 24","1 1 -1 1","0.134724 1.00003 5.04051e-07 0.999976","0 0 6 0","0.101035 0.0353628 0.101035 0.0353668","1.5708 1.0472 1.57075 1.0472","0 2.22045e-16 1.36249e-05 2.22045e-16",0
0,"AULIRA 2_wing_rivets.step",27,0.00357298,2.80167e-08,0.272798,1.65746,0,89.8551,17.8833,-150.655,0,11.1832,-142.5,0.00511848,0,1,0,0,0,1,0,0,0,4,1772.2,7088.76,2.01613e-06,5.04034e-07,0.26326,6.13676e-14,0.5,3,0,1,3,1,0,0.75,0.25,"34 25 6 26","1 1 -1 1","0.134719 0.99995 5.04034e-07 0.999966","0 0 6 0","0.101035 0.0353643 0.101035 0.0353628","1.5708 1.0472 1.57079 1.0472","2.22045e-16 0 5.19371e-06 2.22045e-16",0
0,"AULIRA 2_wing_rivets.step",28,0.02245,1.76037e-07,1.34038,6.36838,1,55.6821,16.3737,-138.673,0,11.1832,-142.5,0.00511848,-4.94876,1,0.3,0,0.101035,1,0,0,0,5,3544.4,7088.76,6.33395e-06,3.16699e-06,0.0155396,1.38778e-17,0.0310792,1,0,1,1,1,0,0.5,0.5,"6 35","-1 1","3.16699e-06 0.700034","6 0","0.30388 0.634825","1.57076 1.5708","2.50938e-05 7.02167e-17",0
0,"AULIRA 2_wing_rivets.step",29,0.0320699,2.51469e-07,0.634825,1,0,104.92,20.5368,-123.644,0,11.1832,-142.5,0.00511848,0,1,1.11022e-16,0,0,1,0,0,0,1,0.0424256,0.0424256,0.75591,0.75591,5.55112e-17,5.55112e-17,5.55112e-17,0,1,1,1,0,0,1,0,"12","1","0.75591","1","0.634825","1.5708","9.93014e-17",0
0,"AULIRA 2_wing_rivets.step",30,0.0320699,2.51469e-07,0.634825,1,0,158.054,20.8684,-174.687,0,11.1832,-142.5,0.00511848,0,1,0,0,0,1,0,0,0,1,0.0224506,0.0224506,1.42846,1.42846,1.38778e-16,1.38778e-16,1.38778e-16,0,1,1,1,0,0,1,0,"13","1","1.42846","1","0.634825","1.5708","7.02167e-17",0
0,"AULIRA 2_wing_rivets.step",31,0.0320699,2.51469e-07,0.634825,1,0,123.799,19.3866,-162.596,0,11.1832,-142.5,0.00511848,0,1,0,0,0,1,0,0,0,1,0.0224505,0.0224505,1.42847,1.42847,4.16334e-17,4.16334e-17,4.16334e-17,0,1,1,1,0,0,1,0,"14","1","1.42847","1","0.634825","1.5708","1.40433e-16",0
0,"AULIRA 2_wing_rivets.step",32,0.0265216,2.07963e-07,0.606213,1.10266,0,70.8987,19.3646,-106.393,0,11.1832,-142.5,0.00511848,0,0.92,1.11022e-16,0,0,1,0,0,0,6,0.00671904,0.00678462,3.94723,3.90908,4.81485e-13,1.2193e-13,7.26474e-13,6,0,0,6,0,0,1,0,"15 17 19 20 18 16","1 1 1 1 1 1","3.9556 3.97665 3.91066 3.95619 3.97639 3.90908","0 0 0 0 0 0","0.101035 0.101035 0.101035 0.101035 0.101035 0.101035","1.5708 1.5708 1.5708 1.5708 1.5708 1.5708","2.22045e-16 0 2.22045e-16 2.22045e-16 0 2.22045e-16",0
0,"AULIRA 2_wing_rivets.step",33,0.0320699,2.51469e-07,0.634825,1,0,36.6441,18.1556,-89.016,0,11.1832,-142.5,0.00511848,0,1,0,0,0,1,0,0,0,1,0.0422363,0.0422363,0.759297,0.759297,0,0,0,0,1,1,1,0,0,1,0,"21","1","0.759297","1","0.634825","1.5708","1.21619e-16",0
0,"AULIRA 2_wing_rivets.step",34,0.0265216,2.07963e-07,0.606213,1.10266,0,89.7775,17.9038,-150.616,0,11.1832,-142.5,0.00511848,0,1,0,0,0,1,0,0,0,6,0.00357308,0.00357318,7.42262,7.4224,2.30917e-13,6.13676e-14,5.62328e-13,6,0,0,6,0,0,1,0,"22 23 25 27 26 24","1 1 1 1 1 1","7.42282 7.42263 7.42246 7.42283 7.42258 7.4224","0 0 0 0 0 0","0.101035 0.101035 0.101035 0.101035 0.101035 0.101035","1.5708 1.5708 1.5708 1.5708 1.5708 1.5708","2.22045e-16 0 0 2.22045e-16 0 2.22045e-16",0
0,"AULIRA 2_wing_rivets.step",35,0.0320699,2.51469e-07,0.634825,1,0,55.6792,16.39,-138.68,0,11.1832,-142.5,0.00511848,0,1,0,0,0,1,0,0,0,1,0.02245,0.02245,1.4285,1.4285,1.38778e-17,1.38778e-17,1.38778e-17,0,1,1,1,0,0,1,0,"28","1","1.4285","1","0.634825","1.5708","7.02167e-17",0
0,"AULIRA 2_wing_rivets.step",36,105.873,0.00083018,47.1356,1.66995,0,0.00094003,-10.3834,-310.695,0,11.1832,-142.5,0.00511848,0,1,0,0,0,1,0,0,0,1,734.185,734.185,0.144205,0.144205,0.0564649,0.0564649,0.0564649,0,0,1,1,0,0,1,0,"38","1","0.144205","6","47.1356","1.27719","0.137964",0
0,"AULIRA 2_wing_rivets.step",37,323.955,0.00254022,82.3764,1.6669,0,0.000718933,-9.18055,-300,0,11.1832,-142.5,0.00511848,0,1,0,0,0,1,0,0,0,2,734.185,734.185,0.441245,0.441245,0.0564649,0.0564649,0.0564649,0,0,1,1,0,0,1,0,"38","1","0.441245","6","79.7732","1.85471","0.130702",0
0,"AULIRA 2_wing_rivets.step",38,734.185,0.00575695,152.096,2.50736,6,0.00213574,-9.64564,-304.862,0,11.1832,-142.5,0.00511848,-0.0300715,1,0.181491,0.000284338,0,1,0,0,0,5,214.914,323.955,3.41618,2.26632,0.0564649,0.0564649,0.0564649,2,0,0,2,0,0,1,0,"36 37","1 1","6.93458 2.26632","0 0","47.1356 79.7732","1.27719 1.85471","0.137964 0.130702",0
0,"AULIRA 2_wing_rivets.step",39,19.741,0.000154795,35.8787,5.18912,0,19.7413,0,-293.49,0,11.1832,-142.5,0.00511848,0,0.52,0,0,0,1,0,0,0,2,581.494,581.496,0.0339488,0.0339487,0.00378187,0.00243159,0.00513215,0,0,2,2,0,0,1,0,"42 41","1 1","0.0339487 0.0339489","6 6","17.9393 17.9393","1.58662 1.58922","0.071993 0.0717196",0
0,"AULIRA 2_wing_rivets.step",40,11.0352,8.65303e-05,26.8252,5.18912,0,19.6912,37.0126,-303.435,0,11.1832,-142.5,0.00511848,0,0.52,0,0,0,1,0,0,0,2,581.494,581.496,0.0189774,0.0189773,0.00378187,0.00243159,0.00513215,0,0,2,2,0,0,1,0,"42 41","1 1","0.0189773 0.0189774","6 6","13.4126 13.4126","1.55497 1.55238","0.071993 0.0717196",0
0,"AULIRA 2_wing_rivets.step",41,581.492,0.00455964,107.78,1.58974,6,20.2133,17.6156,-300.299,0,11.1832,-142.5,0.00511848,-0.0330345,1,0.013733,0.00433201,0,1,0,0,0,4,204.091,581.496,2.84919,0.999994,0.334019,0.00243159,0.997193,2,0,1,3,0,0,1,0,"39 42 40","1 1 1","29.456 0.999994 52.6941","0 6 0","17.9393 37.6855 13.4126","1.58922 3.00085 1.55238","0.0717196 5.16327e-13 0.0717196",0
0,"AULIRA 2_wing_rivets.step",42,581.496,0.00455966,107.78,1.58973,6,19.2216,17.6156,-300.3,0,11.1832,-142.5,0.00511848,-0.0330436,1,0.00344209,0.00433439,0,1,0,0,0,4,204.089,581.492,2.84922,1.00001,0.335819,0.00513215,0.997193,2,0,1,2,1,0,0.666667,0.333333,"39 41 40","1 -1 1","29.4562 1.00001 52.6945","0 6 0","17.9393 38.7429 13.4126","1.58662 0.248155 1.55497","0.071993 3.81069e-10 0.071993",0
0,"AULIRA 2_wing_rivets.step",43,0.532324,4.1741e-06,3.09036,1.42768,0,17.5386,7.67962,-77.8356,0,11.1832,-142.5,0.00511848,0,1,0,0,0,1,0,0,0,4,15195.4,30924.3,3.50318e-05,1.72138e-05,0.853322,0.707107,0.999537,0,2,4,2,0,2,0.5,0,"45 118 44 49","0 1 0 1","0.597847 1.78299e-05 0.597685 1.72138e-05","1 6 1 6","0.51845 1.02669 0.518522 1.02669","0 1.29881 0 1.83482","0 0.000150224 0 0.000143251",0
0,"AULIRA 2_wing_rivets.step",44,0.890642,6.98377e-06,4.53246,1.8355,1,17.6419,7.28159,-79.0477,0,11.1832,-142.5,0.00511848,-0.454545,0.8,0.192188,5.55112e-17,1.1,1,0,0,0,4,15195.6,30924.3,5.86117e-05,2.88008e-05,0.717706,0.707107,0.728309,2,0,2,2,0,2,0.5,0,"49 146 118 43","1 0 1 0","2.88008e-05 0.439463 2.98315e-05 1.67312","6 0 6 0","1.75108 0.510284 1.75257 0.518522","1.7282 0 1.40861 0","0.0843759 0 0.086897 0",0
0,"AULIRA 2_wing_rivets.step",45,0.890402,6.98189e-06,4.53047,1.83439,1,17.6363,7.2816,-76.6236,0,11.1832,-142.5,0.00511848,-0.454545,0.8,0.192188,8.32667e-17,1.1,1,0,0,0,4,15195.6,30924.3,5.85959e-05,2.8793e-05,0.69618,0.685249,0.707107,2,0,2,2,0,2,0.5,0,"49 43 118 46","1 0 1 0","2.8793e-05 1.67267 2.98235e-05 0.433578","6 0 6 0","1.7502 0.51845 1.75166 0.510159","1.73043 0 1.40647 0","0.0826963 0 0.0852334 0",0
0,"AULIRA 2_wing_rivets.step",46,2.05362,1.6103e-05,9.16827,3.25721,0,17.9812,4.55765,-76.2223,0,11.1832,-142.5,0.00511848,0,0.8,0,0,0,1,0,0,0,4,15195.4,30924.3,0.000135147,6.64079e-05,0.371091,0.030439,0.716372,0,2,4,2,0,2,0.5,0,"47 118 45 49","0 1 0 1","2.33037 6.87846e-05 2.30639 6.64079e-05","1 6 1 6","0.505548 4.07657 0.510159 4.07599","0 1.5683 0 1.57331","0 0.000611328 0 0.000588402",0
0,"AULIRA 2_wing_rivets.step",47,0.881239,6.91004e-06,4.50318,1.83119,1,17.8005,1.82446,-76.6234,0,11.1832,-142.5,0.00511848,-0.454545,0.84,0.196984,0,1.1,1,0,0,0,4,15195.6,30924.3,5.79929e-05,2.84967e-05,0.713125,0.697719,0.719207,2,0,2,2,0,2,0.5,0,"49 46 118 48","1 0 1 0","2.84967e-05 0.429116 2.95166e-05 1.67358","6 0 6 0","1.7419 0.505548 1.74292 0.512805","1.70115 0 1.43651 0","0.0702262 0 0.0723246 0",0
0,"AULIRA 2_wing_rivets.step",48,0.526559,4.12889e-06,3.07912,1.43284,0,17.7193,1.42624,-77.8356,0,11.1832,-142.5,0.00511848,0,1,0,0,0,1,0,0,0,4,15195.4,30924.3,3.46525e-05,1.70274e-05,0.848628,0.697719,0.999537,0,2,4,2,0,2,0.5,0,"150 118 47 49","0 1 0 1","0.597223 1.76368e-05 0.597521 1.70274e-05","1 6 1 6","0.512935 1.02669 0.512805 1.02669","0 1.34307 0 1.79185","0 0.000324275 0 0.000313902",0
0,"AULIRA 2_wing_rivets.step",49,30924.3,0.242486,962.218,2.38252,6,6.06942e-06,0.650004,-143.256,0,11.1832,-142.5,0.00511848,-0.0241184,1,0.390865,2.39994e-05,0,11,10,17.1842,17.1967,88,31.4537,636.422,983.166,48.5908,0.609718,0.030439,0.999537,41,40,44,81,0,4,0.952941,0,"117 156 114 139 158 74 75 76 87 91 95 96 73 98 84 92 67 66 68 97 90 58 57 56 50 51 52 53 60 104 100 107 101 105 102 106 103 44 146 150 48 47 46 45 43 54 55 108 109 110 111 112 113 69 65 61 59 62 63 70 64 86 88 94 93 99 83 89 85 80 79 77 71 72 82 81 78 147 155 153 141 154 144 151 145","1 0 0 0 0 1 1 1 1 1 1 1 1 1 1 1 1 1 1 1 1 1 1 1 1 1 1 1 1 1 1 1 1 1 1 1 1 1 1 1 1 1 1 1 1 1 1 1 1 1 1 1 1 1 1 1 1 1 1 1 1 1 1 1 1 1 1 1 1 1 1 1 1 1 1 1 1 1 1 1 1 1 1 1 1","95.7029 62.4208 48.5908 48.5908 62.4206 34739.8 15248.4 35131 58841.8 35153 15075.3 34739.2 58120.9 34728.6 15230.1 35200.4 58976.4 35226.3 15088.8 34717.7 58093.3 34685.8 15152.5 35281 59131.4 35310.3 15151.5 34663.3 58005 34673.3 15266.7 35031.1 58639 35043.8 15190.4 34692.8 58010.7 34721.3 15258.7 35074.2 58728.9 35091.8 15058.4 34730.7 58092.9 35043.8 58639 35031.1 15187.9 34673.3 58010.7 34692.8 15263.3 35310.3 59131.4 35281 15152.5 34685.8 58005 34663.3 15151.5 35226.3 58976.4 35200.4 15083 34728.6 58093.3 34717.7 15152.5 35153 58841.8 35131 15068.1 34739.8 58120.9 34739.2 15237.5 35091.8 58728.9 35074.2 15127.5 34721.3 58092.9 34730.7 15254.2","0 6 6 6 6 1 0 1 0 1 0 1 0 1 0 1 0 1 0 1 0 1 0 1 0 1 0 1 0 1 0 1 0 1 0 1 0 1 0 1 0 1 0 1 0 1 0 1 0 1 0 1 0 1 0 1 0 1 0 1 0 1 0 1 0 1 0 1 0 1 0 1 0 1 0 1 0 1 0 1 0 1 0 1 0","4.61574 25.6663 25.6663 25.6653 25.6653 1.75089 4.07476 1.74111 1.02669 1.74064 4.07552 1.74984 1.0267 1.7514 4.07485 1.73948 1.02669 1.73907 4.07586 1.75015 1.02671 1.75269 4.07589 1.73763 1.0267 1.73724 4.0768 1.75117 1.02673 1.75197 4.07656 1.74351 1.02669 1.74284 4.07711 1.75125 1.02669 1.75108 4.07537 1.74247 1.02669 1.7419 4.07599 1.7502 1.02669 1.74283 1.02669 1.74352 4.07783 1.75196 1.02669 1.75126 4.07594 1.73723 1.0267 1.73763 4.07589 1.75268 1.02673 1.75118 4.0768 1.73906 1.02669 1.73949 4.07559 1.75139 1.02671 1.75016 4.07519 1.74063 1.02669 1.74112 4.07565 1.75088 1.0267 1.74985 4.0747 1.7419 1.02669 1.74248 4.07643 1.75107 1.02669 1.75021 4.07502","1.37806 0.0474749 0.0272355 0.0269028 0.0472483 1.72587 1.56814 1.69704 1.7834 1.69506 1.5736 1.73074 1.83308 1.72559 1.56778 1.6911 1.77283 1.68762 1.57404 1.73325 1.83477 1.72743 1.56724 1.68352 1.75994 1.6787 1.57468 1.73817 1.84012 1.73256 1.56861 1.70463 1.79833 1.70596 1.57308 1.73219 1.83984 1.7282 1.56839 1.70152 1.79185 1.70115 1.57331 1.73043 1.83482 1.70581 1.79833 1.70478 1.56861 1.73239 1.83984 1.73236 1.57308 1.67857 1.75994 1.68365 1.56724 1.72726 1.84012 1.73833 1.57468 1.68748 1.77283 1.69123 1.56778 1.72542 1.83477 1.73342 1.57404 1.69492 1.7834 1.69718 1.56814 1.7257 1.83308 1.73091 1.5736 1.70101 1.79185 1.70166 1.56839 1.72803 1.83482 1.7306 1.57331","0.00197732 0.00750692 0.0125412 0.0125292 0.00763431 0.0840718 0.000896843 0.0686591 0.000399414 0.0677855 0.00116351 0.0818563 2.37507e-06 0.084836 0.00147525 0.0653164 0.000492337 0.0646887 0.00173748 0.0820543 0.000146274 0.0867681 0.00204321 0.0613547 0.000596251 0.0608579 0.00230078 0.0833506 0.000307128 0.0856788 0.000466906 0.073641 0.000232182 0.0720655 0.000265655 0.0845395 0.000279513 0.0843759 0.00035033 0.071426 0.000313902 0.0702262 0.000588402 0.0826963 0.000143251 0.0720873 0.000232182 0.0736186 0.000465599 0.0857023 0.000279513 0.084517 0.000266254 0.0608749 0.000596251 0.0613333 0.00204321 0.0867895 0.000307128 0.083326 0.00230078 0.0647077 0.000492337 0.0652942 0.00147429 0.0848581 0.000146274 0.08203 0.00173868 0.0678058 0.000399414 0.0686365 0.000896475 0.0840945 2.37507e-06 0.0818324 0.00116416 0.0702475 0.000313902 0.0714033 0.000350439 0.084399 0.000143251 0.0826731 0.000588448",0
0,"AULIRA 2_wing_rivets.step",50,0.522975,4.10079e-06,3.07215,1.43613,0,17.7524,1.42624,-56.8357,0,11.1832,-142.5,0.00511848,0,1,0,0,0,1,0,0,0,4,15195.4,30924.3,3.44166e-05,1.69115e-05,0.848857,0.698177,0.999537,0,2,4,2,0,2,0.5,0,"56 118 51 49","0 1 0 1","0.596654 1.75168e-05 0.597151 1.69115e-05","1 6 1 6","0.509483 1.0267 0.509275 1.0267","0 1.3758 0 1.75994","0 0.000608725 0 0.000596251",0
0,"AULIRA 2_wing_rivets.step",51,0.875785,6.86727e-06,4.48761,1.82988,1,17.8231,1.82468,-55.6232,0,11.1832,-142.5,0.00511848,-0.454545,0.88,0.19412,0,1.1,1,0,0,0,4,15195.6,30924.3,5.76339e-05,2.83203e-05,0.71335,0.698177,0.719651,2,0,2,2,0,2,0.5,0,"49 52 118 50","1 0 1 0","2.83203e-05 0.429095 2.93339e-05 1.67462","6 0 6 0","1.73724 0.503165 1.73793 0.509275","1.6787 0 1.45952 0","0.0608579 0 0.0627523 0",0
0,"AULIRA 2_wing_rivets.step",52,2.041,1.60041e-05,9.16961,3.2783,0,17.9168,4.55876,-55.2223,0,11.1832,-142.5,0.00511848,0,0.72,0,0,0,1,0,0,0,4,15195.4,30924.3,0.000134317,6.60001e-05,0.37098,0.030439,0.715925,0,2,4,2,0,2,0.5,0,"51 118 53 49","0 1 0 1","2.33049 6.83622e-05 2.28778 6.60001e-05","1 6 1 6","0.503165 4.07843 0.511213 4.0768","0 1.56688 0 1.57468","0 0.00237941 0 0.00230078",0
0,"AULIRA 2_wing_rivets.step",53,0.892132,6.99545e-06,4.53438,1.83399,1,17.5258,7.28157,-55.6235,0,11.1832,-142.5,0.00511848,-0.454545,0.8,0.192188,8.32667e-17,1.1,1,0,0,0,4,15195.6,30924.3,5.87097e-05,2.88489e-05,0.69618,0.685249,0.707107,2,0,2,2,0,2,0.5,0,"49 60 118 52","1 0 1 0","2.88489e-05 1.67338 2.98814e-05 0.437105","6 0 6 0","1.75117 0.519352 1.75265 0.511213","1.73817 0 1.39858 0","0.0833506 0 0.0857916 0",0
0,"AULIRA 2_wing_rivets.step",54,0.882446,6.9195e-06,4.50639,1.8313,1,-17.8063,1.8244,-83.6235,0,11.1832,-142.5,0.00511848,-0.454545,0.84,0.196984,0,1.1,1,0,0,0,4,15195.6,30924.3,5.80723e-05,2.85357e-05,0.713125,0.697719,0.719207,2,0,2,2,0,2,0.5,0,"49 55 118 113","1 0 1 0","2.85357e-05 1.67331 2.9557e-05 0.43555","6 0 6 0","1.74283 0.513606 1.74393 0.506032","1.70581 0 1.43168 0","0.0720873 0 0.0742493 0",0
0,"AULIRA 2_wing_rivets.step",55,0.527366,4.13522e-06,3.0807,1.43211,0,-17.7238,1.42624,-84.8356,0,11.1832,-142.5,0.00511848,0,1,0,0,0,1,0,0,0,4,15195.4,30924.3,3.47056e-05,1.70535e-05,0.850975,0.697719,0.999537,0,2,4,2,0,2,0.5,0,"54 118 108 49","0 1 0 1","0.597619 1.76638e-05 0.597403 1.70535e-05","1 6 1 6","0.513606 1.02669 0.513706 1.02669","0 1.33635 0 1.79833","0 0.000242083 0 0.000232182",0
0,"AULIRA 2_wing_rivets.step",56,0.876514,6.87298e-06,4.48904,1.82952,1,17.8184,1.82472,-58.0481,0,11.1832,-142.5,0.00511848,-0.454545,0.88,0.182355,0,1.1,1,0,0,0,4,15195.6,30924.3,5.76819e-05,2.83439e-05,0.691555,0.676055,0.715925,2,0,2,2,0,2,0.5,0,"49 50 118 57","1 0 1 0","2.83439e-05 1.67601 2.93583e-05 0.429481","6 0 6 0","1.73763 0.509483 1.73833 0.503597","1.68352 0 1.45443 0","0.0613547 0 0.0631854 0",0
0,"AULIRA 2_wing_rivets.step",57,2.04087,1.6003e-05,9.16777,3.2772,0,17.9286,4.55819,-58.449,0,11.1832,-142.5,0.00511848,0,0.72,0,0,0,1,0,0,0,4,15195.4,30924.3,0.000134308,6.59956e-05,0.37098,0.030439,0.715925,0,2,4,2,0,2,0.5,0,"58 118 56 49","0 1 0 1","2.28911 6.83576e-05 2.32839 6.59956e-05","1 6 1 6","0.510827 4.07746 0.503597 4.07589","0 1.57437 0 1.56724","0 0.0021137 0 0.00204321",0
0,"AULIRA 2_wing_rivets.step",58,0.891555,6.99093e-06,4.53694,1.83725,1,17.5445,7.28161,-58.0477,0,11.1832,-142.5,0.00511848,-0.454545,0.8,0.192188,5.55112e-17,1.1,1,0,0,0,4,15195.6,30924.3,5.86718e-05,2.88303e-05,0.717706,0.707107,0.728309,2,0,2,2,0,2,0.5,0,"49 57 118 60","1 0 1 0","2.88303e-05 0.436851 2.98621e-05 1.6723","6 0 6 0","1.75269 0.510827 1.75423 0.519193","1.72743 0 1.4095 0","0.0867681 0 0.0892685 0",0
0,"AULIRA 2_wing_rivets.step",59,2.04087,1.6003e-05,9.16777,3.2772,0,-17.9286,4.55819,-58.449,0,11.1832,-142.5,0.00511848,0,0.72,0,0,0,1,0,0,0,4,15195.4,30924.3,0.000134308,6.59956e-05,0.37098,0.030439,0.715925,0,2,4,2,0,2,0.5,0,"61 118 62 49","0 1 0 1","2.32839 6.83576e-05 2.28911 6.59956e-05","1 6 1 6","0.503597 4.07746 0.510827 4.07589","0 1.57437 0 1.56724","0 0.0021137 0 0.00204321",0
0,"AULIRA 2_wing_rivets.step",60,0.533131,4.18043e-06,3.092,1.42703,0,17.4324,7.67962,-56.8356,0,11.1832,-142.5,0.00511848,0,1,0,0,0,1,0,0,0,4,15195.4,30924.3,3.50849e-05,1.72399e-05,0.853322,0.707107,0.999537,0,2,4,2,0,2,0.5,0,"53 118 58 49","0 1 0 1","0.597592 1.78569e-05 0.597979 1.72399e-05","1 6 1 6","0.519352 1.02673 0.519193 1.02673","0 1.29365 0 1.84012","0 0.000308884 0 0.000307128",0
0,"AULIRA 2_wing_rivets.step",61,0.876514,6.87299e-06,4.48904,1.82953,1,-17.8184,1.82472,-58.0481,0,11.1832,-142.5,0.00511848,-0.454545,0.88,0.182355,0,1.1,1,0,0,0,4,15195.6,30924.3,5.76819e-05,2.83439e-05,0.691555,0.676055,0.715925,2,0,2,2,0,2,0.5,0,"49 59 118 65","1 0 1 0","2.83439e-05 0.429482 2.93583e-05 1.67601","6 0 6 0","1.73763 0.503597 1.73833 0.509483","1.68365 0 1.4543 0","0.0613333 0 0.0631636 0",0
0,"AULIRA 2_wing_rivets.step",62,0.891555,6.99092e-06,4.53692,1.83724,1,-17.5445,7.28161,-58.0477,0,11.1832,-142.5,0.00511848,-0.454545,0.8,0.192188,5.55112e-17,1.1,1,0,0,0,4,15195.6,30924.3,5.86717e-05,2.88303e-05,0.717706,0.707107,0.728309,2,0,2,2,0,2,0.5,0,"49 63 118 59","1 0 1 0","2.88303e-05 1.6723 2.98621e-05 0.436851","6 0 6 0","1.75268 0.519193 1.75422 0.510827","1.72726 0 1.40968 0","0.0867895 0 0.0892895 0",0
0,"AULIRA 2_wing_rivets.step",63,0.533131,4.18043e-06,3.092,1.42703,0,-17.4324,7.67962,-56.8356,0,11.1832,-142.5,0.00511848,0,1,0,0,0,1,0,0,0,4,15195.4,30924.3,3.50849e-05,1.72399e-05,0.853322,0.707107,0.999537,0,2,4,2,0,2,0.5,0,"62 118 70 49","0 1 0 1","0.597979 1.78569e-05 0.597592 1.72399e-05","1 6 1 6","0.519193 1.02673 0.519352 1.02673","0 1.29365 0 1.84012","0 0.000308884 0 0.000307128",0
0,"AULIRA 2_wing_rivets.step",64,2.041,1.60041e-05,9.16961,3.2783,0,-17.9168,4.55876,-55.2223,0,11.1832,-142.5,0.00511848,0,0.72,0,0,0,1,0,0,0,4,15195.4,30924.3,0.000134317,6.60001e-05,0.37098,0.030439,0.715925,0,2,4,2,0,2,0.5,0,"70 118 69 49","0 1 0 1","2.28778 6.83622e-05 2.33049 6.60001e-05","1 6 1 6","0.511213 4.07843 0.503165 4.0768","0 1.56688 0 1.57468","0 0.00237941 0 0.00230078",0
0,"AULIRA 2_wing_rivets.step",65,0.522975,4.10079e-06,3.07215,1.43613,0,-17.7524,1.42624,-56.8357,0,11.1832,-142.5,0.00511848,0,1,0,0,0,1,0,0,0,4,15195.4,30924.3,3.44166e-05,1.69115e-05,0.848857,0.698177,0.999537,0,2,4,2,0,2,0.5,0,"69 118 61 49","0 1 0 1","0.597151 1.75168e-05 0.596654 1.69115e-05","1 6 1 6","0.509275 1.0267 0.509483 1.0267","0 1.3758 0 1.75994","0 0.000608725 0 0.000596251",0
0,"AULIRA 2_wing_rivets.step",66,0.877873,6.88364e-06,4.49365,1.83045,1,17.8098,1.8246,-62.6233,0,11.1832,-142.5,0.00511848,-0.454545,0.84,0.196984,0,1.1,1,0,0,0,4,15195.6,30924.3,5.77714e-05,2.83878e-05,0.713125,0.697719,0.719207,2,0,2,2,0,2,0.5,0,"49 68 118 67","1 0 1 0","2.83878e-05 0.428339 2.94038e-05 1.67421","6 0 6 0","1.73907 0.50408 1.73988 0.510626","1.68762 0 1.4504 0","0.0646887 0 0.0666522 0",0
0,"AULIRA 2_wing_rivets.step",67,0.52435,4.11157e-06,3.07482,1.43486,0,17.7344,1.42624,-63.8357,0,11.1832,-142.5,0.00511848,0,1,0,0,0,1,0,0,0,4,15195.4,30924.3,3.45071e-05,1.69559e-05,0.848628,0.697719,0.999537,0,2,4,2,0,2,0.5,0,"92 118 66 49","0 1 0 1","0.596855 1.75628e-05 0.597296 1.69559e-05","1 6 1 6","0.51081 1.02669 0.510626 1.02669","0 1.36261 0 1.77283","0 0.000504064 0 0.000492337",0
0,"AULIRA 2_wing_rivets.step",68,2.04948,1.60705e-05,9.16715,3.26298,0,17.9422,4.55856,-62.2223,0,11.1832,-142.5,0.00511848,0,0.76,0,0,0,1,0,0,0,4,15195.4,30924.3,0.000134875,6.62742e-05,0.371091,0.030439,0.716372,0,2,4,2,0,2,0.5,0,"66 118 97 49","0 1 0 1","2.3346 6.86461e-05 2.30089 6.62742e-05","1 6 1 6","0.50408 4.07672 0.510486 4.07586","0 1.56755 0 1.57404","0 0.00179947 0 0.00173748",0
0,"AULIRA 2_wing_rivets.step",69,0.875785,6.86727e-06,4.4876,1.82987,1,-17.8231,1.82468,-55.6232,0,11.1832,-142.5,0.00511848,-0.454545,0.88,0.19412,0,1.1,1,0,0,0,4,15195.6,30924.3,5.76339e-05,2.83203e-05,0.71335,0.698177,0.719651,2,0,2,2,0,2,0.5,0,"49 65 118 64","1 0 1 0","2.83203e-05 1.67462 2.93339e-05 0.429095","6 0 6 0","1.73723 0.509275 1.73793 0.503165","1.67857 0 1.45965 0","0.0608749 0 0.0627697 0",0
0,"AULIRA 2_wing_rivets.step",70,0.892132,6.99545e-06,4.53441,1.83401,1,-17.5258,7.28157,-55.6235,0,11.1832,-142.5,0.00511848,-0.454545,0.8,0.192188,8.32667e-17,1.1,1,0,0,0,4,15195.6,30924.3,5.87097e-05,2.88489e-05,0.69618,0.685249,0.707107,2,0,2,2,0,2,0.5,0,"49 64 118 63","1 0 1 0","2.88489e-05 0.437105 2.98814e-05 1.67338","6 0 6 0","1.75118 0.511213 1.75266 0.519352","1.73833 0 1.39841 0","0.083326 0 0.0857675 0",0
0,"AULIRA 2_wing_rivets.step",71,2.05231,1.60927e-05,9.16726,3.25857,0,-17.9716,4.55775,-72.449,0,11.1832,-142.5,0.00511848,0,0.8,0,0,0,1,0,0,0,4,15195.4,30924.3,0.000135061,6.63656e-05,0.371091,0.030439,0.716372,0,2,4,2,0,2,0.5,0,"77 118 72 49","0 1 0 1","2.33149 6.87408e-05 2.30552 6.63656e-05","1 6 1 6","0.505212 4.07629 0.510108 4.07565","0 1.57344 0 1.56814","0 0.000929374 0 0.000896475",0
0,"AULIRA 2_wing_rivets.step",72,0.890169,6.98006e-06,4.53156,1.83575,1,-17.6219,7.28156,-72.0477,0,11.1832,-142.5,0.00511848,-0.454545,0.8,0.192188,5.55112e-17,1.1,1,0,0,0,4,15195.6,30924.3,5.85805e-05,2.87855e-05,0.717706,0.707107,0.728309,2,0,2,2,0,2,0.5,0,"49 82 118 71","1 0 1 0","2.87855e-05 1.67304 2.98157e-05 0.433741","6 0 6 0","1.75088 0.518237 1.75234 0.510108","1.7257 0 1.41121 0","0.0840945 0 0.0865897 0",0
0,"AULIRA 2_wing_rivets.step",73,0.532068,4.17209e-06,3.08987,1.42792,0,17.5173,7.67962,-70.8356,0,11.1832,-142.5,0.00511848,0,1,0,0,0,1,0,0,0,4,15195.4,30924.3,3.50149e-05,1.72055e-05,0.853322,0.707107,0.999537,0,2,4,2,0,2,0.5,0,"96 118 74 49","0 1 0 1","0.597706 1.78213e-05 0.597715 1.72055e-05","1 6 1 6","0.518236 1.0267 0.518237 1.0267","0 1.30067 0 1.83308","0 5.61291e-06 0 2.37507e-06",0
0,"AULIRA 2_wing_rivets.step",74,0.890169,6.98006e-06,4.53158,1.83576,1,17.6219,7.28156,-72.0477,0,11.1832,-142.5,0.00511848,-0.454545,0.8,0.192188,5.55112e-17,1.1,1,0,0,0,4,15195.6,30924.3,5.85806e-05,2.87855e-05,0.717706,0.707107,0.728309,2,0,2,2,0,2,0.5,0,"49 75 118 73","1 0 1 0","2.87855e-05 0.438932 2.98157e-05 1.67304","6 0 6 0","1.75089 0.510108 1.75235 0.518237","1.72587 0 1.41104 0","0.0840718 0 0.0865674 0",0
0,"AULIRA 2_wing_rivets.step",75,2.02804,1.59024e-05,9.16753,3.29776,0,17.9716,4.5585,-72.449,0,11.1832,-142.5,0.00511848,0,0.8,0,0,0,1,0,0,0,4,15195.4,30924.3,0.000133463,6.55808e-05,0.371091,0.030439,0.716372,0,2,4,2,0,2,0.5,0,"74 118 76 49","0 1 0 1","2.27826 6.79279e-05 2.30392 6.55808e-05","1 6 1 6","0.510108 4.07745 0.505212 4.07476","0 1.57344 0 1.56814","0 0.000927189 0 0.000896843",0
0,"AULIRA 2_wing_rivets.step",76,0.880255,6.90232e-06,4.50033,1.83093,1,17.8009,1.82455,-72.048,0,11.1832,-142.5,0.00511848,-0.454545,0.84,0.184659,0,1.1,1,0,0,0,4,15195.6,30924.3,5.79281e-05,2.84649e-05,0.691316,0.675584,0.716372,2,0,2,2,0,2,0.5,0,"49 87 118 75","1 0 1 0","2.84649e-05 1.67492 2.94836e-05 0.434043","6 0 6 0","1.74111 0.511965 1.74204 0.505212","1.69704 0 1.44059 0","0.0686591 0 0.070647 0",0
0,"AULIRA 2_wing_rivets.step",77,0.880254,6.90232e-06,4.50035,1.83094,1,-17.8009,1.82455,-72.048,0,11.1832,-142.5,0.00511848,-0.454545,0.84,0.184659,0,1.1,1,0,0,0,4,15195.6,30924.3,5.79281e-05,2.84649e-05,0.691316,0.675584,0.716372,2,0,2,2,0,2,0.5,0,"49 71 118 79","1 0 1 0","2.84649e-05 0.42891 2.94836e-05 1.67492","6 0 6 0","1.74112 0.505212 1.74205 0.511965","1.69718 0 1.44045 0","0.0686365 0 0.0706242 0",0
0,"AULIRA 2_wing_rivets.step",78,2.02948,1.59137e-05,9.167,3.29503,0,-17.9628,4.55821,-69.2223,0,11.1832,-142.5,0.00511848,0,0.8,0,0,0,1,0,0,0,4,15195.4,30924.3,0.000133559,6.56275e-05,0.371091,0.030439,0.716372,0,2,4,2,0,2,0.5,0,"81 118 80 49","0 1 0 1","2.27985 6.79763e-05 2.307 6.56275e-05","1 6 1 6","0.510145 4.07726 0.504887 4.0747","0 1.56799 0 1.5736","0 0.00120321 0 0.00116416",0
0,"AULIRA 2_wing_rivets.step",79,0.525549,4.12097e-06,3.07716,1.43376,0,-17.7231,1.42624,-70.8357,0,11.1832,-142.5,0.00511848,0,1,0,0,0,1,0,0,0,4,15195.4,30924.3,3.4586e-05,1.69947e-05,0.848628,0.697719,0.999537,0,2,4,2,0,2,0.5,0,"80 118 77 49","0 1 0 1","0.597416 1.7603e-05 0.597042 1.69947e-05","1 6 1 6","0.511807 1.02669 0.511965 1.02669","0 1.35178 0 1.7834","0 0.00041042 0 0.000399414",0
0,"AULIRA 2_wing_rivets.step",80,0.879704,6.898e-06,4.49888,1.83089,1,-17.8019,1.82452,-69.6233,0,11.1832,-142.5,0.00511848,-0.454545,0.84,0.196984,0,1.1,1,0,0,0,4,15195.6,30924.3,5.78919e-05,2.84471e-05,0.713125,0.697719,0.719207,2,0,2,2,0,2,0.5,0,"49 79 118 78","1 0 1 0","2.84471e-05 1.67388 2.94652e-05 0.433463","6 0 6 0","1.74063 0.511807 1.74155 0.504887","1.69492 0 1.44292 0","0.0678058 0 0.069836 0",0
0,"AULIRA 2_wing_rivets.step",81,0.890183,6.98017e-06,4.52949,1.83405,1,-17.6122,7.28156,-69.6235,0,11.1832,-142.5,0.00511848,-0.454545,0.8,0.192188,8.32667e-17,1.1,1,0,0,0,4,15195.6,30924.3,5.85815e-05,2.87859e-05,0.69618,0.685249,0.707107,2,0,2,2,0,2,0.5,0,"49 78 118 82","1 0 1 0","2.87859e-05 0.438626 2.98161e-05 1.67306","6 0 6 0","1.74985 0.510145 1.75127 0.518236","1.73091 0 1.406 0","0.0818324 0 0.0843244 0",0
0,"AULIRA 2_wing_rivets.step",82,0.532068,4.17209e-06,3.08987,1.42792,0,-17.5173,7.67962,-70.8356,0,11.1832,-142.5,0.00511848,0,1,0,0,0,1,0,0,0,4,15195.4,30924.3,3.50149e-05,1.72055e-05,0.853322,0.707107,0.999537,0,2,4,2,0,2,0.5,0,"72 118 81 49","0 1 0 1","0.597715 1.78213e-05 0.597706 1.72055e-05","1 6 1 6","0.518237 1.0267 0.518236 1.0267","0 1.30067 0 1.83308","0 5.61291e-06 0 2.37507e-06",0
0,"AULIRA 2_wing_rivets.step",83,0.532321,4.17407e-06,3.09039,1.42772,0,-17.4823,7.67962,-63.8356,0,11.1832,-142.5,0.00511848,0,1,0,0,0,1,0,0,0,4,15195.4,30924.3,3.50316e-05,1.72137e-05,0.853322,0.707107,0.999537,0,2,4,2,0,2,0.5,0,"99 118 89 49","0 1 0 1","0.597807 1.78298e-05 0.59762 1.72137e-05","1 6 1 6","0.518446 1.02671 0.51852 1.02671","0 1.29902 0 1.83477","0 0.000145898 0 0.000146274",0
0,"AULIRA 2_wing_rivets.step",84,2.03048,1.59215e-05,9.16688,3.29333,0,17.952,4.55857,-65.449,0,11.1832,-142.5,0.00511848,0,0.8,0,0,0,1,0,0,0,4,15195.4,30924.3,0.000133624,6.56596e-05,0.371091,0.030439,0.716372,0,2,4,2,0,2,0.5,0,"98 118 92 49","0 1 0 1","2.28027 6.80096e-05 2.31124 6.56596e-05","1 6 1 6","0.510283 4.07728 0.504468 4.07485","0 1.57382 0 1.56778","0 0.00152455 0 0.00147525",0
0,"AULIRA 2_wing_rivets.step",85,2.04087,1.6003e-05,9.16647,3.27626,0,-17.9411,4.55761,-62.2223,0,11.1832,-142.5,0.00511848,0,0.76,0,0,0,1,0,0,0,4,15195.4,30924.3,0.000134308,6.59959e-05,0.371091,0.030439,0.716372,0,2,4,2,0,2,0.5,0,"89 118 86 49","0 1 0 1","2.29123 6.83579e-05 2.32479 6.59959e-05","1 6 1 6","0.510486 4.07672 0.50408 4.07519","0 1.56755 0 1.57404","0 0.00179947 0 0.00173868",0
0,"AULIRA 2_wing_rivets.step",86,0.877873,6.88364e-06,4.49364,1.83044,1,-17.8098,1.8246,-62.6233,0,11.1832,-142.5,0.00511848,-0.454545,0.84,0.196984,0,1.1,1,0,0,0,4,15195.6,30924.3,5.77714e-05,2.83878e-05,0.713125,0.697719,0.719207,2,0,2,2,0,2,0.5,0,"49 88 118 85","1 0 1 0","2.83878e-05 1.67421 2.94038e-05 0.430146","6 0 6 0","1.73906 0.510626 1.73988 0.50408","1.68748 0 1.45054 0","0.0647077 0 0.0666714 0",0
0,"AULIRA 2_wing_rivets.step",87,0.525549,4.12097e-06,3.07716,1.43376,0,17.7231,1.42624,-70.8357,0,11.1832,-142.5,0.00511848,0,1,0,0,0,1,0,0,0,4,15195.4,30924.3,3.4586e-05,1.69947e-05,0.848628,0.697719,0.999537,0,2,4,2,0,2,0.5,0,"76 118 91 49","0 1 0 1","0.597042 1.7603e-05 0.597416 1.69947e-05","1 6 1 6","0.511965 1.02669 0.511807 1.02669","0 1.35178 0 1.7834","0 0.00041042 0 0.000399414",0
0,"AULIRA 2_wing_rivets.step",88,0.52435,4.11157e-06,3.07482,1.43486,0,-17.7344,1.42624,-63.8357,0,11.1832,-142.5,0.00511848,0,1,0,0,0,1,0,0,0,4,15195.4,30924.3,3.45071e-05,1.69559e-05,0.848628,0.697719,0.999537,0,2,4,2,0,2,0.5,0,"86 118 94 49","0 1 0 1","0.597296 1.75628e-05 0.596856 1.69559e-05","1 6 1 6","0.510626 1.02669 0.51081 1.02669","0 1.36261 0 1.77283","0 0.000504064 0 0.000492337",0
0,"AULIRA 2_wing_rivets.step",89,0.890734,6.98449e-06,4.53074,1.83392,1,-17.5758,7.28155,-62.6235,0,11.1832,-142.5,0.00511848,-0.454545,0.8,0.192188,8.32667e-17,1.1,1,0,0,0,4,15195.6,30924.3,5.86177e-05,2.88037e-05,0.69618,0.685249,0.707107,2,0,2,2,0,2,0.5,0,"49 85 118 83","1 0 1 0","2.88037e-05 0.436447 2.98346e-05 1.6733","6 0 6 0","1.75016 0.510486 1.75158 0.51852","1.73342 0 1.40343 0","0.08203 0 0.0844938 0",0
0,"AULIRA 2_wing_rivets.step",90,0.532321,4.17407e-06,3.09039,1.42772,0,17.4823,7.67962,-63.8356,0,11.1832,-142.5,0.00511848,0,1,0,0,0,1,0,0,0,4,15195.4,30924.3,3.50316e-05,1.72137e-05,0.853322,0.707107,0.999537,0,2,4,2,0,2,0.5,0,"97 118 98 49","0 1 0 1","0.59762 1.78298e-05 0.597808 1.72137e-05","1 6 1 6","0.51852 1.02671 0.518446 1.02671","0 1.29902 0 1.83477","0 0.000145898 0 0.000146274",0
0,"AULIRA 2_wing_rivets.step",91,0.879704,6.898e-06,4.49889,1.8309,1,17.8019,1.82452,-69.6233,0,11.1832,-142.5,0.00511848,-0.454545,0.84,0.196984,0,1.1,1,0,0,0,4,15195.6,30924.3,5.78919e-05,2.84471e-05,0.713125,0.697719,0.719207,2,0,2,2,0,2,0.5,0,"49 95 118 87","1 0 1 0","2.84471e-05 0.428849 2.94652e-05 1.67388","6 0 6 0","1.74064 0.504887 1.74156 0.511807","1.69506 0 1.44278 0","0.0677855 0 0.0698154 0",0
0,"AULIRA 2_wing_rivets.step",92,0.878521,6.88872e-06,4.49506,1.83025,1,17.8067,1.82463,-65.048,0,11.1832,-142.5,0.00511848,-0.454545,0.84,0.184659,0,1.1,1,0,0,0,4,15195.6,30924.3,5.7814e-05,2.84088e-05,0.691316,0.675584,0.716372,2,0,2,2,0,2,0.5,0,"49 67 118 84","1 0 1 0","2.84088e-05 1.67545 2.94255e-05 0.432668","6 0 6 0","1.73948 0.51081 1.7403 0.504468","1.6911 0 1.44669 0","0.0653164 0 0.0672253 0",0
0,"AULIRA 2_wing_rivets.step",93,2.05028,1.60768e-05,9.1667,3.26139,0,-17.9521,4.55822,-65.449,0,11.1832,-142.5,0.00511848,0,0.8,0,0,0,1,0,0,0,4,15195.4,30924.3,0.000134927,6.63e-05,0.371091,0.030439,0.716372,0,2,4,2,0,2,0.5,0,"94 118 99 49","0 1 0 1","2.33379 6.86729e-05 2.30251 6.63e-05","1 6 1 6","0.504468 4.07636 0.510283 4.07559","0 1.57382 0 1.56778","0 0.00152718 0 0.00147429",0
0,"AULIRA 2_wing_rivets.step",94,0.87852,6.88872e-06,4.49507,1.83026,1,-17.8067,1.82463,-65.048,0,11.1832,-142.5,0.00511848,-0.454545,0.84,0.184659,0,1.1,1,0,0,0,4,15195.6,30924.3,5.7814e-05,2.84088e-05,0.691316,0.675584,0.716372,2,0,2,2,0,2,0.5,0,"49 93 118 88","1 0 1 0","2.84088e-05 0.428488 2.94255e-05 1.67545","6 0 6 0","1.73949 0.504468 1.74031 0.51081","1.69123 0 1.44655 0","0.0652942 0 0.0672027 0",0
0,"AULIRA 2_wing_rivets.step",95,2.05131,1.60849e-05,9.16677,3.2598,0,17.9629,4.55792,-69.2223,0,11.1832,-142.5,0.00511848,0,0.8,0,0,0,1,0,0,0,4,15195.4,30924.3,0.000134995,6.63335e-05,0.371091,0.030439,0.716372,0,2,4,2,0,2,0.5,0,"91 118 96 49","0 1 0 1","2.33182 6.87075e-05 2.30437 6.63335e-05","1 6 1 6","0.504887 4.07621 0.510145 4.07552","0 1.568 0 1.5736","0 0.00120562 0 0.00116351",0
0,"AULIRA 2_wing_rivets.step",96,0.890183,6.98017e-06,4.52947,1.83403,1,17.6122,7.28156,-69.6235,0,11.1832,-142.5,0.00511848,-0.454545,0.8,0.192188,8.32667e-17,1.1,1,0,0,0,4,15195.6,30924.3,5.85815e-05,2.87859e-05,0.69618,0.685249,0.707107,2,0,2,2,0,2,0.5,0,"49 73 118 95","1 0 1 0","2.87859e-05 1.67306 2.98161e-05 0.433957","6 0 6 0","1.74984 0.518236 1.75126 0.510145","1.73074 0 1.40617 0","0.0818563 0 0.0843478 0",0
0,"AULIRA 2_wing_rivets.step",97,0.890734,6.98449e-06,4.53072,1.83391,1,17.5758,7.28155,-62.6235,0,11.1832,-142.5,0.00511848,-0.454545,0.8,0.192188,8.32667e-17,1.1,1,0,0,0,4,15195.6,30924.3,5.86177e-05,2.88037e-05,0.69618,0.685249,0.707107,2,0,2,2,0,2,0.5,0,"49 90 118 68","1 0 1 0","2.88037e-05 1.6733 2.98346e-05 0.434615","6 0 6 0","1.75015 0.51852 1.75157 0.510486","1.73325 0 1.4036 0","0.0820543 0 0.0845177 0",0
0,"AULIRA 2_wing_rivets.step",98,0.890455,6.9823e-06,4.53301,1.83633,1,17.5898,7.28157,-65.0477,0,11.1832,-142.5,0.00511848,-0.454545,0.8,0.192188,5.55112e-17,1.1,1,0,0,0,4,15195.6,30924.3,5.85994e-05,2.87947e-05,0.717706,0.707107,0.728309,2,0,2,2,0,2,0.5,0,"49 84 118 90","1 0 1 0","2.87947e-05 0.438545 2.98253e-05 1.67278","6 0 6 0","1.7514 0.510283 1.75288 0.518446","1.72559 0 1.41135 0","0.084836 0 0.087328 0",0
0,"AULIRA 2_wing_rivets.step",99,0.890455,6.9823e-06,4.53299,1.83632,1,-17.5898,7.28157,-65.0477,0,11.1832,-142.5,0.00511848,-0.454545,0.8,0.192188,5.55112e-17,1.1,1,0,0,0,4,15195.6,30924.3,5.85994e-05,2.87947e-05,0.717706,0.707107,0.728309,2,0,2,2,0,2,0.5,0,"49 83 118 93","1 0 1 0","2.87947e-05 1.67278 2.98253e-05 0.434309","6 0 6 0","1.75139 0.518446 1.75287 0.510283","1.72542 0 1.41153 0","0.0848581 0 0.0873497 0",0
0,"AULIRA 2_wing_rivets.step",100,2.0256,1.58833e-05,9.17351,3.30603,0,18.0048,4.55843,-86.449,0,11.1832,-142.5,0.00511848,0,0.8,0,0,0,1,0,0,0,4,15195.4,30924.3,0.000133303,6.55021e-05,0.368775,0.030439,0.707107,0,2,4,2,0,2,0.5,0,"104 118 107 49","0 1 0 1","2.27117 6.78463e-05 2.29461 6.55021e-05","1 6 1 6","0.510822 4.07994 0.506188 4.07656","0 1.57295 0 1.56861","0 0.000496398 0 0.000466906",0
0,"AULIRA 2_wing_rivets.step",101,0.527366,4.13522e-06,3.0807,1.43211,0,17.7238,1.42624,-84.8356,0,11.1832,-142.5,0.00511848,0,1,0,0,0,1,0,0,0,4,15195.4,30924.3,3.47056e-05,1.70535e-05,0.850975,0.697719,0.999537,0,2,4,2,0,2,0.5,0,"107 118 105 49","0 1 0 1","0.597403 1.76638e-05 0.597619 1.70535e-05","1 6 1 6","0.513706 1.02669 0.513606 1.02669","0 1.33635 0 1.79833","0 0.000242083 0 0.000232182",0
0,"AULIRA 2_wing_rivets.step",102,2.03578,1.59631e-05,9.17322,3.28929,0,18.0001,4.55692,-83.2223,0,11.1832,-142.5,0.00511848,0,0.8,0,0,0,1,0,0,0,4,15195.4,30924.3,0.000133973,6.58312e-05,0.371091,0.030439,0.716372,0,2,4,2,0,2,0.5,0,"105 118 106 49","0 1 0 1","2.30698 6.81873e-05 2.28387 6.58312e-05","1 6 1 6","0.506032 4.07955 0.510528 4.07711","0 1.56854 0 1.57308","0 0.000288355 0 0.000265655",0
0,"AULIRA 2_wing_rivets.step",103,0.533078,4.18001e-06,3.09182,1.42701,0,17.5467,7.67962,-84.8356,0,11.1832,-142.5,0.00511848,0,1,0,0,0,1,0,0,0,4,15195.4,30924.3,3.50815e-05,1.72382e-05,0.853322,0.707107,0.999537,0,2,4,2,0,2,0.5,0,"106 118 104 49","0 1 0 1","0.598041 1.78551e-05 0.597706 1.72382e-05","1 6 1 6","0.519149 1.02669 0.519293 1.02669","0 1.29357 0 1.83984","0 0.000290546 0 0.000279513",0
0,"AULIRA 2_wing_rivets.step",104,0.891874,6.99343e-06,4.53561,1.83552,1,17.6501,7.28163,-86.0477,0,11.1832,-142.5,0.00511848,-0.454545,0.8,0.192188,5.55112e-17,1.1,1,0,0,0,4,15195.6,30924.3,5.86928e-05,2.88406e-05,0.717706,0.707107,0.728309,2,0,2,2,0,2,0.5,0,"49 100 118 103","1 0 1 0","2.88406e-05 0.440301 2.98728e-05 1.67306","6 0 6 0","1.75197 0.510822 1.75353 0.519293","1.73256 0 1.40407 0","0.0856788 0 0.0882553 0",0
0,"AULIRA 2_wing_rivets.step",105,0.882446,6.9195e-06,4.50641,1.83131,1,17.8063,1.8244,-83.6235,0,11.1832,-142.5,0.00511848,-0.454545,0.84,0.196984,0,1.1,1,0,0,0,4,15195.6,30924.3,5.80723e-05,2.85357e-05,0.713125,0.697719,0.719207,2,0,2,2,0,2,0.5,0,"49 102 118 101","1 0 1 0","2.85357e-05 0.433468 2.9557e-05 1.67331","6 0 6 0","1.74284 0.506032 1.74393 0.513606","1.70596 0 1.43153 0","0.0720655 0 0.0742274 0",0
0,"AULIRA 2_wing_rivets.step",106,0.891374,6.98951e-06,4.53373,1.83502,1,17.6484,7.28166,-83.6236,0,11.1832,-142.5,0.00511848,-0.454545,0.8,0.192188,8.32667e-17,1.1,1,0,0,0,4,15195.6,30924.3,5.86599e-05,2.88244e-05,0.69618,0.685249,0.707107,2,0,2,2,0,2,0.5,0,"49 103 118 102","1 0 1 0","2.88244e-05 1.67213 2.9856e-05 0.437854","6 0 6 0","1.75125 0.519149 1.7528 0.510528","1.73219 0 1.40464 0","0.0845395 0 0.0871507 0",0
0,"AULIRA 2_wing_rivets.step",107,0.882765,6.922e-06,4.50803,1.83197,1,17.8103,1.8244,-86.0478,0,11.1832,-142.5,0.00511848,-0.454545,0.8,0.192188,0,1.1,1,0,0,0,4,15195.6,30924.3,5.80933e-05,2.8546e-05,0.69618,0.685249,0.707107,2,0,2,2,0,2,0.5,0,"49 101 118 100","1 0 1 0","2.8546e-05 1.67391 2.95677e-05 0.435804","6 0 6 0","1.74351 0.513706 1.74463 0.506188","1.70463 0 1.43273 0","0.073641 0 0.0757856 0",0
0,"AULIRA 2_wing_rivets.step",108,0.882765,6.922e-06,4.50805,1.83199,1,-17.8103,1.8244,-86.0478,0,11.1832,-142.5,0.00511848,-0.454545,0.8,0.192188,0,1.1,1,0,0,0,4,15195.6,30924.3,5.80933e-05,2.8546e-05,0.69618,0.685249,0.707107,2,0,2,2,0,2,0.5,0,"49 109 118 55","1 0 1 0","2.8546e-05 0.433555 2.95677e-05 1.67391","6 0 6 0","1.74352 0.506188 1.74464 0.513706","1.70478 0 1.43257 0","0.0736186 0 0.0757631 0",0
0,"AULIRA 2_wing_rivets.step",109,2.03611,1.59657e-05,9.17519,3.29018,0,-18.0074,4.55708,-86.449,0,11.1832,-142.5,0.00511848,0,0.8,0,0,0,1,0,0,0,4,15195.4,30924.3,0.000133995,6.58418e-05,0.368775,0.030439,0.707107,0,2,4,2,0,2,0.5,0,"108 118 110 49","0 1 0 1","2.30651 6.81982e-05 2.28295 6.58418e-05","1 6 1 6","0.506188 4.08035 0.510822 4.07783","0 1.57295 0 1.56861","0 0.000495022 0 0.000465599",0
0,"AULIRA 2_wing_rivets.step",110,0.891874,6.99343e-06,4.53559,1.8355,1,-17.6501,7.28163,-86.0477,0,11.1832,-142.5,0.00511848,-0.454545,0.8,0.192188,5.55112e-17,1.1,1,0,0,0,4,15195.6,30924.3,5.86928e-05,2.88406e-05,0.717706,0.707107,0.728309,2,0,2,2,0,2,0.5,0,"49 111 118 109","1 0 1 0","2.88406e-05 1.67306 2.98728e-05 0.438029","6 0 6 0","1.75196 0.519293 1.75352 0.510822","1.73239 0 1.40424 0","0.0857023 0 0.0882781 0",0
0,"AULIRA 2_wing_rivets.step",111,0.533078,4.18001e-06,3.09182,1.42701,0,-17.5467,7.67962,-84.8356,0,11.1832,-142.5,0.00511848,0,1,0,0,0,1,0,0,0,4,15195.4,30924.3,3.50815e-05,1.72382e-05,0.853322,0.707107,0.999537,0,2,4,2,0,2,0.5,0,"110 118 112 49","0 1 0 1","0.597706 1.78551e-05 0.598041 1.72382e-05","1 6 1 6","0.519293 1.02669 0.519149 1.02669","0 1.29357 0 1.83984","0 0.000290546 0 0.000279513",0
0,"AULIRA 2_wing_rivets.step",112,0.891374,6.98951e-06,4.53375,1.83504,1,-17.6484,7.28166,-83.6236,0,11.1832,-142.5,0.00511848,-0.454545,0.8,0.192188,8.32667e-17,1.1,1,0,0,0,4,15195.6,30924.3,5.86599e-05,2.88244e-05,0.69618,0.685249,0.707107,2,0,2,2,0,2,0.5,0,"49 113 118 111","1 0 1 0","2.88244e-05 0.439957 2.98561e-05 1.67213","6 0 6 0","1.75126 0.510528 1.75281 0.519149","1.73236 0 1.40447 0","0.084517 0 0.0871288 0",0
0,"AULIRA 2_wing_rivets.step",113,2.02605,1.58868e-05,9.17165,3.30397,0,-17.9977,4.5583,-83.2223,0,11.1832,-142.5,0.00511848,0,0.8,0,0,0,1,0,0,0,4,15195.4,30924.3,0.000133333,6.55164e-05,0.371091,0.030439,0.716372,0,2,4,2,0,2,0.5,0,"112 118 54 49","0 1 0 1","2.27295 6.78612e-05 2.29595 6.55164e-05","1 6 1 6","0.510528 4.07915 0.506032 4.07594","0 1.56854 0 1.57308","0 0.000288773 0 0.000266254",0
0,"AULIRA 2_wing_rivets.step",114,636.422,0.00499036,100.711,1.26824,6,9.73542,-9.841,13.5498,0,11.1832,-142.5,0.00511848,-0.0455919,1,0.26203,0.000193799,0,1,0,0,0,4,8069.82,30924.3,0.0788645,0.02058,0.420827,0.138012,0.847395,1,0,3,1,1,2,0.25,0.25,"156 115 139 49","0 1 -1 0","1.28462 2.85174 1 0.02058","6 0 6 6","30.6204 14.8911 29.5335 25.6663","8.9407e-09 1.26704 0.269904 0.0272355","7.30005e-09 0.0873683 0.148283 0.0125412",0
0,"AULIRA 2_wing_rivets.step",115,223.17,0.00174993,83.1241,2.46382,0,-0.670812,-4.4799,29.2901,0,11.1832,-142.5,0.00511848,0,0.88,0,0,0,2,1,23.5596,23.5596,8,459.49,636.422,0.48569,0.350663,0.402732,0.138012,1,1,0,4,4,0,1,0.8,0,"158 139 114 156 116","1 1 1 1 0","0.450467 0.350663 0.350663 0.450469 6.6082","6 6 6 6 0","14.8911 14.8911 14.8911 14.8911 4.93108","1.07275 1.26704 1.26704 1.07275 0","0.0139618 0.0873683 0.0873683 0.0139618 0",0
0,"AULIRA 2_wing_rivets.step",116,33.7716,0.000264812,23.5596,1.3079,0,4.43286,-4.78574,29.2901,0,11.1832,-142.5,0.00511848,0,1,0,0,0,1,0,0,0,4,223.17,223.17,0.151327,0.151327,1,1,1,1,0,0,0,0,1,0,0,"115","0","0.151327","0","6.84872","0","0",0
0,"AULIRA 2_wing_rivets.step",117,323.128,0.00253373,82.3764,1.67117,0,-0.000660639,-9.18404,-300,0,11.1832,-142.5,0.00511848,0,1,0,0,0,1,0,0,0,2,30924.3,30924.3,0.010449,0.010449,0.030439,0.030439,0.030439,0,0,1,1,0,0,1,0,"49","1","0.010449","6","4.61574","1.37806","0.00197732",0
0,"AULIRA 2_wing_rivets.step",118,29855.7,0.234107,1450.47,5.60766,6,-0.0154111,0.681064,-143.089,0,11.1832,-142.5,0.00511848,-0.0249413,1,0.39234,2.58162e-05,0,12,11,17.1911,496.28,90,173.164,6943.91,172.413,4.29956,0.590991,0.0304475,0.999536,46,40,40,80,6,0,0.930233,0.0697674,"120 119 48 47 46 45 43 44 146 150 87 91 95 96 73 74 75 76 67 66 68 97 90 98 84 92 50 51 52 53 60 58 57 56 101 105 102 106 103 104 100 107 152 149 148 142 109 110 111 112 113 54 55 108 59 62 63 70 64 69 65 61 93 99 83 89 85 86 88 94 71 72 82 81 78 80 79 77 141 154 144 151 145 147 155 153","-1 -1 1 1 1 1 1 1 1 1 1 1 1 1 1 1 1 1 1 1 1 1 1 1 1 1 1 1 1 1 1 1 1 1 1 1 1 1 1 1 1 1 -1 -1 -1 -1 1 1 1 1 1 1 1 1 1 1 1 1 1 1 1 1 1 1 1 1 1 1 1 1 1 1 1 1 1 1 1 1 1 1 1 1 1 1 1 1","104.397 46.2783 56699.7 33879.3 14538.1 33530.6 56085.7 33521.6 14731.5 33862.3 56808.6 33938.4 14554.4 33538.9 56112.7 33539.4 14721.5 33917.2 56938.6 34009.2 14567.5 33518.1 56086 33528.6 14703.8 33984.1 57088.2 34090.3 14628 33465.6 56000.7 33487.3 14629 34061.9 56612.9 33832.9 14665.5 33494.1 56006.3 33475.3 14739.2 33820.7 4.29956 9664.01 4.31169 10301.9 14663.1 33475.3 56006.3 33494 14736 33832.9 56612.9 33820.7 14629 33487.3 56000.7 33465.6 14628 34090.3 57088.2 34061.9 14561.8 33528.6 56086 33518.1 14628.9 34009.2 56938.6 33984.1 14547.4 33539.4 56112.7 33538.9 14711 33938.4 56808.6 33917.2 14604.8 33521.6 56085.7 33530.6 14727.1 33879.3 56699.7 33862.3","0 0 0 1 0 1 0 1 0 1 0 1 0 1 0 1 0 1 0 1 0 1 0 1 0 1 0 1 0 1 0 1 0 1 0 1 0 1 0 1 0 1 0 0 0 0 0 1 0 1 0 1 0 1 0 1 0 1 0 1 0 1 0 1 0 1 0 1 0 1 0 1 0 1 0 1 0 1 0 1 0 1 0 1 0 1","43.2074 49.8438 1.02669 1.74292 4.07657 1.75166 1.02669 1.75257 4.07838 1.7435 1.02669 1.74156 4.07621 1.75126 1.0267 1.75235 4.07745 1.74204 1.02669 1.73988 4.07672 1.75157 1.02671 1.75288 4.07728 1.7403 1.0267 1.73793 4.07843 1.75265 1.02673 1.75423 4.07746 1.73833 1.02669 1.74393 4.07955 1.7528 1.02669 1.75353 4.07994 1.74463 248.019 0.121791 248.02 0.12004 4.08035 1.75352 1.02669 1.75281 4.07915 1.74393 1.02669 1.74464 4.07746 1.75422 1.02673 1.75266 4.07843 1.73793 1.0267 1.73833 4.07636 1.75287 1.02671 1.75158 4.07672 1.73988 1.02669 1.74031 4.07629 1.75234 1.0267 1.75127 4.07726 1.74155 1.02669 1.74205 4.07782 1.75256 1.02669 1.75167 4.07787 1.74291 1.02669 1.74351","1.51377 1.49853 1.34307 1.43651 1.5683 1.40647 1.29881 1.40861 1.57318 1.43597 1.35178 1.44278 1.568 1.40617 1.30067 1.41104 1.57344 1.44059 1.36261 1.4504 1.56755 1.4036 1.29902 1.41135 1.57382 1.44669 1.3758 1.45952 1.56688 1.39858 1.29365 1.4095 1.57437 1.45443 1.33635 1.43153 1.56854 1.40464 1.29357 1.40407 1.57295 1.43273 0.909097 1.5265 2.23904 1.52767 1.57295 1.40424 1.29357 1.40447 1.56854 1.43168 1.33635 1.43257 1.57437 1.40968 1.29365 1.39841 1.56688 1.45965 1.3758 1.4543 1.57382 1.41153 1.29902 1.40343 1.56755 1.45054 1.36261 1.44655 1.57344 1.41121 1.30067 1.406 1.56799 1.44292 1.35178 1.44045 1.57318 1.40878 1.29881 1.4063 1.5683 1.43666 1.34307 1.43582","0.0923945 0.114494 0.000324275 0.0723246 0.000611328 0.0852334 0.000150224 0.086897 0.000366949 0.0734933 0.00041042 0.0698154 0.00120562 0.0843478 5.61291e-06 0.0865674 0.000927189 0.070647 0.000504064 0.0666522 0.00179947 0.0845177 0.000145898 0.087328 0.00152455 0.0672253 0.000608725 0.0627523 0.00237941 0.0857916 0.000308884 0.0892685 0.0021137 0.0631854 0.000242083 0.0742274 0.000288355 0.0871507 0.000290546 0.0882553 0.000496398 0.0757856 0.0269369 0.000164684 0.0267851 3.23897e-05 0.000495022 0.0882781 0.000290546 0.0871288 0.000288773 0.0742493 0.000242083 0.0757631 0.0021137 0.0892895 0.000308884 0.0857675 0.00237941 0.0627697 0.000608725 0.0631636 0.00152718 0.0873497 0.000145898 0.0844938 0.00179947 0.0666714 0.000504064 0.0672027 0.000929374 0.0865897 5.61291e-06 0.0843244 0.00120321 0.069836 0.00041042 0.0706242 0.000368351 0.0869197 0.000150224 0.0852107 0.000609502 0.0723459 0.000324275 0.0734705",0
0,"AULIRA 2_wing_rivets.step",119,645.135,0.00505868,145.487,2.61089,0,9.04202e-05,-1.10339,-0.5,0,11.1832,-142.5,0.00511848,0,0.88,0,0,0,2,1,45.7997,45.7997,6,5975.73,29855.7,0.107959,0.0216084,0.00608949,0,0.0304475,4,0,1,4,1,0,0.8,0.2,"118 137 131 121 132","-1 1 1 1 1","0.0216084 107.245 118.713 107.245 118.713","6 0 0 0 0","49.8437 12.031 10.8688 12.031 10.8688","1.4982 1.5708 1.5708 1.5708 1.5708","0.114593 0 0 0 0",0
0,"AULIRA 2_wing_rivets.step",120,285.983,0.00224247,79.2916,1.74946,0,0.000422251,-9.13904,-299.5,0,11.1832,-142.5,0.00511848,0,1,0,0,0,1,0,0,0,2,29855.7,29855.7,0.00957882,0.00957882,0.0304475,0.0304475,0.0304475,0,0,1,0,1,0,0,1,"118","-1","0.00957882","6","36.0842","1.50494","0.0992627",0
0,"AULIRA 2_wing_rivets.step",121,6.01552,4.71693e-05,25.0621,8.30904,0,-5.43441,5.81723,-0.25,0,11.1832,-142.5,0.00511848,0,1,0,0,0,1,0,0,0,4,164.198,645.135,0.0366358,0.00932443,0,0,0,4,0,0,1,3,0,0.25,0.75,"122 132 119 131","-1 -1 1 -1","7.65073 1.10693 0.00932443 1.10693","0 0 0 0","12.031 0.5 12.031 0.5","1.5708 1.5708 1.5708 1.5708","0 0 0 0",0
0,"AULIRA 2_wing_rivets.step",122,0.786266,6.16533e-06,45.7997,212.298,0,-4.48467,6.83745,0,0,11.1832,-142.5,0.00511848,0,0,0,0,0,1,0,0,0,6,5.72496,6.01552,0.13734,0.130706,0,0,0,6,0,0,2,4,0,0.333333,0.666667,"137 123 124 132 121 131","-1 1 1 -1 -1 -1","0.130706 0.144683 0.130706 0.144683 0.130706 0.144683","0 0 0 0 0 0","0.0123432 10.8146 12.0187 0.054258 12.031 10.8688","1.5708 1.5708 1.5708 1.5708 1.5708 1.5708","0 0 0 0 0 0",0
0,"AULIRA 2_wing_rivets.step",123,5.43441,4.26127e-05,22.7376,7.57057,0,0.054258,11.8204,0.25,0,11.1832,-142.5,0.00511848,0,1,0,0,0,1,0,0,0,5,129.814,635.465,0.0418631,0.00855186,0,0,0,5,0,0,2,3,0,0.4,0.6,"122 130 140 126 124","1 -1 -1 1 -1","6.91166 6.91166 0.903399 0.00855186 0.903399","0 0 0 0 0","10.8146 0.054258 0.5 10.8688 0.5","1.5708 1.5708 1.5708 1.5708 1.5708","0 0 0 0 0",0
0,"AULIRA 2_wing_rivets.step",124,6.01552,4.71693e-05,25.0621,8.30904,0,-5.38015,5.80488,0.25,0,11.1832,-142.5,0.00511848,0,1,0,0,0,1,0,0,0,5,129.581,635.465,0.0464227,0.00946632,0,0,0,5,0,0,2,3,0,0.4,0.6,"130 122 123 126 125","-1 1 -1 1 -1","7.65073 7.65073 1.10693 0.00946632 1.10693","0 0 0 0 0","0.0123432 12.0187 0.5 12.031 0.5","1.5708 1.5708 1.5708 1.5708 1.5708","0 0 0 0 0",0
0,"AULIRA 2_wing_rivets.step",125,5.43441,4.26127e-05,22.7376,7.57057,0,0.054258,-0.210633,0.25,0,11.1832,-142.5,0.00511848,0,1,0,0,0,1,0,0,0,4,162.071,635.465,0.0335311,0.00855186,0,0,0,4,0,0,1,3,0,0.25,0.75,"130 124 126 140","-1 -1 1 -1","6.91166 0.903399 0.00855186 0.903399","0 0 0 0","10.8688 0.5 10.8688 0.5","1.5708 1.5708 1.5708 1.5708","0 0 0 0",0
0,"AULIRA 2_wing_rivets.step",126,635.465,0.00498285,144.956,2.6313,0,-0.0111418,-1.30033,0.5,0,11.1832,-142.5,0.00511848,0,0.88,0,0,0,2,1,45.7997,45.7997,7,300.072,1038.74,2.11771,0.611764,0.0720896,0,0.365533,4,0,3,4,3,0,0.571429,0.428571,"127 157 133 124 123 140 125","-1 -1 -1 1 1 1 1","1.07232 1.42401 0.611764 105.638 116.934 105.638 116.934","6 6 6 0 0 0 0","24.7938 24.7843 49.5781 12.031 10.8688 12.031 10.8688","1.57745 1.79196 1.68427 1.5708 1.5708 1.5708 1.5708","0.0216175 0.0841416 0.123414 0 0 0 0",0
0,"AULIRA 2_wing_rivets.step",127,592.61,0.00464681,97.2581,1.2702,6,9.41419,-9.5319,13.5784,0,11.1832,-142.5,0.00511848,-0.0473615,1,0.263552,0.000223035,0,1,0,0,0,4,580.992,1038.74,1.02,0.570507,0.265589,0.137654,0.569067,2,0,2,1,2,1,0.25,0.5,"128 133 126 157","-1 1 -1 0","2.91193 0.570507 0.932561 1.32798","0 6 0 6","14.3749 28.5191 24.7938 29.5703","1.28365 0.272301 1.57745 4.47035e-09","0.0846117 0.152365 0.0216175 6.82857e-09",0
0,"AULIRA 2_wing_rivets.step",128,203.511,0.00159578,81.0791,2.57052,0,-0.735637,-4.41862,28.7901,0,11.1832,-142.5,0.00511848,0,0.88,0,0,0,2,1,23.5596,23.5596,7,527.843,1038.74,0.385551,0.19592,0.376157,0.00143956,1,1,0,3,0,3,1,0,0.75,"133 157 127 129","-1 -1 -1 0","0.19592 0.456047 0.343415 6.02609","6 6 6 0","28.7596 14.385 14.3749 4.93108","1.18137 1.07871 1.28365 0","0.119174 0.0131528 0.0846117 0",0
0,"AULIRA 2_wing_rivets.step",129,33.7716,0.000264812,23.5596,1.3079,0,4.43286,-4.78574,28.7901,0,11.1832,-142.5,0.00511848,0,1,0,0,0,1,0,0,0,4,203.511,203.511,0.165945,0.165945,1,1,1,1,0,0,0,0,1,0,0,"128","0","0.165945","0","6.84872","0","0",0
0,"AULIRA 2_wing_rivets.step",130,0.786266,6.16533e-06,45.7997,212.298,0,4.53893,4.78466,0,0,11.1832,-142.5,0.00511848,0,0,0,0,0,1,0,0,0,6,5.72496,6.01552,0.13734,0.130706,0,0,0,6,0,0,2,4,0,0.333333,0.666667,"140 123 137 132 124 125","-1 -1 1 1 -1 -1","0.130706 0.144683 0.130706 0.144683 0.130706 0.144683","0 0 0 0 0 0","12.031 0.054258 12.0187 10.8146 0.0123432 10.8688","1.5708 1.5708 1.5708 1.5708 1.5708 1.5708","0 0 0 0 0 0",0
0,"AULIRA 2_wing_rivets.step",131,5.43441,4.26127e-05,22.7376,7.57057,0,-3.1225e-17,11.8327,-0.25,0,11.1832,-142.5,0.00511848,0,1,0,0,0,1,0,0,0,4,164.488,645.135,0.0330383,0.00842368,0,0,0,4,0,0,1,3,0,0.25,0.75,"122 121 119 137","-1 -1 1 -1","6.91166 0.903399 0.00842368 0.903399","0 0 0 0","10.8688 0.5 10.8688 0.5","1.5708 1.5708 1.5708 1.5708","0 0 0 0",0
0,"AULIRA 2_wing_rivets.step",132,5.43441,4.26127e-05,22.7376,7.57057,0,-2.22045e-16,-0.19829,-0.25,0,11.1832,-142.5,0.00511848,0,1,0,0,0,1,0,0,0,5,131.748,645.135,0.0412486,0.00842368,0,0,0,5,0,0,2,3,0,0.4,0.6,"122 130 137 119 121","-1 1 -1 1 -1","6.91166 6.91166 0.903399 0.00842368 0.903399","0 0 0 0 0","0.054258 10.8146 0.5 10.8688 0.5","1.5708 1.5708 1.5708 1.5708 1.5708","0 0 0 0 0",0
0,"AULIRA 2_wing_rivets.step",133,1038.74,0.00814506,167.102,2.13916,6,-9.98351,-3.46112,13.2903,0,11.1832,-142.5,0.00511848,-0.0513775,0.88,0.364383,0.000222178,0,1,0,0,0,8,278.146,635.465,3.73452,1.63462,0.527146,0.00143956,0.916178,5,0,2,5,2,0,0.714286,0.285714,"136 157 126 127 128 134 135","1 1 -1 1 -1 1 1","31.3377 2.32772 1.63462 1.75283 5.10412 39.1236 109.411","0 6 0 6 0 0 0","14.1972 10.4649 49.5781 28.5191 28.7596 13.3133 16.5841","0.449359 0.0949626 1.68427 0.272301 1.18137 2.60791 1.02947","0.0753471 0.0477704 0.123414 0.152365 0.119174 0.0894719 0.0162478",0
0,"AULIRA 2_wing_rivets.step",134,26.5503,0.000208188,55.7266,9.30778,0,0.00349863,4.15867,23.4752,0,11.1832,-142.5,0.00511848,0,0.2,0,0,0,1,0,0,0,6,415.799,1038.74,0.0638536,0.02556,0.504989,0,0.916178,2,0,4,4,2,0,0.666667,0.333333,"156 138 157 133 135 158","1 -1 1 1 -1 1","0.0535919 2.80207 0.0594966 0.02556 2.79655 0.0535917","6 0 6 6 0 6","13.1669 1.38307 13.3137 13.3133 1.38305 13.1665","0.538154 1.5708 2.60814 2.60791 1.5708 0.538269","0.0869001 0 0.0893867 0.0894719 0 0.0868653",0
0,"AULIRA 2_wing_rivets.step",135,9.49396,7.44447e-05,35.9695,10.8445,0,-10.9136,7.24478,11.7681,0,11.1832,-142.5,0.00511848,0,0.08,0,0,0,1,0,0,0,4,398.464,1038.74,0.0238264,0.00913985,0.250203,0,0.600044,2,0,2,2,2,0,0.5,0.5,"158 134 133 136","1 -1 1 -1","0.0191635 0.357584 0.00913985 0.286422","6 0 6 0","16.0895 1.38305 16.5841 1.91284","2.09755 1.5708 1.02947 1.5708","0.0187596 0 0.0162478 0",0
0,"AULIRA 2_wing_rivets.step",136,33.1467,0.000259912,59.8964,8.61294,0,-0.00279967,10.0198,9.14234,0,11.1832,-142.5,0.00511848,0,0.2,0,0,0,1,0,0,0,6,415.799,1038.74,0.0797181,0.0319104,0.504989,0,0.916178,2,0,4,4,2,0,0.666667,0.333333,"156 158 135 133 157 138","1 1 -1 1 1 -1","0.0669069 0.0669066 3.49135 0.0319104 0.0742785 3.49825","6 6 0 6 6 0","13.838 13.8377 1.91284 14.1972 14.1978 1.91288","2.69518 2.695 1.5708 0.449359 0.449467 1.5708","0.0699729 0.070045 0 0.0753471 0.0754332 0",0
0,"AULIRA 2_wing_rivets.step",137,6.01552,4.71693e-05,25.0621,8.30904,0,5.43441,5.81723,-0.25,0,11.1832,-142.5,0.00511848,0,1,0,0,0,1,0,0,0,5,131.515,645.135,0.04574,0.00932443,0,0,0,5,0,0,2,3,0,0.4,0.6,"130 122 131 119 132","1 -1 -1 1 -1","7.65073 7.65073 1.10693 0.00932443 1.10693","0 0 0 0 0","12.0187 0.0123432 0.5 12.031 0.5","1.5708 1.5708 1.5708 1.5708 1.5708","0 0 0 0 0",0
0,"AULIRA 2_wing_rivets.step",138,9.47523,7.42979e-05,35.9698,10.8662,0,10.9139,7.2472,11.7616,0,11.1832,-142.5,0.00511848,0,0.08,0,0,0,1,0,0,0,4,250.34,495.416,0.0378494,0.0191258,0.305079,0,0.62027,2,0,2,2,2,0,0.5,0.5,"156 136 157 134","1 -1 1 -1","0.0191258 0.285857 0.0212331 0.356879","6 0 6 0","16.0895 1.91288 16.5844 1.38307","2.09758 1.5708 1.02947 1.5708","0.0187541 0 0.0162306 0",0
0,"AULIRA 2_wing_rivets.step",139,636.421,0.00499035,100.71,1.26822,6,-9.73542,-9.84101,13.5498,0,11.1832,-142.5,0.00511848,0.0455919,1,0.26203,0.000193799,0,1,0,0,0,4,8069.82,30924.3,0.0788644,0.02058,0.420827,0.138012,0.847394,1,0,3,1,1,2,0.25,0.25,"115 114 49 158","1 -1 0 0","2.85174 1 0.02058 1.28462","0 6 6 6","14.8911 29.5335 25.6653 30.6204","1.26704 0.269904 0.0269028 8.06781e-09","0.0873683 0.148283 0.0125292 8.25453e-09",0
0,"AULIRA 2_wing_rivets.step",140,6.01552,4.71693e-05,25.0621,8.30904,0,5.48867,5.80488,0.25,0,11.1832,-142.5,0.00511848,0,1,0,0,0,1,0,0,0,4,161.78,635.465,0.0371833,0.00946632,0,0,0,4,0,0,1,3,0,0.25,0.75,"130 125 126 123","-1 -1 1 -1","7.65073 1.10693 0.00946632 1.10693","0 0 0 0","12.031 0.5 12.031 0.5","1.5708 1.5708 1.5708 1.5708","0 0 0 0",0
0,"AULIRA 2_wing_rivets.step",141,2.04425,1.60295e-05,9.17034,3.27361,0,-17.9902,4.55569,-79.449,0,11.1832,-142.5,0.00511848,0,0.8,0,0,0,1,0,0,0,4,15195.4,30924.3,0.00013453,6.6105e-05,0.371091,0.030439,0.716372,0,2,4,2,0,2,0.5,0,"153 118 154 49","0 1 0 1","2.31858 6.84709e-05 2.29525 6.6105e-05","1 6 1 6","0.505795 4.07782 0.510284 4.07643","0 1.57318 0 1.56839","0 0.000368351 0 0.000350439",0
0,"AULIRA 2_wing_rivets.step",142,2.89809,2.27247e-05,58.1816,92.9501,0,1.04774,-6.47224,-1.12719,0,11.1832,-142.5,0.00511848,0,1,0,0,0,1,0,0,0,4,10937.2,29855.7,0.000264976,9.70698e-05,0.00761186,0,0.0304475,3,0,1,3,1,0,0.75,0.25,"148 118 152 143","1 -1 1 1","0.000418535 9.70698e-05 0.000417357 0.116898","0 6 0 0","28.9476 0.12004 29.014 0.1","1.5708 1.52767 1.5708 1.5708","0 3.23897e-05 0 0",0
0,"AULIRA 2_wing_rivets.step",143,24.7917,0.000194398,496.034,789.781,0,-13.4427,-6.47226,-125.086,0,11.1832,-142.5,0.00511848,0,1,0,0,0,1,0,0,0,4,3468.56,6943.91,0.00714754,0.00357028,0,0,0,4,0,0,4,0,0,1,0,"148 142 152 149","1 1 1 1","0.00358036 8.55449 0.00357028 8.02483","0 0 0 0","247.917 0.1 247.917 0.1","1.5708 1.5708 1.5708 1.5708","0 0 0 0",0
0,"AULIRA 2_wing_rivets.step",144,0.532324,4.1741e-06,3.09036,1.42768,0,-17.5386,7.67962,-77.8356,0,11.1832,-142.5,0.00511848,0,1,0,0,0,1,0,0,0,4,15195.4,30924.3,3.50318e-05,1.72138e-05,0.853322,0.707107,0.999537,0,2,4,2,0,2,0.5,0,"154 118 151 49","0 1 0 1","0.597685 1.78299e-05 0.597846 1.72138e-05","1 6 1 6","0.518522 1.02669 0.51845 1.02669","0 1.29881 0 1.83482","0 0.000150224 0 0.000143251",0
0,"AULIRA 2_wing_rivets.step",145,2.02726,1.58963e-05,9.16859,3.29979,0,-17.9812,4.55832,-76.2223,0,11.1832,-142.5,0.00511848,0,0.8,0,0,0,1,0,0,0,4,15195.4,30924.3,0.000133412,6.55556e-05,0.371091,0.030439,0.716372,0,2,4,2,0,2,0.5,0,"151 118 147 49","0 1 0 1","2.27679 6.79018e-05 2.30046 6.55556e-05","1 6 1 6","0.510159 4.07787 0.505548 4.07502","0 1.5683 0 1.57331","0 0.000609502 0 0.000588448",0
0,"AULIRA 2_wing_rivets.step",146,2.02666,1.58916e-05,9.16983,3.30166,0,17.989,4.55826,-79.449,0,11.1832,-142.5,0.00511848,0,0.8,0,0,0,1,0,0,0,4,15195.4,30924.3,0.000133373,6.55363e-05,0.371091,0.030439,0.716372,0,2,4,2,0,2,0.5,0,"44 118 150 49","0 1 0 1","2.27551 6.78818e-05 2.29864 6.55363e-05","1 6 1 6","0.510284 4.07838 0.505795 4.07537","0 1.57318 0 1.56839","0 0.000366949 0 0.00035033",0
0,"AULIRA 2_wing_rivets.step",147,0.881239,6.91004e-06,4.50316,1.83118,1,-17.8005,1.82446,-76.6234,0,11.1832,-142.5,0.00511848,-0.454545,0.84,0.196984,0,1.1,1,0,0,0,4,15195.6,30924.3,5.79929e-05,2.84967e-05,0.713125,0.697719,0.719207,2,0,2,2,0,2,0.5,0,"49 155 118 145","1 0 1 0","2.84967e-05 1.67358 2.95166e-05 0.434695","6 0 6 0","1.7419 0.512805 1.74291 0.505548","1.70101 0 1.43666 0","0.0702475 0 0.0723459 0",0
0,"AULIRA 2_wing_rivets.step",148,6924.36,0.0542958,555.743,3.54943,0,0.540486,-6.52226,-126.525,0,11.1832,-142.5,0.00511848,0,1,0,0,0,1,0,0,0,4,7471.63,29855.7,0.926754,0.231927,0.249884,0,0.999536,3,0,1,3,1,0,0.75,0.25,"118 142 143 149","-1 1 1 1","0.231927 2389.29 279.302 2241.35","6 0 0 0","248.02 28.9476 247.917 30.8588","2.23904 1.5708 1.5708 1.5708","0.0267851 0 0 0",0
0,"AULIRA 2_wing_rivets.step",149,3.08937,2.42246e-05,62.0088,99.0437,0,2.00416,-6.47225,-249.044,0,11.1832,-142.5,0.00511848,0,1,0,0,0,1,0,0,0,4,10937.2,29855.7,0.000282465,0.000103477,0.00761186,0,0.0304475,3,0,1,3,1,0,0.75,0.25,"152 118 148 143","1 -1 1 1","0.000444904 0.000103477 0.00044616 0.124613","0 6 0 0","30.9283 0.121791 30.8588 0.1","1.5708 1.5265 1.5708 1.5708","0 0.000164684 0 0",0
0,"AULIRA 2_wing_rivets.step",150,0.88168,6.91349e-06,4.5047,1.83152,1,17.8019,1.82448,-79.0479,0,11.1832,-142.5,0.00511848,-0.454545,0.84,0.184659,0,1.1,1,0,0,0,4,15195.6,30924.3,5.80219e-05,2.8511e-05,0.691316,0.675584,0.716372,2,0,2,2,0,2,0.5,0,"49 48 118 146","1 0 1 0","2.8511e-05 1.67442 2.95313e-05 0.435041","6 0 6 0","1.74247 0.512935 1.7435 0.505795","1.70152 0 1.43597 0","0.071426 0 0.0734933 0",0
0,"AULIRA 2_wing_rivets.step",151,0.890402,6.98189e-06,4.53049,1.8344,1,-17.6363,7.2816,-76.6236,0,11.1832,-142.5,0.00511848,-0.454545,0.8,0.192188,8.32667e-17,1.1,1,0,0,0,4,15195.6,30924.3,5.85959e-05,2.8793e-05,0.69618,0.685249,0.707107,2,0,2,2,0,2,0.5,0,"49 145 118 144","1 0 1 0","2.8793e-05 0.439215 2.98235e-05 1.67267","6 0 6 0","1.75021 0.510159 1.75167 0.51845","1.7306 0 1.4063 0","0.0826731 0 0.0852107 0",0
0,"AULIRA 2_wing_rivets.step",152,6943.91,0.0544491,555.878,3.54116,0,0.579895,-6.42226,-126.532,0,11.1832,-142.5,0.00511848,0,1,0,0,0,1,0,0,0,4,7471.63,29855.7,0.92937,0.232582,0.249884,0,0.999536,3,0,1,3,1,0,0.75,0.25,"142 118 149 143","1 -1 1 1","2396.03 0.232582 2247.67 280.09","0 6 0 0","29.014 248.019 30.9283 247.917","1.5708 0.909097 1.5708 1.5708","0 0.0269369 0 0",0
0,"AULIRA 2_wing_rivets.step",153,0.88168,6.91349e-06,4.50471,1.83153,1,-17.8019,1.82448,-79.0479,0,11.1832,-142.5,0.00511848,-0.454545,0.84,0.184659,0,1.1,1,0,0,0,4,15195.6,30924.3,5.80219e-05,2.8511e-05,0.691316,0.675584,0.716372,2,0,2,2,0,2,0.5,0,"49 141 118 155","1 0 1 0","2.8511e-05 0.431298 2.95314e-05 1.67442","6 0 6 0","1.74248 0.505795 1.74351 0.512935","1.70166 0 1.43582 0","0.0714033 0 0.0734705 0",0
0,"AULIRA 2_wing_rivets.step",154,0.890642,6.98377e-06,4.53244,1.83548,1,-17.6419,7.28159,-79.0477,0,11.1832,-142.5,0.00511848,-0.454545,0.8,0.192188,5.55112e-17,1.1,1,0,0,0,4,15195.6,30924.3,5.86117e-05,2.88008e-05,0.717706,0.707107,0.728309,2,0,2,2,0,2,0.5,0,"49 144 118 141","1 0 1 0","2.88008e-05 1.67312 2.98315e-05 0.435682","6 0 6 0","1.75107 0.518522 1.75256 0.510284","1.72803 0 1.40878 0","0.084399 0 0.0869197 0",0
0,"AULIRA 2_wing_rivets.step",155,0.526559,4.12889e-06,3.07912,1.43284,0,-17.7193,1.42624,-77.8356,0,11.1832,-142.5,0.00511848,0,1,0,0,0,1,0,0,0,4,15195.4,30924.3,3.46525e-05,1.70274e-05,0.848628,0.697719,0.999537,0,2,4,2,0,2,0.5,0,"147 118 153 49","0 1 0 1","0.597521 1.76368e-05 0.597223 1.70274e-05","1 6 1 6","0.512805 1.02669 0.512935 1.02669","0 1.34307 0 1.79185","0 0.000324275 0 0.000313902",0
0,"AULIRA 2_wing_rivets.step",156,495.416,0.00388469,131.641,2.78358,6,11.0052,5.1676,12.4832,0,11.1832,-142.5,0.00511848,-0.0471987,0.64,0.272302,0.000191325,0,1,0,0,0,8,4621.21,30924.3,0.107205,0.0160203,0.514765,0.236539,0.709873,4,0,3,4,1,2,0.571429,0.142857,"114 49 158 136 138 134 115","0 0 -1 1 1 1 1","0.778439 0.0160203 0.999996 14.9462 52.2853 18.6595 2.21991","6 6 6 0 0 0 0","30.6204 25.6663 12.4349 13.838 16.0895 13.1669 14.8911","8.9407e-09 0.0474749 0.0990448 2.69518 2.09758 0.538154 1.07275","7.30005e-09 0.00750692 0.0551828 0.0699729 0.0187541 0.0869001 0.0139618",0
0,"AULIRA 2_wing_rivets.step",157,446.249,0.00349916,128.985,2.96684,6,10.7375,4.60477,12.909,0,11.1832,-142.5,0.00511848,-0.0502239,0.64,0.281614,0.000188651,0,1,0,0,0,8,362.786,1038.74,1.23006,0.429605,0.548898,0.217982,0.884948,5,0,2,4,2,1,0.571429,0.285714,"126 133 136 138 134 128 127","-1 1 1 1 1 -1 0","0.70224 0.429605 13.4628 47.0964 16.8077 2.19275 0.753024","0 6 0 0 0 0 6","24.7843 10.4649 14.1978 16.5844 13.3137 14.385 29.5703","1.79196 0.0949626 0.449467 1.02947 2.60814 1.07871 4.47035e-09","0.0841416 0.0477704 0.0754332 0.0162306 0.0893867 0.0131528 6.82857e-09",0
0,"AULIRA 2_wing_rivets.step",158,495.418,0.00388471,131.639,2.78349,6,-11.0054,5.16757,12.4832,0,11.1832,-142.5,0.00511848,0.0471987,0.64,0.272302,0.000191325,0,1,0,0,0,8,4621.21,30924.3,0.107205,0.0160204,0.514765,0.236538,0.709873,4,0,3,4,1,2,0.571429,0.142857,"49 156 136 135 134 115 139","0 -1 1 1 1 1 0","0.0160204 1 14.9462 52.1825 18.6596 2.21992 0.778443","6 6 0 0 0 0 6","25.6653 12.4349 13.8377 16.0895 13.1665 14.8911 30.6204","0.0472483 0.0990448 2.695 2.09755 0.538269 1.07275 8.06781e-09","0.00763431 0.0551828 0.070045 0.0187596 0.0868653 0.0139618 8.25453e-09",0
0,"AULIRA 2_wing_rivets.step",159,2.03579,1.59632e-05,9.17327,3.28932,0,18.0003,4.55692,-83.3223,0,11.1832,-142.5,0.00511848,0,0.8,0,0,0,1,0,0,0,4,9.23408,17.6697,0.220465,0.115214,0.356926,0.00209495,0.716372,0,2,4,2,0,2,0.5,0,"165 160 162 166","1 0 1 0","0.115306 2.51473 0.115214 2.53993","6 1 6 1","4.07713 0.510536 4.07957 0.506038","1.56851 0 1.57305 0","0.00026906 0 0.000291933 0",0
0,"AULIRA 2_wing_rivets.step",160,0.809545,6.34787e-06,4.21331,1.745,1,17.6652,7.21768,-83.687,0,11.1832,-142.5,0.00511848,-0.5,0.8,0.192188,0,1,1,0,0,0,4,9.47332,17.6697,0.0854553,0.0458155,0.365006,0.0226907,0.707107,2,0,2,2,0,2,0.5,0,"165 161 162 159","1 0 1 0","0.0458521 1.52108 0.0458155 0.397657","6 0 6 0","1.59154 0.518313 1.59293 0.510536","1.41225 0 1.73403 0","0.0825507 0 0.0851143 0",0
0,"AULIRA 2_wing_rivets.step",161,0.532218,4.17327e-06,3.09015,1.42777,0,17.5744,7.57962,-84.8356,0,11.1832,-142.5,0.00511848,0,1,0,0,0,1,0,0,0,4,9.2362,17.6697,0.0576231,0.0301204,0.368694,0.0299597,0.707107,0,2,4,2,0,2,0.5,0,"165 163 162 160","1 0 1 0","0.0301445 0.657085 0.0301204 0.657428","6 1 6 1","1.02669 0.518453 1.02669 0.518313","1.30754 0 1.84212 0","0.000277919 0 0.000289131 0",0
0,"AULIRA 2_wing_rivets.step",162,17.6697,0.000138553,16.5698,1.23651,6,17.6865,4.55931,-84.8357,0,11.1832,-142.5,0.00511848,-0.0426262,1,0.026638,4.42509e-05,0,1,0,0,0,8,1.04288,2.03579,16.9432,8.67953,0.0189215,0.00209495,0.0306013,4,4,4,8,0,0,1,0,"163 161 160 159 166 168 167 164","1 1 1 1 1 1 1 1","21.8153 33.2001 21.8267 8.67953 22.0454 33.5546 22.0381 8.72313","1 0 1 0 1 0 1 0","1.59357 1.02669 1.59293 4.07957 1.58492 1.02669 1.58554 4.07992","1.73447 1.84212 1.73403 1.57305 1.70689 1.79884 1.70559 1.56864","0.0862049 0.000289131 0.0851143 0.000291933 0.0720036 0.000238777 0.0735465 0.000488213",0
0,"AULIRA 2_wing_rivets.step",163,0.809968,6.35118e-06,4.215,1.74549,1,17.6669,7.21766,-85.9843,0,11.1832,-142.5,0.00511848,-0.5,0.8,0.192188,0,1,1,0,0,0,4,9.47078,17.6697,0.0855229,0.0458394,0.363512,0.0196787,0.707107,2,0,2,2,0,2,0.5,0,"165 164 162 161","1 0 1 0","0.0458761 0.399863 0.0458394 1.52187","6 0 6 0","1.59217 0.510812 1.59357 0.518453","1.41201 0 1.73447 0","0.0836764 0 0.0862049 0",0
0,"AULIRA 2_wing_rivets.step",164,2.02561,1.58834e-05,9.17345,3.30597,0,18.0046,4.55842,-86.349,0,11.1832,-142.5,0.00511848,0,0.8,0,0,0,1,0,0,0,4,9.23426,17.6697,0.219359,0.114638,0.356926,0.00209495,0.716372,0,2,4,2,0,2,0.5,0,"165 167 162 163","1 0 1 0","0.114729 2.5264 0.114638 2.50086","6 1 6 1","4.07654 0.506184 4.07992 0.510812","1.57299 0 1.56864 0","0.000458983 0 0.000488213 0",0
0,"AULIRA 2_wing_rivets.step",165,17.6556,0.000138442,16.5593,1.23592,6,18.1924,4.55894,-84.8357,0,11.1832,-142.5,0.00511848,-0.0412773,1,0.025043,3.41594e-05,0,1,0,0,0,8,1.04288,2.03579,16.9297,8.67259,0.0185444,0.00212981,0.0299597,4,4,4,8,0,0,1,0,"167 164 163 161 160 159 166 168","1 1 1 1 1 1 1 1","22.0205 8.71616 21.7979 33.1736 21.8092 8.67259 22.0278 33.5277","1 0 1 0 1 0 1 0","1.58454 4.07654 1.59217 1.02669 1.59154 4.07713 1.58395 1.02669","1.44018 1.57299 1.41201 1.30754 1.41225 1.56851 1.43875 1.34952","0.0714467 0.000458983 0.0836764 0.000277919 0.0825507 0.00026906 0.0698867 0.000228618",0
0,"AULIRA 2_wing_rivets.step",166,0.801514,6.28489e-06,4.18777,1.74118,1,17.8202,1.88834,-83.6868,0,11.1832,-142.5,0.00511848,-0.5,0.84,0.196984,0,1,1,0,0,0,4,9.47192,17.6697,0.08462,0.0453609,0.36333,0.0193777,0.716372,2,0,2,2,0,2,0.5,0,"165 159 162 168","1 0 1 0","0.0453972 0.393711 0.0453609 1.52207","6 0 6 0","1.58395 0.506038 1.58492 0.512858","1.43875 0 1.70689 0","0.0698867 0 0.0720036 0",0
0,"AULIRA 2_wing_rivets.step",167,0.801781,6.28698e-06,4.18922,1.74181,1,17.8241,1.88835,-85.9844,0,11.1832,-142.5,0.00511848,-0.5,0.84,0.184659,0,1,1,0,0,0,4,9.46937,17.6697,0.0846709,0.045376,0.364843,0.0224292,0.716372,2,0,2,2,0,2,0.5,0,"165 168 162 164","1 0 1 0","0.0454123 1.52257 0.045376 0.395821","6 0 6 0","1.58454 0.512953 1.58554 0.506184","1.44018 0 1.70559 0","0.0714467 0 0.0735465 0",0
0,"AULIRA 2_wing_rivets.step",168,0.526596,4.12918e-06,3.07919,1.4328,0,17.747,1.52624,-84.8356,0,11.1832,-142.5,0.00511848,0,1,0,0,0,1,0,0,0,4,9.23214,17.6697,0.0570394,0.0298022,0.364,0.0299597,0.697719,0,2,4,2,0,2,0.5,0,"165 166 162 167","1 0 1 0","0.029826 0.657002 0.0298022 0.656783","6 1 6 1","1.02669 0.512858 1.02669 0.512953","1.34952 0 1.79884 0","0.000228618 0 0.000238777 0",0
0,"AULIRA 2_wing_rivets.step",169,168.255,0.00131933,57.1951,1.54718,6,-5.62185,7.18765,15.7593,0,11.1832,-142.5,0.00511848,-0.0332076,0.8,0.0500873,1.29475e-05,0,1,0,0,0,4,59.0912,168.259,2.84737,0.999973,0.73416,0.179595,0.935488,3,0,1,4,0,0,1,0,"170 171 172 173","1 1 1 1","0.999973 5.15973 18.4802 6.37524","6 0 0 0","14.1567 13.9374 15.9739 13.1271","0.292613 2.69413 2.10434 0.528586","0.0633405 0.0732427 0.0154604 0.0866863",0
0,"AULIRA 2_wing_rivets.step",170,168.259,0.00131937,57.1962,1.5472,6,5.62129,7.18775,15.7593,0,11.1832,-142.5,0.00511848,-0.0332065,0.8,0.0501098,1.29451e-05,0,1,0,0,0,4,59.0865,168.255,2.84767,1.00003,0.734163,0.179605,0.935488,3,0,1,4,0,0,1,0,"175 171 169 173","1 1 1 1","18.5097 5.15987 1.00003 6.37541","0 0 6 0","15.9741 13.9381 14.1567 13.1274","2.10434 2.69401 0.292613 0.528325","0.0154436 0.0733245 0.0633405 0.0865938",0
0,"AULIRA 2_wing_rivets.step",171,32.6092,0.000255698,58.8434,8.44977,0,-0.00487618,9.91976,9.48041,0,11.1832,-142.5,0.00511848,0,0.2,0,0,0,1,0,0,0,6,114.078,168.259,0.285849,0.193803,0.606472,0,0.910779,2,0,4,6,0,0,1,0,"175 170 169 172 174 176","1 1 1 1 1 1","3.58724 0.193803 0.193809 3.58162 0.197782 0.197766","0 6 6 0 6 6","1.88416 13.9381 13.9374 1.88412 13.5996 13.6","1.5708 2.69401 2.69413 1.5708 0.445033 0.444884","0 0.0733245 0.0732427 0 0.0681279 0.0680626",0
0,"AULIRA 2_wing_rivets.step",172,9.10458,7.13915e-05,34.7463,10.5523,0,-10.8136,7.23283,11.9825,0,11.1832,-142.5,0.00511848,0,0.08,0,0,0,1,0,0,0,4,98.0324,168.255,0.0928732,0.0541119,0.0887004,0,0.179595,2,0,2,4,0,0,1,0,"171 169 173 174","1 1 1 1","0.279203 0.0541119 0.344977 0.0552214","0 6 0 6","1.88412 15.9739 1.38256 15.5058","1.5708 2.10434 1.5708 1.05148","0 0.0154604 0 0.0178901",0
0,"AULIRA 2_wing_rivets.step",173,26.3919,0.000206946,54.9907,9.11797,0,0.00232568,4.25867,23.3075,0,11.1832,-142.5,0.00511848,0,0.2,0,0,0,1,0,0,0,6,114.078,168.259,0.231349,0.156853,0.606472,0,0.910779,2,0,4,6,0,0,1,0,"174 172 169 170 175 176","1 1 1 1 1 1","0.160073 2.89875 0.156857 0.156853 2.90329 0.160059","6 0 6 6 0 6","12.9853 1.38256 13.1271 13.1274 1.38258 12.9857","2.60843 1.5708 0.528586 0.528325 1.5708 2.60858","0.0841483 0 0.0866863 0.0865938 0 0.0841827",0
0,"AULIRA 2_wing_rivets.step",174,164.874,0.00129282,56.1104,1.51958,6,-5.59854,7.18728,17.1479,0,11.1832,-142.5,0.00511848,0.0332227,0.8,0.0489852,1.265e-05,0,1,0,0,0,4,58.2484,164.888,2.83053,0.999915,0.732771,0.175207,0.938602,3,0,1,3,1,0,0.75,0.25,"171 176 173 172","1 -1 1 1","5.05606 0.999915 6.24715 18.1089","0 6 0 0","13.5996 14.0197 12.9853 15.5058","0.445033 0.299904 2.60843 1.05148","0.0681279 0.0583769 0.0841483 0.0178901",0
0,"AULIRA 2_wing_rivets.step",175,9.09034,7.12798e-05,34.7466,10.5691,0,10.8139,7.23521,11.9758,0,11.1832,-142.5,0.00511848,0,0.08,0,0,0,1,0,0,0,4,98.0371,168.259,0.0927235,0.0540258,0.0887049,0,0.179605,2,0,2,4,0,0,1,0,"173 170 171 176","1 1 1 1","0.344437 0.0540258 0.278766 0.0551303","0 6 0 6","1.38258 15.9741 1.88416 15.5058","1.5708 2.10434 1.5708 1.05145","0 0.0154436 0 0.0178862",0
0,"AULIRA 2_wing_rivets.step",176,164.888,0.00129293,56.1113,1.5195,6,5.59867,7.18738,17.1475,0,11.1832,-142.5,0.00511848,-0.0332239,0.8,0.0489874,1.2654e-05,0,1,0,0,0,4,58.2414,164.874,2.83112,1.00008,0.732771,0.175215,0.938602,3,0,1,3,1,0,0.75,0.25,"174 173 175 171","-1 1 1 1","1.00008 6.24768 18.1388 5.05649","6 0 0 0","14.0197 12.9857 15.5058 13.6","0.299904 2.60858 1.05145 0.444884","0.0583769 0.0841827 0.0178862 0.0680626",0
0,"AULIRA 2_wing_rivets.step",177,0.525819,4.12309e-06,3.07768,1.43351,0,-17.7418,1.52624,-77.8356,0,11.1832,-142.5,0.00511848,0,1,0,0,0,1,0,0,0,4,9.22659,17.6591,0.0569895,0.0297761,0.364309,0.0305779,0.697719,0,2,4,2,0,2,0.5,0,"186 184 182 185","1 0 1 0","0.0297982 0.656599 0.0297761 0.656904","6 1 6 1","1.02669 0.512212 1.02669 0.512086","1.35595 0 1.79218 0","0.000312779 0 0.000323164 0",0
0,"AULIRA 2_wing_rivets.step",178,0.531487,4.16753e-06,3.08873,1.42842,0,-17.5658,7.57962,-77.8356,0,11.1832,-142.5,0.00511848,0,1,0,0,0,1,0,0,0,4,9.23066,17.6591,0.0575784,0.0300971,0.369003,0.0305779,0.707107,0,2,4,2,0,2,0.5,0,"186 179 182 181","1 0 1 0","0.0301194 0.657229 0.0300971 0.657065","6 1 6 1","1.02669 0.517636 1.02669 0.517705","1.31252 0 1.83692 0","0.000141788 0 0.000148302 0",0
0,"AULIRA 2_wing_rivets.step",179,0.808678,6.34107e-06,4.21032,1.7444,1,-17.6529,7.21763,-76.6869,0,11.1832,-142.5,0.00511848,-0.5,0.8,0.192188,0,1,1,0,0,0,4,9.46595,17.6591,0.0854302,0.0457939,0.365309,0.0232936,0.707107,2,0,2,2,0,2,0.5,0,"186 180 182 178","1 0 1 0","0.0458278 0.398906 0.0457939 1.52154","6 0 6 0","1.59061 0.510162 1.59192 0.517636","1.41385 0 1.73236 0","0.080693 0 0.0831859 0",0
0,"AULIRA 2_wing_rivets.step",180,2.02724,1.58961e-05,9.16863,3.29985,0,-17.9814,4.55832,-76.3223,0,11.1832,-142.5,0.00511848,0,0.8,0,0,0,1,0,0,0,4,9.22855,17.6591,0.21967,0.114799,0.357045,0.00233736,0.716372,0,2,4,2,0,2,0.5,0,"186 185 182 179","1 0 1 0","0.114884 2.53262 0.114799 2.50686","6 1 6 1","4.07503 0.505556 4.07788 0.510162","1.56829 0 1.57329 0","0.000580486 0 0.000601328 0",0
0,"AULIRA 2_wing_rivets.step",181,0.80888,6.34265e-06,4.21206,1.7454,1,-17.6583,7.21762,-78.9843,0,11.1832,-142.5,0.00511848,-0.5,0.8,0.192188,0,1,1,0,0,0,4,9.47021,17.6591,0.0854131,0.0458053,0.363647,0.0199501,0.707107,2,0,2,2,0,2,0.5,0,"186 178 182 183","1 0 1 0","0.0458393 1.52192 0.0458053 0.395682","6 0 6 0","1.59137 0.517705 1.5927 0.510279","1.41649 0 1.72982 0","0.0824104 0 0.0848847 0",0
0,"AULIRA 2_wing_rivets.step",182,17.6591,0.00013847,16.5622,1.23612,6,-17.6722,4.5593,-77.8357,0,11.1832,-142.5,0.00511848,-0.0415481,1,0.0233387,3.86019e-05,0,1,0,0,0,8,1.04346,2.04427,16.9237,8.63835,0.0193548,0.00233736,0.0312213,4,4,4,8,0,0,1,0,"185 180 179 178 181 183 184 177","1 1 1 1 1 1 1 1","22.0614 8.7109 21.837 33.2258 21.8315 8.63835 22.0512 33.584","1 0 1 0 1 0 1 0","1.58402 4.07788 1.59192 1.02669 1.5927 4.07781 1.58454 1.02669","1.70182 1.57329 1.73236 1.83692 1.72982 1.56841 1.70251 1.79218","0.0701378 0.000601328 0.0831859 0.000148302 0.0848847 0.000374773 0.0712506 0.000323164",0
0,"AULIRA 2_wing_rivets.step",183,2.04427,1.60296e-05,9.17029,3.27355,0,-17.9899,4.5557,-79.349,0,11.1832,-142.5,0.00511848,0,0.8,0,0,0,1,0,0,0,4,9.2287,17.6591,0.221512,0.115763,0.357045,0.00233736,0.716372,0,2,4,2,0,2,0.5,0,"186 181 182 184","1 0 1 0","0.115849 2.52728 0.115763 2.55271","6 1 6 1","4.07642 0.510279 4.07781 0.505788","1.57321 0 1.56841 0","0.000356814 0 0.000374773 0",0
0,"AULIRA 2_wing_rivets.step",184,0.800822,6.27946e-06,4.18616,1.74135,1,-17.8153,1.88841,-78.9845,0,11.1832,-142.5,0.00511848,-0.5,0.84,0.184659,0,1,1,0,0,0,4,9.46879,17.6591,0.0845748,0.045349,0.365144,0.0230284,0.716372,2,0,2,2,0,2,0.5,0,"186 183 182 177","1 0 1 0","0.0453826 0.39174 0.045349 1.523","6 0 6 0","1.58362 0.505788 1.58454 0.512212","1.44313 0 1.70251 0","0.0692296 0 0.0712506 0",0
0,"AULIRA 2_wing_rivets.step",185,0.80045,6.27655e-06,4.18478,1.74101,1,-17.8138,1.88839,-76.6868,0,11.1832,-142.5,0.00511848,-0.5,0.84,0.196984,0,1,1,0,0,0,4,9.46454,17.6591,0.0845736,0.045328,0.36346,0.0196411,0.716372,2,0,2,2,0,2,0.5,0,"186 177 182 180","1 0 1 0","0.0453616 1.52229 0.045328 0.394848","6 0 6 0","1.58312 0.512086 1.58402 0.505556","1.44365 0 1.70182 0","0.0680857 0 0.0701378 0",0
0,"AULIRA 2_wing_rivets.step",186,17.646,0.000138367,16.5536,1.23574,6,-18.1778,4.55894,-77.8357,0,11.1832,-142.5,0.00511848,-0.0402455,1,0.0219647,3.00817e-05,0,1,0,0,0,8,1.04346,2.04427,16.9111,8.63195,0.0189747,0.00236421,0.0305779,4,4,4,8,0,0,1,0,"184 177 185 180 179 178 181 183","1 1 1 1 1 1 1 1","22.0349 33.5591 22.0451 8.70445 21.8208 33.2012 21.8154 8.63195","1 0 1 0 1 0 1 0","1.58362 1.02669 1.58312 4.07503 1.59061 1.02669 1.59137 4.07642","1.44313 1.35595 1.44365 1.56829 1.41385 1.31252 1.41649 1.57321","0.0692296 0.000312779 0.0680857 0.000580486 0.080693 0.000141788 0.0824104 0.000356814",0
0,"AULIRA 2_wing_rivets.step",187,11.0352,8.65303e-05,26.8252,5.18912,0,-19.6912,37.0126,-303.435,0,11.1832,-142.5,0.00511848,0,0.52,0,0,0,1,0,0,0,2,581.494,581.496,0.0189774,0.0189773,0.00378187,0.00243159,0.00513215,0,0,2,2,0,0,1,0,"189 188","1 1","0.0189773 0.0189774","6 6","13.4126 13.4126","1.55497 1.55238","0.071993 0.0717196",0
0,"AULIRA 2_wing_rivets.step",188,581.492,0.00455964,107.78,1.58974,6,-20.2133,17.6156,-300.299,0,11.1832,-142.5,0.00511848,0.0330345,1,0.013733,0.00433201,0,1,0,0,0,4,204.091,581.496,2.84919,0.999994,0.334019,0.00243159,0.997193,2,0,1,3,0,0,1,0,"189 187 190","1 1 1","0.999994 52.6941 29.456","6 0 0","37.6855 13.4126 17.9393","3.00085 1.55238 1.58922","5.16327e-13 0.0717196 0.0717196",0
0,"AULIRA 2_wing_rivets.step",189,581.496,0.00455966,107.78,1.58973,6,-19.2216,17.6156,-300.3,0,11.1832,-142.5,0.00511848,0.0330436,1,0.00344209,0.00433439,0,1,0,0,0,4,204.089,581.492,2.84922,1.00001,0.335819,0.00513215,0.997193,2,0,1,2,1,0,0.666667,0.333333,"188 187 190","-1 1 1","1.00001 52.6945 29.4562","6 0 0","38.7429 13.4126 17.9393","0.248155 1.55497 1.58662","3.81069e-10 0.071993 0.071993",0
0,"AULIRA 2_wing_rivets.step",190,19.741,0.000154795,35.8787,5.18912,0,-19.7413,0,-293.49,0,11.1832,-142.5,0.00511848,0,0.52,0,0,0,1,0,0,0,2,581.494,581.496,0.0339488,0.0339487,0.00378187,0.00243159,0.00513215,0,0,2,2,0,0,1,0,"189 188","1 1","0.0339487 0.0339489","6 6","17.9393 17.9393","1.58662 1.58922","0.071993 0.0717196",0
0,"AULIRA 2_wing_rivets.step",191,0.531487,4.16753e-06,3.08873,1.42842,0,17.5658,7.57962,-77.8356,0,11.1832,-142.5,0.00511848,0,1,0,0,0,1,0,0,0,4,9.23066,17.6592,0.0575784,0.030097,0.369003,0.030578,0.707107,0,2,4,2,0,2,0.5,0,"196 194 193 197","1 0 1 0","0.0301195 0.657065 0.030097 0.657229","6 1 6 1","1.02669 0.517705 1.02669 0.517636","1.31252 0 1.83692 0","0.000141788 0 0.000148302 0",0
0,"AULIRA 2_wing_rivets.step",192,0.800822,6.27946e-06,4.18615,1.74134,1,17.8153,1.88841,-78.9845,0,11.1832,-142.5,0.00511848,-0.5,0.84,0.184659,0,1,1,0,0,0,4,9.4644,17.6592,0.0846141,0.0453488,0.365144,0.0230285,0.716372,2,0,2,2,0,2,0.5,0,"196 198 193 195","1 0 1 0","0.0453828 1.523 0.0453488 0.39514","6 0 6 0","1.58362 0.512212 1.58453 0.505788","1.44328 0 1.70236 0","0.0692526 0 0.0712738 0",0
0,"AULIRA 2_wing_rivets.step",193,17.6592,0.00013847,16.5615,1.236,6,17.6722,4.55929,-77.8357,0,11.1832,-142.5,0.00511848,-0.041548,1,0.025189,3.8602e-05,0,1,0,0,0,8,1.04456,2.05365,16.9059,8.5989,0.0193549,0.00233736,0.0312214,4,4,4,8,0,0,1,0,"194 191 197 200 199 198 192 195","1 1 1 1 1 1 1 1","21.8316 33.226 21.8371 8.5989 22.0615 33.5841 22.0513 8.71335","1 0 1 0 1 0 1 0","1.59271 1.02669 1.59191 4.07658 1.58402 1.02669 1.58453 4.07836","1.72999 1.83692 1.7322 1.57329 1.70196 1.79218 1.70236 1.56841","0.0848614 0.000148302 0.0832093 0.000603142 0.070116 0.000323165 0.0712738 0.000373345",0
0,"AULIRA 2_wing_rivets.step",194,0.80888,6.34265e-06,4.21208,1.74542,1,17.6583,7.21762,-78.9843,0,11.1832,-142.5,0.00511848,-0.5,0.8,0.192188,0,1,1,0,0,0,4,9.46582,17.6592,0.0854527,0.0458051,0.363647,0.0199502,0.707107,2,0,2,2,0,2,0.5,0,"196 195 193 191","1 0 1 0","0.0458394 0.399116 0.0458051 1.52192","6 0 6 0","1.59138 0.510279 1.59271 0.517705","1.41632 0 1.72999 0","0.0823865 0 0.0848614 0",0
0,"AULIRA 2_wing_rivets.step",195,2.02668,1.58917e-05,9.16979,3.3016,0,17.9888,4.55826,-79.349,0,11.1832,-142.5,0.00511848,0,0.8,0,0,0,1,0,0,0,4,9.2287,17.6592,0.219606,0.114766,0.357045,0.00233736,0.716372,0,2,4,2,0,2,0.5,0,"196 192 193 194","1 0 1 0","0.114852 2.53075 0.114766 2.50554","6 1 6 1","4.07536 0.505788 4.07836 0.510279","1.5732 0 1.56841 0","0.000356704 0 0.000373345 0",0
0,"AULIRA 2_wing_rivets.step",196,17.6459,0.000138367,16.5535,1.23573,6,18.1778,4.55893,-77.8357,0,11.1832,-142.5,0.00511848,-0.0402454,1,0.0236979,3.00817e-05,0,1,0,0,0,8,1.04456,2.05365,16.8932,8.59246,0.0189748,0.0023642,0.030578,4,4,4,8,0,0,1,0,"192 195 194 191 197 200 199 198","1 1 1 1 1 1 1 1","22.0348 8.70683 21.8153 33.2011 21.8207 8.59246 22.045 33.559","1 0 1 0 1 0 1 0","1.58362 4.07536 1.59138 1.02669 1.5906 4.076 1.58312 1.02669","1.44328 1.5732 1.41632 1.31252 1.41401 1.56829 1.44351 1.35595","0.0692526 0.000356704 0.0823865 0.000141788 0.080717 0.000580449 0.068064 0.000312779",0
0,"AULIRA 2_wing_rivets.step",197,0.808678,6.34106e-06,4.21031,1.74438,1,17.6529,7.21763,-76.6869,0,11.1832,-142.5,0.00511848,-0.5,0.8,0.192188,0,1,1,0,0,0,4,9.47256,17.6592,0.0853706,0.0457937,0.365309,0.0232937,0.707107,2,0,2,2,0,2,0.5,0,"196 191 193 200","1 0 1 0","0.045828 1.52154 0.0457937 0.393775","6 0 6 0","1.5906 0.517636 1.59191 0.510162","1.41401 0 1.7322 0","0.080717 0 0.0832093 0",0
0,"AULIRA 2_wing_rivets.step",198,0.525819,4.12309e-06,3.07768,1.43351,0,17.7418,1.52624,-77.8356,0,11.1832,-142.5,0.00511848,0,1,0,0,0,1,0,0,0,4,9.22659,17.6592,0.0569895,0.029776,0.364309,0.030578,0.697719,0,2,4,2,0,2,0.5,0,"196 199 193 192","1 0 1 0","0.0297983 0.656904 0.029776 0.656599","6 1 6 1","1.02669 0.512086 1.02669 0.512212","1.35595 0 1.79218 0","0.000312779 0 0.000323165 0",0
0,"AULIRA 2_wing_rivets.step",199,0.80045,6.27655e-06,4.18479,1.74102,1,17.8138,1.88839,-76.6868,0,11.1832,-142.5,0.00511848,-0.5,0.84,0.196984,0,1,1,0,0,0,4,9.47114,17.6592,0.0845146,0.0453278,0.36346,0.0196412,0.716372,2,0,2,2,0,2,0.5,0,"196 200 193 198","1 0 1 0","0.0453617 0.389769 0.0453278 1.52229","6 0 6 0","1.58312 0.505556 1.58402 0.512086","1.44351 0 1.70196 0","0.068064 0 0.070116 0",0
0,"AULIRA 2_wing_rivets.step",200,2.05365,1.61033e-05,9.1683,3.25717,0,17.9815,4.55765,-76.3223,0,11.1832,-142.5,0.00511848,0,0.8,0,0,0,1,0,0,0,4,9.22856,17.6592,0.222532,0.116294,0.357045,0.00233736,0.716372,0,2,4,2,0,2,0.5,0,"196 197 193 199","1 0 1 0","0.116381 2.53952 0.116294 2.56562","6 1 6 1","4.076 0.510162 4.07658 0.505556","1.56829 0 1.57329 0","0.000580449 0 0.000603142 0",0
0,"AULIRA 2_wing_rivets.step",201,0.808469,6.33943e-06,4.21126,1.74562,1,-17.638,7.2176,-71.9843,0,11.1832,-142.5,0.00511848,-0.5,0.8,0.192188,0,1,1,0,0,0,4,9.46855,17.6515,0.0853846,0.0458017,0.365024,0.0226682,0.707107,2,0,2,2,0,2,0.5,0,"205 210 202 204","1 0 1 0","0.0458337 1.52185 0.0458017 0.393938","6 0 6 0","1.59121 0.517431 1.59251 0.510108","1.41876 0 1.72744 0","0.0821171 0 0.0845734 0",0
0,"AULIRA 2_wing_rivets.step",202,17.6515,0.00013841,16.557,1.23587,6,-17.6559,4.56003,-70.8356,0,11.1832,-142.5,0.00511848,-0.0405682,1,0.0220262,3.35461e-05,0,1,0,0,0,8,1.04418,2.05227,16.9047,8.60095,0.0219377,0.00263197,0.0354592,4,4,4,8,0,0,1,0,"203 206 207 210 201 204 209 208","1 1 1 1 1 1 1 1","22.0895 8.69765 21.8329 33.2269 21.8332 8.60095 22.0767 33.6322","1 0 1 0 1 0 1 0","1.5828 4.07727 1.59155 1.0267 1.59251 4.07628 1.58324 1.02669","1.69557 1.57359 1.73266 1.83511 1.72744 1.56815 1.69787 1.78347","0.0676298 0.00119466 0.0823148 3.58363e-06 0.0845734 0.000937923 0.0684075 0.000411302",0
0,"AULIRA 2_wing_rivets.step",203,0.799089,6.26587e-06,4.18081,1.74067,1,-17.8146,1.88845,-69.6868,0,11.1832,-142.5,0.00511848,-0.5,0.84,0.196984,0,1,1,0,0,0,4,9.46125,17.6515,0.0844591,0.0452703,0.364816,0.0223178,0.716372,2,0,2,2,0,2,0.5,0,"205 208 202 206","1 0 1 0","0.0453019 1.52254 0.0452703 0.393745","6 0 6 0","1.58199 0.511118 1.5828 0.504898","1.44972 0 1.69557 0","0.0656421 0 0.0676298 0",0
0,"AULIRA 2_wing_rivets.step",204,2.05227,1.60924e-05,9.16724,3.25861,0,-17.9714,4.55775,-72.349,0,11.1832,-142.5,0.00511848,0,0.8,0,0,0,1,0,0,0,4,9.22468,17.6515,0.222476,0.116266,0.35719,0.00263197,0.716372,0,2,4,2,0,2,0.5,0,"205 201 202 209","1 0 1 0","0.116347 2.53847 0.116266 2.56677","6 1 6 1","4.07565 0.510108 4.07628 0.505203","1.57346 0 1.56815 0","0.000904742 0 0.000937923 0",0
0,"AULIRA 2_wing_rivets.step",205,17.6392,0.000138314,16.5496,1.23563,6,-18.1613,4.55963,-70.8356,0,11.1832,-142.5,0.00511848,-0.0392946,1,0.020746,2.65137e-05,0,1,0,0,0,8,1.04418,2.05227,16.8929,8.59496,0.021491,0.00264964,0.0347072,4,4,4,8,0,0,1,0,"209 208 203 206 207 210 201 204","1 1 1 1 1 1 1 1","22.0613 33.6088 22.0741 8.69159 21.8177 33.2038 21.818 8.59496","1 0 1 0 1 0 1 0","1.58241 1.02669 1.58199 4.0747 1.59029 1.0267 1.59121 4.07565","1.44763 1.3644 1.44972 1.56799 1.41355 1.31423 1.41876 1.57346","0.0664651 0.000400477 0.0656421 0.00115588 0.0798594 1.29822e-06 0.0821171 0.000904742",0
0,"AULIRA 2_wing_rivets.step",206,2.02946,1.59135e-05,9.16701,3.29508,0,-17.9631,4.5582,-69.3223,0,11.1832,-142.5,0.00511848,0,0.8,0,0,0,1,0,0,0,4,9.22457,17.6515,0.220006,0.114974,0.359506,0.00263197,0.716372,0,2,4,2,0,2,0.5,0,"205 203 202 207","1 0 1 0","0.115054 2.53971 0.114974 2.5102","6 1 6 1","4.0747 0.504898 4.07727 0.510142","1.56799 0 1.57359 0","0.00115588 0 0.00119466 0",0
0,"AULIRA 2_wing_rivets.step",207,0.808483,6.33953e-06,4.20942,1.74407,1,-17.6288,7.2176,-69.6869,0,11.1832,-142.5,0.00511848,-0.5,0.84,0.184659,0,1,1,0,0,0,4,9.46285,17.6515,0.0854376,0.0458025,0.366708,0.026114,0.716372,2,0,2,2,0,2,0.5,0,"205 206 202 210","1 0 1 0","0.0458344 0.398374 0.0458025 1.52188","6 0 6 0","1.59029 0.510142 1.59155 0.517431","1.41355 0 1.73266 0","0.0798594 0 0.0823148 0",0
0,"AULIRA 2_wing_rivets.step",208,0.524839,4.11541e-06,3.07577,1.43441,0,-17.7447,1.52624,-70.8357,0,11.1832,-142.5,0.00511848,0,1,0,0,0,1,0,0,0,4,9.22234,17.6515,0.0569095,0.0297334,0.366401,0.0347072,0.697719,0,2,4,2,0,2,0.5,0,"205 209 202 203","1 0 1 0","0.0297541 0.656415 0.0297334 0.656797","6 1 6 1","1.02669 0.511271 1.02669 0.511118","1.3644 0 1.78347 0","0.000400477 0 0.000411302 0",0
0,"AULIRA 2_wing_rivets.step",209,0.799554,6.26952e-06,4.18212,1.74075,1,-17.8139,1.88847,-71.9845,0,11.1832,-142.5,0.00511848,-0.5,0.84,0.184659,0,1,1,0,0,0,4,9.46695,17.6515,0.0844574,0.0452966,0.366708,0.026114,0.716372,2,0,2,2,0,2,0.5,0,"205 204 202 208","1 0 1 0","0.0453282 0.389594 0.0452966 1.52343","6 0 6 0","1.58241 0.505203 1.58324 0.511271","1.44763 0 1.69787 0","0.0664651 0 0.0684075 0",0
0,"AULIRA 2_wing_rivets.step",210,0.531241,4.1656e-06,3.08826,1.42865,0,-17.5442,7.57962,-70.8356,0,11.1832,-142.5,0.00511848,0,1,0,0,0,1,0,0,0,4,9.22691,17.6515,0.0575751,0.0300961,0.368748,0.0347072,0.707107,0,2,4,2,0,2,0.5,0,"205 207 202 201","1 0 1 0","0.0301171 0.657084 0.0300961 0.657095","6 1 6 1","1.0267 0.517431 1.0267 0.517431","1.31423 0 1.83511 0","1.29822e-06 0 3.58363e-06 0",0
0,"AULIRA 2_wing_rivets.step",211,0.532218,4.17327e-06,3.09015,1.42777,0,-17.5744,7.57962,-84.8356,0,11.1832,-142.5,0.00511848,0,1,0,0,0,1,0,0,0,4,9.23621,17.6697,0.057623,0.0301204,0.368693,0.0299594,0.707107,0,2,4,2,0,2,0.5,0,"216 217 214 212","1 0 1 0","0.0301444 0.657428 0.0301204 0.657085","6 1 6 1","1.02669 0.518313 1.02669 0.518453","1.30754 0 1.84212 0","0.000277919 0 0.000289131 0",0
0,"AULIRA 2_wing_rivets.step",212,0.809968,6.35118e-06,4.21498,1.74548,1,-17.6669,7.21766,-85.9843,0,11.1832,-142.5,0.00511848,-0.5,0.8,0.192188,0,1,1,0,0,0,4,9.47341,17.6697,0.0854991,0.0458394,0.363512,0.0196785,0.707107,2,0,2,2,0,2,0.5,0,"216 211 214 215","1 0 1 0","0.0458759 1.52187 0.0458394 0.397804","6 0 6 0","1.59216 0.518453 1.59356 0.510812","1.41217 0 1.7343 0","0.0837004 0 0.0862284 0",0
0,"AULIRA 2_wing_rivets.step",213,0.80178,6.28698e-06,4.18923,1.74182,1,-17.8241,1.88835,-85.9844,0,11.1832,-142.5,0.00511848,-0.5,0.84,0.184659,0,1,1,0,0,0,4,9.47201,17.6697,0.0846474,0.045376,0.364843,0.022429,0.716372,2,0,2,2,0,2,0.5,0,"216 215 214 220","1 0 1 0","0.0454122 0.393783 0.045376 1.52257","6 0 6 0","1.58455 0.506184 1.58554 0.512953","1.44004 0 1.70574 0","0.0714238 0 0.0735235 0",0
0,"AULIRA 2_wing_rivets.step",214,17.6697,0.000138553,16.5698,1.23651,6,-17.6865,4.55931,-84.8357,0,11.1832,-142.5,0.00511848,-0.0426262,1,0.0246964,4.42509e-05,0,1,0,0,0,8,1.04297,2.0361,16.9417,8.67823,0.0189212,0.00209496,0.030601,4,4,4,8,0,0,1,0,"218 219 217 211 212 215 213 220","1 1 1 1 1 1 1 1","22.0454 8.72134 21.8267 33.2001 21.8153 8.67823 22.0381 33.5546","1 0 1 0 1 0 1 0","1.58492 4.07917 1.59293 1.02669 1.59356 4.08033 1.58554 1.02669","1.70675 1.57305 1.7342 1.84212 1.7343 1.56864 1.70574 1.79884","0.0720261 0.000292404 0.0850916 0.000289131 0.0862284 0.000486849 0.0735235 0.000238778",0
0,"AULIRA 2_wing_rivets.step",215,2.0361,1.59656e-05,9.17513,3.29015,0,-18.0071,4.55708,-86.349,0,11.1832,-142.5,0.00511848,0,0.8,0,0,0,1,0,0,0,4,9.23427,17.6697,0.220493,0.115231,0.356926,0.00209496,0.716372,0,2,4,2,0,2,0.5,0,"216 212 214 213","1 0 1 0","0.115323 2.5138 0.115231 2.53947","6 1 6 1","4.07781 0.510812 4.08033 0.506184","1.57299 0 1.56864 0","0.000457693 0 0.000486849 0",0
0,"AULIRA 2_wing_rivets.step",216,17.6556,0.000138443,16.5594,1.23593,6,-18.1924,4.55895,-84.8357,0,11.1832,-142.5,0.00511848,-0.0412773,1,0.0232256,3.41594e-05,0,1,0,0,0,8,1.04297,2.0361,16.9283,8.67132,0.0185442,0.00212981,0.0299594,4,4,4,8,0,0,1,0,"213 220 218 219 217 211 212 215","1 1 1 1 1 1 1 1","22.0205 33.5279 22.0279 8.71439 21.8093 33.1737 21.7979 8.67132","1 0 1 0 1 0 1 0","1.58455 1.02669 1.58394 4.07596 1.59155 1.02669 1.59216 4.07781","1.44004 1.34952 1.43889 1.56851 1.41209 1.30754 1.41217 1.57299","0.0714238 0.000228618 0.0699091 0.000269687 0.0825274 0.000277919 0.0837004 0.000457693",0
0,"AULIRA 2_wing_rivets.step",217,0.809545,6.34787e-06,4.21333,1.74502,1,-17.6652,7.21768,-83.687,0,11.1832,-142.5,0.00511848,-0.5,0.8,0.192188,0,1,1,0,0,0,4,9.4709,17.6697,0.0854772,0.0458154,0.365006,0.0226905,0.707107,2,0,2,2,0,2,0.5,0,"216 219 214 211","1 0 1 0","0.045852 0.399572 0.0458154 1.52108","6 0 6 0","1.59155 0.510536 1.59293 0.518313","1.41209 0 1.7342 0","0.0825274 0 0.0850916 0",0
0,"AULIRA 2_wing_rivets.step",218,0.801514,6.28489e-06,4.18776,1.74117,1,-17.8202,1.88834,-83.6868,0,11.1832,-142.5,0.00511848,-0.5,0.84,0.196984,0,1,1,0,0,0,4,9.46949,17.6697,0.0846417,0.0453609,0.36333,0.0193775,0.716372,2,0,2,2,0,2,0.5,0,"216 220 214 219","1 0 1 0","0.045397 1.52207 0.0453609 0.395608","6 0 6 0","1.58394 0.512858 1.58492 0.506038","1.43889 0 1.70675 0","0.0699091 0 0.0720261 0",0
0,"AULIRA 2_wing_rivets.step",219,2.02603,1.58867e-05,9.1717,3.30403,0,-17.9979,4.5583,-83.3223,0,11.1832,-142.5,0.00511848,0,0.8,0,0,0,1,0,0,0,4,9.2341,17.6697,0.219408,0.114661,0.356926,0.00209496,0.716372,0,2,4,2,0,2,0.5,0,"216 218 214 217","1 0 1 0","0.114753 2.52776 0.114661 2.50268","6 1 6 1","4.07596 0.506038 4.07917 0.510536","1.56851 0 1.57305 0","0.000269687 0 0.000292404 0",0
0,"AULIRA 2_wing_rivets.step",220,0.526596,4.12918e-06,3.07919,1.4328,0,-17.747,1.52624,-84.8356,0,11.1832,-142.5,0.00511848,0,1,0,0,0,1,0,0,0,4,9.23216,17.6697,0.0570393,0.0298022,0.364,0.0299594,0.697719,0,2,4,2,0,2,0.5,0,"216 213 214 218","1 0 1 0","0.0298259 0.656783 0.0298022 0.657002","6 1 6 1","1.02669 0.512953 1.02669 0.512858","1.34952 0 1.79884 0","0.000228618 0 0.000238778 0",0
0,"AULIRA 2_wing_rivets.step",221,0.799089,6.26587e-06,4.18082,1.74067,1,17.8146,1.88845,-69.6868,0,11.1832,-142.5,0.00511848,-0.5,0.84,0.196984,0,1,1,0,0,0,4,9.46673,17.6516,0.0844102,0.0452701,0.364816,0.0223179,0.716372,2,0,2,2,0,2,0.5,0,"230 223 224 222","1 0 1 0","0.045302 0.389544 0.0452701 1.52254","6 0 6 0","1.58199 0.504898 1.58281 0.511118","1.44958 0 1.69571 0","0.0656213 0 0.0676088 0",0
0,"AULIRA 2_wing_rivets.step",222,0.524839,4.11541e-06,3.07577,1.43441,0,17.7447,1.52624,-70.8357,0,11.1832,-142.5,0.00511848,0,1,0,0,0,1,0,0,0,4,9.22234,17.6516,0.0569095,0.0297333,0.366401,0.0347074,0.697719,0,2,4,2,0,2,0.5,0,"230 221 224 229","1 0 1 0","0.0297542 0.656797 0.0297333 0.656414","6 1 6 1","1.02669 0.511118 1.02669 0.511271","1.3644 0 1.78347 0","0.000400476 0 0.000411303 0",0
0,"AULIRA 2_wing_rivets.step",223,2.05134,1.60851e-05,9.16678,3.25976,0,17.9632,4.55791,-69.3223,0,11.1832,-142.5,0.00511848,0,0.8,0,0,0,1,0,0,0,4,9.22457,17.6516,0.222378,0.116213,0.359506,0.00263197,0.716372,0,2,4,2,0,2,0.5,0,"230 228 224 221","1 0 1 0","0.116295 2.53728 0.116213 2.5671","6 1 6 1","4.07552 0.510142 4.07621 0.504898","1.56799 0 1.57359 0","0.00115524 0 0.00119707 0",0
0,"AULIRA 2_wing_rivets.step",224,17.6516,0.000138411,16.5571,1.23588,6,17.6559,4.56003,-70.8356,0,11.1832,-142.5,0.00511848,-0.0405682,1,0.0239643,3.35462e-05,0,1,0,0,0,8,1.04388,2.05134,16.9095,8.60489,0.0219378,0.00263197,0.0354593,4,4,4,8,0,0,1,0,"226 225 228 223 221 222 229 227","1 1 1 1 1 1 1 1","21.8333 33.2271 21.833 8.60489 22.0896 33.6324 22.0768 8.70369","1 0 1 0 1 0 1 0","1.59252 1.0267 1.59154 4.07621 1.58281 1.02669 1.58323 4.07744","1.72761 1.83511 1.7325 1.57359 1.69571 1.78347 1.69773 1.56814","0.0845504 3.58357e-06 0.0823389 0.00119707 0.0676088 0.000411303 0.0684307 0.00093573",0
0,"AULIRA 2_wing_rivets.step",225,0.531241,4.1656e-06,3.08826,1.42865,0,17.5442,7.57962,-70.8356,0,11.1832,-142.5,0.00511848,0,1,0,0,0,1,0,0,0,4,9.22692,17.6516,0.0575751,0.0300959,0.368748,0.0347074,0.707107,0,2,4,2,0,2,0.5,0,"230 226 224 228","1 0 1 0","0.0301172 0.657095 0.0300959 0.657084","6 1 6 1","1.0267 0.517431 1.0267 0.517431","1.31423 0 1.83511 0","1.2984e-06 0 3.58357e-06 0",0
0,"AULIRA 2_wing_rivets.step",226,0.808469,6.33943e-06,4.21128,1.74564,1,17.638,7.2176,-71.9843,0,11.1832,-142.5,0.00511848,-0.5,0.8,0.192188,0,1,1,0,0,0,4,9.4625,17.6516,0.0854392,0.0458015,0.365024,0.0226683,0.707107,2,0,2,2,0,2,0.5,0,"230 227 224 225","1 0 1 0","0.0458338 0.398642 0.0458015 1.52185","6 0 6 0","1.59122 0.510108 1.59252 0.517431","1.4186 0 1.72761 0","0.0820937 0 0.0845504 0",0
0,"AULIRA 2_wing_rivets.step",227,2.02806,1.59026e-05,9.16751,3.29771,0,17.9713,4.55851,-72.349,0,11.1832,-142.5,0.00511848,0,0.8,0,0,0,1,0,0,0,4,9.22469,17.6516,0.219851,0.114894,0.35719,0.00263197,0.716372,0,2,4,2,0,2,0.5,0,"230 229 224 226","1 0 1 0","0.114975 2.53649 0.114894 2.50852","6 1 6 1","4.07476 0.505203 4.07744 0.510108","1.57346 0 1.56814 0","0.000905119 0 0.00093573 0",0
0,"AULIRA 2_wing_rivets.step",228,0.808483,6.33953e-06,4.2094,1.74405,1,17.6288,7.2176,-69.6869,0,11.1832,-142.5,0.00511848,-0.5,0.84,0.184659,0,1,1,0,0,0,4,9.46833,17.6516,0.0853881,0.0458023,0.366708,0.0261141,0.716372,2,0,2,2,0,2,0.5,0,"230 225 224 223","1 0 1 0","0.0458346 1.52188 0.0458023 0.394123","6 0 6 0","1.59028 0.517431 1.59154 0.510142","1.41371 0 1.7325 0","0.079884 0 0.0823389 0",0
0,"AULIRA 2_wing_rivets.step",229,0.799554,6.26952e-06,4.18211,1.74074,1,17.8139,1.88847,-71.9845,0,11.1832,-142.5,0.00511848,-0.5,0.84,0.184659,0,1,1,0,0,0,4,9.4609,17.6516,0.0845114,0.0452965,0.366708,0.0261141,0.716372,2,0,2,2,0,2,0.5,0,"230 222 224 227","1 0 1 0","0.0453284 1.52343 0.0452965 0.394246","6 0 6 0","1.58241 0.511271 1.58323 0.505203","1.44777 0 1.69773 0","0.066488 0 0.0684307 0",0
0,"AULIRA 2_wing_rivets.step",230,17.6391,0.000138313,16.5496,1.23562,6,18.1613,4.55963,-70.8356,0,11.1832,-142.5,0.00511848,-0.0392945,1,0.0225581,2.65137e-05,0,1,0,0,0,8,1.04388,2.05134,16.8976,8.59882,0.0214911,0.00264964,0.0347074,4,4,4,8,0,0,1,0,"229 227 226 225 228 223 221 222","1 1 1 1 1 1 1 1","22.0612 8.69755 21.8179 33.2036 21.8176 8.59882 22.0741 33.6087","1 0 1 0 1 0 1 0","1.58241 4.07476 1.59122 1.0267 1.59028 4.07552 1.58199 1.02669","1.44777 1.57346 1.4186 1.31423 1.41371 1.56799 1.44958 1.3644","0.066488 0.000905119 0.0820937 1.2984e-06 0.079884 0.00115524 0.0656213 0.000400476",0
0,"AULIRA 2_wing_rivets.step",231,0.523672,4.10625e-06,3.0735,1.43548,0,-17.7549,1.52624,-63.8357,0,11.1832,-142.5,0.00511848,0,1,0,0,0,1,0,0,0,4,9.21974,17.6477,0.056799,0.0296736,0.370502,0.0423479,0.698177,0,2,4,2,0,2,0.5,0,"235 234 239 232","1 0 1 0","0.0296937 0.656223 0.0296736 0.656674","6 1 6 1","1.02669 0.510147 1.02669 0.509968","1.37502 0 1.77259 0","0.000495341 0 0.000506767 0",0
0,"AULIRA 2_wing_rivets.step",232,0.79746,6.2531e-06,4.17595,1.74017,1,-17.8217,1.88851,-62.6867,0,11.1832,-142.5,0.00511848,-0.5,0.88,0.19412,0,1,1,0,0,0,4,9.46201,17.6477,0.0842802,0.0451877,0.367383,0.0273778,0.715925,2,0,2,2,0,2,0.5,0,"235 231 239 237","1 0 1 0","0.0452184 1.52283 0.0451877 0.390744","6 0 6 0","1.58059 0.509968 1.5813 0.504092","1.45716 0 1.68795 0","0.0625258 0 0.0644478 0",0
0,"AULIRA 2_wing_rivets.step",233,0.808973,6.34338e-06,4.2106,1.74399,1,-17.5927,7.21759,-62.6869,0,11.1832,-142.5,0.00511848,-0.5,0.84,0.184659,0,1,1,0,0,0,4,9.46397,17.6477,0.0854793,0.0458401,0.369557,0.0317368,0.716372,2,0,2,2,0,2,0.5,0,"235 237 239 236","1 0 1 0","0.0458712 0.396385 0.0458401 1.52208","6 0 6 0","1.59057 0.510479 1.59184 0.51771","1.41106 0 1.73522 0","0.0800597 0 0.0824988 0",0
0,"AULIRA 2_wing_rivets.step",234,0.798009,6.2574e-06,4.17723,1.74004,1,-17.819,1.88854,-64.9846,0,11.1832,-142.5,0.00511848,-0.5,0.88,0.182355,0,1,1,0,0,0,4,9.46436,17.6477,0.0843173,0.0452188,0.369569,0.0317549,0.715925,2,0,2,2,0,2,0.5,0,"235 238 239 231","1 0 1 0","0.0452494 0.389224 0.0452188 1.52387","6 0 6 0","1.58095 0.504456 1.58168 0.510147","1.45362 0 1.69172 0","0.0631083 0 0.0649758 0",0
0,"AULIRA 2_wing_rivets.step",235,17.6358,0.000138287,16.548,1.23562,6,-18.1424,4.56099,-63.8356,0,11.1832,-142.5,0.00511848,-0.0384419,1,0.0195611,2.41472e-05,0,1,0,0,0,8,1.04493,2.05025,16.8774,8.60175,0.0261828,0.00305695,0.0423479,4,4,4,8,0,0,1,0,"234 231 232 237 233 236 240 238","1 1 1 1 1 1 1 1","22.0997 33.6771 22.1149 8.64127 21.8002 33.1817 21.8066 8.60175","1 0 1 0 1 0 1 0","1.58095 1.02669 1.58059 4.07517 1.59057 1.02671 1.59168 4.07559","1.45362 1.37502 1.45716 1.56756 1.41106 1.31252 1.41899 1.57382","0.0631083 0.000495341 0.0625258 0.00173056 0.0800597 0.000146725 0.0828888 0.00148249",0
0,"AULIRA 2_wing_rivets.step",236,0.53149,4.16756e-06,3.08877,1.42845,0,-17.5094,7.57962,-63.8356,0,11.1832,-142.5,0.00511848,0,1,0,0,0,1,0,0,0,4,9.2253,17.6477,0.0576122,0.0301166,0.37262,0.0423479,0.707107,0,2,4,2,0,2,0.5,0,"235 233 239 240","1 0 1 0","0.0301371 0.656994 0.0301166 0.657187","6 1 6 1","1.02671 0.51771 1.02671 0.517638","1.31252 0 1.8368 0","0.000146725 0 0.000147611 0",0
0,"AULIRA 2_wing_rivets.step",237,2.04088,1.60031e-05,9.16645,3.27624,0,-17.9414,4.5576,-62.3223,0,11.1832,-142.5,0.00511848,0,0.76,0,0,0,1,0,0,0,4,9.22248,17.6477,0.221294,0.115645,0.359601,0.00305142,0.716372,0,2,4,2,0,2,0.5,0,"235 232 239 233","1 0 1 0","0.115724 2.55922 0.115645 2.5228","6 1 6 1","4.07517 0.504092 4.0767 0.510479","1.56756 0 1.57404 0","0.00173056 0 0.00179108 0",0
0,"AULIRA 2_wing_rivets.step",238,2.05025,1.60766e-05,9.16671,3.26144,0,-17.9518,4.55823,-65.349,0,11.1832,-142.5,0.00511848,0,0.8,0,0,0,1,0,0,0,4,9.22256,17.6477,0.222308,0.116177,0.357285,0.00305142,0.715925,0,2,4,2,0,2,0.5,0,"235 240 239 234","1 0 1 0","0.116255 2.53514 0.116177 2.56921","6 1 6 1","4.07559 0.510289 4.07637 0.504456","1.57382 0 1.56777 0","0.00148249 0 0.00153566 0",0
0,"AULIRA 2_wing_rivets.step",239,17.6477,0.000138381,16.5543,1.23573,6,-17.6371,4.56147,-63.8356,0,11.1832,-142.5,0.00511848,-0.0397038,1,0.0207585,2.98256e-05,0,1,0,0,0,8,1.04493,2.05025,16.8889,8.60759,0.0267571,0.00305142,0.0433071,4,4,4,8,0,0,1,0,"232 237 233 236 240 238 234 231","1 1 1 1 1 1 1 1","22.1299 8.64713 21.815 33.2042 21.8214 8.60759 22.1147 33.7","1 0 1 0 1 0 1 0","1.5813 4.0767 1.59184 1.02671 1.59299 4.07637 1.58168 1.02669","1.68795 1.57404 1.73522 1.8368 1.72719 1.56777 1.69172 1.77259","0.0644478 0.00179108 0.0824988 0.000147611 0.0853526 0.00153566 0.0649758 0.000506767",0
0,"AULIRA 2_wing_rivets.step",240,0.808735,6.34151e-06,4.2126,1.74616,1,-17.6059,7.21761,-64.9843,0,11.1832,-142.5,0.00511848,-0.5,0.8,0.192188,0,1,1,0,0,0,4,9.46631,17.6477,0.085433,0.0458266,0.367615,0.0277829,0.707107,2,0,2,2,0,2,0.5,0,"235 236 239 238","1 0 1 0","0.0458577 1.52164 0.0458266 0.394456","6 0 6 0","1.59168 0.517638 1.59299 0.510289","1.41899 0 1.72719 0","0.0828888 0 0.0853526 0",0
0,"AULIRA 2_wing_rivets.step",241,17.6477,0.000138381,16.5552,1.23586,6,17.6371,4.56147,-63.8356,0,11.1832,-142.5,0.00511848,-0.0397038,1,0.0229052,2.98257e-05,0,1,0,0,0,8,1.04354,2.0495,16.9114,8.61074,0.0267572,0.00305142,0.0433073,4,4,4,8,0,0,1,0,"248 246 243 247 242 250 249 244","1 1 1 1 1 1 1 1","21.8214 33.2043 21.815 8.61074 22.1299 33.7 22.1147 8.69132","1 0 1 0 1 0 1 0","1.593 1.02671 1.59183 4.0767 1.58131 1.02669 1.58167 4.07728","1.72736 1.8368 1.73506 1.57404 1.68808 1.77259 1.69159 1.56777","0.0853301 0.000147612 0.0825234 0.00179108 0.0644281 0.000506767 0.0649986 0.00153303",0
0,"AULIRA 2_wing_rivets.step",242,0.797461,6.25311e-06,4.17596,1.74018,1,17.8217,1.88851,-62.6867,0,11.1832,-142.5,0.00511848,-0.5,0.88,0.19412,0,1,1,0,0,0,4,9.46416,17.6477,0.0842611,0.0451877,0.367383,0.0273779,0.715925,2,0,2,2,0,2,0.5,0,"245 247 241 250","1 0 1 0","0.0452185 0.389099 0.0451877 1.52283","6 0 6 0","1.58059 0.504092 1.58131 0.509968","1.45703 0 1.68808 0","0.0625064 0 0.0644281 0",0
0,"AULIRA 2_wing_rivets.step",243,0.808973,6.34338e-06,4.21058,1.74397,1,17.5927,7.21759,-62.6869,0,11.1832,-142.5,0.00511848,-0.5,0.84,0.184659,0,1,1,0,0,0,4,9.46611,17.6477,0.0854599,0.04584,0.369557,0.031737,0.716372,2,0,2,2,0,2,0.5,0,"245 246 241 247","1 0 1 0","0.0458713 1.52208 0.04584 0.394717","6 0 6 0","1.59056 0.51771 1.59183 0.510479","1.41122 0 1.73506 0","0.0800848 0 0.0825234 0",0
0,"AULIRA 2_wing_rivets.step",244,2.0305,1.59217e-05,9.16688,3.29329,0,17.9517,4.55858,-65.349,0,11.1832,-142.5,0.00511848,0,0.8,0,0,0,1,0,0,0,4,9.22255,17.6477,0.220167,0.115057,0.357285,0.00305142,0.715925,0,2,4,2,0,2,0.5,0,"245 249 241 248","1 0 1 0","0.115136 2.54446 0.115057 2.51071","6 1 6 1","4.07485 0.504456 4.07728 0.510289","1.57382 0 1.56777 0","0.00148345 0 0.00153303 0",0
0,"AULIRA 2_wing_rivets.step",245,17.6357,0.000138286,16.5479,1.23561,6,18.1424,4.56099,-63.8356,0,11.1832,-142.5,0.00511848,-0.0384418,1,0.0215616,2.41473e-05,0,1,0,0,0,8,1.04354,2.0495,16.8998,8.60486,0.0261829,0.00305695,0.0423481,4,4,4,8,0,0,1,0,"249 244 248 246 243 247 242 250","1 1 1 1 1 1 1 1","22.0996 8.68538 21.8065 33.1816 21.8001 8.60486 22.1148 33.677","1 0 1 0 1 0 1 0","1.58095 4.07485 1.59169 1.02671 1.59056 4.07585 1.58059 1.02669","1.45376 1.57382 1.41883 1.31252 1.41122 1.56756 1.45703 1.37502","0.0631308 0.00148345 0.0828659 0.000146725 0.0800848 0.00172936 0.0625064 0.000495341",0
0,"AULIRA 2_wing_rivets.step",246,0.53149,4.16756e-06,3.08877,1.42845,0,17.5094,7.57962,-63.8356,0,11.1832,-142.5,0.00511848,0,1,0,0,0,1,0,0,0,4,9.22529,17.6477,0.0576123,0.0301166,0.37262,0.0423481,0.707107,0,2,4,2,0,2,0.5,0,"245 248 241 243","1 0 1 0","0.0301372 0.657187 0.0301166 0.656994","6 1 6 1","1.02671 0.517638 1.02671 0.51771","1.31252 0 1.8368 0","0.000146725 0 0.000147612 0",0
0,"AULIRA 2_wing_rivets.step",247,2.0495,1.60707e-05,9.16712,3.26293,0,17.9425,4.55855,-62.3223,0,11.1832,-142.5,0.00511848,0,0.76,0,0,0,1,0,0,0,4,9.22247,17.6477,0.222229,0.116134,0.359601,0.00305142,0.716372,0,2,4,2,0,2,0.5,0,"245 243 241 242","1 0 1 0","0.116213 2.53346 0.116134 2.57004","6 1 6 1","4.07585 0.510479 4.0767 0.504092","1.56756 0 1.57404 0","0.00172936 0 0.00179108 0",0
0,"AULIRA 2_wing_rivets.step",248,0.808735,6.34151e-06,4.21262,1.74617,1,17.6059,7.21761,-64.9843,0,11.1832,-142.5,0.00511848,-0.5,0.8,0.192188,0,1,1,0,0,0,4,9.46136,17.6477,0.0854777,0.0458265,0.367615,0.027783,0.707107,2,0,2,2,0,2,0.5,0,"245 244 241 246","1 0 1 0","0.0458578 0.398293 0.0458265 1.52164","6 0 6 0","1.59169 0.510289 1.593 0.517638","1.41883 0 1.72736 0","0.0828659 0 0.0853301 0",0
0,"AULIRA 2_wing_rivets.step",249,0.798009,6.2574e-06,4.17723,1.74004,1,17.819,1.88854,-64.9846,0,11.1832,-142.5,0.00511848,-0.5,0.88,0.182355,0,1,1,0,0,0,4,9.45941,17.6477,0.0843614,0.0452187,0.369569,0.031755,0.715925,2,0,2,2,0,2,0.5,0,"245 250 241 244","1 0 1 0","0.0452496 1.52387 0.0452187 0.39301","6 0 6 0","1.58095 0.510147 1.58167 0.504456","1.45376 0 1.69159 0","0.0631308 0 0.0649986 0",0
0,"AULIRA 2_wing_rivets.step",250,0.523672,4.10625e-06,3.0735,1.43548,0,17.7549,1.52624,-63.8357,0,11.1832,-142.5,0.00511848,0,1,0,0,0,1,0,0,0,4,9.21973,17.6477,0.056799,0.0296736,0.370502,0.0423481,0.698177,0,2,4,2,0,2,0.5,0,"245 242 241 249","1 0 1 0","0.0296938 0.656674 0.0296736 0.656223","6 1 6 1","1.02669 0.509968 1.02669 0.510147","1.37502 0 1.77259 0","0.000495341 0 0.000506767 0",0
0,"AULIRA 2_wing_rivets.step",251,20.7345,0.000162585,82.938,26.4,0,4.44089e-15,2.20738,-300,0,11.1832,-142.5,0.00511848,0,0.16,0,0,0,2,1,39.8982,39.8982,2,414.69,430.398,0.05,0.0481752,0,0,0,0,2,2,2,0,0,1,0,"253 254","1 1","0.0519685 0.0481752","1 1","39.8982 43.0398","1.5708 1.5708","0 0",0
0,"AULIRA 2_wing_rivets.step",252,20.7345,0.000162585,82.938,26.4,0,4.44089e-15,2.20738,-290,0,11.1832,-142.5,0.00511848,0,0.16,0,0,0,2,1,39.8982,39.8982,2,414.69,430.398,0.05,0.0481752,0,0,0,0,2,2,2,0,0,1,0,"253 254","1 1","0.0519685 0.0481752","1 1","39.8982 43.0398","1.5708 1.5708","0 0",0
0,"AULIRA 2_wing_rivets.step",253,398.982,0.00312853,99.7965,1.9864,1,-4.15668e-13,2.20738,-295,0,11.1832,-142.5,0.00511848,-0.0787402,1,0.3,0,6.35,1,0,0,0,4,20.7345,20.7345,19.2424,19.2424,0,0,0,2,0,0,2,0,0,1,0,"252 251","1 1","19.2424 19.2424","0 0","39.8982 39.8982","1.5708 1.5708","0 0",0
0,"AULIRA 2_wing_rivets.step",254,430.398,0.00337487,106.08,2.08058,1,4.51195e-13,2.20738,-295,0,11.1832,-142.5,0.00511848,-0.0729927,1,0.3,4.33681e-18,6.85,1,0,0,0,4,20.7345,20.7345,20.7576,20.7576,0,0,0,2,0,0,2,0,0,1,0,"252 251","1 1","20.7576 20.7576","0 0","43.0398 43.0398","1.5708 1.5708","0 0",0
0,"AULIRA 2_wing_rivets.step",255,0.522334,4.09576e-06,3.0709,1.43672,0,-17.7716,1.52624,-56.8357,0,11.1832,-142.5,0.00511848,0,1,0,0,0,1,0,0,0,4,9.21933,17.6487,0.0566563,0.0295962,0.376142,0.0534659,0.698177,0,2,4,2,0,2,0.5,0,"264 263 257 258","1 0 1 0","0.0296161 0.656017 0.0295962 0.656526","6 1 6 1","1.02669 0.508855 1.0267 0.508653","1.388 0 1.75932 0","0.00060097 0 0.000613106 0",0
0,"AULIRA 2_wing_rivets.step",256,2.041,1.6004e-05,9.16954,3.27826,0,-17.9172,4.55874,-55.3223,0,11.1832,-142.5,0.00511848,0,0.72,0,0,0,1,0,0,0,4,9.22283,17.6487,0.221298,0.115646,0.359908,0.00366225,0.716372,0,2,4,2,0,2,0.5,0,"264 258 257 262","1 0 1 0","0.115724 2.56535 0.115646 2.51907","6 1 6 1","4.07677 0.503178 4.0784 0.5112","1.56692 0 1.5747 0","0.00229284 0 0.00237121 0",0
0,"AULIRA 2_wing_rivets.step",257,17.6487,0.000138388,16.5558,1.23588,6,-17.6145,4.56359,-56.8356,0,11.1832,-142.5,0.00511848,-0.0389772,1,0.0195445,2.83951e-05,0,1,0,0,0,8,1.04353,2.041,16.9125,8.64709,0.0337805,0.00367491,0.0547491,4,4,4,8,0,0,1,0,"258 256 262 259 260 261 263 255","1 1 1 1 1 1 1 1","22.1828 8.64709 21.7827 33.1567 21.7958 8.64764 22.1656 33.7881","1 0 1 0 1 0 1 0","1.57956 4.0784 1.5928 1.02673 1.59422 4.07749 1.57991 1.0267","1.67881 1.5747 1.74023 1.8422 1.72909 1.56721 1.6839 1.75932","0.0605183 0.00237121 0.0837824 0.000309763 0.0873086 0.00212197 0.0609131 0.000613106",0
0,"AULIRA 2_wing_rivets.step",258,0.795602,6.23854e-06,4.17034,1.73955,1,-17.8341,1.88858,-55.6866,0,11.1832,-142.5,0.00511848,-0.5,0.88,0.19412,0,1,1,0,0,0,4,9.46221,17.6487,0.0840821,0.04508,0.371101,0.0347068,0.715925,2,0,2,2,0,2,0.5,0,"264 255 257 256","1 0 1 0","0.0451103 1.52317 0.04508 0.389811","6 0 6 0","1.57895 0.508653 1.57956 0.503178","1.4661 0 1.67881 0","0.0586606 0 0.0605183 0",0
0,"AULIRA 2_wing_rivets.step",259,0.532281,4.17376e-06,3.09034,1.42778,0,-17.4601,7.57962,-56.8356,0,11.1832,-142.5,0.00511848,0,1,0,0,0,1,0,0,0,4,9.22637,17.6487,0.0576913,0.0301598,0.37826,0.0534659,0.707107,0,2,4,2,0,2,0.5,0,"264 262 257 260","1 0 1 0","0.0301801 0.656961 0.0301598 0.657359","6 1 6 1","1.02672 0.518522 1.02673 0.518367","1.30717 0 1.8422 0","0.000306607 0 0.000309763 0",0
0,"AULIRA 2_wing_rivets.step",260,0.809727,6.34929e-06,4.21626,1.74706,1,-17.5608,7.21764,-57.9843,0,11.1832,-142.5,0.00511848,-0.5,0.8,0.192188,0,1,1,0,0,0,4,9.46467,17.6487,0.0855526,0.0458803,0.371386,0.0352165,0.707107,2,0,2,2,0,2,0.5,0,"264 259 257 261","1 0 1 0","0.0459111 1.52124 0.0458803 0.396756","6 0 6 0","1.59284 0.518367 1.59422 0.510838","1.41712 0 1.72909 0","0.0848236 0 0.0873086 0",0
0,"AULIRA 2_wing_rivets.step",261,2.04087,1.6003e-05,9.16782,3.27723,0,-17.9282,4.55821,-58.349,0,11.1832,-142.5,0.00511848,0,0.72,0,0,0,1,0,0,0,4,9.22287,17.6487,0.221283,0.115639,0.357592,0.00366225,0.715925,0,2,4,2,0,2,0.5,0,"264 260 257 263","1 0 1 0","0.115716 2.52044 0.115639 2.5632","6 1 6 1","4.07591 0.510838 4.07749 0.503583","1.57436 0 1.56721 0","0.00205123 0 0.00212197 0",0
0,"AULIRA 2_wing_rivets.step",262,0.810217,6.35313e-06,4.21402,1.74414,1,-17.5432,7.21761,-55.6869,0,11.1832,-142.5,0.00511848,-0.5,0.84,0.184659,0,1,1,0,0,0,4,9.4647,17.6487,0.0856041,0.0459081,0.373713,0.0399277,0.716372,2,0,2,2,0,2,0.5,0,"264 256 257 259","1 0 1 0","0.0459389 0.396971 0.0459081 1.52216","6 0 6 0","1.59149 0.5112 1.5928 0.518522","1.40618 0 1.74023 0","0.0813527 0 0.0837824 0",0
0,"AULIRA 2_wing_rivets.step",263,0.79622,6.24337e-06,4.17164,1.73929,1,-17.8299,1.88861,-57.9847,0,11.1832,-142.5,0.00511848,-0.5,0.88,0.182355,0,1,1,0,0,0,4,9.46218,17.6487,0.0841476,0.045115,0.373727,0.0399505,0.715925,2,0,2,2,0,2,0.5,0,"264 261 257 255","1 0 1 0","0.0451453 0.390138 0.045115 1.52435","6 0 6 0","1.57929 0.503583 1.57991 0.508855","1.46128 0 1.6839 0","0.0591193 0 0.0609131 0",0
0,"AULIRA 2_wing_rivets.step",264,17.6368,0.000138295,16.5487,1.23565,6,-18.1199,4.56299,-56.8356,0,11.1832,-142.5,0.00511848,-0.0377087,1,0.0184133,2.38851e-05,0,1,0,0,0,8,1.04353,2.041,16.9011,8.64129,0.0330072,0.00366225,0.0534659,4,4,4,8,0,0,1,0,"263 255 258 256 262 259 260 261","1 1 1 1 1 1 1 1","22.1507 33.7655 22.1679 8.64129 21.768 33.1344 21.7812 8.64183","1 0 1 0 1 0 1 0","1.57929 1.02669 1.57895 4.07677 1.59149 1.02672 1.59284 4.07591","1.46128 1.388 1.4661 1.56692 1.40618 1.30717 1.41712 1.57436","0.0591193 0.00060097 0.0586606 0.00229284 0.0813527 0.000306607 0.0848236 0.00205123",0
0,"AULIRA 2_wing_rivets.step",265,0.796219,6.24337e-06,4.17163,1.73928,1,17.8299,1.88861,-57.9847,0,11.1832,-142.5,0.00511848,-0.5,0.88,0.182355,0,1,1,0,0,0,4,9.46219,17.6487,0.0841475,0.0451149,0.373727,0.0399507,0.715925,2,0,2,2,0,2,0.5,0,"266 268 273 270","1 0 1 0","0.0451452 1.52435 0.0451149 0.390138","6 0 6 0","1.57929 0.508855 1.5799 0.503583","1.4614 0 1.68377 0","0.0591408 0 0.0609351 0",0
0,"AULIRA 2_wing_rivets.step",266,17.6368,0.000138295,16.5487,1.23565,6,18.1199,4.56299,-56.8356,0,11.1832,-142.5,0.00511848,-0.0377087,1,0.0206511,2.38852e-05,0,1,0,0,0,8,1.04353,2.041,16.9011,8.64129,0.0330073,0.00366225,0.0534661,4,4,4,8,0,0,1,0,"265 270 271 272 274 269 267 268","1 1 1 1 1 1 1 1","22.1507 8.64183 21.7812 33.1344 21.7681 8.64129 22.1679 33.7655","1 0 1 0 1 0 1 0","1.57929 4.07591 1.59285 1.02672 1.59148 4.07677 1.57895 1.02669","1.4614 1.57436 1.41695 1.30717 1.40634 1.56692 1.46598 1.388","0.0591408 0.00205123 0.0848014 0.000306607 0.0813781 0.00229284 0.0586431 0.00060097",0
0,"AULIRA 2_wing_rivets.step",267,0.795602,6.23853e-06,4.17034,1.73955,1,17.8341,1.88858,-55.6866,0,11.1832,-142.5,0.00511848,-0.5,0.88,0.19412,0,1,1,0,0,0,4,9.46222,17.6487,0.084082,0.0450799,0.371101,0.0347069,0.715925,2,0,2,2,0,2,0.5,0,"266 269 273 268","1 0 1 0","0.0451103 0.389811 0.0450799 1.52317","6 0 6 0","1.57895 0.503178 1.57956 0.508653","1.46598 0 1.67894 0","0.0586431 0 0.0605004 0",0
0,"AULIRA 2_wing_rivets.step",268,0.522334,4.09576e-06,3.0709,1.43672,0,17.7716,1.52624,-56.8357,0,11.1832,-142.5,0.00511848,0,1,0,0,0,1,0,0,0,4,9.21934,17.6487,0.0566563,0.0295961,0.376142,0.0534661,0.698177,0,2,4,2,0,2,0.5,0,"266 267 273 265","1 0 1 0","0.0296161 0.656526 0.0295961 0.656017","6 1 6 1","1.02669 0.508653 1.0267 0.508855","1.388 0 1.75932 0","0.00060097 0 0.000613106 0",0
0,"AULIRA 2_wing_rivets.step",269,2.041,1.6004e-05,9.16954,3.27826,0,17.9172,4.55874,-55.3223,0,11.1832,-142.5,0.00511848,0,0.72,0,0,0,1,0,0,0,4,9.22284,17.6487,0.221298,0.115646,0.359908,0.00366225,0.716372,0,2,4,2,0,2,0.5,0,"266 274 273 267","1 0 1 0","0.115723 2.51907 0.115646 2.56535","6 1 6 1","4.07677 0.5112 4.0784 0.503178","1.56692 0 1.5747 0","0.00229284 0 0.00237121 0",0
0,"AULIRA 2_wing_rivets.step",270,2.04087,1.6003e-05,9.16782,3.27723,0,17.9282,4.55821,-58.349,0,11.1832,-142.5,0.00511848,0,0.72,0,0,0,1,0,0,0,4,9.22287,17.6487,0.221283,0.115638,0.357592,0.00366225,0.715925,0,2,4,2,0,2,0.5,0,"266 265 273 271","1 0 1 0","0.115716 2.5632 0.115638 2.52044","6 1 6 1","4.07591 0.503583 4.07749 0.510838","1.57436 0 1.56721 0","0.00205123 0 0.00212197 0",0
0,"AULIRA 2_wing_rivets.step",271,0.809727,6.34929e-06,4.21628,1.74707,1,17.5608,7.21764,-57.9843,0,11.1832,-142.5,0.00511848,-0.5,0.8,0.192188,0,1,1,0,0,0,4,9.46467,17.6487,0.0855525,0.0458802,0.371386,0.0352166,0.707107,2,0,2,2,0,2,0.5,0,"266 270 273 272","1 0 1 0","0.0459111 0.396756 0.0458802 1.52124","6 0 6 0","1.59285 0.510838 1.59423 0.518367","1.41695 0 1.72926 0","0.0848014 0 0.0872868 0",0
0,"AULIRA 2_wing_rivets.step",272,0.532281,4.17376e-06,3.09034,1.42778,0,17.4601,7.57962,-56.8356,0,11.1832,-142.5,0.00511848,0,1,0,0,0,1,0,0,0,4,9.22637,17.6487,0.0576913,0.0301598,0.37826,0.0534661,0.707107,0,2,4,2,0,2,0.5,0,"266 271 273 274","1 0 1 0","0.0301801 0.657359 0.0301598 0.656961","6 1 6 1","1.02672 0.518367 1.02673 0.518522","1.30717 0 1.8422 0","0.000306607 0 0.000309763 0",0
0,"AULIRA 2_wing_rivets.step",273,17.6487,0.000138388,16.5558,1.23588,6,17.6145,4.56359,-56.8356,0,11.1832,-142.5,0.00511848,-0.0389771,1,0.021957,2.83952e-05,0,1,0,0,0,8,1.04353,2.041,16.9125,8.6471,0.0337807,0.00367491,0.0547493,4,4,4,8,0,0,1,0,"271 272 274 269 267 268 265 270","1 1 1 1 1 1 1 1","21.7959 33.1567 21.7827 8.6471 22.1828 33.7882 22.1656 8.64765","1 0 1 0 1 0 1 0","1.59423 1.02673 1.59279 4.0784 1.57956 1.0267 1.5799 4.07749","1.72926 1.8422 1.74006 1.5747 1.67894 1.75932 1.68377 1.56721","0.0872868 0.000309763 0.0838073 0.00237121 0.0605004 0.000613106 0.0609351 0.00212197",0
0,"AULIRA 2_wing_rivets.step",274,0.810217,6.35313e-06,4.214,1.74412,1,17.5432,7.21761,-55.6869,0,11.1832,-142.5,0.00511848,-0.5,0.84,0.184659,0,1,1,0,0,0,4,9.46471,17.6487,0.085604,0.045908,0.373713,0.0399278,0.716372,2,0,2,2,0,2,0.5,0,"266 272 273 269","1 0 1 0","0.0459389 1.52216 0.045908 0.396971","6 0 6 0","1.59148 0.518522 1.59279 0.5112","1.40634 0 1.74006 0","0.0813781 0 0.0838073 0",0
0,"AULIRA 2_wing_rivets.step",275,0.0425643,3.33758e-07,1.40112,3.67026,1,-139.004,21.6789,-140.956,0,11.1832,-142.5,0.00511848,-4.94875,1,0.3,1.77636e-14,0.101036,1,0,0,0,5,3544.69,7089.34,1.20079e-05,6.00398e-06,0.47304,2.77556e-17,0.94608,1,0,1,1,1,0,0.5,0.5,"277 276","1 -1","1.32723 6.00398e-06","0 6","0.634826 0.475815","1.5708 1.54307","1.57009e-16 0.0193672",0
0,"AULIRA 2_wing_rivets.step",276,7089.34,0.0555895,501.889,2.82748,6,-82.6373,21.5412,-130.186,0,11.1832,-142.5,0.00511848,0.0249599,1,0.143379,0.000624127,0,9,8,0.606214,0.634944,28,326.957,5740.21,21.6828,1.23503,0.481597,0.031945,0.999014,15,6,7,4,18,0,0.181818,0.818182,"278 280 281 279 275 282 283 284 285 287 289 290 288 286 291 292 294 296 297 295 293 298","1 1 1 1 -1 -1 -1 -1 -1 -1 -1 -1 -1 -1 -1 -1 -1 -1 -1 -1 -1 -1","1.23503 25.8255 6.23232 174.738 166556 167100 315774 315775 1.04491e+06 1.0629e+06 1.0575e+06 1.04533e+06 1.06297e+06 1.05734e+06 167849 1.98415e+06 1.98408e+06 1.98403e+06 1.98414e+06 1.98409e+06 1.98405e+06 315782","0 0 6 0 1 1 1 1 0 0 0 0 0 0 1 0 0 0 0 0 0 1","206.379 52.3831 218.395 19.7105 0.475815 0.152617 0.296264 0.621413 0.101037 0.101047 0.101052 0.101037 0.101047 0.101052 0.154845 0.101036 0.101036 0.101036 0.101036 0.101036 0.101036 0.303881","2.75104 1.59249 0.0634924 1.57411 1.54307 1.54752 1.57075 1.57075 1.53715 1.56629 1.55761 1.53806 1.56637 1.55735 1.55331 1.57079 1.57075 1.57072 1.57079 1.57076 1.57073 1.57076","9.11176e-12 0.169702 1.36487e-09 0.171161 0.0193672 0.0161485 3.94242e-05 3.50057e-05 0.0017354 0.00384781 0.00540625 0.00164962 0.00376722 0.00559286 0.0120439 5.19372e-06 1.3625e-05 7.90469e-06 5.54397e-06 1.09395e-05 5.92219e-06 2.50939e-05",0
0,"AULIRA 2_wing_rivets.step",277,0.03207,2.5147e-07,0.634826,1,0,-139.018,21.6869,-140.927,0,11.1832,-142.5,0.00511848,0,1,0,0,0,1,0,0,0,1,0.0425643,0.0425643,0.75345,0.75345,2.77556e-17,2.77556e-17,2.77556e-17,0,1,1,1,0,0,1,0,"275","1","0.75345","1","0.634826","1.5708","1.57009e-16",0
0,"AULIRA 2_wing_rivets.step",278,5740.21,0.0450106,481.926,3.21976,0,-82.6447,17.3272,-132.95,0,11.1832,-142.5,0.00511848,0,0.32,0,0,0,1,0,0,0,4,2135.48,7089.34,2.68802,0.809696,0.4867,0.0447385,0.999014,2,0,2,3,0,1,0.75,0,"281 279 276 280","0 1 1 1","5.04629 141.485 0.809696 20.9108","6 0 6 0","216.634 16.1174 206.379 42.7958","0.0357716 1.52604 2.75104 1.61555","9.6401e-11 2.22045e-16 9.11176e-12 2.22045e-16",0
0,"AULIRA 2_wing_rivets.step",279,40.5712,0.00031813,38.9159,2.97048,0,-194.675,23.6318,-177.015,0,11.1832,-142.5,0.00511848,0,0.64,0,0,0,1,0,0,0,3,4655.69,7089.34,0.00871432,0.00572284,0.114837,0.031945,0.267829,1,0,2,3,0,0,1,0,"281 276 278","1 1 1","0.0356666 0.00572284 0.00706789","6 6 0","3.08801 19.7105 16.1174","1.31962 1.57411 1.52604","0.153494 0.171161 2.22045e-16",0
0,"AULIRA 2_wing_rivets.step",280,274.509,0.0021525,103.407,3.09982,0,0,16.929,-90.6186,0,11.1832,-142.5,0.00511848,0,0.56,0,0,0,1,0,0,0,3,4655.69,7089.34,0.0589621,0.0387214,0.114837,0.031945,0.267829,1,0,2,3,0,0,1,0,"281 278 276","1 1 1","0.241324 0.0478221 0.0387214","6 0 6","8.22857 42.7958 52.3831","1.8247 1.61555 1.59249","0.153138 2.22045e-16 0.169702",0
0,"AULIRA 2_wing_rivets.step",281,1137.51,0.00891954,446.345,13.9372,6,-82.6444,17.8819,-114.297,0,11.1832,-142.5,0.00511848,0.218589,1,0.184927,0.0255607,0,1,0,0,0,4,3286.16,7089.34,0.346152,0.160454,0.567003,0.267829,0.874046,3,0,1,3,0,1,0.75,0,"276 280 278 279","1 1 0 1","0.160454 4.14381 0.198165 28.0374","6 0 0 0","218.395 8.22857 216.634 3.08801","0.0634924 1.8247 0.0357716 1.31962","1.36487e-09 0.153138 9.6401e-11 0.153494",0
0,"AULIRA 2_wing_rivets.step",282,0.0424257,3.32672e-07,1.40109,3.68206,1,-104.906,20.5285,-123.673,0,11.1832,-142.5,0.00511848,-4.94875,1,0.3,0,0.101036,1,0,0,0,5,3544.69,7089.34,1.19688e-05,5.98444e-06,0.472261,5.55112e-17,0.944522,1,0,1,1,1,0,0.5,0.5,"299 276","1 -1","1.32291 5.98444e-06","0 6","0.634826 0.152617","1.5708 1.54752","7.02167e-17 0.0161485",0
0,"AULIRA 2_wing_rivets.step",283,0.0224507,1.76042e-07,1.34039,6.36824,1,-158.056,20.8522,-174.681,0,11.1832,-142.5,0.00511848,-4.94875,1,0.3,2.84217e-14,0.101036,1,0,0,0,5,3544.69,7089.34,6.33362e-06,3.16682e-06,0.105478,1.11022e-16,0.210957,1,0,1,1,1,0,0.5,0.5,"276 300","-1 1","3.16682e-06 0.700052","6 0","0.338562 0.634826","1.57074 1.5708","3.6511e-05 1.40433e-16",0
0,"AULIRA 2_wing_rivets.step",284,0.0224506,1.76041e-07,1.34038,6.36818,1,-123.802,19.3703,-162.59,0,11.1832,-142.5,0.00511848,-4.94875,1,0.3,0,0.101036,1,0,0,0,5,3544.69,7089.34,6.33359e-06,3.16681e-06,0.105466,8.32667e-17,0.210931,1,0,1,1,1,0,0.5,0.5,"276 301","-1 1","3.16681e-06 0.700049","6 0","0.013403 0.634826","1.57071 1.5708","1.40608e-06 1.21619e-16",0
0,"AULIRA 2_wing_rivets.step",285,0.00678465,5.32003e-08,0.336375,1.32712,0,-70.8842,19.4406,-106.446,0,11.1832,-142.5,0.00511848,0,1,0,0,0,1,0,0,0,4,1772.35,7089.34,3.82806e-06,9.57021e-07,0.493154,2.6007e-13,0.972617,3,0,1,3,1,0,0.75,0.25,"276 286 302 287","-1 1 1 1","9.57021e-07 1.0119 0.255815 1.01722","6 0 0 0","0.101037 0.0674124 0.101036 0.0668896","1.53715 1.0472 1.5708 1.0472","0.0017354 0 2.22045e-16 2.22045e-16",0
0,"AULIRA 2_wing_rivets.step",286,0.00670486,5.25746e-08,0.33522,1.3337,0,-70.8161,19.4076,-106.402,0,11.1832,-142.5,0.00511848,0,1,0,0,0,1,0,0,0,4,1772.35,7089.34,3.78304e-06,9.45766e-07,0.399335,6.24223e-14,0.597338,3,0,1,3,1,0,0.75,0.25,"276 288 302 285","-1 1 1 1","9.45766e-07 1.00532 0.252806 0.988239","6 0 0 0","0.101052 0.0657191 0.101036 0.0674124","1.55735 1.0472 1.5708 1.0472","0.00559286 0 0 0",0
0,"AULIRA 2_wing_rivets.step",287,0.0066698,5.22997e-08,0.334692,1.33649,0,-70.9527,19.3899,-106.465,0,11.1832,-142.5,0.00511848,0,1,0,0,0,1,0,0,0,4,1772.35,7089.34,3.76326e-06,9.40821e-07,0.34382,5.50726e-13,0.5,3,0,1,3,1,0,0.75,0.25,"276 285 302 289","-1 1 1 1","9.40821e-07 0.983072 0.251485 0.994921","6 0 0 0","0.101047 0.0668896 0.101036 0.065719","1.56629 1.0472 1.5708 1.0472","0.00384781 2.22045e-16 0 0",0
0,"AULIRA 2_wing_rivets.step",288,0.00666936,5.22963e-08,0.334671,1.33642,0,-70.8162,19.3231,-106.378,0,11.1832,-142.5,0.00511848,0,1,0,0,0,1,0,0,0,4,1772.35,7089.34,3.76301e-06,9.40758e-07,0.34382,5.50726e-13,0.5,3,0,1,3,1,0,0.75,0.25,"276 290 302 286","-1 1 1 1","9.40758e-07 0.983405 0.251468 0.994706","6 0 0 0","0.101047 0.066869 0.101036 0.0657191","1.56637 1.0472 1.5708 1.0472","0.00376722 2.22045e-16 0 0",0
0,"AULIRA 2_wing_rivets.step",289,0.00670385,5.25667e-08,0.335185,1.33363,0,-70.9526,19.3053,-106.441,0,11.1832,-142.5,0.00511848,0,1,0,0,0,1,0,0,0,4,1772.35,7089.34,3.78247e-06,9.45624e-07,0.399335,6.24223e-14,0.597338,3,0,1,3,1,0,0.75,0.25,"276 287 302 290","-1 1 1 1","9.45624e-07 1.00511 0.252769 0.988491","6 0 0 0","0.101052 0.065719 0.101036 0.0673787","1.55761 1.0472 1.5708 1.0472","0.00540625 0 2.22045e-16 0",0
0,"AULIRA 2_wing_rivets.step",290,0.0067819,5.31787e-08,0.33632,1.32723,0,-70.8843,19.2721,-106.398,0,11.1832,-142.5,0.00511848,0,1,0,0,0,1,0,0,0,4,1772.35,7089.34,3.82651e-06,9.56633e-07,0.493154,2.6007e-13,0.972617,3,0,1,3,1,0,0.75,0.25,"276 289 302 288","-1 1 1 1","9.56633e-07 1.01164 0.255711 1.01687","6 0 0 0","0.101037 0.0673787 0.101036 0.066869","1.53806 1.0472 1.5708 1.0472","0.00164962 0 2.22045e-16 2.22045e-16",0
0,"AULIRA 2_wing_rivets.step",291,0.0422365,3.31188e-07,1.40105,3.69835,1,-36.6297,18.1479,-89.0449,0,11.1832,-142.5,0.00511848,-4.94875,1,0.3,1.77636e-14,0.101036,1,0,0,0,5,3544.69,7089.34,1.19154e-05,5.95774e-06,0.473706,2.77556e-17,0.947412,1,0,1,1,1,0,0.5,0.5,"303 276","1 -1","1.31701 5.95774e-06","0 6","0.634826 0.154845","1.5708 1.55331","1.57009e-16 0.0120439",0
0,"AULIRA 2_wing_rivets.step",292,0.00357299,2.80168e-08,0.272799,1.65746,0,-89.8551,17.8833,-150.655,0,11.1832,-142.5,0.00511848,0,1,0,0,0,1,0,0,0,4,1772.34,7089.34,2.01597e-06,5.03995e-07,0.26326,1.62287e-13,0.5,3,0,1,3,1,0,0.75,0.25,"304 294 276 293","1 1 -1 1","0.134719 0.999966 5.03995e-07 0.99995","0 0 6 0","0.101036 0.0353629 0.101036 0.0353644","1.5708 1.0472 1.57079 1.0472","2.22045e-16 2.22045e-16 5.19372e-06 2.22045e-16",0
0,"AULIRA 2_wing_rivets.step",293,0.00357317,2.80182e-08,0.272802,1.65742,0,-89.7804,17.8556,-150.691,0,11.1832,-142.5,0.00511848,0,1,0,0,0,1,0,0,0,4,1772.34,7089.34,2.01607e-06,5.0402e-07,0.331054,2.92766e-13,0.5,3,0,1,3,1,0,0.75,0.25,"304 292 276 295","1 1 -1 1","0.134726 1.00005 5.0402e-07 1.00002","0 0 6 0","0.101036 0.0353644 0.101036 0.0353664","1.5708 1.0472 1.57073 1.0472","2.22045e-16 2.22045e-16 5.92219e-06 2.22045e-16",0
0,"AULIRA 2_wing_rivets.step",294,0.00357311,2.80177e-08,0.272801,1.65743,0,-89.8551,17.9152,-150.574,0,11.1832,-142.5,0.00511848,0,1,0,0,0,1,0,0,0,4,1772.34,7089.34,2.01604e-06,5.04012e-07,0.317794,6.86118e-14,0.5,3,0,1,3,1,0,0.75,0.25,"304 296 276 292","1 1 -1 1","0.134724 0.999976 5.04012e-07 1.00003","0 0 6 0","0.101036 0.0353668 0.101036 0.0353629","1.5708 1.0472 1.57075 1.0472","0 2.22045e-16 1.3625e-05 2.22045e-16",0
0,"AULIRA 2_wing_rivets.step",295,0.00357309,2.80176e-08,0.272801,1.65744,0,-89.7057,17.8598,-150.646,0,11.1832,-142.5,0.00511848,0,1,0,0,0,1,0,0,0,4,1772.34,7089.34,2.01602e-06,5.04008e-07,0.317794,6.86118e-14,0.5,3,0,1,3,1,0,0.75,0.25,"304 293 276 297","1 1 -1 1","0.134723 0.999978 5.04008e-07 1.00003","0 0 6 0","0.101036 0.0353664 0.101036 0.0353629","1.5708 1.0472 1.57076 1.0472","0 2.22045e-16 1.09395e-05 2.22045e-16",0
0,"AULIRA 2_wing_rivets.step",296,0.0035732,2.80184e-08,0.272803,1.65741,0,-89.7804,17.9194,-150.528,0,11.1832,-142.5,0.00511848,0,1,0,0,0,1,0,0,0,4,1772.34,7089.34,2.01609e-06,5.04024e-07,0.331054,2.92766e-13,0.5,3,0,1,3,1,0,0.75,0.25,"304 297 276 294","1 1 -1 1","0.134727 1.00006 5.04024e-07 1.00002","0 0 6 0","0.101036 0.0353646 0.101036 0.0353668","1.5708 1.0472 1.57072 1.0472","0 2.22045e-16 7.90469e-06 2.22045e-16",0
0,"AULIRA 2_wing_rivets.step",297,0.003573,2.80168e-08,0.272799,1.65746,0,-89.7057,17.8917,-150.565,0,11.1832,-142.5,0.00511848,0,1,0,0,0,1,0,0,0,4,1772.34,7089.34,2.01597e-06,5.03996e-07,0.26326,1.62287e-13,0.5,3,0,1,3,1,0,0.75,0.25,"304 295 276 296","1 1 -1 1","0.13472 0.999975 5.03996e-07 0.999944","0 0 6 0","0.101036 0.0353629 0.101036 0.0353646","1.5708 1.0472 1.57079 1.0472","2.22045e-16 2.22045e-16 5.54397e-06 2.22045e-16",0
0,"AULIRA 2_wing_rivets.step",298,0.0224501,1.76038e-07,1.34038,6.36838,1,-55.6821,16.3737,-138.673,0,11.1832,-142.5,0.00511848,-4.94875,1,0.3,0,0.101036,1,0,0,0,5,3544.69,7089.34,6.33346e-06,3.16674e-06,0.105471,1.11022e-16,0.210942,1,0,1,1,1,0,0.5,0.5,"276 305","-1 1","3.16674e-06 0.700034","6 0","0.330945 0.634826","1.57076 1.5708","2.35928e-05 9.93014e-17",0
0,"AULIRA 2_wing_rivets.step",299,0.03207,2.5147e-07,0.634826,1,0,-104.92,20.5368,-123.644,0,11.1832,-142.5,0.00511848,0,1,0,0,0,1,0,0,0,1,0.0424257,0.0424257,0.75591,0.75591,5.55112e-17,5.55112e-17,5.55112e-17,0,1,1,1,0,0,1,0,"282","1","0.75591","1","0.634826","1.5708","7.02167e-17",0
0,"AULIRA 2_wing_rivets.step",300,0.03207,2.5147e-07,0.634826,1,0,-158.054,20.8684,-174.687,0,11.1832,-142.5,0.00511848,0,1,0,0,0,1,0,0,0,1,0.0224507,0.0224507,1.42846,1.42846,1.11022e-16,1.11022e-16,1.11022e-16,0,1,1,1,0,0,1,0,"283","1","1.42846","1","0.634826","1.5708","1.40433e-16",0
0,"AULIRA 2_wing_rivets.step",301,0.03207,2.5147e-07,0.634826,1,0,-123.799,19.3866,-162.596,0,11.1832,-142.5,0.00511848,0,1,0,0,0,1,0,0,0,1,0.0224506,0.0224506,1.42847,1.42847,8.32667e-17,8.32667e-17,8.32667e-17,0,1,1,1,0,0,1,0,"284","1","1.42847","1","0.634826","1.5708","1.21619e-16",0
0,"AULIRA 2_wing_rivets.step",302,0.0265217,2.07964e-07,0.606214,1.10266,0,-70.8987,19.3646,-106.393,0,11.1832,-142.5,0.00511848,0,0.92,0,0,0,1,0,0,0,6,0.00671907,0.00678465,3.94723,3.90908,2.91073e-13,6.24223e-14,5.50726e-13,6,0,0,6,0,0,1,0,"287 289 290 288 286 285","1 1 1 1 1 1","3.97639 3.95619 3.91066 3.97665 3.9556 3.90908","0 0 0 0 0 0","0.101036 0.101036 0.101036 0.101036 0.101036 0.101036","1.5708 1.5708 1.5708 1.5708 1.5708 1.5708","0 2.22045e-16 2.22045e-16 0 0 2.22045e-16",0
0,"AULIRA 2_wing_rivets.step",303,0.03207,2.5147e-07,0.634826,1,0,-36.6441,18.1556,-89.016,0,11.1832,-142.5,0.00511848,0,1,1.11022e-16,0,0,1,0,0,0,1,0.0422365,0.0422365,0.759297,0.759297,2.77556e-17,2.77556e-17,2.77556e-17,0,1,1,1,0,0,1,0,"291","1","0.759297","1","0.634826","1.5708","1.57009e-16",0
0,"AULIRA 2_wing_rivets.step",304,0.0265217,2.07964e-07,0.606214,1.10266,0,-89.7775,17.9038,-150.616,0,11.1832,-142.5,0.00511848,0,1,0,0,0,1,0,0,0,6,0.00357309,0.0035732,7.42262,7.4224,1.74555e-13,6.86118e-14,2.92766e-13,6,0,0,6,0,0,1,0,"294 292 293 295 297 296","1 1 1 1 1 1","7.42258 7.42283 7.42246 7.42263 7.42282 7.4224","0 0 0 0 0 0","0.101036 0.101036 0.101036 0.101036 0.101036 0.101036","1.5708 1.5708 1.5708 1.5708 1.5708 1.5708","0 2.22045e-16 2.22045e-16 0 2.22045e-16 0",0
0,"AULIRA 2_wing_rivets.step",305,0.03207,2.5147e-07,0.634826,1,0,-55.6792,16.39,-138.68,0,11.1832,-142.5,0.00511848,0,1,0,0,0,1,0,0,0,1,0.0224501,0.0224501,1.4285,1.4285,1.11022e-16,1.11022e-16,1.11022e-16,0,1,1,1,0,0,1,0,"298","1","1.4285","1","0.634826","1.5708","9.93014e-17",0
0,"AULIRA 2_wing_rivets.step",306,19.2627,0.000151044,22.41,2.07471,0,-12.0897,1.51875,-86.9528,0,11.1832,-142.5,0.00511848,0,1,0,0,0,1,0,0,0,4,2.93559,8.20609,6.56178,2.34737,0.5,0,1,4,0,0,3,1,0,0.75,0.25,"314 308 313 311","1 1 1 -1","11.5892 90.8465 11.5892 2.34737","0 0 0 0","9.08465 2.12036 9.08465 2.12036","1.5708 1.5708 1.5708 1.5708","0 0 0 0",0
0,"AULIRA 2_wing_rivets.step",307,7.77419,6.09595e-05,11.5736,1.37111,0,-12.0897,-4.8568,-83.0827,0,11.1832,-142.5,0.00511848,0,1,0,0,0,1,0,0,0,4,2.93559,8.20609,2.64825,0.947368,0.5,0,1,4,0,0,4,0,0,1,0,"314 311 313 309","1 1 1 1","4.67726 0.947368 4.67726 36.6645","0 0 0 0","3.66645 2.12036 3.66645 2.12036","1.5708 1.5708 1.5708 1.5708","0 0 0 0",0
0,"AULIRA 2_wing_rivets.step",308,0.212036,1.66263e-06,4.44072,7.40094,0,-12.0897,6.06108,-87.0028,0,11.1832,-142.5,0.00511848,0,1,0,0,0,1,0,0,0,4,10.5154,19.4748,0.0201643,0.0108877,0,0,0,4,0,0,4,0,0,1,0,"314 315 313 306","1 1 1 1","0.127569 0.0108877 0.127569 0.0110076","0 0 0 0","0.1 2.12036 0.1 2.12036","1.5708 1.5708 1.5708 1.5708","0 0 0 0",0
0,"AULIRA 2_wing_rivets.step",309,0.212036,1.66263e-06,4.44072,7.40094,0,-12.0897,-6.69003,-83.1327,0,11.1832,-142.5,0.00511848,0,1,0,0,0,1,0,0,0,4,4.66515,7.77419,0.045451,0.0272743,0,0,0,4,0,0,4,0,0,1,0,"314 307 313 312","1 1 1 1","0.127569 0.0272743 0.127569 0.0280391","0 0 0 0","0.1 2.12036 0.1 2.12036","1.5708 1.5708 1.5708 1.5708","0 0 0 0",0
0,"AULIRA 2_wing_rivets.step",310,8.20609,6.43462e-05,11.981,1.392,0,-12.0897,-3.12358,-85.1177,0,11.1832,-142.5,0.00511848,0,1,0,0,0,1,0,0,0,4,7.59029,19.4748,1.08113,0.421371,0,0,0,4,0,0,3,1,0,0.75,0.25,"315 314 312 313","1 1 -1 1","0.421371 4.93711 1.08515 4.93711","0 0 0 0","2.12036 3.87014 2.12036 3.87014","1.5708 1.5708 1.5708 1.5708","0 0 0 0",0
0,"AULIRA 2_wing_rivets.step",311,8.20609,6.43462e-05,11.981,1.392,0,-12.0897,-3.02358,-85.0177,0,11.1832,-142.5,0.00511848,0,1,0,0,0,1,0,0,0,4,7.59029,19.2627,1.08113,0.426009,0,0,0,4,0,0,3,1,0,0.75,0.25,"314 306 313 307","1 -1 1 1","4.93711 0.426009 4.93711 1.05556","0 0 0 0","3.87014 2.12036 3.87014 2.12036","1.5708 1.5708 1.5708 1.5708","0 0 0 0",0
0,"AULIRA 2_wing_rivets.step",312,7.56215,5.92969e-05,11.3736,1.36126,0,-12.0897,-4.9068,-83.1827,0,11.1832,-142.5,0.00511848,0,1,0,0,0,1,0,0,0,4,2.93559,8.20609,2.57602,0.92153,0.5,0,1,4,0,0,3,1,0,0.75,0.25,"310 314 309 313","-1 1 1 1","0.92153 4.54969 35.6645 4.54969","0 0 0 0","2.12036 3.56645 2.12036 3.56645","1.5708 1.5708 1.5708 1.5708","0 0 0 0",0
0,"AULIRA 2_wing_rivets.step",313,1.66212,1.30332e-05,33.4425,53.5456,0,-13.1498,-0.956914,-85.7102,0,11.1832,-142.5,0.00511848,0,0,0,0,0,1,0,0,0,8,8.86376,19.4748,0.187519,0.0853477,0.5,0,1,8,0,0,8,0,0,1,0,"315 310 312 309 307 311 306 308","1 1 1 1 1 1 1 1","0.0853477 0.202548 0.219795 7.83889 0.2138 0.202548 0.0862871 7.83889","0 0 0 0 0 0 0 0","9.18465 3.87014 3.56645 0.1 3.66645 3.87014 9.08465 0.1","1.5708 1.5708 1.5708 1.5708 1.5708 1.5708 1.5708 1.5708","0 0 0 0 0 0 0 0",0
0,"AULIRA 2_wing_rivets.step",314,1.66212,1.30332e-05,33.4425,53.5456,0,-11.0295,-0.956914,-85.7102,0,11.1832,-142.5,0.00511848,0,0,0,0,0,1,0,0,0,8,8.86376,19.4748,0.187519,0.0853477,0.5,0,1,8,0,0,8,0,0,1,0,"308 306 311 307 309 312 310 315","1 1 1 1 1 1 1 1","7.83889 0.0862871 0.202548 0.2138 7.83889 0.219795 0.202548 0.0853477","0 0 0 0 0 0 0 0","0.1 9.08465 3.87014 3.66645 0.1 3.56645 3.87014 9.18465","1.5708 1.5708 1.5708 1.5708 1.5708 1.5708 1.5708 1.5708","0 0 0 0 0 0 0 0",0
0,"AULIRA 2_wing_rivets.step",315,19.4748,0.000152707,22.61,2.08891,0,-12.0897,1.46875,-87.0528,0,11.1832,-142.5,0.00511848,0,1,0,0,0,1,0,0,0,4,2.93559,8.20609,6.63401,2.37321,0.5,0,1,4,0,0,4,0,0,1,0,"308 314 310 313","1 1 1 1","91.8465 11.7168 2.37321 11.7168","0 0 0 0","2.12036 9.18465 2.12036 9.18465","1.5708 1.5708 1.5708 1.5708","0 0 0 0",0
0,"AULIRA 2_wing_rivets.step",316,28.6776,0.000224869,24.614,1.68117,0,12.5907,1.46875,-87.0528,0,11.1832,-142.5,0.00511848,0,1,0,0,0,1,0,0,0,4,3.93009,12.0839,7.29692,2.37321,0.5,0,1,4,0,0,4,0,0,1,0,"324 323 325 322","1 1 1 1","2.37321 17.2536 91.8465 17.2536","0 0 0 0","3.12234 9.18465 3.12234 9.18465","1.5708 1.5708 1.5708 1.5708","0 0 0 0",0
0,"AULIRA 2_wing_rivets.step",317,0.312234,2.44831e-06,6.44467,10.5855,0,12.5907,-6.69003,-83.1327,0,11.1832,-142.5,0.00511848,0,1,0,0,0,1,0,0,0,4,6.47695,11.4479,0.0482069,0.0272743,0,0,0,4,0,0,4,0,0,1,0,"323 318 322 319","1 1 1 1","0.187852 0.0280391 0.187852 0.0272743","0 0 0 0","0.1 3.12234 0.1 3.12234","1.5708 1.5708 1.5708 1.5708","0 0 0 0",0
0,"AULIRA 2_wing_rivets.step",318,11.1357,8.73177e-05,13.3776,1.27888,0,12.5907,-4.9068,-83.1827,0,11.1832,-142.5,0.00511848,0,1,0,0,0,1,0,0,0,4,3.93009,12.0839,2.83343,0.92153,0.5,0,1,4,0,0,3,1,0,0.75,0.25,"317 323 324 322","1 1 -1 1","35.6645 6.69965 0.92153 6.69965","0 0 0 0","3.12234 3.56645 3.12234 3.56645","1.5708 1.5708 1.5708 1.5708","0 0 0 0",0
0,"AULIRA 2_wing_rivets.step",319,11.4479,8.9766e-05,13.5776,1.28147,0,12.5907,-4.8568,-83.0827,0,11.1832,-142.5,0.00511848,0,1,0,0,0,1,0,0,0,4,3.93009,12.0839,2.91288,0.947368,0.5,0,1,4,0,0,4,0,0,1,0,"323 317 322 320","1 1 1 1","6.8875 36.6645 6.8875 0.947368","0 0 0 0","3.66645 3.12234 3.66645 3.12234","1.5708 1.5708 1.5708 1.5708","0 0 0 0",0
0,"AULIRA 2_wing_rivets.step",320,12.0839,9.4753e-05,13.985,1.28797,0,12.5907,-3.02358,-85.0177,0,11.1832,-142.5,0.00511848,0,1,0,0,0,1,0,0,0,4,10.7844,28.3653,1.1205,0.426009,0,0,0,4,0,0,3,1,0,0.75,0.25,"323 319 322 321","1 1 1 -1","7.27014 1.05556 7.27014 0.426009","0 0 0 0","3.87014 3.12234 3.87014 3.12234","1.5708 1.5708 1.5708 1.5708","0 0 0 0",0
0,"AULIRA 2_wing_rivets.step",321,28.3653,0.00022242,24.414,1.67217,0,12.5907,1.51875,-86.9528,0,11.1832,-142.5,0.00511848,0,1,0,0,0,1,0,0,0,4,3.93009,12.0839,7.21747,2.34737,0.5,0,1,4,0,0,3,1,0,0.75,0.25,"323 320 322 325","1 -1 1 1","17.0657 2.34737 17.0657 90.8465","0 0 0 0","9.08465 3.12234 9.08465 3.12234","1.5708 1.5708 1.5708 1.5708","0 0 0 0",0
0,"AULIRA 2_wing_rivets.step",322,1.66212,1.30332e-05,33.4425,53.5456,0,14.1518,-0.956914,-85.7102,0,11.1832,-142.5,0.00511848,0,0,0,0,0,1,0,0,0,8,13.0523,28.6776,0.127343,0.0579591,0.5,0,1,8,0,0,8,0,0,1,0,"316 325 321 320 319 317 318 324","1 1 1 1 1 1 1 1","0.0579591 5.32334 0.058597 0.137549 0.14519 5.32334 0.149261 0.137549","0 0 0 0 0 0 0 0","9.18465 0.1 9.08465 3.87014 3.66645 0.1 3.56645 3.87014","1.5708 1.5708 1.5708 1.5708 1.5708 1.5708 1.5708 1.5708","0 0 0 0 0 0 0 0",0
0,"AULIRA 2_wing_rivets.step",323,1.66212,1.30332e-05,33.4425,53.5456,0,11.0295,-0.956914,-85.7102,0,11.1832,-142.5,0.00511848,0,0,0,0,0,1,0,0,0,8,13.0523,28.6776,0.127343,0.0579591,0.5,0,1,8,0,0,8,0,0,1,0,"324 318 317 319 320 321 325 316","1 1 1 1 1 1 1 1","0.137549 0.149261 5.32334 0.14519 0.137549 0.058597 5.32334 0.0579591","0 0 0 0 0 0 0 0","3.87014 3.56645 0.1 3.66645 3.87014 9.08465 0.1 9.18465","1.5708 1.5708 1.5708 1.5708 1.5708 1.5708 1.5708 1.5708","0 0 0 0 0 0 0 0",0
0,"AULIRA 2_wing_rivets.step",324,12.0839,9.4753e-05,13.985,1.28797,0,12.5907,-3.12358,-85.1177,0,11.1832,-142.5,0.00511848,0,1,0,0,0,1,0,0,0,4,10.7844,28.6776,1.1205,0.421371,0,0,0,4,0,0,3,1,0,0.75,0.25,"318 323 316 322","-1 1 1 1","1.08515 7.27014 0.421371 7.27014","0 0 0 0","3.12234 3.87014 3.12234 3.87014","1.5708 1.5708 1.5708 1.5708","0 0 0 0",0
0,"AULIRA 2_wing_rivets.step",325,0.312234,2.44831e-06,6.44467,10.5855,0,12.5907,6.06108,-87.0028,0,11.1832,-142.5,0.00511848,0,1,0,0,0,1,0,0,0,4,15.0918,28.6776,0.020689,0.0108877,0,0,0,4,0,0,4,0,0,1,0,"323 321 322 316","1 1 1 1","0.187852 0.0110076 0.187852 0.0108877","0 0 0 0","0.1 3.12234 0.1 3.12234","1.5708 1.5708 1.5708 1.5708","0 0 0 0",0
0,"AULIRA 2_wing_rivets.step",326,0.794103,6.22678e-06,16.0821,25.9177,0,5,6.06108,-87.0028,0,11.1832,-142.5,0.00511848,0,1,0,0,0,1,0,0,0,4,37.1003,72.9356,0.0214042,0.0108877,0,0,0,4,0,0,4,0,0,1,0,"329 332 331 327","1 1 1 1","0.477764 0.0108877 0.477764 0.0110076","0 0 0 0","0.1 7.94103 0.1 7.94103","1.5708 1.5708 1.5708 1.5708","0 0 0 0",0
0,"AULIRA 2_wing_rivets.step",327,72.1415,0.000565681,34.0514,1.27901,0,5,1.51875,-86.9528,0,11.1832,-142.5,0.00511848,0,1,0,0,0,1,0,0,0,4,8.71282,30.7329,8.27993,2.34737,0.5,0,1,4,0,0,3,1,0,0.75,0.25,"329 326 331 328","1 1 1 -1","43.4032 90.8465 43.4032 2.34737","0 0 0 0","9.08465 7.94103 9.08465 7.94103","1.5708 1.5708 1.5708 1.5708","0 0 0 0",0
0,"AULIRA 2_wing_rivets.step",328,30.7329,0.000240985,23.6224,1.44488,0,5,-3.02358,-85.0177,0,11.1832,-142.5,0.00511848,0,1,0,0,0,1,0,0,0,4,26.1453,72.1415,1.17547,0.426009,0,0,0,4,0,0,3,1,0,0.75,0.25,"329 327 331 334","1 -1 1 1","18.4902 0.426009 18.4902 1.05556","0 0 0 0","3.87014 7.94103 3.87014 7.94103","1.5708 1.5708 1.5708 1.5708","0 0 0 0",0
0,"AULIRA 2_wing_rivets.step",329,1.66212,1.30332e-05,33.4425,53.5456,0,8.97052,-0.956914,-85.7102,0,11.1832,-142.5,0.00511848,0,0,0,0,0,1,0,0,0,8,33.196,72.9356,0.05007,0.0227889,0.5,0,1,8,0,0,8,0,0,1,0,"326 327 328 334 333 335 330 332","1 1 1 1 1 1 1 1","2.09308 0.0230398 0.0540828 0.0570874 2.09308 0.0586881 0.0540828 0.0227889","0 0 0 0 0 0 0 0","0.1 9.08465 3.87014 3.66645 0.1 3.56645 3.87014 9.18465","1.5708 1.5708 1.5708 1.5708 1.5708 1.5708 1.5708 1.5708","0 0 0 0 0 0 0 0",0
0,"AULIRA 2_wing_rivets.step",330,30.7329,0.000240985,23.6224,1.44488,0,5,-3.12358,-85.1177,0,11.1832,-142.5,0.00511848,0,1,0,0,0,1,0,0,0,4,26.1453,72.9356,1.17547,0.421371,0,0,0,4,0,0,3,1,0,0.75,0.25,"332 329 335 331","1 1 -1 1","0.421371 18.4902 1.08515 18.4902","0 0 0 0","7.94103 3.87014 7.94103 3.87014","1.5708 1.5708 1.5708 1.5708","0 0 0 0",0
0,"AULIRA 2_wing_rivets.step",331,1.66212,1.30332e-05,33.4425,53.5456,0,1.02948,-0.956914,-85.7102,0,11.1832,-142.5,0.00511848,0,0,0,0,0,1,0,0,0,8,33.196,72.9356,0.05007,0.0227889,0.5,0,1,8,0,0,8,0,0,1,0,"330 335 333 334 328 327 326 332","1 1 1 1 1 1 1 1","0.0540828 0.0586881 2.09308 0.0570874 0.0540828 0.0230398 2.09308 0.0227889","0 0 0 0 0 0 0 0","3.87014 3.56645 0.1 3.66645 3.87014 9.08465 0.1 9.18465","1.5708 1.5708 1.5708 1.5708 1.5708 1.5708 1.5708 1.5708","0 0 0 0 0 0 0 0",0
0,"AULIRA 2_wing_rivets.step",332,72.9356,0.000571908,34.2514,1.27999,0,5,1.46875,-87.0528,0,11.1832,-142.5,0.00511848,0,1,0,0,0,1,0,0,0,4,8.71282,30.7329,8.37107,2.37321,0.5,0,1,4,0,0,4,0,0,1,0,"326 329 330 331","1 1 1 1","91.8465 43.881 2.37321 43.881","0 0 0 0","7.94103 9.18465 7.94103 9.18465","1.5708 1.5708 1.5708 1.5708","0 0 0 0",0
0,"AULIRA 2_wing_rivets.step",333,0.794103,6.22678e-06,16.0821,25.9177,0,5,-6.69003,-83.1327,0,11.1832,-142.5,0.00511848,0,1,0,0,0,1,0,0,0,4,15.1902,29.1154,0.0522772,0.0272743,0,0,0,4,0,0,4,0,0,1,0,"329 334 331 335","1 1 1 1","0.477764 0.0272743 0.477764 0.0280391","0 0 0 0","0.1 7.94103 0.1 7.94103","1.5708 1.5708 1.5708 1.5708","0 0 0 0",0
0,"AULIRA 2_wing_rivets.step",334,29.1154,0.000228302,23.215,1.473,0,5,-4.8568,-83.0827,0,11.1832,-142.5,0.00511848,0,1,0,0,0,1,0,0,0,4,8.71282,30.7329,3.34167,0.947368,0.5,0,1,4,0,0,4,0,0,1,0,"329 328 331 333","1 1 1 1","17.517 0.947368 17.517 36.6645","0 0 0 0","3.66645 7.94103 3.66645 7.94103","1.5708 1.5708 1.5708 1.5708","0 0 0 0",0
0,"AULIRA 2_wing_rivets.step",335,28.3213,0.000222075,23.015,1.48832,0,5,-4.9068,-83.1827,0,11.1832,-142.5,0.00511848,0,1,0,0,0,1,0,0,0,4,8.71282,30.7329,3.25053,0.92153,0.5,0,1,4,0,0,3,1,0,0.75,0.25,"330 329 333 331","-1 1 1 1","0.92153 17.0392 35.6645 17.0392","0 0 0 0","7.94103 3.56645 7.94103 3.56645","1.5708 1.5708 1.5708 1.5708","0 0 0 0",0
0,"AULIRA 2_wing_rivets.step",336,30.7329,0.000240985,23.6224,1.44488,0,-5,-3.12358,-85.1177,0,11.1832,-142.5,0.00511848,0,1,0,0,0,1,0,0,0,4,26.1453,72.9356,1.17547,0.421371,0,0,0,4,0,0,3,1,0,0.75,0.25,"339 345 344 340","-1 1 1 1","1.08515 18.4902 0.421371 18.4902","0 0 0 0","7.94103 3.87014 7.94103 3.87014","1.5708 1.5708 1.5708 1.5708","0 0 0 0",0
0,"AULIRA 2_wing_rivets.step",337,0.794103,6.22678e-06,16.0821,25.9177,0,-5,6.06108,-87.0028,0,11.1832,-142.5,0.00511848,0,1,0,0,0,1,0,0,0,4,37.1003,72.9356,0.0214042,0.0108877,0,0,0,4,0,0,4,0,0,1,0,"345 338 340 344","1 1 1 1","0.477764 0.0110076 0.477764 0.0108877","0 0 0 0","0.1 7.94103 0.1 7.94103","1.5708 1.5708 1.5708 1.5708","0 0 0 0",0
0,"AULIRA 2_wing_rivets.step",338,72.1415,0.000565681,34.0514,1.27901,0,-5,1.51875,-86.9528,0,11.1832,-142.5,0.00511848,0,1,0,0,0,1,0,0,0,4,8.71282,30.7329,8.27993,2.34737,0.5,0,1,4,0,0,3,1,0,0.75,0.25,"345 341 340 337","1 -1 1 1","43.4032 2.34737 43.4032 90.8465","0 0 0 0","9.08465 7.94103 9.08465 7.94103","1.5708 1.5708 1.5708 1.5708","0 0 0 0",0
0,"AULIRA 2_wing_rivets.step",339,28.3213,0.000222075,23.015,1.48832,0,-5,-4.9068,-83.1827,0,11.1832,-142.5,0.00511848,0,1,0,0,0,1,0,0,0,4,8.71282,30.7329,3.25053,0.92153,0.5,0,1,4,0,0,3,1,0,0.75,0.25,"343 345 336 340","1 1 -1 1","35.6645 17.0392 0.92153 17.0392","0 0 0 0","7.94103 3.56645 7.94103 3.56645","1.5708 1.5708 1.5708 1.5708","0 0 0 0",0
0,"AULIRA 2_wing_rivets.step",340,1.66212,1.30332e-05,33.4425,53.5456,0,-1.02948,-0.956914,-85.7102,0,11.1832,-142.5,0.00511848,0,0,0,0,0,1,0,0,0,8,33.196,72.9356,0.05007,0.0227889,0.5,0,1,8,0,0,8,0,0,1,0,"337 338 341 342 343 339 336 344","1 1 1 1 1 1 1 1","2.09308 0.0230398 0.0540828 0.0570874 2.09308 0.0586881 0.0540828 0.0227889","0 0 0 0 0 0 0 0","0.1 9.08465 3.87014 3.66645 0.1 3.56645 3.87014 9.18465","1.5708 1.5708 1.5708 1.5708 1.5708 1.5708 1.5708 1.5708","0 0 0 0 0 0 0 0",0
0,"AULIRA 2_wing_rivets.step",341,30.7329,0.000240985,23.6224,1.44488,0,-5,-3.02358,-85.0177,0,11.1832,-142.5,0.00511848,0,1,0,0,0,1,0,0,0,4,26.1453,72.1415,1.17547,0.426009,0,0,0,4,0,0,3,1,0,0.75,0.25,"345 342 340 338","1 1 1 -1","18.4902 1.05556 18.4902 0.426009","0 0 0 0","3.87014 7.94103 3.87014 7.94103","1.5708 1.5708 1.5708 1.5708","0 0 0 0",0
0,"AULIRA 2_wing_rivets.step",342,29.1154,0.000228302,23.215,1.473,0,-5,-4.8568,-83.0827,0,11.1832,-142.5,0.00511848,0,1,0,0,0,1,0,0,0,4,8.71282,30.7329,3.34167,0.947368,0.5,0,1,4,0,0,4,0,0,1,0,"345 343 340 341","1 1 1 1","17.517 36.6645 17.517 0.947368","0 0 0 0","3.66645 7.94103 3.66645 7.94103","1.5708 1.5708 1.5708 1.5708","0 0 0 0",0
0,"AULIRA 2_wing_rivets.step",343,0.794103,6.22678e-06,16.0821,25.9177,0,-5,-6.69003,-83.1327,0,11.1832,-142.5,0.00511848,0,1,0,0,0,1,0,0,0,4,15.1902,29.1154,0.0522772,0.0272743,0,0,0,4,0,0,4,0,0,1,0,"345 339 340 342","1 1 1 1","0.477764 0.0280391 0.477764 0.0272743","0 0 0 0","0.1 7.94103 0.1 7.94103","1.5708 1.5708 1.5708 1.5708","0 0 0 0",0
0,"AULIRA 2_wing_rivets.step",344,72.9356,0.000571908,34.2514,1.27999,0,-5,1.46875,-87.0528,0,11.1832,-142.5,0.00511848,0,1,0,0,0,1,0,0,0,4,8.71282,30.7329,8.37107,2.37321,0.5,0,1,4,0,0,4,0,0,1,0,"336 345 337 340","1 1 1 1","2.37321 43.881 91.8465 43.881","0 0 0 0","7.94103 9.18465 7.94103 9.18465","1.5708 1.5708 1.5708 1.5708","0 0 0 0",0
0,"AULIRA 2_wing_rivets.step",345,1.66212,1.30332e-05,33.4425,53.5456,0,-8.97052,-0.956914,-85.7102,0,11.1832,-142.5,0.00511848,0,0,0,0,0,1,0,0,0,8,33.196,72.9356,0.05007,0.0227889,0.5,0,1,8,0,0,8,0,0,1,0,"336 339 343 342 341 338 337 344","1 1 1 1 1 1 1 1","0.0540828 0.0586881 2.09308 0.0570874 0.0540828 0.0230398 2.09308 0.0227889","0 0 0 0 0 0 0 0","3.87014 3.56645 0.1 3.66645 3.87014 9.08465 0.1 9.18465","1.5708 1.5708 1.5708 1.5708 1.5708 1.5708 1.5708 1.5708","0 0 0 0 0 0 0 0",0
0,"AULIRA 2_wing_rivets.step",346,430.398,0.00337487,106.08,2.08058,1,12.7,2.20738,-295,0,11.1832,-142.5,0.00511848,-0.0729927,1,0.3,4.33681e-18,6.85,1,0,0,0,4,20.7345,20.7345,20.7576,20.7576,0,0,0,2,0,0,2,0,0,1,0,"348 347","1 1","20.7576 20.7576","0 0","43.0398 43.0398","1.5708 1.5708","0 0",0
0,"AULIRA 2_wing_rivets.step",347,20.7345,0.000162585,82.938,26.4,0,12.7,2.20738,-300,0,11.1832,-142.5,0.00511848,0,0.16,0,0,0,2,1,39.8982,39.8982,2,414.69,430.398,0.05,0.0481752,0,0,0,0,2,2,2,0,0,1,0,"349 346","1 1","0.0519685 0.0481752","1 1","39.8982 43.0398","1.5708 1.5708","0 0",0
0,"AULIRA 2_wing_rivets.step",348,20.7345,0.000162585,82.938,26.4,0,12.7,2.20738,-290,0,11.1832,-142.5,0.00511848,0,0.16,0,0,0,2,1,39.8982,39.8982,2,414.69,430.398,0.05,0.0481752,0,0,0,0,2,2,2,0,0,1,0,"349 346","1 1","0.0519685 0.0481752","1 1","39.8982 43.0398","1.5708 1.5708","0 0",0
0,"AULIRA 2_wing_rivets.step",349,398.982,0.00312853,99.7965,1.9864,1,12.7,2.20738,-295,0,11.1832,-142.5,0.00511848,-0.0787402,1,0.3,0,6.35,1,0,0,0,4,20.7345,20.7345,19.2424,19.2424,0,0,0,2,0,0,2,0,0,1,0,"348 347","1 1","19.2424 19.2424","0 0","39.8982 39.8982","1.5708 1.5708","0 0",0
0,"AULIRA 2_wing_rivets.step",350,116.268,0.000911689,42.7079,1.24838,6,-4.97617,-8.60559,33.7806,0,11.1832,-142.5,0.00511848,0.169479,1,0.251364,0.00708926,0,1,0,0,0,4,166.182,254.405,0.699641,0.457019,0.509373,0.134016,0.769277,1,0,2,1,1,1,0.333333,0.333333,"351 352 353","-1 1 0","1.00009 0.457019 0.909173","6 0 6","11.8372 14.8201 16.0506","0.580471 1.87672 3.59746e-09","0.0762173 0.0879055 7.3261e-09",0
0,"AULIRA 2_wing_rivets.step",351,116.258,0.000911611,42.7079,1.24848,6,4.97561,-8.60595,33.781,0,11.1832,-142.5,0.00511848,-0.169479,1,0.251365,0.00708927,0,1,0,0,0,4,166.186,254.405,0.699568,0.456979,0.509373,0.134016,0.769277,1,0,2,1,1,1,0.333333,0.333333,"354 350 352","0 -1 1","0.909096 0.999914 0.456979","6 6 0","16.0506 11.8372 14.8201","1.49012e-09 0.580471 1.87615","4.47035e-09 0.0762173 0.0874847",0
0,"AULIRA 2_wing_rivets.step",352,254.405,0.00199486,59.2805,1.09923,0,-6.87414e-07,-4.53553,29.3901,0,11.1832,-142.5,0.00511848,0,1,0,0,0,1,0,0,0,4,122.073,127.883,2.08404,1.98936,0.679484,0.624827,0.734141,0,0,4,4,0,0,1,0,"354 351 350 353","1 1 1 1","1.98936 2.18828 2.18809 1.98936","6 6 6 6","14.8201 14.8201 14.8201 14.8201","2.07075 1.87615 1.87672 2.07075","0.0143876 0.0874847 0.0879055 0.0143876",0
0,"AULIRA 2_wing_rivets.step",353,127.883,0.00100277,44.3097,1.22173,6,-4.90504,-1.78869,33.8061,0,11.1832,-142.5,0.00511848,0.13739,1,0.127941,0.00434601,0,1,0,0,0,4,166.186,254.405,0.769521,0.502675,0.561763,0.134016,0.817133,1,0,2,1,1,1,0.333333,0.333333,"352 354 350","1 -1 0","0.502675 1 1.0999","0 6 6","14.8201 13.4391 16.0506","2.07075 0.513153 3.59746e-09","0.0143876 0.0662884 7.3261e-09",0
0,"AULIRA 2_wing_rivets.step",354,127.883,0.00100277,44.3097,1.22173,6,4.90504,-1.78869,33.8061,0,11.1832,-142.5,0.00511848,-0.13739,1,0.12794,0.00434601,0,1,0,0,0,4,166.182,254.405,0.769536,0.502675,0.561763,0.134016,0.817133,1,0,2,1,1,1,0.333333,0.333333,"351 352 353","0 1 -1","1.09999 0.502675 0.999999","6 0 6","16.0506 14.8201 13.4391","1.49012e-09 2.07075 0.513153","4.47035e-09 0.0143876 0.0662884",0
0,"AULIRA 2_wing_rivets.step",355,104.398,0.000818613,46.8061,1.66995,0,0.000933459,-10.3945,-310.795,0,11.1832,-142.5,0.00511848,0,1,0,0,0,1,0,0,0,1,352.416,352.416,0.296235,0.296235,0.0564649,0.0564649,0.0564649,0,0,1,1,0,0,1,0,"356","1","0.296235","6","46.8061","1.8644","0.137964",0
0,"AULIRA 2_wing_rivets.step",356,352.416,0.00276339,76.8011,1.33189,6,0.00100437,-10.8826,-315.53,0,11.1832,-142.5,0.00511848,-0.112097,1,0.181491,0.0102294,0,1,0,0,0,4,104.398,104.398,3.3757,3.3757,0.0564649,0.0564649,0.0564649,1,0,0,1,0,0,1,0,"355","1","3.3757","0","46.8061","1.8644","0.137964",0
0,"AULIRA 2_wing_rivets.step",357,42.072,0.000329898,39.6292,2.97048,0,59.9336,-1.6691,-296.797,0,11.1832,-142.5,0.00511848,0,0.64,0,0,0,1,0,0,0,3,1139.09,1729.48,0.0369347,0.0243263,0.142573,0.0579504,0.270904,1,0,2,3,0,0,1,0,"359 358 360","1 1 1","0.151703 0.0298286 0.0243263","6 0 6","3.14461 16.4128 20.0717","1.31979 1.47177 1.60101","0.109254 2.22045e-16 0.135016",0
0,"AULIRA 2_wing_rivets.step",358,1410.46,0.0110598,172.049,1.67006,0,26.9786,-6.25434,-290.941,0,11.1832,-142.5,0.00511848,0,0.72,0,0,0,1,0,0,0,4,548.363,1729.48,2.57213,0.815538,0.515659,0.0988636,0.998286,2,0,2,3,0,1,0.75,0,"359 361 360 357","0 1 1 1","5.08582 9.75668 0.815538 33.5249","6 0 6 0","64.361 30.424 60.8508 16.4128","0.0342356 1.66982 2.7685 1.47177","2.06905e-10 4.44089e-16 3.48282e-11 2.22045e-16",0
0,"AULIRA 2_wing_rivets.step",359,277.332,0.00217463,138.407,5.49674,6,26.9786,-5.8356,-276.659,0,11.1832,-142.5,0.00511848,-0.25921,1,0.176657,0.0349403,0,1,0,0,0,4,831.644,1729.48,0.333474,0.160355,0.571327,0.270904,0.876876,3,0,1,3,0,1,0.75,0,"357 360 361 358","1 1 1 0","6.59184 0.160355 1.91841 0.196625","0 6 0 0","3.14461 65.072 5.82907 64.361","1.31979 0.0661168 1.8218 0.0342356","0.109254 3.40489e-10 0.109254 2.06905e-10",0
0,"AULIRA 2_wing_rivets.step",360,1729.48,0.0135613,183.201,1.54429,6,26.9786,-3.02158,-288.85,0,11.1832,-142.5,0.00511848,-0.0287029,1,0.133259,0.000820193,0,1,0,0,0,4,468.607,1410.46,3.69069,1.22618,0.497766,0.0579504,0.998286,3,0,1,4,0,0,1,0,"357 358 361 359","1 1 1 1","41.1077 1.22618 11.9635 6.23616","0 0 0 6","20.0717 60.8508 37.2064 65.072","1.60101 2.7685 1.54058 0.0661168","0.135016 3.48282e-11 0.135016 3.40489e-10",0
0,"AULIRA 2_wing_rivets.step",361,144.563,0.00113356,73.4595,2.97048,0,0,-6.50423,-278.749,0,11.1832,-142.5,0.00511848,0,0.64,0,0,0,1,0,0,0,3,1139.09,1729.48,0.126911,0.0835876,0.142573,0.0579504,0.270904,1,0,2,3,0,0,1,0,"359 360 358","1 1 1","0.521266 0.0835876 0.102494","6 6 0","5.82907 37.2064 30.424","1.8218 1.54058 1.66982","0.109254 0.135016 4.44089e-16",0
0,"AULIRA 2_wing_rivets.step",362,20.7345,0.000162585,82.938,26.4,0,-12.7,2.20738,-300,0,11.1832,-142.5,0.00511848,0,0.16,0,0,0,2,1,39.8982,39.8982,2,414.69,430.398,0.05,0.0481752,0,0,0,0,2,2,2,0,0,1,0,"364 365","1 1","0.0519685 0.0481752","1 1","39.8982 43.0398","1.5708 1.5708","0 0",0
0,"AULIRA 2_wing_rivets.step",363,20.7345,0.000162585,82.938,26.4,0,-12.7,2.20738,-290,0,11.1832,-142.5,0.00511848,0,0.16,0,0,0,2,1,39.8982,39.8982,2,414.69,430.398,0.05,0.0481752,0,0,0,0,2,2,2,0,0,1,0,"364 365","1 1","0.0519685 0.0481752","1 1","39.8982 43.0398","1.5708 1.5708","0 0",0
0,"AULIRA 2_wing_rivets.step",364,398.982,0.00312853,99.7965,1.9864,1,-12.7,2.20738,-295,0,11.1832,-142.5,0.00511848,-0.0787402,1,0.3,0,6.35,1,0,0,0,4,20.7345,20.7345,19.2424,19.2424,0,0,0,2,0,0,2,0,0,1,0,"363 362","1 1","19.2424 19.2424","0 0","39.8982 39.8982","1.5708 1.5708","0 0",0
0,"AULIRA 2_wing_rivets.step",365,430.398,0.00337487,106.08,2.08058,1,-12.7,2.20738,-295,0,11.1832,-142.5,0.00511848,-0.0729927,1,0.3,4.33681e-18,6.85,1,0,0,0,4,20.7345,20.7345,20.7576,20.7576,0,0,0,2,0,0,2,0,0,1,0,"363 362","1 1","20.7576 20.7576","0 0","43.0398 43.0398","1.5708 1.5708","0 0",0
0,"AULIRA 2_wing_rivets.step",366,138.691,0.00108751,73.5128,3.10076,0,0,-6.5876,-278.323,0,11.1832,-142.5,0.00511848,0,0.56,0,0,0,1,0,0,0,3,1139.39,1730.39,0.121723,0.0801501,0.142573,0.0579504,0.270904,1,0,2,3,0,0,1,0,"369 368 370","1 1 1","0.500085 0.0983303 0.0801501","6 0 6","5.85151 30.424 37.2373","1.82376 1.66982 1.55832","0.108976 4.44089e-16 0.134284",0
0,"AULIRA 2_wing_rivets.step",367,42.072,0.000329898,39.6292,2.97048,0,-59.9336,-1.6691,-296.797,0,11.1832,-142.5,0.00511848,0,0.64,0,0,0,1,0,0,0,3,1139.39,1730.39,0.0369248,0.0243136,0.142573,0.0579504,0.270904,1,0,2,3,0,0,1,0,"369 370 368","1 1 1","0.151701 0.0243136 0.0298286","6 6 0","3.14461 20.0717 16.4128","1.31979 1.60101 1.47177","0.109254 0.135016 2.22045e-16",0
0,"AULIRA 2_wing_rivets.step",368,1410.46,0.0110598,172.049,1.67006,0,-26.9786,-6.25434,-290.941,0,11.1832,-142.5,0.00511848,0,0.72,0,0,0,1,0,0,0,4,547.122,1730.39,2.57796,0.815111,0.515659,0.0988636,0.998286,2,0,2,3,0,1,0.75,0,"369 367 370 366","0 1 1 1","5.08577 33.5249 0.815111 10.1698","6 0 6 0","64.361 16.4128 60.8508 30.424","0.0342356 1.47177 2.7685 1.66982","2.06906e-10 2.22045e-16 3.48282e-11 4.44089e-16",0
0,"AULIRA 2_wing_rivets.step",369,277.334,0.00217465,138.429,5.49846,6,-26.9784,-5.83562,-276.659,0,11.1832,-142.5,0.00511848,0.259209,1,0.176657,0.0349401,0,1,0,0,0,4,830.403,1730.39,0.333976,0.160273,0.571327,0.270904,0.876876,3,0,1,3,0,1,0.75,0,"370 366 368 367","1 1 0 1","0.160273 1.99966 0.196627 6.59191","6 0 0 0","65.072 5.85151 64.361 3.14461","0.0661168 1.82376 0.0342356 1.31979","3.40489e-10 0.108976 2.06906e-10 0.109254",0
0,"AULIRA 2_wing_rivets.step",370,1730.39,0.0135685,183.232,1.544,6,-26.9645,-3.02238,-288.847,0,11.1832,-142.5,0.00511848,0.0287029,1,0.133259,0.000820193,0,1,0,0,0,4,467.139,1410.46,3.70423,1.22683,0.497766,0.0579504,0.998286,3,0,1,4,0,0,1,0,"368 366 369 367","1 1 1 1","1.22683 12.4766 6.23936 41.1293","0 0 6 0","60.8508 37.2373 65.072 20.0717","2.7685 1.55832 0.0661168 1.60101","3.48282e-11 0.134284 3.40489e-10 0.135016",0
