graph_id,model_name,id,area,relativeArea,perimeter,compactness,surfaceType,centerX,centerY,centerZ,normalizationCenterX,normalizationCenterY,normalizationCenterZ,normalizationScale,meanCurvature,uvInsideFraction,normalVariation,curvatureVariation,radius,numWires,innerWireCount,minInnerWireLength,maxInnerWireLength,numEdges,neighborAreaMean,neighborAreaMax,areaToNeighborMean,areaToNeighborMax,normalNeighborDotMean,normalNeighborDotMin,normalNeighborDotMax,neighborPlaneCount,neighborCylinderCount,neighborCurvedCount,convexEdgeCount,concaveEdgeCount,smoothEdgeCount,convexEdgeRatio,concaveEdgeRatio,neighbors,edge_types,edge_area_ratios,edge_neighbor_surface_types,shared_edge_lengths,edge_dihedral_means,edge_dihedral_stds,label
0,"Cessna Citation 2_wing_rivets.step",1,0.104579,6.37114e-10,2.21863,3.74553,1,-1596.19,771.926,289.987,-6517.63,0,1567.63,0.000124546,-3.125,1,0.3,0,0.16,1,0,0,0,5,154700,309400,6.76014e-07,3.38007e-07,0.309873,1.9082e-17,0.619746,1,0,1,1,1,0,0.5,0.5,"3 2","1 -1","1.30034 3.38007e-07","0 6","1.00531 0.783856","1.5708 1.57047","0 0.000222085",0
0,"Cessna Citation 2_wing_rivets.step",2,309400,0.00188491,2226.16,1.27462,6,-1461.18,628.576,417.117,-6517.63,0,1567.63,0.000124546,-0.00172646,0.64,0.172672,1.27182e-06,0,9,8,0.96,1.00531,27,5297.82,103831,58.4014,2.97984,0.396848,0.00616372,0.703561,12,6,9,0,18,3,0,0.857143,"4 6 5 1 7 8 10 12 13 11 9 14 15 16 17 18 19 21 23 22 20","0 0 0 -1 -1 -1 -1 -1 -1 -1 -1 -1 -1 -1 -1 -1 -1 -1 -1 -1 -1","58.7451 143.539 2.97984 2.95852e+06 2.95852e+06 1.85907e+07 1.85892e+07 1.8587e+07 1.85907e+07 1.85892e+07 1.8587e+07 2.95854e+06 2.95897e+06 2.95903e+06 2.95904e+06 1.85925e+07 1.85926e+07 1.85916e+07 1.85925e+07 1.85926e+07 1.85916e+07","6 6 6 1 1 0 0 0 0 0 0 1 1 1 1 0 0 0 0 0 0","1051.62 426.917 739.669 0.221454 0.218802 0.16 0.16 0.16 0.16 0.16 0.16 0.215265 1.00129 1.00445 0.0270805 0.16 0.16 0.16 0.16 0.16 0.16","1.83541e-05 1.77506e-05 1.49012e-09 1.57041 1.57041 1.57072 1.57053 1.57027 1.57072 1.57053 1.57027 1.57042 1.57066 1.57068 1.5706 1.57074 1.57075 1.57063 1.57074 1.57075 1.57063","2.89517e-05 2.61302e-05 4.47035e-09 0.000199573 0.000195119 4.94448e-05 8.59252e-05 3.65596e-05 4.93785e-05 8.61398e-05 3.66822e-05 0.000187206 8.71114e-05 7.09155e-05 5.93625e-07 2.3833e-05 2.11769e-05 2.66638e-06 2.38434e-05 2.11708e-05 2.66239e-06",0
0,"Cessna Citation 2_wing_rivets.step",3,0.0804248,4.8996e-10,1.00531,1,0,-1596.18,771.977,289.988,-6517.63,0,1567.63,0.000124546,0,1,0,0,0,1,0,0,0,1,0.104579,0.104579,0.76903,0.76903,1.9082e-17,1.9082e-17,1.9082e-17,0,1,1,1,0,0,1,0,"1","1","0.76903","1","1.00531","1.5708","0",0
0,"Cessna Citation 2_wing_rivets.step",4,5266.82,3.20862e-05,2115.42,67.6137,6,-1608.83,539.516,511.519,-6517.63,0,1567.63,0.000124546,-0.157933,1,0.447989,2.82234e-07,0,1,0,0,0,5,71595.4,309400,0.0735637,0.0170227,0.414979,0.0583633,0.960603,0,0,5,0,0,5,0,0,"2 24 25 26 6","0 0 0 0 0","0.0170227 7.28485 0.230523 0.230484 2.44343","6 6 6 6 6","1051.62 5.00035 264.722 788.863 5.2159","1.83541e-05 4.59037e-06 1.97782e-06 9.41447e-07 0.00204002","2.89517e-05 1.70316e-06 3.13259e-06 7.90093e-07 0.00109265",0
0,"Cessna Citation 2_wing_rivets.step",5,103831,0.000632554,1684.06,2.17359,6,-1526.52,750.349,193.271,-6517.63,0,1567.63,0.000124546,-0.000967595,0.76,0.00493821,9.65981e-09,0,1,0,0,0,3,104723,309400,0.991484,0.335588,0.631302,0.594689,0.670342,0,0,3,0,0,3,0,0,"27 24 2","0 0 0","25.6661 143.615 0.335588","6 6 6","799.758 144.633 739.669","9.59846e-06 3.22909e-06 1.49012e-09","7.63319e-06 3.41984e-06 4.47035e-09",0
0,"Cessna Citation 2_wing_rivets.step",6,2155.51,1.31317e-05,864.578,27.5962,6,-1113.32,562.048,350.212,-6517.63,0,1567.63,0.000124546,-0.158713,1,0.264548,6.24829e-07,0,1,0,0,0,4,85390.8,309400,0.0252428,0.00696673,0.280498,0.118879,0.651501,0,0,4,0,0,4,0,0,"4 26 27 2","0 0 0 0","0.409261 0.0943284 0.532822 0.00696673","6 6 6 6","5.2159 427.427 5.01694 426.917","0.00204002 3.4326e-05 0.000154106 1.77506e-05","0.00109265 1.66726e-05 6.33946e-05 2.61302e-05",0
0,"Cessna Citation 2_wing_rivets.step",7,0.104579,6.37113e-10,2.21863,3.74554,1,-1467.81,752.05,264.632,-6517.63,0,1567.63,0.000124546,-3.125,1,0.3,1.77636e-15,0.16,1,0,0,0,5,154700,309400,6.76013e-07,3.38007e-07,0.311798,5.20417e-18,0.623596,1,0,1,1,1,0,0.5,0.5,"28 2","1 -1","1.30034 3.38007e-07","0 6","1.00531 0.786509","1.5708 1.57047","0 0.00021957",0
0,"Cessna Citation 2_wing_rivets.step",8,0.0166427,1.0139e-10,0.528034,1.33318,0,-1344.03,729.519,238.806,-6517.63,0,1567.63,0.000124546,0,1,0,0,0,1,0,0,0,4,77350,309400,2.15161e-07,5.37902e-08,0.314073,5.86494e-13,0.5,3,0,1,3,1,0,0.75,0.25,"2 10 29 9","-1 1 1 1","5.37902e-08 0.999915 0.250226 0.9998","6 0 0 0","0.16 0.104005 0.16 0.104029","1.57072 1.0472 1.5708 1.0472","4.94448e-05 2.22045e-16 0 2.22045e-16",0
0,"Cessna Citation 2_wing_rivets.step",9,0.016646,1.0141e-10,0.528075,1.33313,0,-1343.92,729.494,238.875,-6517.63,0,1567.63,0.000124546,0,1,0,0,0,1,0,0,0,4,77350,309400,2.15204e-07,5.3801e-08,0.420603,4.40863e-14,0.68241,3,0,1,3,1,0,0.75,0.25,"2 8 29 11","-1 1 1 1","5.3801e-08 1.0002 0.250276 1.00011","6 0 0 0","0.16 0.104029 0.16 0.104046","1.57027 1.0472 1.5708 1.0472","3.66822e-05 2.22045e-16 2.22045e-16 0",0
0,"Cessna Citation 2_wing_rivets.step",10,0.0166441,1.01398e-10,0.528051,1.33316,0,-1344.03,729.521,238.667,-6517.63,0,1567.63,0.000124546,0,1,0,0,0,1,0,0,0,4,77350,309400,2.15179e-07,5.37948e-08,0.35653,2.91081e-13,0.5,3,0,1,3,1,0,0.75,0.25,"2 12 29 8","-1 1 1 1","5.37948e-08 0.999886 0.250247 1.00008","6 0 0 0","0.16 0.104046 0.16 0.104005","1.57053 1.0472 1.5708 1.0472","8.59252e-05 0 0 2.22045e-16",0
0,"Cessna Citation 2_wing_rivets.step",11,0.0166441,1.01398e-10,0.528051,1.33316,0,-1343.8,729.472,238.805,-6517.63,0,1567.63,0.000124546,0,1,0,0,0,1,0,0,0,4,77350,309400,2.15179e-07,5.37948e-08,0.35653,2.91081e-13,0.5,3,0,1,3,1,0,0.75,0.25,"2 9 29 13","-1 1 1 1","5.37948e-08 0.999885 0.250247 1.00009","6 0 0 0","0.16 0.104046 0.16 0.104005","1.57053 1.0472 1.5708 1.0472","8.61398e-05 0 2.22045e-16 2.22045e-16",0
0,"Cessna Citation 2_wing_rivets.step",12,0.016646,1.0141e-10,0.528075,1.33313,0,-1343.92,729.498,238.597,-6517.63,0,1567.63,0.000124546,0,1,0,0,0,1,0,0,0,4,77350,309400,2.15204e-07,5.3801e-08,0.420603,4.40863e-14,0.68241,3,0,1,3,1,0,0.75,0.25,"2 13 29 10","-1 1 1 1","5.3801e-08 1.0002 0.250276 1.00011","6 0 0 0","0.16 0.104029 0.16 0.104046","1.57027 1.0472 1.5708 1.0472","3.65596e-05 2.22045e-16 0 0",0
0,"Cessna Citation 2_wing_rivets.step",13,0.0166427,1.0139e-10,0.528034,1.33318,0,-1343.8,729.474,238.666,-6517.63,0,1567.63,0.000124546,0,1,0,0,0,1,0,0,0,4,77350,309400,2.15161e-07,5.37902e-08,0.314073,5.86494e-13,0.5,3,0,1,3,1,0,0.75,0.25,"2 11 29 12","-1 1 1 1","5.37902e-08 0.999915 0.250226 0.999801","6 0 0 0","0.16 0.104005 0.16 0.104029","1.57072 1.0472 1.5708 1.0472","4.93785e-05 2.22045e-16 0 2.22045e-16",0
0,"Cessna Citation 2_wing_rivets.step",14,0.104579,6.37109e-10,2.21863,3.74556,1,-1223.72,704.242,212.849,-6517.63,0,1567.63,0.000124546,-3.125,1,0.3,0,0.16,1,0,0,0,5,154700,309400,6.7601e-07,3.38005e-07,0.315883,4.85723e-17,0.631766,1,0,1,1,1,0,0.5,0.5,"30 2","1 -1","1.30033 3.38005e-07","0 6","1.00531 0.790045","1.5708 1.57048","7.02167e-17 0.000213413",0
0,"Cessna Citation 2_wing_rivets.step",15,0.104563,6.37016e-10,2.21866,3.74621,1,-1806.12,702.182,481.088,-6517.63,0,1567.63,0.000124546,-3.125,1,0.3,1.77636e-15,0.16,1,0,0,0,5,154700,309400,6.75911e-07,3.37956e-07,0.00308186,1.31839e-16,0.00616372,1,0,1,1,1,0,0.5,0.5,"31 2","1 -1","1.30014 3.37956e-07","0 6","1.00531 0.00401583","1.5708 1.57053","9.93014e-17 2.67856e-07",0
0,"Cessna Citation 2_wing_rivets.step",16,0.104561,6.37003e-10,2.2186,3.74609,1,-1775.06,545.203,566.367,-6517.63,0,1567.63,0.000124546,-3.125,1,0.3,0,0.16,1,0,0,0,5,154700,309400,6.75897e-07,3.37948e-07,0.0234904,6.245e-17,0.0469809,1,0,1,1,1,0,0.5,0.5,"32 2","1 -1","1.30011 3.37948e-07","0 6","1.00531 0.000809863","1.5708 1.57058","9.93014e-17 2.07e-08",0
0,"Cessna Citation 2_wing_rivets.step",17,0.104561,6.37e-10,2.21863,3.74621,1,-1441.32,451.575,525.308,-6517.63,0,1567.63,0.000124546,-3.125,1,0.3,0,0.16,1,0,0,0,5,154700,309400,6.75894e-07,3.37947e-07,0.0407992,6.93889e-17,0.0815984,1,0,1,1,1,0,0.5,0.5,"33 2","1 -1","1.30011 3.37947e-07","0 6","1.00531 0.978211","1.5708 1.57069","1.21619e-16 6.43533e-05",0
0,"Cessna Citation 2_wing_rivets.step",18,0.0166411,1.0138e-10,0.528014,1.33321,0,-1621.33,473.953,559.866,-6517.63,0,1567.63,0.000124546,0,1,0,0,0,1,0,0,0,4,77350,309400,2.1514e-07,5.3785e-08,0.311746,2.8888e-13,0.5,3,0,1,3,1,0,0.75,0.25,"2 19 34 20","-1 1 1 1","5.3785e-08 1.00001 0.250201 0.999951","6 0 0 0","0.16 0.104001 0.16 0.104013","1.57074 1.0472 1.5708 1.0472","2.3833e-05 2.22045e-16 2.22045e-16 0",0
0,"Cessna Citation 2_wing_rivets.step",19,0.016641,1.01379e-10,0.528012,1.33321,0,-1621.33,474.084,559.82,-6517.63,0,1567.63,0.000124546,0,1,0,0,0,1,0,0,0,4,77350,309400,2.15139e-07,5.37847e-08,0.291038,3.05998e-13,0.5,3,0,1,3,1,0,0.75,0.25,"2 21 34 18","-1 1 1 1","5.37847e-08 0.999945 0.2502 0.999994","6 0 0 0","0.16 0.104011 0.16 0.104001","1.57075 1.0472 1.5708 1.0472","2.11769e-05 2.22045e-16 2.22045e-16 2.22045e-16",0
0,"Cessna Citation 2_wing_rivets.step",20,0.0166419,1.01385e-10,0.528024,1.3332,0,-1621.21,473.88,559.865,-6517.63,0,1567.63,0.000124546,0,1,0,0,0,1,0,0,0,4,77350,309400,2.15151e-07,5.37877e-08,0.352785,4.16334e-15,0.5,3,0,1,3,1,0,0.75,0.25,"2 18 34 22","-1 1 1 1","5.37877e-08 1.00005 0.250214 1.00006","6 0 0 0","0.16 0.104013 0.16 0.104011","1.57063 1.0472 1.5708 1.0472","2.66239e-06 0 2.22045e-16 2.22045e-16",0
0,"Cessna Citation 2_wing_rivets.step",21,0.0166419,1.01385e-10,0.528024,1.3332,0,-1621.21,474.141,559.773,-6517.63,0,1567.63,0.000124546,0,1,0,0,0,1,0,0,0,4,77350,309400,2.15151e-07,5.37877e-08,0.352785,4.16334e-15,0.5,3,0,1,3,1,0,0.75,0.25,"2 23 34 19","-1 1 1 1","5.37877e-08 1.00005 0.250214 1.00006","6 0 0 0","0.16 0.104013 0.16 0.104011","1.57063 1.0472 1.5708 1.0472","2.66638e-06 0 2.22045e-16 2.22045e-16",0
0,"Cessna Citation 2_wing_rivets.step",22,0.016641,1.01379e-10,0.528012,1.33321,0,-1621.1,473.936,559.819,-6517.63,0,1567.63,0.000124546,0,1,0,0,0,1,0,0,0,4,77350,309400,2.15139e-07,5.37847e-08,0.291038,3.05998e-13,0.5,3,0,1,3,1,0,0.75,0.25,"2 20 34 23","-1 1 1 1","5.37847e-08 0.999945 0.2502 0.999994","6 0 0 0","0.16 0.104011 0.16 0.104001","1.57075 1.0472 1.5708 1.0472","2.11708e-05 2.22045e-16 2.22045e-16 2.22045e-16",0
0,"Cessna Citation 2_wing_rivets.step",23,0.0166411,1.0138e-10,0.528014,1.33321,0,-1621.1,474.067,559.772,-6517.63,0,1567.63,0.000124546,0,1,0,0,0,1,0,0,0,4,77350,309400,2.1514e-07,5.3785e-08,0.311746,2.8888e-13,0.5,3,0,1,3,1,0,0.75,0.25,"2 22 34 21","-1 1 1 1","5.3785e-08 1.00001 0.250201 0.999951","6 0 0 0","0.16 0.104001 0.16 0.104013","1.57074 1.0472 1.5708 1.0472","2.38434e-05 2.22045e-16 2.22045e-16 0",0
0,"Cessna Citation 2_wing_rivets.step",24,722.982,4.40452e-06,298.893,9.83321,6,-1824.93,792.924,255.603,-6517.63,0,1567.63,0.000124546,-0.158011,1,0.202207,3.27324e-08,0,1,0,0,0,4,33997.6,103831,0.0212657,0.00696307,0.329088,0.102203,0.670342,0,0,4,0,0,4,0,0,"27 25 4 5","0 0 0 0","0.178715 0.0316441 0.137271 0.00696307","6 6 6 6","5.15821 144.102 5.00035 144.633","7.84739e-05 4.55088e-06 4.59037e-06 3.22909e-06","4.29978e-05 1.29332e-05 1.70316e-06 3.41984e-06",0
0,"Cessna Citation 2_wing_rivets.step",25,22847.3,0.000139189,2442.47,20.7784,6,-1587.27,725.717,203.854,-6517.63,0,1567.63,0.000124546,-0.000111425,1,0.369048,4.46886e-07,0,1,0,0,0,7,7114.89,22851.1,3.21119,0.999834,0.513808,0.0148862,0.960603,0,0,6,0,0,6,0,0,"4 24 27 26 35 36","0 0 0 0 0 0","4.33797 31.6014 5.64765 0.999834 4.88738 4.45515","6 6 6 6 6 6","264.722 144.102 807.628 19.0502 940.575 247.27","1.97782e-06 4.55088e-06 6.22255e-06 2.98023e-09 4.12838e-05 2.36006e-06","3.13259e-06 1.29332e-05 1.10974e-05 5.96046e-09 2.02532e-05 4.57091e-06",0
0,"Cessna Citation 2_wing_rivets.step",26,22851.1,0.000139212,2442.1,20.7688,6,-1392.23,497.401,462.684,-6517.63,0,1567.63,0.000124546,-0.00154899,1,0.238234,1.04289e-05,0,1,0,0,0,6,7480.85,22847.3,3.05461,1.00017,0.244773,0.0148862,0.585322,0,0,5,0,0,5,0,0,"25 36 37 6 4","0 0 0 0 0","1.00017 4.45589 11.3894 10.6013 4.33869","6 6 6 6 6","19.1188 784.522 403.12 427.427 788.863","7.19492e-09 1.7265e-06 1.31781e-05 3.4326e-05 9.41447e-07","9.02552e-09 3.39015e-06 2.76076e-05 1.66726e-05 7.90093e-07",0
0,"Cessna Citation 2_wing_rivets.step",27,4045.45,2.46455e-05,1617.56,51.4689,6,-1468.29,726.521,119.337,-6517.63,0,1567.63,0.000124546,-0.157533,1,0.240787,1.44807e-09,0,1,0,0,0,4,32389.2,103831,0.124901,0.0389619,0.466466,0.133885,0.693937,0,0,4,0,0,4,0,0,"5 6 25 24","0 0 0 0","0.0389619 1.8768 0.177065 5.5955","6 6 6 6","799.758 5.01694 807.628 5.15821","9.59846e-06 0.000154106 6.22255e-06 7.84739e-05","7.63319e-06 6.33946e-05 1.10974e-05 4.29978e-05",0
0,"Cessna Citation 2_wing_rivets.step",28,0.0804248,4.8996e-10,1.00531,1,0,-1467.8,752.102,264.633,-6517.63,0,1567.63,0.000124546,0,1,0,0,0,1,0,0,0,1,0.104579,0.104579,0.769032,0.769032,5.20417e-18,5.20417e-18,5.20417e-18,0,1,1,1,0,0,1,0,"7","1","0.769032","1","1.00531","1.5708","0",0
0,"Cessna Citation 2_wing_rivets.step",29,0.0665108,4.05193e-10,0.96,1.10266,0,-1343.91,729.547,238.737,-6517.63,0,1567.63,0.000124546,0,0.92,2.22045e-16,0,0,1,0,0,0,6,0.0166443,0.016646,3.99601,3.99559,3.0722e-13,4.40863e-14,5.86494e-13,6,0,0,6,0,0,1,0,"10 8 9 11 13 12","1 1 1 1 1 1","3.99605 3.99639 3.99559 3.99605 3.99639 3.9956","0 0 0 0 0 0","0.16 0.16 0.16 0.16 0.16 0.16","1.5708 1.5708 1.5708 1.5708 1.5708 1.5708","0 0 2.22045e-16 2.22045e-16 0 0",0
0,"Cessna Citation 2_wing_rivets.step",30,0.0804248,4.8996e-10,1.00531,1,0,-1223.71,704.292,212.849,-6517.63,0,1567.63,0.000124546,0,1,0,0,0,1,0,0,0,1,0.104579,0.104579,0.769036,0.769036,4.85723e-17,4.85723e-17,4.85723e-17,0,1,1,1,0,0,1,0,"14","1","0.769036","1","1.00531","1.5708","7.02167e-17",0
0,"Cessna Citation 2_wing_rivets.step",31,0.0804248,4.8996e-10,1.00531,1,0,-1806.11,702.213,481.128,-6517.63,0,1567.63,0.000124546,0,1,0,0,0,1,0,0,0,1,0.104563,0.104563,0.769148,0.769148,1.31839e-16,1.31839e-16,1.31839e-16,0,1,1,1,0,0,1,0,"15","1","0.769148","1","1.00531","1.5708","9.93014e-17",0
0,"Cessna Citation 2_wing_rivets.step",32,0.0804248,4.8996e-10,1.00531,1,0,-1775.05,545.223,566.413,-6517.63,0,1567.63,0.000124546,0,1,0,0,0,1,0,0,0,1,0.104561,0.104561,0.769164,0.769164,6.245e-17,6.245e-17,6.245e-17,0,1,1,1,0,0,1,0,"16","1","0.769164","1","1.00531","1.5708","9.93014e-17",0
0,"Cessna Citation 2_wing_rivets.step",33,0.0804248,4.8996e-10,1.00531,1,0,-1441.31,451.592,525.356,-6517.63,0,1567.63,0.000124546,0,1,0,0,0,1,0,0,0,1,0.104561,0.104561,0.769168,0.769168,6.93889e-17,6.93889e-17,6.93889e-17,0,1,1,1,0,0,1,0,"17","1","0.769168","1","1.00531","1.5708","1.21619e-16",0
0,"Cessna Citation 2_wing_rivets.step",34,0.0665108,4.05193e-10,0.96,1.10266,0,-1621.2,474.027,559.867,-6517.63,0,1567.63,0.000124546,0,1,1.11022e-16,0,0,1,0,0,0,6,0.0166413,0.0166419,3.99672,3.99658,1.99681e-13,4.16334e-15,3.05998e-13,6,0,0,6,0,0,1,0,"19 18 20 22 23 21","1 1 1 1 1 1","3.9968 3.99678 3.99658 3.9968 3.99678 3.99658","0 0 0 0 0 0","0.16 0.16 0.16 0.16 0.16 0.16","1.5708 1.5708 1.5708 1.5708 1.5708 1.5708","2.22045e-16 2.22045e-16 2.22045e-16 2.22045e-16 2.22045e-16 2.22045e-16",0
0,"Cessna Citation 2_wing_rivets.step",35,4674.75,2.84793e-05,1880.15,60.1749,6,-1525.22,714.335,144.601,-6517.63,0,1567.63,0.000124546,-0.158212,1,0.195895,3.41433e-06,0,1,0,0,0,4,32161.6,98664.3,0.145352,0.0473803,0.781461,0.658035,0.969857,0,0,4,0,0,4,0,0,"38 36 25 37","0 0 0 0","0.0473803 0.91156 0.204608 2.32998","6 6 6 6","929.558 4.99737 940.575 5.01645","2.74885e-06 4.44895e-05 4.12838e-05 0.000169327","3.53156e-06 3.86396e-05 2.02532e-05 7.61369e-05",0
0,"Cessna Citation 2_wing_rivets.step",36,5128.29,3.12423e-05,2064.17,66.1164,6,-1607.67,524.286,494.267,-6517.63,0,1567.63,0.000124546,-0.157542,1,0.191422,2.15599e-07,0,1,0,0,0,5,67405.6,284648,0.0760811,0.0180162,0.705677,0.446414,0.969857,0,0,5,0,0,5,0,0,"37 26 25 35 39","0 0 0 0 0","2.55603 0.224422 0.22446 1.09702 0.0180162","6 6 6 6 6","5.47204 784.522 247.27 4.99737 1021.91","0.000468329 1.7265e-06 2.36006e-06 4.44895e-05 1.58333e-05","0.000240702 3.39015e-06 4.57091e-06 3.86396e-05 1.18802e-05",0
0,"Cessna Citation 2_wing_rivets.step",37,2006.35,1.2223e-05,808.724,25.9409,6,-1119.64,545.61,337.28,-6517.63,0,1567.63,0.000124546,-0.156726,1,0.250546,2.40077e-06,0,1,0,0,0,4,79325.6,284648,0.0252926,0.00704851,0.629962,0.518706,0.733634,0,0,4,0,0,4,0,0,"39 35 26 36","0 0 0 0","0.00704851 0.429189 0.087801 0.391231","6 6 6 6","395.115 5.01645 403.12 5.47204","2.48515e-05 0.000169327 1.31781e-05 0.000468329","2.60409e-05 7.61369e-05 2.76076e-05 0.000240702",0
0,"Cessna Citation 2_wing_rivets.step",38,98664.3,0.000601078,1665.53,2.23735,6,-1531.01,725.672,196.719,-6517.63,0,1567.63,0.000124546,0.00100959,0.76,0.01187,1.1441e-08,0,1,0,0,0,2,144662,284648,0.682035,0.346618,0.705351,0.594934,0.815768,0,0,2,0,0,2,0,0,"39 35","0 0","0.346618 21.1058","6 6","735.969 929.558","1.77971e-05 2.74885e-06","4.27969e-06 3.53156e-06",0
0,"Cessna Citation 2_wing_rivets.step",39,284648,0.00173412,2152.99,1.29589,6,-1471.21,609.9,404.147,-6517.63,0,1567.63,0.000124546,0.00196427,0.64,0.172554,1.95735e-06,0,1,0,0,0,3,35266.3,98664.3,8.0714,2.88502,0.756264,0.594934,0.940224,0,0,3,0,0,3,0,0,"38 37 36","0 0 0","2.88502 141.874 55.5055","6 6 6","735.969 395.115 1021.91","1.77971e-05 2.48515e-05 1.58333e-05","4.27969e-06 2.60409e-05 1.18802e-05",0
0,"Cessna Citation 2_wing_rivets.step",40,0.104579,6.37114e-10,2.21863,3.74553,1,-1596.19,-771.926,289.987,-6517.63,0,1567.63,0.000124546,-3.125,1,0.3,0,0.16,1,0,0,0,5,153439,306879,6.81569e-07,3.40784e-07,0.348248,1.38778e-17,0.696496,1,0,1,1,1,0,0.5,0.5,"42 41","1 -1","1.30034 3.40784e-07","0 6","1.00531 0.722904","1.5708 1.57044","0 0.000212827",0
0,"Cessna Citation 2_wing_rivets.step",41,306879,0.00186955,2226.16,1.28509,6,-1463.32,-629.563,417.272,-6517.63,0,1567.63,0.000124546,-0.00172646,0.64,0.172672,1.27182e-06,0,9,8,0.96,1.00531,27,5298.6,103847,57.9169,2.9551,0.416643,0.0724977,0.703561,12,6,9,0,18,3,0,0.857143,"43 44 45 40 46 47 49 51 52 50 48 53 54 55 56 57 58 60 62 61 59","0 0 0 -1 -1 -1 -1 -1 -1 -1 -1 -1 -1 -1 -1 -1 -1 -1 -1 -1 -1","2.9551 142.368 58.2634 2.93441e+06 2.93441e+06 1.84377e+07 1.84392e+07 1.84356e+07 1.84377e+07 1.84392e+07 1.84356e+07 2.93443e+06 2.93485e+06 2.93492e+06 2.93493e+06 1.8441e+07 1.84401e+07 1.84411e+07 1.8441e+07 1.84401e+07 1.84411e+07","6 6 6 1 1 0 0 0 0 0 0 1 1 1 1 0 0 0 0 0 0","739.669 426.917 1051.62 0.282406 0.297061 0.16 0.16 0.16 0.16 0.16 0.16 0.28739 0.506672 0.503465 0.475574 0.16 0.16 0.16 0.16 0.16 0.16","6.57769e-09 1.77506e-05 1.8354e-05 1.57049 1.57048 1.57053 1.57072 1.57027 1.57053 1.57072 1.57027 1.5705 1.57066 1.57068 1.57069 1.57074 1.57063 1.57075 1.57074 1.57063 1.57075","8.23142e-09 2.61302e-05 2.89517e-05 0.000226612 0.000229668 8.59252e-05 4.94448e-05 3.66822e-05 8.61398e-05 4.93785e-05 3.65596e-05 0.000217704 8.76659e-05 7.10184e-05 6.3394e-05 2.3833e-05 2.66239e-06 2.11708e-05 2.38434e-05 2.66638e-06 2.11769e-05",0
0,"Cessna Citation 2_wing_rivets.step",42,0.0804248,4.8996e-10,1.00531,1,0,-1596.18,-771.977,289.988,-6517.63,0,1567.63,0.000124546,0,1,0,0,0,1,0,0,0,1,0.104579,0.104579,0.76903,0.76903,1.38778e-17,1.38778e-17,1.38778e-17,0,1,1,1,0,0,1,0,"40","1","0.76903","1","1.00531","1.5708","0",0
0,"Cessna Citation 2_wing_rivets.step",43,103847,0.000632653,1684.06,2.17326,6,-1526.5,-750.341,193.252,-6517.63,0,1567.63,0.000124546,-0.000967595,0.76,0.0118794,9.65981e-09,0,1,0,0,0,3,103882,306879,0.999662,0.338398,0.631302,0.594689,0.670342,0,0,3,0,0,3,0,0,"41 63 64","0 0 0","0.338398 143.637 25.6704","6 6 6","739.669 144.633 799.758","6.57769e-09 3.22912e-06 9.59846e-06","8.23142e-09 3.41981e-06 7.63319e-06",0
0,"Cessna Citation 2_wing_rivets.step",44,2155.52,1.31318e-05,864.578,27.5959,6,-1113.32,-562.049,350.212,-6517.63,0,1567.63,0.000124546,-0.158713,1,0.264548,6.24829e-07,0,1,0,0,0,4,84752.9,306879,0.0254331,0.00702403,0.280498,0.118879,0.651501,0,0,4,0,0,4,0,0,"41 64 65 45","0 0 0 0","0.00702403 0.532833 0.0944563 0.409243","6 6 6 6","426.917 5.01694 427.427 5.2159","1.77506e-05 0.000154106 3.4326e-05 0.00204002","2.61302e-05 6.33946e-05 1.66726e-05 0.00109265",0
0,"Cessna Citation 2_wing_rivets.step",45,5267.09,3.20879e-05,2115.42,67.6101,6,-1608.84,-539.51,511.526,-6517.63,0,1567.63,0.000124546,-0.157933,1,0.447989,2.82234e-07,0,1,0,0,0,5,71091.1,306879,0.0740894,0.0171634,0.414979,0.0583633,0.960603,0,0,5,0,0,5,0,0,"44 65 66 63 41","0 0 0 0 0","2.44353 0.230807 0.230224 7.28523 0.0171634","6 6 6 6 6","5.2159 788.863 264.722 5.00035 1051.62","0.00204002 9.41672e-07 1.97777e-06 4.59035e-06 1.8354e-05","0.00109265 7.89909e-07 3.13262e-06 1.70315e-06 2.89517e-05",0
0,"Cessna Citation 2_wing_rivets.step",46,0.104579,6.37113e-10,2.21863,3.74554,1,-1467.81,-752.05,264.632,-6517.63,0,1567.63,0.000124546,-3.125,1,0.3,0,0.16,1,0,0,0,5,153439,306879,6.81568e-07,3.40784e-07,0.344946,3.29597e-17,0.689893,1,0,1,1,1,0,0.5,0.5,"67 41","1 -1","1.30034 3.40784e-07","0 6","1.00531 0.708249","1.5708 1.57045","0 0.00020784",0
0,"Cessna Citation 2_wing_rivets.step",47,0.0166441,1.01398e-10,0.528051,1.33316,0,-1344.03,-729.521,238.667,-6517.63,0,1567.63,0.000124546,0,1,0,0,0,1,0,0,0,4,76719.7,306879,2.16947e-07,5.42368e-08,0.35653,2.91081e-13,0.5,3,0,1,3,1,0,0.75,0.25,"41 49 68 48","-1 1 1 1","5.42368e-08 1.00008 0.250247 0.999886","6 0 0 0","0.16 0.104005 0.16 0.104046","1.57053 1.0472 1.5708 1.0472","8.59252e-05 2.22045e-16 0 0",0
0,"Cessna Citation 2_wing_rivets.step",48,0.016646,1.0141e-10,0.528075,1.33313,0,-1343.92,-729.498,238.597,-6517.63,0,1567.63,0.000124546,0,1,0,0,0,1,0,0,0,4,76719.7,306879,2.16972e-07,5.4243e-08,0.420603,4.40932e-14,0.68241,3,0,1,3,1,0,0.75,0.25,"41 47 68 50","-1 1 1 1","5.4243e-08 1.00011 0.250276 1.0002","6 0 0 0","0.16 0.104046 0.16 0.104029","1.57027 1.0472 1.5708 1.0472","3.65596e-05 0 0 2.22045e-16",0
0,"Cessna Citation 2_wing_rivets.step",49,0.0166427,1.0139e-10,0.528034,1.33318,0,-1344.03,-729.519,238.806,-6517.63,0,1567.63,0.000124546,0,1,0,0,0,1,0,0,0,4,76719.7,306879,2.16929e-07,5.42322e-08,0.314073,5.86494e-13,0.5,3,0,1,3,1,0,0.75,0.25,"41 51 68 47","-1 1 1 1","5.42322e-08 0.9998 0.250226 0.999915","6 0 0 0","0.16 0.104029 0.16 0.104005","1.57072 1.0472 1.5708 1.0472","4.94448e-05 2.22045e-16 0 2.22045e-16",0
0,"Cessna Citation 2_wing_rivets.step",50,0.0166427,1.0139e-10,0.528034,1.33318,0,-1343.8,-729.474,238.666,-6517.63,0,1567.63,0.000124546,0,1,0,0,0,1,0,0,0,4,76719.7,306879,2.16929e-07,5.42322e-08,0.314073,5.86494e-13,0.5,3,0,1,3,1,0,0.75,0.25,"41 48 68 52","-1 1 1 1","5.42322e-08 0.999801 0.250226 0.999915","6 0 0 0","0.16 0.104029 0.16 0.104005","1.57072 1.0472 1.5708 1.0472","4.93785e-05 2.22045e-16 0 2.22045e-16",0
0,"Cessna Citation 2_wing_rivets.step",51,0.016646,1.0141e-10,0.528075,1.33313,0,-1343.92,-729.494,238.875,-6517.63,0,1567.63,0.000124546,0,1,0,0,0,1,0,0,0,4,76719.7,306879,2.16972e-07,5.4243e-08,0.420603,4.40932e-14,0.68241,3,0,1,3,1,0,0.75,0.25,"41 52 68 49","-1 1 1 1","5.4243e-08 1.00011 0.250276 1.0002","6 0 0 0","0.16 0.104046 0.16 0.104029","1.57027 1.0472 1.5708 1.0472","3.66822e-05 0 2.22045e-16 2.22045e-16",0
0,"Cessna Citation 2_wing_rivets.step",52,0.0166441,1.01398e-10,0.528051,1.33316,0,-1343.8,-729.472,238.805,-6517.63,0,1567.63,0.000124546,0,1,0,0,0,1,0,0,0,4,76719.7,306879,2.16947e-07,5.42368e-08,0.35653,2.91081e-13,0.5,3,0,1,3,1,0,0.75,0.25,"41 50 68 51","-1 1 1 1","5.42368e-08 1.00009 0.250247 0.999885","6 0 0 0","0.16 0.104005 0.16 0.104046","1.57053 1.0472 1.5708 1.0472","8.61398e-05 2.22045e-16 2.22045e-16 0",0
0,"Cessna Citation 2_wing_rivets.step",53,0.104579,6.37109e-10,2.21863,3.74556,1,-1223.72,-704.242,212.849,-6517.63,0,1567.63,0.000124546,-3.125,1,0.3,0,0.16,1,0,0,0,5,153439,306879,6.81564e-07,3.40782e-07,0.338161,6.93889e-18,0.676322,1,0,1,1,1,0,0.5,0.5,"69 41","1 -1","1.30033 3.40782e-07","0 6","1.00531 0.71792","1.5708 1.57045","0 0.000203121",0
0,"Cessna Citation 2_wing_rivets.step",54,0.104563,6.37016e-10,2.21866,3.74621,1,-1806.12,-702.182,481.088,-6517.63,0,1567.63,0.000124546,-3.125,1,0.3,1.77636e-15,0.16,1,0,0,0,5,153439,306879,6.81465e-07,3.40732e-07,0.0362488,2.22045e-16,0.0724977,1,0,1,1,1,0,0.5,0.5,"70 41","1 -1","1.30014 3.40732e-07","0 6","1.00531 0.498638","1.5708 1.57066","1.40433e-16 8.69839e-05",0
0,"Cessna Citation 2_wing_rivets.step",55,0.104561,6.37003e-10,2.21866,3.74627,1,-1775.06,-545.203,566.367,-6517.63,0,1567.63,0.000124546,-3.125,1,0.3,0,0.16,1,0,0,0,5,153439,306879,6.8145e-07,3.40725e-07,0.0719283,3.33067e-16,0.143857,1,0,1,1,1,0,0.5,0.5,"71 41","1 -1","1.30011 3.40725e-07","0 6","1.00531 0.501848","1.5708 1.57068","7.02167e-17 7.08969e-05",0
0,"Cessna Citation 2_wing_rivets.step",56,0.104561,6.37e-10,2.21865,3.74627,1,-1441.32,-451.575,525.308,-6517.63,0,1567.63,0.000124546,-3.125,1,0.3,0,0.16,1,0,0,0,5,153439,306879,6.81447e-07,3.40724e-07,0.0732453,1.66533e-16,0.146491,1,0,1,1,1,0,0.5,0.5,"72 41","1 -1","1.30011 3.40724e-07","0 6","1.00531 0.529735","1.5708 1.57068","0 6.71478e-05",0
0,"Cessna Citation 2_wing_rivets.step",57,0.0166411,1.0138e-10,0.528014,1.33321,0,-1621.33,-473.953,559.866,-6517.63,0,1567.63,0.000124546,0,1,0,0,0,1,0,0,0,4,76719.7,306879,2.16908e-07,5.42269e-08,0.311746,2.8888e-13,0.5,3,0,1,3,1,0,0.75,0.25,"41 58 73 59","-1 1 1 1","5.42269e-08 0.999951 0.250201 1.00001","6 0 0 0","0.16 0.104013 0.16 0.104001","1.57074 1.0472 1.5708 1.0472","2.3833e-05 0 2.22045e-16 2.22045e-16",0
0,"Cessna Citation 2_wing_rivets.step",58,0.0166419,1.01385e-10,0.528024,1.3332,0,-1621.21,-473.88,559.865,-6517.63,0,1567.63,0.000124546,0,1,0,0,0,1,0,0,0,4,76719.7,306879,2.16918e-07,5.42296e-08,0.352785,4.16334e-15,0.5,3,0,1,3,1,0,0.75,0.25,"41 60 73 57","-1 1 1 1","5.42296e-08 1.00006 0.250214 1.00005","6 0 0 0","0.16 0.104011 0.16 0.104013","1.57063 1.0472 1.5708 1.0472","2.66239e-06 2.22045e-16 2.22045e-16 0",0
0,"Cessna Citation 2_wing_rivets.step",59,0.016641,1.01379e-10,0.528012,1.33321,0,-1621.33,-474.084,559.82,-6517.63,0,1567.63,0.000124546,0,1,0,0,0,1,0,0,0,4,76719.7,306879,2.16906e-07,5.42266e-08,0.291038,3.05998e-13,0.5,3,0,1,3,1,0,0.75,0.25,"41 57 73 61","-1 1 1 1","5.42266e-08 0.999994 0.2502 0.999945","6 0 0 0","0.16 0.104001 0.16 0.104011","1.57075 1.0472 1.5708 1.0472","2.11769e-05 2.22045e-16 2.22045e-16 2.22045e-16",0
0,"Cessna Citation 2_wing_rivets.step",60,0.016641,1.01379e-10,0.528012,1.33321,0,-1621.1,-473.936,559.819,-6517.63,0,1567.63,0.000124546,0,1,0,0,0,1,0,0,0,4,76719.7,306879,2.16906e-07,5.42266e-08,0.291038,3.05998e-13,0.5,3,0,1,3,1,0,0.75,0.25,"41 62 73 58","-1 1 1 1","5.42266e-08 0.999994 0.2502 0.999945","6 0 0 0","0.16 0.104001 0.16 0.104011","1.57075 1.0472 1.5708 1.0472","2.11708e-05 2.22045e-16 2.22045e-16 2.22045e-16",0
0,"Cessna Citation 2_wing_rivets.step",61,0.0166419,1.01385e-10,0.528024,1.3332,0,-1621.21,-474.141,559.773,-6517.63,0,1567.63,0.000124546,0,1,0,0,0,1,0,0,0,4,76719.7,306879,2.16918e-07,5.42296e-08,0.352785,4.16334e-15,0.5,3,0,1,3,1,0,0.75,0.25,"41 59 73 62","-1 1 1 1","5.42296e-08 1.00006 0.250214 1.00005","6 0 0 0","0.16 0.104011 0.16 0.104013","1.57063 1.0472 1.5708 1.0472","2.66638e-06 2.22045e-16 2.22045e-16 0",0
0,"Cessna Citation 2_wing_rivets.step",62,0.0166411,1.0138e-10,0.528014,1.33321,0,-1621.1,-474.067,559.772,-6517.63,0,1567.63,0.000124546,0,1,0,0,0,1,0,0,0,4,76719.7,306879,2.16908e-07,5.42269e-08,0.311746,2.8888e-13,0.5,3,0,1,3,1,0,0.75,0.25,"41 61 73 60","-1 1 1 1","5.42269e-08 0.999951 0.250201 1.00001","6 0 0 0","0.16 0.104013 0.16 0.104001","1.57074 1.0472 1.5708 1.0472","2.38434e-05 0 2.22045e-16 2.22045e-16",0
0,"Cessna Citation 2_wing_rivets.step",63,722.982,4.40452e-06,298.893,9.83321,6,-1824.93,-792.924,255.603,-6517.63,0,1567.63,0.000124546,-0.158011,1,0.202207,3.27324e-08,0,1,0,0,0,4,34009.5,103847,0.0212583,0.00696198,0.329088,0.102203,0.670342,0,0,4,0,0,4,0,0,"43 45 66 64","0 0 0 0","0.00696198 0.137264 0.0316014 0.178717","6 6 6 6","144.633 5.00035 144.102 5.15821","3.22912e-06 4.59035e-06 4.55074e-06 7.84739e-05","3.41981e-06 1.70315e-06 1.29332e-05 4.29979e-05",0
0,"Cessna Citation 2_wing_rivets.step",64,4045.4,2.46452e-05,1617.56,51.4695,6,-1468.29,-726.522,119.337,-6517.63,0,1567.63,0.000124546,-0.157533,1,0.240787,1.44807e-09,0,1,0,0,0,4,32401,103847,0.124854,0.0389554,0.466466,0.133885,0.693937,0,0,4,0,0,4,0,0,"63 66 44 43","0 0 0 0","5.59544 0.176824 1.87676 0.0389554","6 6 6 6","5.15821 807.628 5.01694 799.758","7.84739e-05 6.22273e-06 0.000154106 9.59846e-06","4.29979e-05 1.10973e-05 6.33946e-05 7.63319e-06",0
0,"Cessna Citation 2_wing_rivets.step",65,22820.3,0.000139025,2442.1,20.7968,6,-1392.06,-497.428,462.605,-6517.63,0,1567.63,0.000124546,-0.00154899,1,0.238234,1.04289e-05,0,1,0,0,0,6,7485.41,22878.2,3.04864,0.997473,0.244773,0.0148862,0.585322,0,0,5,0,0,5,0,0,"45 44 66 74 75","0 0 0 0 0","4.33262 10.5869 0.997473 11.3741 4.45716","6 6 6 6 6","788.863 427.427 19.0502 403.12 784.522","9.41672e-07 3.4326e-05 4.47035e-09 1.31781e-05 1.72661e-06","7.89909e-07 1.66726e-05 6.82857e-09 2.76077e-05 3.39008e-06",0
0,"Cessna Citation 2_wing_rivets.step",66,22878.2,0.000139377,2442.47,20.7504,6,-1587.1,-725.667,203.763,-6517.63,0,1567.63,0.000124546,-0.000111425,1,0.369048,4.46886e-07,0,1,0,0,0,7,7108.42,22820.3,3.21846,1.00253,0.513808,0.0148862,0.960603,0,0,6,0,0,6,0,0,"65 75 76 64 63 45","0 0 0 0 0 0","1.00253 4.46845 4.89395 5.65535 31.6441 4.3436","6 6 6 6 6 6","19.1188 247.27 940.575 807.628 144.102 264.722","5.08757e-09 2.35986e-06 4.12838e-05 6.22273e-06 4.55074e-06 1.97777e-06","7.93312e-09 4.57101e-06 2.02532e-05 1.10973e-05 1.29332e-05 3.13262e-06",0
0,"Cessna Citation 2_wing_rivets.step",67,0.0804248,4.8996e-10,1.00531,1,0,-1467.8,-752.102,264.633,-6517.63,0,1567.63,0.000124546,0,1,0,0,0,1,0,0,0,1,0.104579,0.104579,0.769032,0.769032,3.29597e-17,3.29597e-17,3.29597e-17,0,1,1,1,0,0,1,0,"46","1","0.769032","1","1.00531","1.5708","0",0
0,"Cessna Citation 2_wing_rivets.step",68,0.0665108,4.05193e-10,0.96,1.10266,0,-1343.91,-729.547,238.737,-6517.63,0,1567.63,0.000124546,0,0.92,2.22045e-16,0,0,1,0,0,0,6,0.0166443,0.016646,3.99601,3.99559,3.07222e-13,4.40932e-14,5.86494e-13,6,0,0,6,0,0,1,0,"49 47 48 50 52 51","1 1 1 1 1 1","3.99639 3.99605 3.9956 3.99639 3.99605 3.99559","0 0 0 0 0 0","0.16 0.16 0.16 0.16 0.16 0.16","1.5708 1.5708 1.5708 1.5708 1.5708 1.5708","0 0 0 0 2.22045e-16 2.22045e-16",0
0,"Cessna Citation 2_wing_rivets.step",69,0.0804248,4.8996e-10,1.00531,1,0,-1223.71,-704.292,212.849,-6517.63,0,1567.63,0.000124546,0,1,0,0,0,1,0,0,0,1,0.104579,0.104579,0.769036,0.769036,6.93889e-18,6.93889e-18,6.93889e-18,0,1,1,1,0,0,1,0,"53","1","0.769036","1","1.00531","1.5708","0",0
0,"Cessna Citation 2_wing_rivets.step",70,0.0804248,4.8996e-10,1.00531,1,0,-1806.11,-702.213,481.128,-6517.63,0,1567.63,0.000124546,0,1,0,0,0,1,0,0,0,1,0.104563,0.104563,0.769148,0.769148,2.22045e-16,2.22045e-16,2.22045e-16,0,1,1,1,0,0,1,0,"54","1","0.769148","1","1.00531","1.5708","1.40433e-16",0
0,"Cessna Citation 2_wing_rivets.step",71,0.0804248,4.8996e-10,1.00531,1,0,-1775.05,-545.223,566.413,-6517.63,0,1567.63,0.000124546,0,1,0,0,0,1,0,0,0,1,0.104561,0.104561,0.769164,0.769164,3.33067e-16,3.33067e-16,3.33067e-16,0,1,1,1,0,0,1,0,"55","1","0.769164","1","1.00531","1.5708","7.02167e-17",0
0,"Cessna Citation 2_wing_rivets.step",72,0.0804248,4.8996e-10,1.00531,1,0,-1441.31,-451.592,525.356,-6517.63,0,1567.63,0.000124546,0,1,0,0,0,1,0,0,0,1,0.104561,0.104561,0.769168,0.769168,1.66533e-16,1.66533e-16,1.66533e-16,0,1,1,1,0,0,1,0,"56","1","0.769168","1","1.00531","1.5708","0",0
0,"Cessna Citation 2_wing_rivets.step",73,0.0665108,4.05193e-10,0.96,1.10266,0,-1621.2,-474.027,559.867,-6517.63,0,1567.63,0.000124546,0,1,1.11022e-16,0,0,1,0,0,0,6,0.0166413,0.0166419,3.99672,3.99658,1.99681e-13,4.16334e-15,3.05998e-13,6,0,0,6,0,0,1,0,"57 59 61 62 60 58","1 1 1 1 1 1","3.99678 3.9968 3.99658 3.99678 3.9968 3.99658","0 0 0 0 0 0","0.16 0.16 0.16 0.16 0.16 0.16","1.5708 1.5708 1.5708 1.5708 1.5708 1.5708","2.22045e-16 2.22045e-16 2.22045e-16 2.22045e-16 2.22045e-16 2.22045e-16",0
0,"Cessna Citation 2_wing_rivets.step",74,2006.35,1.2223e-05,808.724,25.9409,6,-1119.64,-545.611,337.28,-6517.63,0,1567.63,0.000124546,-0.156726,1,0.250546,2.40077e-06,0,1,0,0,0,4,78462.3,281234,0.0255708,0.00713408,0.629962,0.518706,0.733634,0,0,4,0,0,4,0,0,"75 65 76 77","0 0 0 0","0.39187 0.0879193 0.429185 0.00713408","6 6 6 6","5.47204 403.12 5.01645 395.115","0.000468329 1.31781e-05 0.000169327 2.48515e-05","0.000240702 2.76077e-05 7.61369e-05 2.60409e-05",0
0,"Cessna Citation 2_wing_rivets.step",75,5119.93,3.11914e-05,2064.17,66.2244,6,-1607.49,-524.372,494.165,-6517.63,0,1567.63,0.000124546,-0.157542,1,0.191422,2.15599e-07,0,1,0,0,0,5,66722.8,281234,0.0767344,0.0182052,0.705677,0.446414,0.969857,0,0,5,0,0,5,0,0,"77 76 66 65 74","0 0 0 0 0","0.0182052 1.09522 0.223791 0.224358 2.55187","6 6 6 6 6","1021.91 4.99737 247.27 784.522 5.47204","1.5834e-05 4.44895e-05 2.35986e-06 1.72661e-06 0.000468329","1.18794e-05 3.86396e-05 4.57101e-06 3.39008e-06 0.000240702",0
0,"Cessna Citation 2_wing_rivets.step",76,4674.78,2.84795e-05,1880.15,60.1745,6,-1525.22,-714.334,144.601,-6517.63,0,1567.63,0.000124546,-0.158212,1,0.195895,3.41433e-06,0,1,0,0,0,4,32196.4,98781.2,0.145196,0.0473246,0.781461,0.658035,0.969857,0,0,4,0,0,4,0,0,"74 66 75 78","0 0 0 0","2.33 0.204334 0.913056 0.0473246","6 6 6 6","5.01645 940.575 4.99737 929.558","0.000169327 4.12838e-05 4.44895e-05 2.74921e-06","7.61369e-05 2.02532e-05 3.86396e-05 3.5313e-06",0
0,"Cessna Citation 2_wing_rivets.step",77,281234,0.00171332,2152.99,1.31162,6,-1474.33,-611.309,404.401,-6517.63,0,1567.63,0.000124546,0.00196427,0.64,0.172554,1.95735e-06,0,1,0,0,0,3,35302.5,98781.2,7.96641,2.84704,0.756264,0.594934,0.940224,0,0,3,0,0,3,0,0,"75 74 78","0 0 0","54.9293 140.172 2.84704","6 6 6","1021.91 395.115 735.969","1.5834e-05 2.48515e-05 1.77971e-05","1.18794e-05 2.60409e-05 4.27969e-06",0
0,"Cessna Citation 2_wing_rivets.step",78,98781.2,0.00060179,1665.53,2.2347,6,-1530.94,-725.627,196.565,-6517.63,0,1567.63,0.000124546,0.00100959,0.76,0.00493546,1.1441e-08,0,1,0,0,0,2,142954,281234,0.690997,0.351242,0.705351,0.594934,0.815768,0,0,2,0,0,2,0,0,"76 77","0 0","21.1307 0.351242","6 6","929.558 735.969","2.74921e-06 1.77971e-05","3.5313e-06 4.27969e-06",0
0,"Cessna Citation 2_wing_rivets.step",79,89372,0.000544468,1155.39,1.18862,6,-7182.06,744.176,776.839,-6517.63,0,1567.63,0.000124546,-0.000595054,1,0.0193018,3.09914e-12,0,1,0,0,0,4,0,0,0,0,0,0,0,0,0,0,0,0,0,0,0,"","","","","","","",0
0,"Cessna Citation 2_wing_rivets.step",80,89372,0.000544468,1155.39,1.18862,6,-5167.91,744.176,776.839,-6517.63,0,1567.63,0.000124546,-0.000595054,1,0.0193018,3.09914e-12,0,1,0,0,0,4,0,0,0,0,0,0,0,0,0,0,0,0,0,0,0,"","","","","","","",0
0,"Cessna Citation 2_wing_rivets.step",81,89372,0.000544468,1155.39,1.18862,6,-5671.45,744.176,776.839,-6517.63,0,1567.63,0.000124546,-0.000595054,1,0.0193018,3.09914e-12,0,1,0,0,0,4,0,0,0,0,0,0,0,0,0,0,0,0,0,0,0,"","","","","","","",0
0,"Cessna Citation 2_wing_rivets.step",82,89372,0.000544468,1155.39,1.18862,6,-6174.99,744.176,776.839,-6517.63,0,1567.63,0.000124546,-0.000595054,1,0.0193018,3.09914e-12,0,1,0,0,0,4,0,0,0,0,0,0,0,0,0,0,0,0,0,0,0,"","","","","","","",0
0,"Cessna Citation 2_wing_rivets.step",83,89372,0.000544468,1155.39,1.18862,6,-6678.52,744.176,776.839,-6517.63,0,1567.63,0.000124546,-0.000595054,1,0.0193018,3.09914e-12,0,1,0,0,0,4,0,0,0,0,0,0,0,0,0,0,0,0,0,0,0,"","","","","","","",0
0,"Cessna Citation 2_wing_rivets.step",84,19996.9,0.000121824,903.366,3.24754,6,-4385.99,714.781,777.487,-6517.63,0,1567.63,0.000124546,-0.00097355,0.24,0.0407524,8.38416e-10,0,1,0,0,0,4,11311.8,12776.8,1.7678,1.56509,0.0191611,0.0191611,0.0191611,0,0,2,2,0,0,1,0,"87 85","1 1","1.56509 2.03082","6 6","67.0398 52.2522","1.03275 1.03275","2.22045e-16 2.62727e-16",0
0,"Cessna Citation 2_wing_rivets.step",85,9846.72,5.99877e-05,482.27,1.87966,6,-4498.9,790.23,593.683,-6517.63,0,1567.63,0.000124546,-0.00110678,1,0.0145176,1.82444e-10,0,1,0,0,0,4,19997,19997.1,0.49241,0.492408,0.0191611,0.0191611,0.0191611,0,0,2,2,0,0,1,0,"86 84","1 1","0.492408 0.492412","6 6","52.2522 52.2522","1.03275 1.03275","3.51083e-16 2.62727e-16",0
0,"Cessna Citation 2_wing_rivets.step",86,19997.1,0.000121825,903.364,3.2475,6,-4611.8,714.779,777.487,-6517.63,0,1567.63,0.000124546,-0.00097355,0.24,0.0323037,8.38416e-10,0,1,0,0,0,4,11311.8,12776.8,1.76781,1.56511,0.0191611,0.0191611,0.0191611,0,0,2,2,0,0,1,0,"87 85","1 1","1.56511 2.03084","6 6","67.0398 52.2522","1.03275 1.03275","2.22045e-16 3.51083e-16",0
0,"Cessna Citation 2_wing_rivets.step",87,12776.8,7.78382e-05,513.778,1.64406,6,-4498.9,608.409,947.243,-6517.63,0,1567.63,0.000124546,-0.00110678,1,0.0145176,1.82444e-10,0,1,0,0,0,4,19997,19997.1,0.638936,0.638934,0.0191611,0.0191611,0.0191611,0,0,2,2,0,0,1,0,"86 84","1 1","0.638934 0.638939","6 6","67.0398 67.0398","1.03275 1.03275","2.22045e-16 2.22045e-16",0
0,"Cessna Citation 2_wing_rivets.step",88,89372,0.000544468,1155.39,1.18862,6,-4498.9,744.176,776.839,-6517.63,0,1567.63,0.000124546,-0.000595054,1,0.0193018,3.09914e-12,0,1,0,0,0,4,0,0,0,0,0,0,0,0,0,0,0,0,0,0,0,"","","","","","","",0
0,"Cessna Citation 2_wing_rivets.step",89,91104.8,0.000555024,1170.22,1.19615,6,-4498.9,685.634,778.01,-6517.63,0,1567.63,0.000124546,0.000633797,1,0.0227344,2.64567e-12,0,1,0,0,0,4,0,0,0,0,0,0,0,0,0,0,0,0,0,0,0,"","","","","","","",0
0,"Cessna Citation 2_wing_rivets.step",90,204644,0.00124672,2246.58,1.96262,6,-8053.89,1267.01,930.807,-6517.63,0,1567.63,0.000124546,-0.010192,1,0.53666,2.39338e-05,0,1,0,0,0,4,200596,200596,1.02018,1.02018,0.0239865,0.0239865,0.0239865,0,0,1,0,0,1,0,0,"91","0","1.02018","6","229.338","8.06781e-09","8.25453e-09",0
0,"Cessna Citation 2_wing_rivets.step",91,200596,0.00122206,2246.59,2.00224,6,-8055.74,1267.01,552.119,-6517.63,0,1567.63,0.000124546,-0.0111615,1,0.520065,5.22406e-05,0,1,0,0,0,4,204644,204644,0.980215,0.980215,0.0239865,0.0239865,0.0239865,0,0,1,0,0,1,0,0,"90","0","0.980215","6","229.339","2.98023e-09","5.96046e-09",0
0,"Cessna Citation 2_wing_rivets.step",92,189754,0.00115601,1985.51,1.65327,6,-8208.42,1267.01,893.864,-6517.63,0,1567.63,0.000124546,-0.00228053,1,0.379797,4.8709e-08,0,1,0,0,0,4,189753,189753,1,1,1,1,1,0,0,1,0,0,1,0,0,"93","0","1","6","258.392","1.49012e-08","0",0
0,"Cessna Citation 2_wing_rivets.step",93,189753,0.001156,1985.5,1.65327,6,-8208.42,1267.01,583.084,-6517.63,0,1567.63,0.000124546,-0.002281,1,0.379803,4.89127e-08,0,1,0,0,0,4,189754,189754,0.999995,0.999995,1,1,1,0,0,1,0,0,1,0,0,"92","0","0.999995","6","258.392","0","0",0
0,"Cessna Citation 2_wing_rivets.step",94,1.33709e+06,0.00814577,5412.43,1.74346,6,-9183.19,1498.86,950.175,-6517.63,0,1567.63,0.000124546,-0.00141441,1,0.201888,5.25245e-08,0,1,0,0,0,4,0,0,0,0,0,0,0,0,0,0,0,0,0,0,0,"","","","","","","",0
0,"Cessna Citation 2_wing_rivets.step",95,1.33896e+06,0.00815715,5416.1,1.74339,6,-9179.5,1498.9,435.916,-6517.63,0,1567.63,0.000124546,0.00143072,1,0.201146,5.43516e-08,0,1,0,0,0,4,0,0,0,0,0,0,0,0,0,0,0,0,0,0,0,"","","","","","","",0
0,"Cessna Citation 2_wing_rivets.step",96,1.33709e+06,0.00814577,5412.43,1.74346,6,-9183.19,1035.16,950.175,-6517.63,0,1567.63,0.000124546,-0.00141441,1,0.201888,5.25245e-08,0,1,0,0,0,4,0,0,0,0,0,0,0,0,0,0,0,0,0,0,0,"","","","","","","",0
0,"Cessna Citation 2_wing_rivets.step",97,1.33896e+06,0.00815715,5416.1,1.74339,6,-9179.5,1035.12,435.916,-6517.63,0,1567.63,0.000124546,0.00143072,1,0.201146,5.43516e-08,0,1,0,0,0,4,0,0,0,0,0,0,0,0,0,0,0,0,0,0,0,"","","","","","","",0
0,"Cessna Citation 2_wing_rivets.step",98,70424.6,0.000429037,3267.65,12.0652,6,-10098.1,420.576,49.1892,-6517.63,0,1567.63,0.000124546,0.00118384,1,0.413987,4.90596e-06,0,1,0,0,0,5,12080.1,29932.1,5.8298,2.35282,0.436632,0.160296,0.912009,0,0,4,0,0,4,0,0,"102 105 100 99","0 0 0 0","4.44489 284.916 30.656 2.35282","6 6 6 6","1588.89 24.9428 46.707 44.4499","4.60622e-05 0.000102676 0.0146896 0.000466483","8.30711e-05 0.000123756 0.00519818 0.00021491",0
0,"Cessna Citation 2_wing_rivets.step",99,29932.1,0.000182351,1436.25,5.48417,6,-10068.1,593.376,381.732,-6517.63,0,1567.63,0.000124546,0.001448,1,0.00198333,8.39211e-06,0,1,0,0,0,4,26501.1,70424.6,1.12947,0.425023,0.576831,0.160296,0.866956,0,0,3,0,0,3,0,0,"103 98 100","0 0 0","4.41387 0.425023 13.0295","6 6 6","680.168 44.4499 45.5258","0.000135951 0.000466483 0.0206387","0.000277898 0.00021491 0.00695679",0
0,"Cessna Citation 2_wing_rivets.step",100,2297.25,1.39952e-05,196.564,1.33842,6,-10422.1,542.419,376.678,-6517.63,0,1567.63,0.000124546,0.00546844,1,0.0256289,2.6994e-08,0,1,0,0,0,5,25225.8,70424.6,0.0910676,0.03262,0.64884,0.3165,0.866956,0,0,4,0,0,4,0,0,"104 106 99 98","0 0 0 0","5.88631 14.707 0.0767488 0.03262","6 6 6 6","39.1759 15.7492 45.5258 46.707","0.00142812 0.000555508 0.0206387 0.0146896","0.000820558 0.00032288 0.00695679 0.00519818",0
0,"Cessna Citation 2_wing_rivets.step",101,371335,0.00226223,2319.07,1.15253,6,-10105.2,513.826,126.331,-6517.63,0,1567.63,0.000124546,0.000769324,1,0.0629932,1.22779e-09,0,1,0,0,0,5,4683.79,15843.9,79.2809,23.4371,0.447679,0.356326,0.578827,0,0,5,0,0,5,0,0,"105 102 103 106 104","0 0 0 0 0","1502.31 23.4371 54.7582 2377.28 951.482","6 6 6 6 6","23.1898 1576.07 669.014 14.549 36.247","1.87695e-05 1.05815e-05 1.72484e-06 3.05491e-06 9.24774e-07","2.37368e-05 2.00915e-05 2.30776e-06 4.76051e-06 8.48174e-07",0
0,"Cessna Citation 2_wing_rivets.step",102,15843.9,9.65237e-05,3185.02,50.9509,6,-10095.8,439.129,28.7941,-6517.63,0,1567.63,0.000124546,0.079561,1,0.581076,1.21923e-06,0,1,0,0,0,4,112197,371335,0.141215,0.0426675,0.4444,0.0979159,0.912009,0,0,4,0,0,4,0,0,"98 103 101 105","0 0 0 0","0.224977 2.33639 0.0426675 64.0997","6 6 6 6","1588.89 9.97486 1576.07 10.0843","4.60622e-05 0.000346292 1.05815e-05 0.00202044","8.30711e-05 0.000102643 2.00915e-05 0.00111559",0
0,"Cessna Citation 2_wing_rivets.step",103,6781.36,4.13131e-05,1369.31,22.0029,6,-10074.3,618.524,376.722,-6517.63,0,1567.63,0.000124546,0.0789853,1,0.195628,2.80544e-07,0,1,0,0,0,4,104317,371335,0.0650074,0.0182621,0.53181,0.0979159,0.969759,0,0,4,0,0,4,0,0,"106 101 102 99","0 0 0 0","43.4142 0.0182621 0.42801 0.226559","6 6 6 6","10.1574 669.014 9.97486 680.168","0.00521906 1.72484e-06 0.000346292 0.000135951","0.00263902 2.30776e-06 0.000102643 0.000277898",0
0,"Cessna Citation 2_wing_rivets.step",104,390.27,2.37759e-06,95.8698,1.87408,6,-10436.3,564.711,364.027,-6517.63,0,1567.63,0.000124546,0.0832539,1,0.223388,2.39392e-06,0,1,0,0,0,4,93509,371335,0.00417361,0.00105099,0.773872,0.474464,0.967754,0,0,4,0,0,4,0,0,"100 105 101 106","0 0 0 0","0.169886 1.57891 0.00105099 2.4985","6 6 6 6","39.1759 10.2186 36.247 10.2282","0.00142812 0.00576784 9.24774e-07 0.00342632","0.000820558 0.00275802 8.48174e-07 0.00192867",0
0,"Cessna Citation 2_wing_rivets.step",105,247.176,1.50584e-06,68.4356,1.50781,6,-10455.6,557.401,341.03,-6517.63,0,1567.63,0.000124546,0.0833878,1,0.211384,2.14574e-06,0,1,0,0,0,4,114499,371335,0.00215877,0.000665642,0.559,0.345853,0.953596,0,0,4,0,0,4,0,0,"102 101 104 98","0 0 0 0","0.0156007 0.000665642 0.633347 0.0035098","6 6 6 6","10.0843 23.1898 10.2186 24.9428","0.00202044 1.87695e-05 0.00576784 0.000102676","0.00111559 2.37368e-05 0.00275802 0.000123756",0
0,"Cessna Citation 2_wing_rivets.step",106,156.202,9.51603e-07,50.6839,1.30871,6,-10414,570.162,377.216,-6517.63,0,1567.63,0.000124546,0.0830965,1,0.215072,2.55342e-06,0,1,0,0,0,4,95201,371335,0.00164075,0.000420648,0.764175,0.406956,0.969759,0,0,4,0,0,4,0,0,"104 101 103 100","0 0 0 0","0.400239 0.000420648 0.0230339 0.067995","6 6 6 6","10.2282 14.549 10.1574 15.7492","0.00342632 3.05491e-06 0.00521906 0.000555508","0.00192867 4.76051e-06 0.00263902 0.00032288",0
0,"Cessna Citation 2_wing_rivets.step",107,70438.4,0.000429122,3267.99,12.0654,6,-10098.2,420.593,49.2242,-6517.63,0,1567.63,0.000124546,0.00118379,1,0.413961,4.90529e-06,0,1,0,0,0,4,16179.2,29934.9,4.35363,2.35305,0.251904,0.160292,0.317414,0,0,3,0,0,3,0,0,"111 109 108","0 0 0","4.32586 30.3655 2.35305","6 6 6","1613.71 47.1813 44.4499","2.60967e-05 0.0146337 0.000466483","4.57509e-05 0.00519849 0.00021491",0
0,"Cessna Citation 2_wing_rivets.step",108,29934.9,0.000182368,1436.57,5.48614,6,-10068.1,593.377,381.732,-6517.63,0,1567.63,0.000124546,0.00144806,1,0.00198366,8.39272e-06,0,1,0,0,0,4,26541.4,70438.4,1.12786,0.42498,0.576676,0.160292,0.866521,0,0,3,0,0,3,0,0,"112 107 109","0 0 0","4.35982 0.42498 12.9047","6 6 6","680.23 44.4499 45.7905","0.000127407 0.000466483 0.0205631","0.000361611 0.00021491 0.00700543",0
0,"Cessna Citation 2_wing_rivets.step",109,2319.69,1.41319e-05,197.413,1.33694,6,-10422.2,542.611,376.608,-6517.63,0,1567.63,0.000124546,0.0054697,1,0.025619,2.73006e-08,0,1,0,0,0,5,25232.5,70438.4,0.0919326,0.0329321,0.635812,0.317414,0.866521,0,0,4,0,0,4,0,0,"113 114 108 107","0 0 0 0","5.85782 14.4517 0.077491 0.0329321","6 6 6 6","39.2141 15.8206 45.7905 47.1813","0.000120358 0.000877095 0.0205631 0.0146337","5.04604e-05 0.000433863 0.00700543 0.00519849",0
0,"Cessna Citation 2_wing_rivets.step",110,4.42401e+06,0.0269517,15639.8,4.39982,6,-10163.1,376.999,73.9279,-6517.63,0,1567.63,0.000124546,-0.00141353,0.88,0.203297,5.43881e-07,0,2,1,2399.19,2399.19,8,5926.43,16283.1,746.488,271.693,0.899165,0.793697,0.994183,0,0,4,0,0,4,0,0,"111 112 114 113","0 0 0 0","271.693 644.327 27561.6 11171.8","6 6 6 6","1647.18 692.416 17.0771 42.5171","1.34324e-05 7.04143e-06 7.2162e-06 1.08247e-05","5.8646e-06 3.14479e-06 3.89497e-06 5.33659e-06",0
0,"Cessna Citation 2_wing_rivets.step",111,16283.1,9.91992e-05,3280.62,52.5976,6,-10101.3,438.622,31.6573,-6517.63,0,1567.63,0.000124546,-0.078378,1,0.56747,1.74161e-06,0,1,0,0,0,4,1.12543e+06,4.42401e+06,0.0144684,0.00368063,0.562127,0.278006,0.793697,0,0,4,0,0,4,0,0,"112 110 113 107","0 0 0 0","2.37153 0.00368063 41.1192 0.231168","6 6 6 6","9.97487 1647.18 9.7619 1613.71","0.000141124 1.34324e-05 0.00516947 2.60967e-05","8.59369e-05 5.8646e-06 0.00258189 4.57509e-05",0
0,"Cessna Citation 2_wing_rivets.step",112,6866.09,4.18293e-05,1392.52,22.4743,6,-10071.4,619.403,380.81,-6517.63,0,1567.63,0.000124546,-0.0779108,1,0.217932,3.36299e-06,0,1,0,0,0,4,1.1176e+06,4.42401e+06,0.00614363,0.00155201,0.847677,0.703214,0.994183,0,0,4,0,0,4,0,0,"114 110 111 108","0 0 0 0","42.7759 0.00155201 0.42167 0.229367","6 6 6 6","9.90369 692.416 9.97487 680.23","0.00431658 7.04143e-06 0.000141124 0.000127407","0.00215998 3.14479e-06 8.59369e-05 0.000361611",0
0,"Cessna Citation 2_wing_rivets.step",113,395.998,2.41248e-06,101.306,2.06237,6,-10439.4,565.131,367.48,-6517.63,0,1567.63,0.000124546,-0.0749687,1,0.210742,3.14411e-06,0,1,0,0,0,4,1.11069e+06,4.42401e+06,0.000356533,8.95112e-05,0.742855,0.451504,0.973955,0,0,4,0,0,4,0,0,"109 111 110 114","0 0 0 0","0.170712 0.0243196 8.95112e-05 2.46707","6 6 6 6","39.2141 9.7619 42.5171 9.81286","0.000120358 0.00516947 1.08247e-05 0.00335878","5.04604e-05 0.00258189 5.33659e-06 0.00162915",0
0,"Cessna Citation 2_wing_rivets.step",114,160.513,9.77871e-07,52.6142,1.37241,6,-10415.7,570.788,381.525,-6517.63,0,1567.63,0.000124546,-0.0747136,1,0.199745,3.05004e-06,0,1,0,0,0,4,1.1084e+06,4.42401e+06,0.000144816,3.62823e-05,0.891023,0.675259,0.973955,0,0,4,0,0,4,0,0,"113 110 112 109","0 0 0 0","0.405338 3.62823e-05 0.0233777 0.0691961","6 6 6 6","9.81286 17.0771 9.90369 15.8206","0.00335878 7.2162e-06 0.00431658 0.000877095","0.00162915 3.89497e-06 0.00215998 0.000433863",0
0,"Cessna Citation 2_wing_rivets.step",115,350468,0.0021351,2278.16,1.17845,6,-10097,472.181,152.044,-6517.63,0,1567.63,0.000124546,0.00083394,1,0.0656197,1.75971e-09,0,1,0,0,0,1,0,0,0,0,0,0,0,0,0,0,0,0,0,0,0,"","","","","","","",0
0,"Cessna Citation 2_wing_rivets.step",116,3.09024e+06,0.0188262,7788.07,1.56192,6,-12814.5,1217.09,1503.33,-6517.63,0,1567.63,0.000124546,0.000931827,1,0.0491076,1.83927e-06,0,1,0,0,0,4,0,0,0,0,0,0,0,0,0,0,0,0,0,0,0,"","","","","","","",0
0,"Cessna Citation 2_wing_rivets.step",117,3.06821e+06,0.018692,7762.94,1.56299,6,-12818.9,1218,1441.64,-6517.63,0,1567.63,0.000124546,-0.000515689,1,0.00752785,6.53356e-07,0,1,0,0,0,4,0,0,0,0,0,0,0,0,0,0,0,0,0,0,0,"","","","","","","",0
0,"Cessna Citation 2_wing_rivets.step",118,1.55223e+07,0.0945642,19613.2,1.9721,6,-7293.44,3213.64,-83.8959,-6517.63,0,1567.63,0.000124546,-0.000528971,1,0.0480918,6.49302e-07,0,1,0,0,0,4,0,0,0,0,0,0,0,0,0,0,0,0,0,0,0,"","","","","","","",0
0,"Cessna Citation 2_wing_rivets.step",119,1.57601e+07,0.0960129,19684.7,1.95654,6,-7282.96,3213.34,95.2451,-6517.63,0,1567.63,0.000124546,0.000771553,1,0.130398,1.31259e-06,0,1,0,0,0,4,0,0,0,0,0,0,0,0,0,0,0,0,0,0,0,"","","","","","","",0
0,"Cessna Citation 2_wing_rivets.step",120,3.23214e+06,0.0196907,8124.71,1.62524,6,-13449.2,88.2447,1970.35,-6517.63,0,1567.63,0.000124546,-8.14072e-05,1,0.0029271,5.21516e-10,0,1,0,0,0,4,0,0,0,0,0,0,0,0,0,0,0,0,0,0,0,"","","","","","","",0
0,"Cessna Citation 2_wing_rivets.step",121,18633,0.000113515,709.036,2.14706,6,-2808.63,531.846,1053,-6517.63,0,1567.63,0.000124546,-0.000599776,0.72,0.0156442,1.66448e-12,0,1,0,0,0,2,688893,688893,0.0270477,0.0270477,0.900215,0.900215,0.900215,0,0,1,1,0,0,1,0,"122","1","0.0270477","6","314.109","0.0955083","0.0287026",0
0,"Cessna Citation 2_wing_rivets.step",122,688893,0.00419684,3153.15,1.14849,6,-2335.22,453.449,863.324,-6517.63,0,1567.63,0.000124546,-0.000860633,1,0.293555,4.79361e-08,0,1,0,0,0,3,18633,18633,36.9717,36.9717,0.900215,0.900215,0.900215,0,0,1,1,0,0,1,0,"121","1","36.9717","6","314.109","0.0955083","0.0287026",0
0,"Cessna Citation 2_wing_rivets.step",123,297111,0.00181004,2063.15,1.14007,6,-3116.45,651.899,899.954,-6517.63,0,1567.63,0.000124546,-0.000597221,0.92,0.0278686,4.48832e-12,0,1,0,0,0,1,0,0,0,0,0,0,0,0,0,0,0,0,0,0,0,"","","","","","","",0
0,"Cessna Citation 2_wing_rivets.step",124,28334.7,0.000172619,715.877,1.43929,6,-2828.48,792.429,669.393,-6517.63,0,1567.63,0.000124546,-0.000592008,0.88,0.00752132,7.35863e-12,0,1,0,0,0,2,23717.5,23717.5,1.19467,1.19467,0.997282,0.997282,0.997282,0,0,1,1,0,0,1,0,"125","1","1.19467","6","274.072","0.0767208","0.0200962",0
0,"Cessna Citation 2_wing_rivets.step",125,23717.5,0.00014449,707.113,1.67764,6,-2720.53,797.795,641.578,-6517.63,0,1567.63,0.000124546,-0.000610598,0.72,0.00633236,9.81069e-10,0,1,0,0,0,2,28334.7,28334.7,0.837048,0.837048,0.997282,0.997282,0.997282,0,0,1,1,0,0,1,0,"124","1","0.837048","6","274.072","0.0767208","0.0200962",0
0,"Cessna Citation 2_wing_rivets.step",126,4.83615e+06,0.0294626,13115.4,2.83044,6,-10152.9,390.538,878.642,-6517.63,0,1567.63,0.000124546,-0.00133883,1,0.183024,5.92438e-07,0,1,0,0,0,4,0,0,0,0,0,0,0,0,0,0,0,0,0,0,0,"","","","","","","",0
0,"Cessna Citation 2_wing_rivets.step",127,36984.3,0.000225314,1413.38,4.29824,6,-10423,945.35,632.52,-6517.63,0,1567.63,0.000124546,-1.1235e-08,1,1.88711e-11,3.53462e-15,0,1,0,0,0,5,450599,699025,0.0820781,0.0529084,0.209122,0.0076697,0.611548,1,0,2,0,3,0,0,1,"130 128 129","-1 -1 -1","0.0529084 19.346 0.0568237","6 0 6","636.238 5.41874 659.316","1.51439 0.91278 1.51483","0.00691059 3.26606e-12 0.00715537",0
0,"Cessna Citation 2_wing_rivets.step",128,1911.73,1.16465e-05,716.544,21.3722,0,-10880,662.015,627.309,-6517.63,0,1567.63,0.000124546,0,0.52,0,0,0,1,0,0,0,4,462290,699025,0.00413534,0.00273485,0.206946,0.00398807,0.611548,0,0,3,0,3,0,0,1,"129 127 130","-1 -1 -1","0.00293723 0.0516902 0.00273485","6 6 6","352.282 5.41874 353.325","1.46129 0.91278 1.46129","0.00152609 3.26606e-12 0.00153039",0
0,"Cessna Citation 2_wing_rivets.step",129,650861,0.00396514,5733.45,4.01915,6,-9868.63,788.365,566.938,-6517.63,0,1567.63,0.000124546,0.00011992,0.44,0.0061476,5.07339e-08,0,1,0,0,0,5,245974,699025,2.64606,0.931098,0.337775,0.00530133,0.999875,1,0,2,0,2,1,0,0.666667,"130 127 128","0 -1 -1","0.931098 17.5983 340.457","6 6 0","129.114 659.316 352.282","0 1.51483 1.46129","0 0.00715537 0.00152609",0
0,"Cessna Citation 2_wing_rivets.step",130,699025,0.00425857,5735.7,3.74516,6,-9849.78,766.488,693.543,-6517.63,0,1567.63,0.000124546,0.000113763,0.52,0.00604674,4.34391e-08,0,1,0,0,0,6,229919,650861,3.04031,1.074,0.337178,0.00398807,0.999875,1,0,2,0,2,1,0,0.666667,"128 127 129","-1 -1 0","365.651 18.9006 1.074","0 6 6","353.325 636.238 129.114","1.46129 1.51439 0","0.00153039 0.00691059 0",0
0,"Cessna Citation 2_wing_rivets.step",131,8071.08,4.91702e-05,885.545,7.73179,6,-341.579,197.668,-186.515,-6517.63,0,1567.63,0.000124546,-0.000442861,1,0.0162122,2.94831e-08,0,1,0,0,0,4,1430.66,2175.81,5.64151,3.70946,0.780919,0.709101,0.908424,0,0,3,0,0,3,0,0,"141 139 140","0 0 0","3.94411 115.618 3.70946","6 6 6","413.48 19.0477 433.967","3.03152e-05 1.1352e-06 2.98051e-05","1.68429e-05 5.06987e-07 1.51463e-05",0
0,"Cessna Citation 2_wing_rivets.step",132,1211.83,7.38266e-06,165.333,1.79502,6,-862.839,592.398,99.2852,-6517.63,0,1567.63,0.000124546,-0.000377481,1,0.000237115,2.36253e-10,0,1,0,0,0,4,3674.93,13990.8,0.329756,0.0866165,0.78692,0.706916,0.948463,0,0,4,0,0,4,0,0,"142 146 136 145","0 0 0 0","15.5398 3.96112 0.0866165 3.72825","6 6 6 6","19.0503 62.0635 19.0502 65.1694","3.65576e-06 4.28128e-05 0.00259087 3.9208e-05","8.36547e-07 1.88529e-05 0.00118046 1.85046e-05",0
0,"Cessna Citation 2_wing_rivets.step",133,199145,0.00121322,2651.04,2.80836,6,-276.193,250.377,-81.4054,-6517.63,0,1567.63,0.000124546,-0.00250662,0.52,0.234219,6.59345e-07,0,1,0,0,0,6,102335,506229,1.94602,0.39339,0.489967,0.157692,0.821916,0,0,5,0,0,5,0,0,"143 145 137 140 150","0 0 0 0 0","68.2288 612.678 0.39339 91.5271 7909.19","6 6 6 6 6","582.216 64.925 1111.12 436.134 7.38781","1.38544e-05 7.63912e-05 5.08757e-09 2.16368e-05 5.43339e-05","1.07525e-05 3.44753e-05 7.93312e-09 1.01306e-05 2.54059e-05",0
0,"Cessna Citation 2_wing_rivets.step",134,175438,0.0010688,2548.31,2.94558,6,-295.731,239.854,-69.9266,-6517.63,0,1567.63,0.000124546,0.00275546,0.52,0.234165,9.33143e-07,0,1,0,0,0,6,93928.3,464408,1.86779,0.377768,0.578025,0.157683,0.824787,0,0,5,0,0,5,0,0,"149 141 138 146 144","0 0 0 0 0","7116.67 85.7319 0.377768 573.457 61.4253","6 6 6 6 6","7.26987 408.894 1079.08 60.79 576.032","5.26969e-05 1.96495e-05 0.00102409 4.07912e-05 1.3497e-05","2.18688e-05 7.55159e-06 0.0011951 1.45305e-05 1.09148e-05",0
0,"Cessna Citation 2_wing_rivets.step",135,11031.8,6.72073e-05,1196.1,10.32,6,-598.139,483.732,1.45553,-6517.63,0,1567.63,0.000124546,2.98662e-05,1,0.00178611,2.35927e-10,0,1,0,0,0,4,1480.68,2918.79,7.45051,3.77958,0.761486,0.70451,0.823581,0,0,4,0,0,4,0,0,"144 142 143 139","0 0 0 0","3.8625 141.465 3.77958 158.03","6 6 6 6","576.687 19.0506 581.316 19.049","4.54434e-06 8.40997e-07 4.60587e-06 1.26352e-06","8.22157e-07 1.72888e-07 8.11984e-07 3.21039e-07",0
0,"Cessna Citation 2_wing_rivets.step",136,13990.8,8.52339e-05,1506.86,12.9151,6,-862.925,344.465,349.837,-6517.63,0,1567.63,0.000124546,-0.000329868,1,0.0103806,6.98165e-08,0,1,0,0,0,4,2844.4,3748.34,4.91872,3.73253,0.797128,0.711979,0.948463,0,0,3,0,0,3,0,0,"148 132 147","0 0 0","3.73253 11.5451 3.91568","6 6 6","748.593 19.0502 720.17","2.82215e-05 0.00259087 1.80678e-05","1.75154e-05 0.00118046 1.27724e-05",0
0,"Cessna Citation 2_wing_rivets.step",137,506229,0.00308402,2868.22,1.29321,6,-486.61,265.461,247.126,-6517.63,0,1567.63,0.000124546,-0.00175229,0.88,0.235925,6.95312e-07,0,1,0,0,0,3,101447,199145,4.99009,2.54201,0.356711,0.157692,0.55573,0,0,2,0,0,2,0,0,"133 148","0 0","2.54201 135.054","6 6","1111.12 752.37","5.08757e-09 1.85958e-05","7.93312e-09 2.54338e-05",0
0,"Cessna Citation 2_wing_rivets.step",138,464408,0.00282925,2765.08,1.3101,6,-504.938,253.207,234.72,-6517.63,0,1567.63,0.000124546,0.00191492,0.88,0.23593,9.3549e-07,0,1,0,0,0,3,89505.7,175438,5.18859,2.64713,0.475173,0.157683,0.792664,0,0,2,0,0,2,0,0,"147 134","0 0","129.977 2.64713","6 6","714.48 1079.08","0.000473673 0.00102409","0.000271095 0.0011951",0
0,"Cessna Citation 2_wing_rivets.step",139,69.8082,4.25282e-07,45.4267,2.35238,6,-343.554,358.071,-60.2214,-6517.63,0,1567.63,0.000124546,0.157477,1,0.108878,4.20914e-12,0,1,0,0,0,4,4788.18,11031.8,0.0145793,0.00632792,0.780054,0.692027,0.908424,0,0,4,0,0,4,0,0,"149 135 150 131","0 0 0 0","2.83177 0.00632792 2.77248 0.00864918","6 6 6 6","3.66002 19.049 3.67003 19.0477","0.00375917 1.26352e-06 0.00378866 1.1352e-06","0.00182819 3.21039e-07 0.00184245 5.06987e-07",0
0,"Cessna Citation 2_wing_rivets.step",140,2175.81,1.32554e-05,880.089,28.3284,6,-336.724,202.924,-194.94,-6517.63,0,1567.63,0.000124546,-0.158578,1,0.27149,1.315e-07,0,1,0,0,0,4,69080.6,199145,0.0314967,0.0109257,0.69457,0.443045,0.931564,0,0,3,0,0,3,0,0,"131 150 133","0 0 0","0.269581 86.4137 0.0109257","6 6 6","433.967 4.99506 436.134","2.98051e-05 0.00716867 2.16368e-05","1.51463e-05 0.00369265 1.01306e-05",0
0,"Cessna Citation 2_wing_rivets.step",141,2046.36,1.24667e-05,832.335,26.9404,6,-344.298,191.894,-177.399,-6517.63,0,1567.63,0.000124546,-0.156915,1,0.177662,2.32863e-07,0,1,0,0,0,4,61178.1,175438,0.0334493,0.0116643,0.774162,0.725231,0.824787,0,0,3,0,0,3,0,0,"134 149 131","0 0 0","0.0116643 83.0107 0.253542","6 6 6","408.894 4.97892 413.48","1.96495e-05 0.00772894 3.03152e-05","7.55159e-06 0.00365053 1.68429e-05",0
0,"Cessna Citation 2_wing_rivets.step",142,77.9826,4.75082e-07,46.2874,2.18634,6,-861.881,588.242,65.9969,-6517.63,0,1567.63,0.000124546,-0.157478,1,0.137059,2.44664e-12,0,1,0,0,0,4,3067.4,11031.8,0.025423,0.0070689,0.811368,0.78453,0.830172,0,0,4,0,0,4,0,0,"135 151 132 152","0 0 0 0","0.0070689 6.05297 0.064351 5.95013","6 6 6 6","19.0506 4.08149 19.0503 4.10497","8.40997e-07 0.000369496 3.65576e-06 0.000330922","1.72888e-07 0.000150048 8.36547e-07 0.00013532",0
0,"Cessna Citation 2_wing_rivets.step",143,2918.79,1.77817e-05,1173.57,37.5494,6,-593.558,494.195,-0.357555,-6517.63,0,1567.63,0.000124546,-0.157591,1,0.234433,4.63343e-09,0,1,0,0,0,4,52553.9,199145,0.055539,0.0146566,0.830069,0.70451,0.956067,0,0,4,0,0,4,0,0,"135 152 133 150","0 0 0 0","0.26458 222.706 0.0146566 115.922","6 6 6 6","581.316 5.01243 582.216 5.02238","4.60587e-06 5.57395e-05 1.38544e-05 0.00782643","8.11984e-07 9.29092e-06 1.07525e-05 0.00384791",0
0,"Cessna Citation 2_wing_rivets.step",144,2856.13,1.73999e-05,1162.63,37.6613,6,-602.08,473.608,5.45423,-6517.63,0,1567.63,0.000124546,-0.157331,1,0.177062,4.11437e-09,0,1,0,0,0,4,46627,175438,0.0612548,0.0162799,0.720434,0.433013,0.883062,0,0,4,0,0,4,0,0,"149 134 151 135","0 0 0 0","115.859 0.0162799 221.691 0.2589","6 6 6 6","4.94927 576.032 4.96095 576.687","0.0071925 1.3497e-05 3.7606e-05 4.54434e-06","0.00356701 1.09148e-05 9.1776e-06 8.22157e-07",0
0,"Cessna Citation 2_wing_rivets.step",145,325.041,1.9802e-06,140.111,4.80615,6,-858.46,603.001,98.2354,-6517.63,0,1567.63,0.000124546,-0.158515,1,0.209402,5.33082e-08,0,1,0,0,0,4,51029.7,199145,0.00636964,0.00163218,0.589045,0.328355,0.819364,0,0,4,0,0,4,0,0,"132 148 133 152","0 0 0 0","0.268223 0.0867159 0.00163218 24.8009","6 6 6 6","65.1694 5.02611 64.925 4.99054","3.9208e-05 0.000312685 7.63912e-05 9.7948e-05","1.85046e-05 0.000149923 3.44753e-05 2.56638e-05",0
0,"Cessna Citation 2_wing_rivets.step",146,305.932,1.86378e-06,132.861,4.5916,6,-865.053,580.984,100.11,-6517.63,0,1567.63,0.000124546,-0.156898,1,0.197803,1.88564e-07,0,1,0,0,0,4,45059.1,175438,0.00678957,0.00174381,0.81687,0.707772,0.903439,0,0,4,0,0,4,0,0,"151 134 147 132","0 0 0 0","23.7463 0.00174381 0.0856228 0.252454","6 6 6 6","4.98366 60.79 5.02434 62.0635","7.30119e-05 4.07912e-05 0.00330515 4.28128e-05","1.98197e-05 1.45305e-05 0.00133867 1.88529e-05",0
0,"Cessna Citation 2_wing_rivets.step",147,3573.01,2.17673e-05,1444.66,46.4822,6,-865.203,336.937,341.952,-6517.63,0,1567.63,0.000124546,-0.157049,1,0.187995,2.42666e-07,0,1,0,0,0,4,159568,464408,0.0223917,0.00769369,0.793844,0.730942,0.857926,0,0,3,0,0,3,0,0,"136 146 138","0 0 0","0.255384 11.6791 0.00769369","6 6 6","720.17 5.02434 714.48","1.80678e-05 0.00330515 0.000473673","1.27724e-05 0.00133867 0.000271095",0
0,"Cessna Citation 2_wing_rivets.step",148,3748.34,2.28354e-05,1510.98,48.4694,6,-858.469,351.585,357.028,-6517.63,0,1567.63,0.000124546,-0.158315,1,0.264481,3.52661e-07,0,1,0,0,0,4,173515,506229,0.0216024,0.00740443,0.589752,0.501546,0.711979,0,0,3,0,0,3,0,0,"137 145 136","0 0 0","0.00740443 11.5319 0.267915","6 6 6","752.37 5.02611 748.593","1.85958e-05 0.000312685 2.82215e-05","2.54338e-05 0.000149923 1.75154e-05",0
0,"Cessna Citation 2_wing_rivets.step",149,24.6518,1.50182e-07,20.8581,1.4044,6,-347.692,348.289,-55.0438,-6517.63,0,1567.63,0.000124546,-0.0700668,1,0.269186,0.00210603,0,1,0,0,0,4,45102.7,175438,0.00054657,0.000140515,0.749919,0.676302,0.854722,0,0,4,0,0,4,0,0,"141 134 144 139","0 0 0 0","0.0120466 0.000140515 0.00863119 0.353136","6 6 6 6","4.97892 7.26987 4.94927 3.66002","0.00772894 5.26969e-05 0.0071925 0.00375917","0.00365053 2.18688e-05 0.00356701 0.00182819",0
0,"Cessna Citation 2_wing_rivets.step",150,25.179,1.53394e-07,21.0753,1.40378,6,-337.468,367.591,-63.6992,-6517.63,0,1567.63,0.000124546,-0.0723066,1,0.271133,0.00214865,0,1,0,0,0,4,51077.5,199145,0.000492957,0.000126435,0.819621,0.692027,0.956067,0,0,4,0,0,4,0,0,"139 143 133 140","0 0 0 0","0.360688 0.00862652 0.000126435 0.0115722","6 6 6 6","3.67003 5.02238 7.38781 4.99506","0.00378866 0.00782643 5.43339e-05 0.00716867","0.00184245 0.00384791 2.54059e-05 0.00369265",0
0,"Cessna Citation 2_wing_rivets.step",151,12.8834,7.84873e-08,14.0261,1.21516,6,-864.396,577.625,68.2157,-6517.63,0,1567.63,0.000124546,-0.314961,0.76,0.277371,2.77556e-17,0,1,0,0,0,3,1080.01,2856.13,0.0119289,0.00451078,0.870119,0.823856,0.903439,0,0,3,0,0,3,0,0,"144 146 142","0 0 0","0.00451078 0.0421119 0.165208","6 6 6","4.96095 4.98366 4.08149","3.7606e-05 7.30119e-05 0.000369496","9.1776e-06 1.98197e-05 0.000150048",0
0,"Cessna Citation 2_wing_rivets.step",152,13.106,7.98439e-08,14.1079,1.2085,6,-858.394,598.714,64.5825,-6517.63,0,1567.63,0.000124546,-0.314961,0.68,0.288197,0,0,1,0,0,0,3,1107.27,2918.79,0.0118363,0.00449023,0.829106,0.819364,0.837782,0,0,3,0,0,3,0,0,"145 143 142","0 0 0","0.0403212 0.00449023 0.168064","6 6 6","4.99054 5.01243 4.10497","9.7948e-05 5.57395e-05 0.000330922","2.56638e-05 9.29092e-06 0.00013532",0
0,"Cessna Citation 2_wing_rivets.step",153,60677.6,0.000369657,2819.1,10.4228,6,-4216.5,718.859,416.177,-6517.63,0,1567.63,0.000124546,-7.38174e-07,1,0.00102537,3.10748e-10,0,1,0,0,0,5,42066.9,112130,1.44241,0.541135,0.769491,0.695747,0.880417,0,0,3,0,0,3,0,0,"157 154 159","0 0 0","8.81364 0.541135 8.44395","6 6 6","685.731 44.4454 716.144","7.27804e-06 0.00228931 1.3868e-05","2.16387e-05 0.000646746 4.12383e-05",0
0,"Cessna Citation 2_wing_rivets.step",154,112130,0.000683114,5131.68,18.689,6,-4653.31,629.166,373.944,-6517.63,0,1567.63,0.000124546,2.12869e-06,1,0.737652,2.15327e-10,0,1,0,0,0,5,28829.5,60677.6,3.88943,1.84797,0.302642,0.0054692,0.880417,0,0,3,0,0,3,0,0,"153 160 158","0 0 0","1.84797 8.24845 9.17849","6 6 6","44.4472 1348.87 1211.83","0.000336306 4.31153e-05 0.000212458","0.000120918 0.000127958 0.00063353",0
0,"Cessna Citation 2_wing_rivets.step",155,72387,0.000440992,4286.12,20.1956,6,-4532.53,662.373,-53.4745,-6517.63,0,1567.63,0.000124546,0,0,0,0,0,1,0,0,0,5,26642.8,59449.8,2.71695,1.21762,0.519672,0.238528,1,0,0,3,0,0,3,0,0,"156 160 157","0 0 0","1.21762 5.32489 10.5145","6 6 6","25.4731 1371.8 694.382","0 4.53081e-06 9.27461e-06","0 5.68267e-06 1.22247e-05",0
0,"Cessna Citation 2_wing_rivets.step",156,59449.8,0.000362177,4074.14,22.2183,6,-4500.11,650.317,870.946,-6517.63,0,1567.63,0.000124546,0,0,0,0,0,1,0,0,0,5,30596.5,72387,1.94302,0.821277,0.492383,0.234001,1,0,0,3,0,0,3,0,0,"155 159 158","0 0 0","0.821277 8.27308 4.8663","6 6 6","25.4714 723.513 1234.68","0 4.35613e-06 5.12498e-06","0 3.03649e-06 5.95237e-06",0
0,"Cessna Citation 2_wing_rivets.step",157,6884.52,4.19415e-05,1400.07,22.6578,6,-4188.48,745.624,77.2984,-6517.63,0,1567.63,0.000124546,-0.0791161,1,0.245985,2.53087e-08,0,1,0,0,0,4,38461.2,72387,0.178999,0.0951071,0.54681,0.293808,0.840632,0,0,4,0,0,4,0,0,"155 160 153 159","0 0 0 0","0.0951071 0.506435 0.113461 0.958055","6 6 6 6","694.382 9.98424 685.731 9.97479","9.27461e-06 0.00196524 7.27804e-06 6.43987e-05","1.22247e-05 0.0008827 2.16387e-05 3.16503e-05",0
0,"Cessna Citation 2_wing_rivets.step",158,12216.6,7.44255e-05,2466.47,39.6269,6,-4653.53,649.677,873.161,-6517.63,0,1567.63,0.000124546,-0.078982,1,0.306585,5.25105e-08,0,1,0,0,0,4,48090,112130,0.254037,0.10895,0.35365,0.0054692,0.888232,0,0,4,0,0,4,0,0,"159 154 160 156","0 0 0 0","1.70008 0.10895 0.898672 0.205495","6 6 6 6","9.98114 1211.83 9.97477 1234.68","0.000198684 0.000212458 7.16897e-06 5.12498e-06","0.000123157 0.00063353 3.66732e-06 5.95237e-06",0
0,"Cessna Citation 2_wing_rivets.step",159,7185.93,4.37778e-05,1459.61,23.593,6,-4238.82,738.097,741.663,-6517.63,0,1567.63,0.000124546,-0.0791397,1,0.251777,2.2647e-08,0,1,0,0,0,4,34807.1,60677.6,0.20645,0.118428,0.516606,0.243148,0.840632,0,0,4,0,0,4,0,0,"156 157 153 158","0 0 0 0","0.120874 1.04378 0.118428 0.588209","6 6 6 6","723.513 9.97479 716.144 9.98114","4.35613e-06 6.43987e-05 1.3868e-05 0.000198684","3.03649e-06 3.16503e-05 4.12383e-05 0.000123157",0
0,"Cessna Citation 2_wing_rivets.step",160,13594.1,8.28173e-05,2740.63,43.9684,6,-4657.78,649.241,-75.0524,-6517.63,0,1567.63,0.000124546,-0.0782099,1,0.171296,2.67067e-06,0,1,0,0,0,4,50904.6,112130,0.26705,0.121235,0.360652,0.0220392,0.888232,0,0,4,0,0,4,0,0,"158 154 157 155","0 0 0 0","1.11275 0.121235 1.97459 0.187797","6 6 6 6","9.97477 1348.87 9.98424 1371.8","7.16897e-06 4.31153e-05 0.00196524 4.53081e-06","3.66732e-06 0.000127958 0.0008827 5.68267e-06",0
0,"Cessna Citation 2_wing_rivets.step",161,262643,0.00160006,3555.65,3.83056,6,-4500.62,695.97,702.927,-6517.63,0,1567.63,0.000124546,0.000629267,0.6,0.0653973,5.6436e-11,0,2,1,1170.22,1170.22,7,141521,406170,1.85586,0.646634,0.744165,0.659973,0.873349,0,0,3,0,0,3,0,0,"166 174 164","0 0 0","22.5992 0.646634 38.7926","6 6 6","1153.54 556.37 675.516","6.75395e-06 0.000239239 1.08297e-05","7.71444e-06 0 5.56558e-06",0
0,"Cessna Citation 2_wing_rivets.step",162,287086,0.00174897,3629.9,3.6523,6,-4500.1,735.692,732.666,-6517.63,0,1567.63,0.000124546,-0.000591795,0.64,0.071906,4.38633e-11,0,2,1,1155.39,1155.39,7,150000,430769,1.91391,0.666451,0.675544,0.644623,0.701428,0,0,3,0,0,3,0,0,"170 173 171","0 0 0","40.0922 0.666451 23.7867","6 6 6","718.545 556.374 1199.59","4.50529e-06 0 5.62095e-06","2.84298e-06 0 6.78956e-06",0
0,"Cessna Citation 2_wing_rivets.step",163,13013.4,7.92797e-05,2631.51,42.3457,6,-4653.19,613.855,-49.0556,-6517.63,0,1567.63,0.000124546,-0.0793771,1,0.168881,3.47455e-06,0,1,0,0,0,4,130153,406170,0.0999855,0.0320394,0.522893,0.0152212,0.895762,0,0,4,0,0,4,0,0,"166 167 165 174","0 0 0 0","1.11974 0.1351 2.00313 0.0320394","6 6 6 6","9.97422 1317.15 9.96277 1294.43","0.000145458 3.54848e-08 0.00124292 4.26919e-06","7.14387e-05 4.14274e-08 0.000553595 4.14057e-06",0
0,"Cessna Citation 2_wing_rivets.step",164,6770.44,4.12465e-05,1378.39,22.3314,6,-4243.39,697.665,722.733,-6517.63,0,1567.63,0.000124546,-0.0783163,1,0.251652,2.57586e-08,0,1,0,0,0,4,83243,262643,0.0813335,0.0257781,0.631449,0.287795,0.84302,0,0,4,0,0,4,0,0,"161 165 168 166","0 0 0 0","0.0257781 1.04216 0.129676 0.582564","6 6 6 6","675.516 9.97421 682.931 9.96625","1.08297e-05 0.000137726 3.47664e-06 0.000269486","5.56558e-06 6.74747e-05 1.0038e-05 0.000139204",0
0,"Cessna Citation 2_wing_rivets.step",165,6496.54,3.95779e-05,1323,21.4403,6,-4193.17,704.964,96.2258,-6517.63,0,1567.63,0.000124546,-0.0783423,1,0.245715,2.88018e-08,0,1,0,0,0,4,119541,406170,0.0543457,0.0159946,0.643621,0.297591,0.84302,0,0,4,0,0,4,0,0,"174 163 168 164","0 0 0 0","0.0159946 0.499219 0.12443 0.959545","6 6 6 6","647.161 9.96277 655.906 9.97421","6.24965e-06 0.00124292 7.5277e-06 0.000137726","2.52483e-06 0.000553595 2.22564e-05 6.74747e-05",0
0,"Cessna Citation 2_wing_rivets.step",166,11621.8,7.08017e-05,2349.61,37.8015,6,-4649.45,614.047,847.935,-6517.63,0,1567.63,0.000124546,-0.0784837,1,0.304331,5.92749e-08,0,1,0,0,0,4,94687.8,262643,0.122738,0.0442494,0.515349,0.00449102,0.895762,0,0,4,0,0,4,0,0,"164 167 163 161","0 0 0 0","1.71655 0.120653 0.893063 0.0442494","6 6 6 6","9.96625 1176.13 9.97422 1153.54","0.000269486 1.51658e-05 0.000145458 6.75395e-06","0.000139204 4.51838e-05 7.14387e-05 7.71444e-06",0
0,"Cessna Citation 2_wing_rivets.step",167,96324.3,0.000586822,5130.17,21.7429,6,-4653.51,631.845,373.745,-6517.63,0,1567.63,0.000124546,-2.12516e-06,1,0.73776,2.11965e-10,0,1,0,0,0,6,20471.2,52210.5,4.70536,1.84492,0.480346,0.00449102,0.880487,0,0,5,0,0,5,0,0,"166 168 171 169 163","0 0 0 0 0","8.28825 1.84492 7.981 7.1665 7.40192","6 6 6 6 6","1176.13 38.1007 1210.86 1349.84 1317.15","1.51658e-05 0.000295692 1.1005e-05 1.22677e-06 3.54848e-08","4.51838e-05 7.24599e-05 3.28125e-05 3.57053e-06 4.14274e-08",0
0,"Cessna Citation 2_wing_rivets.step",168,52210.5,0.000318074,2816.91,12.0943,6,-4216.5,721.635,416.227,-6517.63,0,1567.63,0.000124546,7.2584e-07,1,0.0010186,3.0607e-10,0,1,0,0,0,6,24724.4,96324.3,2.1117,0.542029,0.746985,0.694679,0.880487,0,0,5,0,0,5,0,0,"165 167 172 170 164","0 0 0 0 0","8.03667 0.542029 7.59968 7.2913 7.71154","6 6 6 6 6","655.906 38.1007 686.702 715.173 682.931","7.5277e-06 0.00246766 1.67885e-05 3.79811e-06 3.47664e-06","2.22564e-05 0.000513746 5.00758e-05 1.10579e-05 1.0038e-05",0
0,"Cessna Citation 2_wing_rivets.step",169,13440.9,8.18841e-05,2707.61,43.4043,6,-4656.14,652.059,-71.5873,-6517.63,0,1567.63,0.000124546,-0.0796697,1,0.428162,2.46875e-06,0,1,0,0,0,4,136508,430769,0.0984624,0.0312021,0.49028,0.120396,0.805682,0,0,4,0,0,4,0,0,"173 172 167 171","0 0 0 0","0.0312021 1.95644 0.139538 1.11365","6 6 6 6","1337.81 9.98505 1349.84 9.97488","4.63774e-06 0.00206687 1.22677e-06 4.39231e-05","6.58893e-06 0.00106115 3.57053e-06 2.17936e-05",0
0,"Cessna Citation 2_wing_rivets.step",170,7160.66,4.36238e-05,1453.67,23.484,6,-4243.41,738.506,741.168,-6517.63,0,1567.63,0.000124546,-0.0791161,1,0.230908,2.53804e-08,0,1,0,0,0,4,89559.1,287086,0.0799546,0.0249425,0.599008,0.119195,0.843371,0,0,4,0,0,4,0,0,"171 168 172 162","0 0 0 0","0.593301 0.13715 1.04229 0.0249425","6 6 6 6","9.98193 715.173 9.97486 718.545","0.000199455 3.79811e-06 1.22422e-05 4.50529e-06","0.000108765 1.10579e-05 5.82396e-06 2.84298e-06",0
0,"Cessna Citation 2_wing_rivets.step",171,12069.2,7.35274e-05,2430.41,38.9468,6,-4651.98,652.315,870.174,-6517.63,0,1567.63,0.000124546,-0.0789657,1,0.36166,4.93459e-08,0,1,0,0,0,4,101003,287086,0.119493,0.0420403,0.434594,0.119195,0.695851,0,0,4,0,0,4,0,0,"162 169 167 170","0 0 0 0","0.0420403 0.897944 0.125298 1.68549","6 6 6 6","1199.59 9.97488 1210.86 9.98193","5.62095e-06 4.39231e-05 1.1005e-05 0.000199455","6.78956e-06 2.17936e-05 3.28125e-05 0.000108765",0
0,"Cessna Citation 2_wing_rivets.step",172,6870.09,4.18536e-05,1394.99,22.5408,6,-4193.17,746.227,78.4686,-6517.63,0,1567.63,0.000124546,-0.0791389,1,0.229982,2.26559e-08,0,1,0,0,0,4,125895,430769,0.0545699,0.0159484,0.589334,0.120396,0.843371,0,0,4,0,0,4,0,0,"170 168 169 173","0 0 0 0","0.959422 0.131584 0.511133 0.0159484","6 6 6 6","9.97486 686.702 9.98505 688.327","1.22422e-05 1.67885e-05 0.00206687 5.18908e-06","5.82396e-06 5.00758e-05 0.00106115 2.42672e-06",0
0,"Cessna Citation 2_wing_rivets.step",173,430769,0.00262431,2582.51,1.23206,6,-4499.57,738.992,59.8507,-6517.63,0,1567.63,0.000124546,-0.000592418,1,0.0581794,3.35321e-11,0,1,0,0,0,3,102466,287086,4.20403,1.50049,0.711935,0.644623,0.792295,0,0,3,0,0,3,0,0,"162 172 169","0 0 0","1.50049 62.7021 32.0491","6 6 6","556.374 688.327 1337.81","0 5.18908e-06 4.63774e-06","0 2.42672e-06 6.58893e-06",0
0,"Cessna Citation 2_wing_rivets.step",174,406170,0.00247445,2497.96,1.22251,6,-4499.8,693.793,79.8588,-6517.63,0,1567.63,0.000124546,0.000630382,1,0.0581466,4.23383e-11,0,1,0,0,0,3,94051,262643,4.31861,1.54647,0.748312,0.659973,0.883,0,0,3,0,0,3,0,0,"163 165 161","0 0 0","31.2116 62.5209 1.54647","6 6 6","1294.43 647.161 556.37","4.26919e-06 6.24965e-06 0.000239239","4.14057e-06 2.52483e-06 0",0
0,"Cessna Citation 2_wing_rivets.step",175,89372,0.000544467,1155.39,1.18862,6,-7182.06,-744.176,776.839,-6517.63,0,1567.63,0.000124546,-0.000595054,1,0.0193018,3.09914e-12,0,1,0,0,0,4,0,0,0,0,0,0,0,0,0,0,0,0,0,0,0,"","","","","","","",0
0,"Cessna Citation 2_wing_rivets.step",176,89372,0.000544467,1155.39,1.18862,6,-5167.91,-744.176,776.839,-6517.63,0,1567.63,0.000124546,-0.000595054,1,0.0193018,3.09914e-12,0,1,0,0,0,4,0,0,0,0,0,0,0,0,0,0,0,0,0,0,0,"","","","","","","",0
0,"Cessna Citation 2_wing_rivets.step",177,89372,0.000544467,1155.39,1.18862,6,-5671.45,-744.176,776.839,-6517.63,0,1567.63,0.000124546,-0.000595054,1,0.0193018,3.09914e-12,0,1,0,0,0,4,0,0,0,0,0,0,0,0,0,0,0,0,0,0,0,"","","","","","","",0
0,"Cessna Citation 2_wing_rivets.step",178,89372,0.000544467,1155.39,1.18862,6,-6174.99,-744.176,776.839,-6517.63,0,1567.63,0.000124546,-0.000595054,1,0.0193018,3.09914e-12,0,1,0,0,0,4,0,0,0,0,0,0,0,0,0,0,0,0,0,0,0,"","","","","","","",0
0,"Cessna Citation 2_wing_rivets.step",179,89372,0.000544467,1155.39,1.18862,6,-6678.52,-744.176,776.839,-6517.63,0,1567.63,0.000124546,-0.000595054,1,0.0193018,3.09914e-12,0,1,0,0,0,4,0,0,0,0,0,0,0,0,0,0,0,0,0,0,0,"","","","","","","",0
0,"Cessna Citation 2_wing_rivets.step",180,89372,0.000544467,1155.39,1.18862,6,-4498.9,-744.176,776.839,-6517.63,0,1567.63,0.000124546,-0.000595054,1,0.0193018,3.09914e-12,0,1,0,0,0,4,0,0,0,0,0,0,0,0,0,0,0,0,0,0,0,"","","","","","","",0
0,"Cessna Citation 2_wing_rivets.step",181,204644,0.00124672,2246.58,1.96262,6,-8053.89,-1267.01,930.807,-6517.63,0,1567.63,0.000124546,-0.010192,1,0.53666,2.39338e-05,0,1,0,0,0,4,200596,200596,1.02018,1.02018,0.0239865,0.0239865,0.0239865,0,0,1,0,0,1,0,0,"182","0","1.02018","6","229.339","5.08757e-09","7.93312e-09",0
0,"Cessna Citation 2_wing_rivets.step",182,200596,0.00122206,2246.59,2.00224,6,-8055.74,-1267.01,552.119,-6517.63,0,1567.63,0.000124546,-0.0111615,1,0.520065,5.22406e-05,0,1,0,0,0,4,204644,204644,0.980215,0.980215,0.0239865,0.0239865,0.0239865,0,0,1,0,0,1,0,0,"181","0","0.980215","6","229.338","4.47035e-09","6.82857e-09",0
0,"Cessna Citation 2_wing_rivets.step",183,189754,0.00115601,1985.51,1.65327,6,-8208.42,-1267.01,893.864,-6517.63,0,1567.63,0.000124546,-0.00228053,1,0.379797,4.8709e-08,0,1,0,0,0,4,189753,189753,1,1,1,1,1,0,0,1,0,0,1,0,0,"184","0","1","6","258.392","0","0",0
0,"Cessna Citation 2_wing_rivets.step",184,189753,0.001156,1985.5,1.65327,6,-8208.42,-1267.01,583.084,-6517.63,0,1567.63,0.000124546,-0.002281,1,0.379803,4.89127e-08,0,1,0,0,0,4,189754,189754,0.999995,0.999995,1,1,1,0,0,1,0,0,1,0,0,"183","0","0.999995","6","258.392","1.49012e-08","0",0
0,"Cessna Citation 2_wing_rivets.step",185,1.33709e+06,0.00814577,5412.43,1.74346,6,-9183.19,-1498.86,950.175,-6517.63,0,1567.63,0.000124546,-0.00141441,1,0.201888,5.25245e-08,0,1,0,0,0,4,0,0,0,0,0,0,0,0,0,0,0,0,0,0,0,"","","","","","","",0
0,"Cessna Citation 2_wing_rivets.step",186,1.33896e+06,0.00815715,5416.1,1.74339,6,-9179.5,-1498.9,435.916,-6517.63,0,1567.63,0.000124546,0.00143072,1,0.201146,5.43516e-08,0,1,0,0,0,4,0,0,0,0,0,0,0,0,0,0,0,0,0,0,0,"","","","","","","",0
0,"Cessna Citation 2_wing_rivets.step",187,1.33709e+06,0.00814577,5412.43,1.74346,6,-9183.19,-1035.16,950.175,-6517.63,0,1567.63,0.000124546,-0.00141441,1,0.201888,5.25245e-08,0,1,0,0,0,4,0,0,0,0,0,0,0,0,0,0,0,0,0,0,0,"","","","","","","",0
0,"Cessna Citation 2_wing_rivets.step",188,1.33896e+06,0.00815715,5416.1,1.74339,6,-9179.5,-1035.12,435.916,-6517.63,0,1567.63,0.000124546,0.00143072,1,0.201146,5.43516e-08,0,1,0,0,0,4,0,0,0,0,0,0,0,0,0,0,0,0,0,0,0,"","","","","","","",0
0,"Cessna Citation 2_wing_rivets.step",189,3.09024e+06,0.0188262,7788.07,1.56192,6,-12814.5,-1217.09,1503.33,-6517.63,0,1567.63,0.000124546,0.000931827,1,0.0491076,1.83927e-06,0,1,0,0,0,4,0,0,0,0,0,0,0,0,0,0,0,0,0,0,0,"","","","","","","",0
0,"Cessna Citation 2_wing_rivets.step",190,3.06821e+06,0.018692,7762.94,1.56299,6,-12818.9,-1218,1441.64,-6517.63,0,1567.63,0.000124546,-0.000515689,1,0.00752785,6.53356e-07,0,1,0,0,0,4,0,0,0,0,0,0,0,0,0,0,0,0,0,0,0,"","","","","","","",0
0,"Cessna Citation 2_wing_rivets.step",191,1.55223e+07,0.0945642,19613.2,1.9721,6,-7293.44,-3213.64,-83.8959,-6517.63,0,1567.63,0.000124546,-0.000528971,1,0.0480918,6.49302e-07,0,1,0,0,0,4,0,0,0,0,0,0,0,0,0,0,0,0,0,0,0,"","","","","","","",0
0,"Cessna Citation 2_wing_rivets.step",192,1.57601e+07,0.0960129,19684.7,1.95654,6,-7282.96,-3213.34,95.2451,-6517.63,0,1567.63,0.000124546,0.000771553,1,0.130398,1.31259e-06,0,1,0,0,0,4,0,0,0,0,0,0,0,0,0,0,0,0,0,0,0,"","","","","","","",0
0,"Cessna Citation 2_wing_rivets.step",193,3.23208e+06,0.0196903,8124.71,1.62526,6,-13449.2,-88.2458,1970.34,-6517.63,0,1567.63,0.000124546,-8.14072e-05,1,0.0029271,5.21516e-10,0,1,0,0,0,4,0,0,0,0,0,0,0,0,0,0,0,0,0,0,0,"","","","","","","",0
0,"Cessna Citation 2_wing_rivets.step",194,18634.1,0.000113521,709.036,2.14694,6,-2808.62,-531.839,1053.01,-6517.63,0,1567.63,0.000124546,-0.000599776,0.72,0.0156442,1.66448e-12,0,1,0,0,0,2,694057,694057,0.026848,0.026848,0.900215,0.900215,0.900215,0,0,1,1,0,0,1,0,"195","1","0.026848","6","314.109","0.0955083","0.0287026",0
0,"Cessna Citation 2_wing_rivets.step",195,694057,0.0042283,3153.15,1.13995,6,-2334.76,-454.904,860.967,-6517.63,0,1567.63,0.000124546,-0.000860633,1,0.293555,4.79361e-08,0,1,0,0,0,3,18634.1,18634.1,37.2467,37.2467,0.900215,0.900215,0.900215,0,0,1,1,0,0,1,0,"194","1","37.2467","6","314.109","0.0955083","0.0287026",0
0,"Cessna Citation 2_wing_rivets.step",196,297564,0.00181281,2063.15,1.13833,6,-3115.88,-651.6,900.299,-6517.63,0,1567.63,0.000124546,-0.000597221,0.92,0.0573027,4.48832e-12,0,1,0,0,0,1,0,0,0,0,0,0,0,0,0,0,0,0,0,0,0,"","","","","","","",0
0,"Cessna Citation 2_wing_rivets.step",197,28360.6,0.000172777,715.877,1.43798,6,-2828.49,-792.447,669.344,-6517.63,0,1567.63,0.000124546,-0.000592008,0.88,0.00752132,7.35863e-12,0,1,0,0,0,2,23630.9,23630.9,1.20015,1.20015,0.997282,0.997282,0.997282,0,0,1,1,0,0,1,0,"198","1","1.20015","6","274.072","0.0767208","0.0200962",0
0,"Cessna Citation 2_wing_rivets.step",198,23630.9,0.000143963,707.113,1.68379,6,-2720.5,-797.765,641.642,-6517.63,0,1567.63,0.000124546,-0.000610598,0.72,0.00633236,9.81069e-10,0,1,0,0,0,2,28360.6,28360.6,0.833233,0.833233,0.997282,0.997282,0.997282,0,0,1,1,0,0,1,0,"197","1","0.833233","6","274.072","0.0767208","0.0200962",0
0,"Cessna Citation 2_wing_rivets.step",199,4.83622e+06,0.029463,13115.4,2.8304,6,-10152.9,-390.542,878.644,-6517.63,0,1567.63,0.000124546,-0.00133883,1,0.183024,5.92438e-07,0,1,0,0,0,4,0,0,0,0,0,0,0,0,0,0,0,0,0,0,0,"","","","","","","",0
0,"Cessna Citation 2_wing_rivets.step",200,36984.3,0.000225314,1413.38,4.29824,6,-10423,-945.35,632.52,-6517.63,0,1567.63,0.000124546,-1.1235e-08,1,1.88711e-11,3.53462e-15,0,1,0,0,0,5,450585,698989,0.0820806,0.0529111,0.209122,0.0076697,0.611548,1,0,2,0,3,0,0,1,"202 201 203","-1 -1 -1","0.0568242 19.346 0.0529111","6 0 6","659.316 5.41874 636.238","1.51483 0.91278 1.51439","0.00715537 3.43318e-12 0.00691059",0
0,"Cessna Citation 2_wing_rivets.step",201,1911.73,1.16465e-05,716.544,21.3722,0,-10880,-662.015,627.309,-6517.63,0,1567.63,0.000124546,0,0.52,0,0,0,1,0,0,0,4,462276,698989,0.00413547,0.00273499,0.206946,0.00398807,0.611548,0,0,3,0,3,0,0,1,"203 200 202","-1 -1 -1","0.00273499 0.0516902 0.00293726","6 6 6","353.325 5.41874 352.282","1.46129 0.91278 1.46129","0.00153039 3.43318e-12 0.00152609",0
0,"Cessna Citation 2_wing_rivets.step",202,650854,0.0039651,5733.45,4.01919,6,-9868.65,-788.365,566.938,-6517.63,0,1567.63,0.000124546,0.00011992,0.44,0.0061476,5.07339e-08,0,1,0,0,0,5,245962,698989,2.64616,0.931136,0.337775,0.00530133,0.999875,1,0,2,0,2,1,0,0.666667,"201 200 203","-1 -1 0","340.454 17.5981 0.931136","0 6 6","352.282 659.316 129.114","1.46129 1.51483 0","0.00152609 0.00715537 0",0
0,"Cessna Citation 2_wing_rivets.step",203,698989,0.00425835,5735.7,3.74535,6,-9849.75,-766.491,693.541,-6517.63,0,1567.63,0.000124546,0.000113763,0.52,0.00604674,4.34391e-08,0,1,0,0,0,6,229917,650854,3.04018,1.07396,0.337178,0.00398807,0.999875,1,0,2,0,2,1,0,0.666667,"202 200 201","0 -1 -1","1.07396 18.8996 365.632","6 6 0","129.114 636.238 353.325","0 1.51439 1.46129","0 0.00691059 0.00153039",0
0,"Cessna Citation 2_wing_rivets.step",204,8071,4.91698e-05,885.545,7.73186,6,-341.579,-197.668,-186.515,-6517.63,0,1567.63,0.000124546,-0.000442861,1,0.0162122,2.94831e-08,0,1,0,0,0,4,1430.66,2175.81,5.64145,3.70942,0.780919,0.709102,0.908424,0,0,3,0,0,3,0,0,"213 212 214","0 0 0","3.70942 115.617 3.94407","6 6 6","433.967 19.0477 413.48","3.01321e-05 1.13513e-06 3.03152e-05","1.53303e-05 5.07006e-07 1.68429e-05",0
0,"Cessna Citation 2_wing_rivets.step",205,1211.83,7.38266e-06,165.333,1.79502,6,-862.839,-592.398,99.2852,-6517.63,0,1567.63,0.000124546,-0.000377481,1,0.000237115,2.36253e-10,0,1,0,0,0,4,3674.77,13990.1,0.329771,0.0866206,0.786914,0.70689,0.948463,0,0,4,0,0,4,0,0,"218 209 219 215","0 0 0 0","3.72825 0.0866206 3.96112 15.5398","6 6 6 6","65.1694 19.0502 62.0635 19.0503","3.9208e-05 0.00259087 4.28128e-05 3.65576e-06","1.85046e-05 0.00118046 1.88529e-05 8.36522e-07",0
0,"Cessna Citation 2_wing_rivets.step",206,199145,0.00121322,2651.04,2.80836,6,-276.193,-250.377,-81.4054,-6517.63,0,1567.63,0.000124546,-0.00250662,0.52,0.234219,6.59345e-07,0,1,0,0,0,6,102335,506229,1.94602,0.393391,0.489973,0.157692,0.821916,0,0,5,0,0,5,0,0,"223 213 210 218 216","0 0 0 0 0","7909.19 91.5271 0.393391 612.678 68.2288","6 6 6 6 6","7.38781 436.134 1111.12 64.925 582.216","5.43339e-05 2.16368e-05 0 7.63912e-05 1.38544e-05","2.54059e-05 1.01306e-05 0 3.44753e-05 1.07525e-05",0
0,"Cessna Citation 2_wing_rivets.step",207,175438,0.0010688,2548.31,2.94558,6,-295.731,-239.854,-69.9266,-6517.63,0,1567.63,0.000124546,0.00275546,0.52,0.234165,9.33143e-07,0,1,0,0,0,6,93928.1,464407,1.8678,0.377768,0.578025,0.157683,0.824787,0,0,5,0,0,5,0,0,"217 219 211 214 222","0 0 0 0 0","61.4253 573.457 0.377768 85.7319 7116.67","6 6 6 6 6","576.032 60.79 1079.08 408.894 7.26987","1.3497e-05 4.07912e-05 0.00102409 1.96495e-05 5.26969e-05","1.09148e-05 1.45305e-05 0.0011951 7.55159e-06 2.18688e-05",0
0,"Cessna Citation 2_wing_rivets.step",208,11031.7,6.72069e-05,1196.1,10.3201,6,-598.139,-483.732,1.45558,-6517.63,0,1567.63,0.000124546,2.98662e-05,1,0.00178611,2.35927e-10,0,1,0,0,0,4,1480.68,2918.79,7.45046,3.77956,0.761486,0.70451,0.823581,0,0,4,0,0,4,0,0,"212 216 215 217","0 0 0 0","158.029 3.77956 141.464 3.86248","6 6 6 6","19.049 581.316 19.0506 576.687","1.26362e-06 4.60587e-06 8.41105e-07 4.54434e-06","3.20924e-07 8.11967e-07 1.72811e-07 8.2214e-07",0
0,"Cessna Citation 2_wing_rivets.step",209,13990.1,8.52298e-05,1506.86,12.9157,6,-862.925,-344.477,349.83,-6517.63,0,1567.63,0.000124546,-0.000329868,1,0.0103806,6.98165e-08,0,1,0,0,0,4,2844.4,3748.34,4.91848,3.73235,0.797128,0.711979,0.948463,0,0,3,0,0,3,0,0,"220 205 221","0 0 0","3.91549 11.5446 3.73235","6 6 6","720.17 19.0502 748.593","1.80678e-05 0.00259087 2.82215e-05","1.27723e-05 0.00118046 1.75154e-05",0
0,"Cessna Citation 2_wing_rivets.step",210,506229,0.00308402,2868.22,1.29321,6,-486.609,-265.461,247.126,-6517.63,0,1567.63,0.000124546,-0.00175229,0.88,0.235925,6.95312e-07,0,1,0,0,0,3,101447,199145,4.99008,2.542,0.356711,0.157692,0.55573,0,0,2,0,0,2,0,0,"221 206","0 0","135.054 2.542","6 6","752.37 1111.12","1.85958e-05 0","2.54338e-05 0",0
0,"Cessna Citation 2_wing_rivets.step",211,464407,0.00282924,2765.08,1.3101,6,-504.937,-253.207,234.72,-6517.63,0,1567.63,0.000124546,0.00191492,0.88,0.23593,9.3549e-07,0,1,0,0,0,3,89505.7,175438,5.18858,2.64712,0.475173,0.157683,0.792664,0,0,2,0,0,2,0,0,"207 220","0 0","2.64712 129.976","6 6","1079.08 714.48","0.00102409 0.000473673","0.0011951 0.000271095",0
0,"Cessna Citation 2_wing_rivets.step",212,69.8082,4.25282e-07,45.4267,2.35238,6,-343.554,-358.071,-60.2214,-6517.63,0,1567.63,0.000124546,0.157477,1,0.108878,4.20913e-12,0,1,0,0,0,4,4788.14,11031.7,0.0145794,0.00632795,0.780054,0.692027,0.908424,0,0,4,0,0,4,0,0,"204 223 208 222","0 0 0 0","0.00864927 2.77248 0.00632795 2.83177","6 6 6 6","19.0477 3.67003 19.049 3.66002","1.13513e-06 0.00378866 1.26362e-06 0.00375917","5.07006e-07 0.00184245 3.20924e-07 0.00182819",0
0,"Cessna Citation 2_wing_rivets.step",213,2175.81,1.32554e-05,880.089,28.3284,6,-336.724,-202.924,-194.94,-6517.63,0,1567.63,0.000124546,-0.158578,1,0.27149,1.315e-07,0,1,0,0,0,4,69080.6,199145,0.0314967,0.0109257,0.69457,0.443044,0.931564,0,0,3,0,0,3,0,0,"206 223 204","0 0 0","0.0109257 86.4137 0.269584","6 6 6","436.134 4.99506 433.967","2.16368e-05 0.00716867 3.01321e-05","1.01306e-05 0.00369266 1.53303e-05",0
0,"Cessna Citation 2_wing_rivets.step",214,2046.36,1.24667e-05,832.335,26.9404,6,-344.298,-191.894,-177.399,-6517.63,0,1567.63,0.000124546,-0.156915,1,0.177662,2.32863e-07,0,1,0,0,0,4,61178,175438,0.0334493,0.0116643,0.774162,0.725231,0.824787,0,0,3,0,0,3,0,0,"204 222 207","0 0 0","0.253545 83.0107 0.0116643","6 6 6","413.48 4.97892 408.894","3.03152e-05 0.00772894 1.96495e-05","1.68429e-05 0.00365053 7.55159e-06",0
0,"Cessna Citation 2_wing_rivets.step",215,77.9826,4.75082e-07,46.2874,2.18634,6,-861.881,-588.242,65.9969,-6517.63,0,1567.63,0.000124546,-0.157478,1,0.137059,2.44662e-12,0,1,0,0,0,4,3067.39,11031.7,0.0254231,0.00706894,0.811368,0.78453,0.830172,0,0,4,0,0,4,0,0,"225 205 224 208","0 0 0 0","5.95006 0.064351 6.05338 0.00706894","6 6 6 6","4.10497 19.0503 4.08149 19.0506","0.000330922 3.65576e-06 0.000369496 8.41105e-07","0.00013532 8.36522e-07 0.000150048 1.72811e-07",0
0,"Cessna Citation 2_wing_rivets.step",216,2918.79,1.77817e-05,1173.57,37.5494,6,-593.558,-494.195,-0.357555,-6517.63,0,1567.63,0.000124546,-0.157591,1,0.234433,4.63343e-09,0,1,0,0,0,4,52553.9,199145,0.055539,0.0146566,0.830069,0.70451,0.956067,0,0,4,0,0,4,0,0,"223 206 225 208","0 0 0 0","115.922 0.0146566 222.703 0.264581","6 6 6 6","5.02238 582.216 5.01243 581.316","0.00782643 1.38544e-05 5.57395e-05 4.60587e-06","0.00384791 1.07525e-05 9.29091e-06 8.11967e-07",0
0,"Cessna Citation 2_wing_rivets.step",217,2856.13,1.73999e-05,1162.63,37.6613,6,-602.08,-473.608,5.45423,-6517.63,0,1567.63,0.000124546,-0.157331,1,0.177062,4.11437e-09,0,1,0,0,0,4,46626.9,175438,0.0612549,0.0162799,0.720434,0.433013,0.883062,0,0,4,0,0,4,0,0,"208 224 207 222","0 0 0 0","0.258901 221.706 0.0162799 115.859","6 6 6 6","576.687 4.96095 576.032 4.94927","4.54434e-06 3.7606e-05 1.3497e-05 0.0071925","8.2214e-07 9.17759e-06 1.09148e-05 0.00356701",0
0,"Cessna Citation 2_wing_rivets.step",218,325.041,1.9802e-06,140.111,4.80615,6,-858.46,-603.001,98.2354,-6517.63,0,1567.63,0.000124546,-0.158515,1,0.209386,5.32972e-08,0,1,0,0,0,4,51029.7,199145,0.00636964,0.00163218,0.589042,0.328385,0.81936,0,0,4,0,0,4,0,0,"225 206 221 205","0 0 0 0","24.8006 0.00163218 0.086716 0.268223","6 6 6 6","4.99054 64.925 5.02611 65.1694","9.7948e-05 7.63912e-05 0.000312685 3.9208e-05","2.56638e-05 3.44753e-05 0.000149923 1.85046e-05",0
0,"Cessna Citation 2_wing_rivets.step",219,305.932,1.86378e-06,132.861,4.5916,6,-865.053,-580.984,100.11,-6517.63,0,1567.63,0.000124546,-0.156898,1,0.197803,1.88564e-07,0,1,0,0,0,4,45059,175438,0.00678957,0.00174381,0.81687,0.707772,0.903439,0,0,4,0,0,4,0,0,"205 220 207 224","0 0 0 0","0.252454 0.0856228 0.00174381 23.7478","6 6 6 6","62.0635 5.02434 60.79 4.98366","4.28128e-05 0.00330515 4.07912e-05 7.30119e-05","1.88529e-05 0.00133867 1.45305e-05 1.98197e-05",0
0,"Cessna Citation 2_wing_rivets.step",220,3573.02,2.17673e-05,1444.66,46.4822,6,-865.203,-336.937,341.952,-6517.63,0,1567.63,0.000124546,-0.157049,1,0.187995,2.42666e-07,0,1,0,0,0,4,159568,464407,0.0223918,0.00769371,0.793844,0.730942,0.857926,0,0,3,0,0,3,0,0,"211 219 209","0 0 0","0.00769371 11.6791 0.255396","6 6 6","714.48 5.02434 720.17","0.000473673 0.00330515 1.80678e-05","0.000271095 0.00133867 1.27723e-05",0
0,"Cessna Citation 2_wing_rivets.step",221,3748.34,2.28354e-05,1510.98,48.4694,6,-858.469,-351.585,357.028,-6517.63,0,1567.63,0.000124546,-0.158315,1,0.264481,3.52661e-07,0,1,0,0,0,4,173515,506229,0.0216024,0.00740444,0.589748,0.501536,0.711979,0,0,3,0,0,3,0,0,"209 218 210","0 0 0","0.267928 11.5319 0.00740444","6 6 6","748.593 5.02611 752.37","2.82215e-05 0.000312685 1.85958e-05","1.75154e-05 0.000149923 2.54338e-05",0
0,"Cessna Citation 2_wing_rivets.step",222,24.6518,1.50182e-07,20.8581,1.4044,6,-347.692,-348.289,-55.0438,-6517.63,0,1567.63,0.000124546,-0.0700668,1,0.269186,0.00210603,0,1,0,0,0,4,45102.7,175438,0.00054657,0.000140515,0.749919,0.676302,0.854722,0,0,4,0,0,4,0,0,"212 217 207 214","0 0 0 0","0.353136 0.00863119 0.000140515 0.0120466","6 6 6 6","3.66002 4.94927 7.26987 4.97892","0.00375917 0.0071925 5.26969e-05 0.00772894","0.00182819 0.00356701 2.18688e-05 0.00365053",0
0,"Cessna Citation 2_wing_rivets.step",223,25.179,1.53394e-07,21.0753,1.40378,6,-337.468,-367.591,-63.6992,-6517.63,0,1567.63,0.000124546,-0.0723066,1,0.271133,0.00214865,0,1,0,0,0,4,51077.5,199145,0.000492957,0.000126435,0.819621,0.692027,0.956067,0,0,4,0,0,4,0,0,"213 206 216 212","0 0 0 0","0.0115722 0.000126435 0.00862652 0.360688","6 6 6 6","4.99506 7.38781 5.02238 3.67003","0.00716867 5.43339e-05 0.00782643 0.00378866","0.00369266 2.54059e-05 0.00384791 0.00184245",0
0,"Cessna Citation 2_wing_rivets.step",224,12.8825,7.84821e-08,14.0261,1.21524,6,-864.396,-577.625,68.2156,-6517.63,0,1567.63,0.000124546,-0.314961,0.76,0.277371,1.38778e-17,0,1,0,0,0,3,1080.01,2856.13,0.0119281,0.00451048,0.870119,0.823856,0.903439,0,0,3,0,0,3,0,0,"215 219 217","0 0 0","0.165197 0.0421091 0.00451048","6 6 6","4.08149 4.98366 4.96095","0.000369496 7.30119e-05 3.7606e-05","0.000150048 1.98197e-05 9.17759e-06",0
0,"Cessna Citation 2_wing_rivets.step",225,13.1062,7.98448e-08,14.1079,1.20849,6,-858.394,-598.714,64.5825,-6517.63,0,1567.63,0.000124546,-0.314961,0.68,0.288197,8.32667e-17,0,1,0,0,0,3,1107.27,2918.79,0.0118365,0.00449028,0.829105,0.81936,0.837782,0,0,3,0,0,3,0,0,"215 216 218","0 0 0","0.168065 0.00449028 0.0403217","6 6 6","4.10497 5.01243 4.99054","0.000330922 5.57395e-05 9.7948e-05","0.00013532 9.29091e-06 2.56638e-05",0
0,"Cessna Citation 2_wing_rivets.step",226,26642,0.000162307,2444.43,17.8475,6,-1588.14,-724.353,203.757,-6517.63,0,1567.63,0.000124546,-0.000214302,1,0.367166,6.67632e-07,0,1,0,0,0,6,9177.18,26660.3,2.90307,0.999313,0.376458,0.00821594,0.715756,0,0,4,0,0,4,0,0,"248 231 233 230","0 0 0 0","0.999313 6.58933 36.8365 5.04397","6 6 6 6","22.311 807.895 144.914 263.73","7.66853e-09 5.17755e-05 4.52935e-06 1.78733e-06","9.82979e-09 8.26034e-05 1.29573e-05 2.44437e-06",0
0,"Cessna Citation 2_wing_rivets.step",227,110668,0.000674205,1342.58,1.29613,6,-2637.71,-177.984,1189.74,-6517.63,0,1567.63,0.000124546,0.00138638,1,0.0560604,8.6573e-08,0,1,0,0,0,4,117462,117462,0.942159,0.942159,0.931252,0.931252,0.931252,0,0,1,0,1,0,0,1,"229","-1","0.942159","6","574.223","0.0362268","0.0259666",0
0,"Cessna Citation 2_wing_rivets.step",228,98684.5,0.000601201,3129.38,7.89693,6,-2178.62,-586.189,550.749,-6517.63,0,1567.63,0.000124546,-0.00148833,1,0.300315,2.99615e-06,0,1,0,0,0,5,1.0925e+06,2.47587e+06,0.0903292,0.0398585,0.600004,0.157758,0.995468,0,0,3,0,0,3,0,0,"234 239 229","0 0 0","0.144241 0.0398585 0.84014","6 6 6","1239 296.923 1461.14","4.20556e-05 3.98108e-05 5.19974e-05","5.10647e-05 8.19698e-05 4.61073e-05",0
0,"Cessna Citation 2_wing_rivets.step",229,117462,0.000715596,6279.16,26.7113,6,-2425.88,-552.195,701.502,-6517.63,0,1567.63,0.000124546,0,0,0,0,0,1,0,0,0,8,104676,110668,1.12215,1.06139,0.789019,0.646786,0.931252,0,0,2,0,1,1,0,0.5,"227 228","-1 0","1.06139 1.19028","6 6","574.223 1461.14","0.0362268 5.19974e-05","0.0259666 4.61073e-05",0
0,"Cessna Citation 2_wing_rivets.step",230,5281.96,3.21785e-05,2125.4,68.0578,6,-1610.01,-537.738,512.64,-6517.63,0,1567.63,0.000124546,0.157455,1,0.186074,1.87347e-07,0,1,0,0,0,5,148064,684165,0.0356734,0.00772029,0.674233,0.441741,0.938014,0,0,5,0,0,5,0,0,"232 248 226 233 234","0 0 0 0 0","2.47854 0.198121 0.198257 7.30309 0.00772029","6 6 6 6 6","4.77904 789.146 263.73 4.97789 1062.77","0.00132626 2.05682e-06 1.78733e-06 2.36948e-06 2.57338e-05","0.000696368 4.24887e-06 2.44437e-06 1.48442e-06 3.15387e-05",0
0,"Cessna Citation 2_wing_rivets.step",231,4043.2,2.46318e-05,1635.85,52.6689,6,-1465.66,-725.635,117.242,-6517.63,0,1567.63,0.000124546,0.157571,1,0.176997,9.71449e-10,0,1,0,0,0,4,626341,2.47587e+06,0.00645527,0.00163304,0.536406,0.0363506,0.794534,0,0,4,0,0,4,0,0,"233 226 232 239","0 0 0 0","5.59033 0.15176 1.89726 0.00163304","6 6 6 6","4.81383 807.895 5.01402 818.131","1.95579e-05 5.17755e-05 0.000163897 9.62774e-06","1.32283e-05 8.26034e-05 6.87271e-05 1.05964e-05",0
0,"Cessna Citation 2_wing_rivets.step",232,2131.08,1.29829e-05,872.257,28.4106,6,-1110.85,-563.171,348.502,-6517.63,0,1567.63,0.000124546,0.158112,1,0.25258,1.95779e-06,0,1,0,0,0,4,180038,684165,0.0118369,0.00311486,0.662867,0.522441,0.794534,0,0,4,0,0,4,0,0,"234 231 248 230","0 0 0 0","0.00311486 0.527077 0.0799345 0.403464","6 6 6 6","435.205 5.01402 427.259 4.77904","7.87946e-06 0.000163897 7.7861e-06 0.00132626","5.31594e-06 6.87271e-05 1.06119e-05 0.000696368",0
0,"Cessna Citation 2_wing_rivets.step",233,723.249,4.40614e-06,300.451,9.93226,6,-1827.23,-793.196,256.302,-6517.63,0,1567.63,0.000124546,0.157929,1,0.209504,4.42703e-08,0,1,0,0,0,4,627959,2.47587e+06,0.00115175,0.000292119,0.498196,0.128739,0.815848,0,0,4,0,0,4,0,0,"239 230 226 231","0 0 0 0","0.000292119 0.136928 0.027147 0.17888","6 6 6 6","145.745 4.97789 144.914 4.81383","2.76958e-06 2.36948e-06 4.52935e-06 1.95579e-05","3.54363e-06 1.48442e-06 1.29573e-05 1.32283e-05",0
0,"Cessna Citation 2_wing_rivets.step",234,684165,0.00416804,5413.63,3.40883,6,-1444.08,-363.889,505.666,-6517.63,0,1567.63,0.000124546,0.00181815,0.44,0.230903,1.33206e-06,0,1,0,0,0,7,517144,2.47587e+06,1.32297,0.276333,0.696606,0.194629,0.995468,0,0,5,0,0,5,0,0,"245 239 232 230 228","0 0 0 0 0","182.392 0.276333 321.042 129.529 6.93285","6 6 6 6 6","754.293 254.698 435.205 1062.77 1239","2.01409e-05 5.96046e-09 7.87946e-06 2.57338e-05 4.20556e-05","2.77259e-05 7.30005e-09 5.31594e-06 3.15387e-05 5.10647e-05",0
0,"Cessna Citation 2_wing_rivets.step",235,9376.55,5.71234e-05,888.479,6.69949,6,-342.089,-196.923,-185.33,-6517.63,0,1567.63,0.000124546,-0.000443545,1,0.0160885,3.00706e-08,0,1,0,0,0,4,1131.13,2180.88,8.28956,4.29944,0.81605,0.72387,0.908231,0,0,2,0,0,2,0,0,"241 240","0 0","4.29944 115.22","6 6","433.965 22.2183","3.01707e-05 1.79597e-06","1.5687e-05 8.49358e-07",0
0,"Cessna Citation 2_wing_rivets.step",236,12852.6,7.82998e-05,1201.66,8.94048,6,-598.722,-482.329,1.85402,-6517.63,0,1567.63,0.000124546,2.93759e-05,1,0.00178811,2.31295e-10,0,1,0,0,0,4,1030.22,2918.36,12.4756,4.40403,0.778374,0.704271,0.823884,0,0,3,0,0,3,0,0,"243 242 240","0 0 0","4.40403 141.367 157.933","6 6 6","581.316 22.2126 22.2051","5.65505e-06 7.57861e-07 1.18489e-06","8.61615e-07 2.62337e-07 4.29397e-07",0
0,"Cessna Citation 2_wing_rivets.step",237,1407.94,8.57737e-06,171.163,1.65586,6,-863.283,-590.911,99.4127,-6517.63,0,1567.63,0.000124546,-0.000379831,1,0.000232772,2.60443e-10,0,1,0,0,0,4,5562.66,16268.4,0.253105,0.0865444,0.813324,0.707083,0.948189,0,0,3,0,0,3,0,0,"244 238 242","0 0 0","4.28377 0.0865444 15.4861","6 6 6","65.1692 22.2233 22.2233","3.97125e-05 0.00294938 3.50458e-06","1.64974e-05 0.00140209 1.22528e-06",0
0,"Cessna Citation 2_wing_rivets.step",238,16268.4,9.91095e-05,1508.48,11.1307,6,-863.381,-343.48,348.81,-6517.63,0,1567.63,0.000124546,-0.000332127,1,0.0103575,7.21631e-08,0,1,0,0,0,4,2579.51,3751.08,6.30678,4.33699,0.840009,0.73183,0.948189,0,0,2,0,0,2,0,0,"237 245","0 0","11.5548 4.33699","6 6","22.2233 748.593","0.00294938 2.78963e-05","0.00140209 1.6958e-05",0
0,"Cessna Citation 2_wing_rivets.step",239,2.47587e+06,0.0150834,6996.38,1.57329,6,-1718.5,-451.749,-182.709,-6517.63,0,1567.63,0.000124546,0.000786586,0.96,0.196607,5.85228e-08,0,1,0,0,0,12,99134,684165,24.975,3.61882,0.221555,0.0059776,0.482322,0,0,8,0,0,8,0,0,"247 243 241 228 234 233 231 244","0 0 0 0 0 0 0 0","88170.6 848.376 1135.26 25.0887 3.61882 3423.26 612.353 7533.03","6 6 6 6 6 6 6 6","8.24404 581.958 438.595 296.923 653.181 145.745 818.131 66.4211","3.32689e-05 1.4816e-05 3.97652e-05 3.98108e-05 5.56119e-09 2.76958e-06 9.62774e-06 5.19581e-05","1.05334e-05 1.04786e-05 1.82646e-05 8.19698e-05 8.94961e-09 3.54363e-06 1.05964e-05 2.72874e-05",0
0,"Cessna Citation 2_wing_rivets.step",240,81.3796,4.95777e-07,51.752,2.61895,6,-344.243,-356.769,-59.637,-6517.63,0,1567.63,0.000124546,0.157477,1,0.108547,4.18151e-12,0,1,0,0,0,4,7413.62,12852.6,0.010977,0.00633178,0.857371,0.823884,0.908231,0,0,3,0,0,3,0,0,"235 246 236","0 0 0","0.00867906 6.93096 0.00633178","6 6 6","22.2183 3.66942 22.2051","1.79597e-06 0.00012148 1.18489e-06","8.49358e-07 4.30429e-05 4.29397e-07",0
0,"Cessna Citation 2_wing_rivets.step",241,2180.88,1.32862e-05,882.549,28.4208,6,-338.909,-203.378,-195.517,-6517.63,0,1567.63,0.000124546,0.158,1,0.178999,2.05915e-07,0,1,0,0,0,4,828419,2.47587e+06,0.00263258,0.000880853,0.645125,0.482322,0.729184,0,0,3,0,0,3,0,0,"239 246 235","0 0 0","0.000880853 185.741 0.232588","6 6 6","438.595 4.99587 433.965","3.97652e-05 3.36214e-05 3.01707e-05","1.82646e-05 1.01806e-05 1.5687e-05",0
0,"Cessna Citation 2_wing_rivets.step",242,90.9162,5.53875e-07,52.6192,2.42347,6,-862.307,-586.745,66.2558,-6517.63,0,1567.63,0.000124546,-0.157478,1,0.136845,2.32334e-12,0,1,0,0,0,4,4762.86,12852.6,0.0190886,0.00707378,0.760321,0.689295,0.806966,0,0,3,0,0,3,0,0,"247 237 236","0 0 0","3.23771 0.0645741 0.00707378","6 6 6","4.10594 22.2233 22.2126","0.0052085 3.50458e-06 7.57861e-07","0.0025311 1.22528e-06 2.62337e-07",0
0,"Cessna Citation 2_wing_rivets.step",243,2918.36,1.77791e-05,1173.31,37.5384,6,-594.257,-493.863,-2.55429,-6517.63,0,1567.63,0.000124546,0.157635,1,0.181828,4.16281e-09,0,1,0,0,0,4,622190,2.47587e+06,0.00469047,0.00117872,0.615093,0.0059776,0.936961,0,0,4,0,0,4,0,0,"246 239 247 236","0 0 0 0","248.552 0.00117872 103.929 0.227065","6 6 6 6","5.02209 581.958 5.01235 581.316","5.86221e-05 1.4816e-05 0.0103606 5.65505e-06","1.90472e-05 1.04786e-05 0.00502545 8.61615e-07",0
0,"Cessna Citation 2_wing_rivets.step",244,328.668,2.0023e-06,141.607,4.85516,6,-860.677,-603.679,98.4701,-6517.63,0,1567.63,0.000124546,0.158035,1,0.198604,1.64195e-07,0,1,0,0,0,4,620264,2.47587e+06,0.000529884,0.000132749,0.70523,0.341729,0.916168,0,0,4,0,0,4,0,0,"247 239 245 237","0 0 0 0","11.7045 0.000132749 0.0876197 0.23344","6 6 6 6","4.99102 66.4211 5.02603 65.1692","0.00980624 5.19581e-05 0.000236641 3.97125e-05","0.00494405 2.72874e-05 0.000160084 1.64974e-05",0
0,"Cessna Citation 2_wing_rivets.step",245,3751.08,2.28521e-05,1512.9,48.5573,6,-860.679,-351.885,357.635,-6517.63,0,1567.63,0.000124546,0.1579,1,0.187927,2.18907e-07,0,1,0,0,0,4,233587,684165,0.0160586,0.00548271,0.72966,0.601209,0.855941,0,0,3,0,0,3,0,0,"238 244 234","0 0 0","0.230575 11.413 0.00548271","6 6 6","748.593 5.02603 754.293","2.78963e-05 0.000236641 2.01409e-05","1.6958e-05 0.000160084 2.77259e-05",0
0,"Cessna Citation 2_wing_rivets.step",246,11.7415,7.15308e-08,13.6874,1.26972,6,-339.214,-367.265,-64.7459,-6517.63,0,1567.63,0.000124546,0.314961,0.68,0.178231,1.38778e-17,0,1,0,0,0,3,1726.87,2918.36,0.00679927,0.00402331,0.794115,0.729184,0.839998,0,0,3,0,0,3,0,0,"241 243 240","0 0 0","0.00538383 0.00402331 0.14428","6 6 6","4.99587 5.02209 3.66942","3.36214e-05 5.86221e-05 0.00012148","1.01806e-05 1.90472e-05 4.30429e-05",0
0,"Cessna Citation 2_wing_rivets.step",247,28.0804,1.7107e-07,22.3533,1.41603,6,-859.698,-599.53,63.2575,-6517.63,0,1567.63,0.000124546,0.0717087,1,0.286822,0.00215088,0,1,0,0,0,4,619802,2.47587e+06,4.53055e-05,1.13417e-05,0.661721,0.10446,0.936961,0,0,4,0,0,4,0,0,"243 239 244 242","0 0 0 0","0.00962199 1.13417e-05 0.0854371 0.308861","6 6 6 6","5.01235 8.24404 4.99102 4.10594","0.0103606 3.32689e-05 0.00980624 0.0052085","0.00502545 1.05334e-05 0.00494405 0.0025311",0
0,"Cessna Citation 2_wing_rivets.step",248,26660.3,0.000162419,2444.29,17.8332,6,-1392.14,-496.327,461.536,-6517.63,0,1567.63,0.000124546,-0.00168689,1,0.235904,1.25671e-05,0,1,0,0,0,5,11351.7,26642,2.34858,1.00069,0.34358,0.00821594,0.580783,0,0,3,0,0,3,0,0,"230 232 226","0 0 0","5.04743 12.5102 1.00069","6 6 6","789.146 427.259 22.2234","2.05682e-06 7.7861e-06 3.59746e-09","4.24887e-06 1.06119e-05 7.3261e-09",0
0,"Cessna Citation 2_wing_rivets.step",249,6.85555e+06,0.0417651,13017.2,1.9669,6,-5366.08,-534.402,-133.593,-6517.63,0,1567.63,0.000124546,0.000597914,1,0.188715,2.00568e-11,0,1,0,0,0,4,0,0,0,0,0,0,0,0,0,0,0,0,0,0,0,"","","","","","","",0
0,"Cessna Citation 2_wing_rivets.step",250,5.97438e+06,0.0363968,22261.2,6.60079,6,-5450.52,-508.464,958.237,-6517.63,0,1567.63,0.000124546,0.000599368,0.76,0.242981,1.47818e-11,0,8,7,1155.39,2063.15,37,0,0,0,0,0,0,0,0,0,0,0,0,0,0,0,"","","","","","","",0
0,"Cessna Citation 2_wing_rivets.step",251,4.82449e+06,0.0293915,13240.6,2.89169,6,-10158.4,-388.247,78.3654,-6517.63,0,1567.63,0.000124546,-0.00133331,1,0.18507,5.25878e-07,0,1,0,0,0,4,0,0,0,0,0,0,0,0,0,0,0,0,0,0,0,"","","","","","","",0
0,"Cessna Citation 2_wing_rivets.step",252,91756,0.000558992,1333.85,1.54301,6,-13522.4,53.5442,3489.04,-6517.63,0,1567.63,0.000124546,0.00752117,1,0.118337,1.88973e-05,0,1,0,0,0,4,0,0,0,0,0,0,0,0,0,0,0,0,0,0,0,"","","","","","","",0
0,"Cessna Citation 2_wing_rivets.step",253,191438,0.00116627,2133.97,1.89294,6,-14105.8,43.7637,3498.09,-6517.63,0,1567.63,0.000124546,0.0037034,1,0.0639431,1.61994e-05,0,1,0,0,0,4,0,0,0,0,0,0,0,0,0,0,0,0,0,0,0,"","","","","","","",0
0,"Cessna Citation 2_wing_rivets.step",254,91756.1,0.000558992,1333.85,1.54301,6,-13522.4,-53.5442,3489.04,-6517.63,0,1567.63,0.000124546,0.00752117,1,0.118337,1.88973e-05,0,1,0,0,0,4,0,0,0,0,0,0,0,0,0,0,0,0,0,0,0,"","","","","","","",0
0,"Cessna Citation 2_wing_rivets.step",255,191438,0.00116627,2133.97,1.89294,6,-14105.8,-43.7637,3498.09,-6517.63,0,1567.63,0.000124546,0.0037034,1,0.0639431,1.61994e-05,0,1,0,0,0,4,0,0,0,0,0,0,0,0,0,0,0,0,0,0,0,"","","","","","","",0
0,"Cessna Citation 2_wing_rivets.step",256,75142.4,0.000457779,1361.46,1.96297,6,-10635.8,-113.857,1213.85,-6517.63,0,1567.63,0.000124546,0.000273093,0.56,0.000878853,8.30393e-09,0,1,0,0,0,7,3242.28,8783.8,23.1758,8.55466,0.0875675,0.0228681,0.130149,0,0,7,7,0,0,1,0,"266 261 260 258 259 263 262","1 1 1 1 1 1 1","561.066 9.02471 696.761 393.606 8.55466 549.535 14.9793","6 6 6 6 6 6 6","5.0082 550.466 32.5212 47.4675 535.778 5.02103 185.195","1.6758 1.74426 1.65928 1.468 1.46779 1.5468 1.59494","0.0507204 0.0053539 0.0970883 0.0312179 0.0149306 0.0363307 0.011497",0
0,"Cessna Citation 2_wing_rivets.step",257,2.64177e+06,0.0160941,14405.4,6.25094,6,-11705.2,-107.116,1756.18,-6517.63,0,1567.63,0.000124546,0.00180887,1,0.0967655,3.90539e-06,0,2,1,1381.75,1381.75,11,994.779,3087.09,2655.63,855.748,0.712374,0.496621,0.912288,0,0,7,0,0,7,0,0,"268 267 271 269 270 264 265","0 0 0 0 0 0 0","16883.1 855.748 73681.6 2890.77 79422.8 1040.14 13403.6","6 6 6 6 6 6 6","31.8333 556.062 10.1033 185.439 10.0106 544.037 44.2654","1.25196e-05 1.18916e-05 8.57982e-06 0.000129161 7.90698e-05 9.267e-06 2.12021e-05","1.13783e-05 6.54393e-06 2.31832e-06 5.74718e-05 5.22314e-05 6.50029e-06 2.62093e-05",0
0,"Cessna Citation 2_wing_rivets.step",258,190.908,1.16304e-06,100.375,4.1997,6,-10305.7,-124.879,1195.77,-6517.63,0,1567.63,0.000124546,-0.0158223,0.96,0.143933,8.05863e-05,0,1,0,0,0,4,21057.8,75142.4,0.0090659,0.00254061,0.464573,0.119745,0.852459,0,0,4,1,0,3,0.25,0,"265 259 256 260","0 0 1 0","0.968617 0.0217341 0.00254061 1.7702","6 6 6 6","40.1834 9.04847 47.4675 3.67577","0.000195706 0.0195828 1.468 6.62086e-05","0.000416495 0.00858115 0.0312179 2.82635e-05",0
0,"Cessna Citation 2_wing_rivets.step",259,8783.8,5.35122e-05,1115.4,11.2712,6,-10649,-131.377,1137.12,-6517.63,0,1567.63,0.000124546,-0.000151466,1,0.00525715,7.67885e-08,0,1,0,0,0,5,15641.4,75142.4,0.561574,0.116895,0.585494,0.130149,0.852459,0,0,5,1,0,4,0.2,0,"264 263 256 258 265","0 0 1 0 0","3.45844 64.2381 0.116895 46.0107 44.5667","6 6 6 6 6","543.138 27.3485 535.778 9.04847 0.0894627","2.00587e-05 9.4172e-06 1.46779 0.0195828 0.0210864","1.3964e-05 4.38684e-06 0.0149306 0.00858115 0.00338275",0
0,"Cessna Citation 2_wing_rivets.step",260,107.845,6.5701e-07,70.2988,3.64657,6,-10299.5,-119.953,1227.12,-6517.63,0,1567.63,0.000124546,-0.0194157,1,0.202694,5.25236e-05,0,1,0,0,0,4,20954,75142.4,0.00514676,0.00143521,0.367975,0.0582596,0.640918,0,0,4,1,0,3,0.25,0,"258 256 261 268","0 1 0 0","0.564908 0.00143521 0.0129524 0.689222","6 6 6 6","3.67577 32.5212 5.81946 28.2824","6.62086e-05 1.65928 0.0175356 0.000318824","2.82635e-05 0.0970883 0.00856324 0.000286732",0
0,"Cessna Citation 2_wing_rivets.step",261,8326.3,5.0725e-05,1137.53,12.367,6,-10650.4,-112.037,1290.56,-6517.63,0,1567.63,0.000124546,-0.000150844,0.96,0.00528569,7.24054e-08,0,1,0,0,0,5,15725.5,75142.4,0.529476,0.110807,0.461763,0.123897,0.638849,0,0,5,1,0,4,0.2,0,"268 260 256 266 267","0 0 1 0 0","53.212 77.2059 0.110807 62.17 2.69714","6 6 6 6 6","0.0898668 5.81946 550.466 26.5017 554.652","0.0229545 0.0175356 1.74426 2.29077e-05 2.08201e-05","0.00298793 0.00856324 0.0053539 9.99835e-06 2.3514e-05",0
0,"Cessna Citation 2_wing_rivets.step",262,5016.41,3.05607e-05,424.91,2.86412,6,-10859.6,-123.165,1213.78,-6517.63,0,1567.63,0.000124546,7.50509e-06,1,6.9881e-05,2.21857e-10,0,1,0,0,0,4,19081.7,75142.4,0.262891,0.0667588,0.53737,0.0228681,0.713056,0,0,4,1,0,3,0.25,0,"266 256 263 269","0 1 0 0","37.4561 0.0667588 36.6863 5.48924","6 6 6 6","27.3108 185.195 27.2304 185.174","2.17742e-05 1.59494 5.59978e-06 6.58636e-05","1.26755e-06 0.011497 3.05624e-07 2.93817e-05",0
0,"Cessna Citation 2_wing_rivets.step",263,136.738,8.33029e-07,64.6276,2.43073,6,-10858.7,-132.357,1119.69,-6517.63,0,1567.63,0.000124546,-0.157481,1,0.204372,2.1573e-14,0,1,0,0,0,4,22244,75142.4,0.0061472,0.00181972,0.51988,0.0643277,0.705774,0,0,4,1,0,3,0.25,0,"270 262 256 259","0 0 1 0","4.11093 0.0272581 0.00181972 0.0155671","6 6 6 6","5.0277 27.2304 5.02103 27.3485","0.000314046 5.59978e-06 1.5468 9.4172e-06","0.00015662 3.05624e-07 0.0363307 4.38684e-06",0
0,"Cessna Citation 2_wing_rivets.step",264,2539.82,1.5473e-05,1096.41,37.6646,6,-10588.4,-140.687,1144.73,-6517.63,0,1567.63,0.000124546,0.1574,1,0.180918,4.61956e-08,0,1,0,0,0,4,662696,2.64177e+06,0.00383256,0.000961408,0.827814,0.740432,0.908321,0,0,4,0,0,4,0,0,"265 257 270 259","0 0 0 0","12.8864 0.000961408 76.3578 0.289148","6 6 6 6","4.49663 544.037 4.7379 543.138","0.00993071 9.267e-06 0.000288833 2.00587e-05","0.00500726 6.50029e-06 0.000135122 1.3964e-05",0
0,"Cessna Citation 2_wing_rivets.step",265,197.093,1.20072e-06,94.0557,3.57181,6,-10301.9,-128.768,1197.38,-6517.63,0,1567.63,0.000124546,0.146171,1,0.345491,4.74171e-05,0,1,0,0,0,5,530688,2.64177e+06,0.000371392,7.46065e-05,0.725103,0.598506,0.908321,0,0,5,0,0,5,0,0,"268 257 264 259 258","0 0 0 0 0","1.25959 7.46065e-05 0.0776013 0.0224383 1.0324","6 6 6 6 6","5.02071 44.2654 4.49663 0.0894627 40.1834","0.000213746 2.12021e-05 0.00993071 0.0210864 0.000195706","9.24343e-05 2.62093e-05 0.00500726 0.00338275 0.000416495",0
0,"Cessna Citation 2_wing_rivets.step",266,133.928,8.15909e-07,64.0037,2.43405,6,-10858.2,-111.269,1307.75,-6517.63,0,1567.63,0.000124546,-0.157484,1,0.202831,3.80643e-13,0,1,0,0,0,4,22130.2,75142.4,0.00605181,0.00178232,0.513976,0.0937258,0.70778,0,0,4,1,0,3,0.25,0,"261 256 262 271","0 1 0 0","0.0160849 0.00178232 0.0266979 3.73539","6 6 6 6","26.5017 5.0082 27.3108 5.18292","2.29077e-05 1.6758 2.17742e-05 0.000271092","9.99835e-06 0.0507204 1.26755e-06 0.000148226",0
0,"Cessna Citation 2_wing_rivets.step",267,3087.09,1.8807e-05,1121.71,32.4341,6,-10581.1,-122.8,1281.96,-6517.63,0,1567.63,0.000124546,0.157381,1,0.253609,4.84555e-08,0,1,0,0,0,4,662572,2.64177e+06,0.00465925,0.00116857,0.678603,0.496621,0.794831,0,0,4,0,0,4,0,0,"261 271 257 268","0 0 0 0","0.370764 86.102 0.00116857 19.7291","6 6 6 6","554.652 5.5261 556.062 5.46903","2.08201e-05 9.58296e-05 1.18916e-05 0.0127968","2.3514e-05 9.52269e-05 6.54393e-06 0.00611647",0
0,"Cessna Citation 2_wing_rivets.step",268,156.474,9.53262e-07,70.6952,2.54173,6,-10297.9,-123.98,1227.46,-6517.63,0,1567.63,0.000124546,0.142801,1,0.297199,5.49282e-05,0,1,0,0,0,5,530697,2.64177e+06,0.000294846,5.92307e-05,0.588325,0.336626,0.794831,0,0,5,0,0,5,0,0,"260 261 267 257 265","0 0 0 0 0","1.45091 0.0187927 0.0506866 5.92307e-05 0.793908","6 6 6 6 6","28.2824 0.0898668 5.46903 31.8333 5.02071","0.000318824 0.0229545 0.0127968 1.25196e-05 0.000213746","0.000286732 0.00298793 0.00611647 1.13783e-05 9.24343e-05",0
0,"Cessna Citation 2_wing_rivets.step",269,913.862,5.56739e-06,380.456,12.6043,6,-10860.7,-138.828,1213.71,-6517.63,0,1567.63,0.000124546,0.157613,1,0.195335,5.77988e-09,0,1,0,0,0,4,661714,2.64177e+06,0.00138105,0.000345928,0.817547,0.713056,0.875194,0,0,4,0,0,4,0,0,"262 270 257 271","0 0 0 0","0.182174 27.4746 0.000345928 25.4885","6 6 6 6","185.174 4.98689 185.439 4.85653","6.58636e-05 0.000427976 0.000129161 0.000343776","2.93817e-05 9.95715e-05 5.74718e-05 0.000167776",0
0,"Cessna Citation 2_wing_rivets.step",270,33.2621,2.02638e-07,24.7631,1.46707,6,-10859.3,-148.223,1118.99,-6517.63,0,1567.63,0.000124546,0.0748007,1,0.299949,0.00197888,0,1,0,0,0,4,661340,2.64177e+06,5.0295e-05,1.25908e-05,0.82715,0.703492,0.912288,0,0,4,0,0,4,0,0,"264 257 269 263","0 0 0 0","0.0130962 1.25908e-05 0.0363973 0.243254","6 6 6 6","4.7379 10.0106 4.98689 5.0277","0.000288833 7.90698e-05 0.000427976 0.000314046","0.000135122 5.22314e-05 9.95715e-05 0.00015662",0
0,"Cessna Citation 2_wing_rivets.step",271,35.8539,2.18427e-07,25.6689,1.46241,6,-10859.1,-126.931,1308.98,-6517.63,0,1567.63,0.000124546,0.0702729,1,0.381656,0.00212513,0,1,0,0,0,4,661476,2.64177e+06,5.42028e-05,1.35719e-05,0.749115,0.646923,0.875194,0,0,4,0,0,4,0,0,"266 269 257 267","0 0 0 0","0.26771 0.0392333 1.35719e-05 0.0116141","6 6 6 6","5.18292 4.85653 10.1033 5.5261","0.000271092 0.000343776 8.57982e-06 9.58296e-05","0.000148226 0.000167776 2.31832e-06 9.52269e-05",0
0,"Cessna Citation 2_wing_rivets.step",272,191.837,1.1687e-06,100.375,4.17937,6,-10305.7,124.88,1195.76,-6517.63,0,1567.63,0.000124546,-0.0158223,0.96,0.143933,8.05863e-05,0,1,0,0,0,4,21057.7,75142.8,0.00911005,0.00255296,0.464595,0.119745,0.852459,0,0,4,1,0,3,0.25,0,"281 274 277 273","0 0 1 0","0.973045 1.77649 0.00255296 0.0218422","6 6 6 6","40.1833 3.67577 47.4675 9.04847","0.000141794 6.62086e-05 1.468 0.0195828","0.000162745 2.82635e-05 0.0312179 0.00858115",0
0,"Cessna Citation 2_wing_rivets.step",273,8782.83,5.35063e-05,1115.4,11.2725,6,-10649,131.376,1137.12,-6517.63,0,1567.63,0.000124546,-0.000151466,1,0.00525715,7.67885e-08,0,1,0,0,0,5,15641.7,75142.8,0.561502,0.116882,0.585507,0.130149,0.852459,0,0,5,1,0,4,0.2,0,"280 281 272 277 279","0 0 0 1 0","3.45805 44.5488 45.7829 0.116882 64.231","6 6 6 6 6","543.138 0.0894567 9.04847 535.778 27.3485","2.00585e-05 0.0205494 0.0195828 1.46779 9.41719e-06","1.39643e-05 0.00329724 0.00858115 0.0149306 4.38685e-06",0
0,"Cessna Citation 2_wing_rivets.step",274,107.987,6.5787e-07,70.2988,3.6418,6,-10299.5,119.954,1227.12,-6517.63,0,1567.63,0.000124546,-0.0194157,1,0.202694,5.25236e-05,0,1,0,0,0,4,20954.3,75142.8,0.00515343,0.00143708,0.367984,0.0582596,0.640951,0,0,4,1,0,3,0.25,0,"275 277 272 284","0 1 0 0","0.0129695 0.00143708 0.562909 0.690737","6 6 6 6","5.81946 32.5212 3.67577 28.2824","0.0175356 1.65928 6.62086e-05 0.000276623","0.00856324 0.0970883 2.82635e-05 0.000322732",0
0,"Cessna Citation 2_wing_rivets.step",275,8326.18,5.07243e-05,1137.54,12.3674,6,-10650.4,112.037,1290.56,-6517.63,0,1567.63,0.000124546,-0.000150844,0.96,0.00528569,7.24054e-08,0,1,0,0,0,5,15725.6,75142.8,0.529466,0.110805,0.461733,0.123897,0.638843,0,0,5,1,0,4,0.2,0,"282 277 274 284 283","0 1 0 0 0","62.1691 0.110805 77.1039 53.2585 2.6972","6 6 6 6 6","26.5017 550.466 5.81946 0.0936649 554.659","2.29079e-05 1.74426 0.0175356 0.0230637 0.000129141","9.99822e-06 0.0053539 0.00856324 0.0028639 0.000149888",0
0,"Cessna Citation 2_wing_rivets.step",276,5016.41,3.05608e-05,424.91,2.86412,6,-10859.6,123.165,1213.78,-6517.63,0,1567.63,0.000124546,7.50509e-06,1,6.9881e-05,2.21857e-10,0,1,0,0,0,4,19081.8,75142.8,0.26289,0.0667584,0.53737,0.0228681,0.713056,0,0,4,1,0,3,0.25,0,"279 277 282 285","0 1 0 0","36.6863 0.0667584 37.4561 5.48924","6 6 6 6","27.2304 185.195 27.3108 185.174","5.59979e-06 1.59494 2.17741e-05 6.58636e-05","3.05635e-07 0.011497 1.26755e-06 2.93817e-05",0
0,"Cessna Citation 2_wing_rivets.step",277,75142.8,0.000457781,1361.46,1.96296,6,-10635.8,113.857,1213.85,-6517.63,0,1567.63,0.000124546,0.000273093,0.56,0.000471428,8.30393e-09,0,1,0,0,0,7,3242.27,8782.83,23.176,8.55565,0.0875675,0.0228681,0.130149,0,0,7,7,0,0,1,0,"276 279 273 272 274 275 282","1 1 1 1 1 1 1","14.9794 549.538 8.55565 391.702 695.853 9.02488 561.069","6 6 6 6 6 6 6","185.195 5.02103 535.778 47.4675 32.5212 550.466 5.0082","1.59494 1.5468 1.46779 1.468 1.65928 1.74426 1.6758","0.011497 0.0363307 0.0149306 0.0312179 0.0970883 0.0053539 0.0507204",0
0,"Cessna Citation 2_wing_rivets.step",278,2.64169e+06,0.0160936,14405.4,6.25111,6,-11705.2,107.118,1756.18,-6517.63,0,1567.63,0.000124546,0.00180887,1,0.0967655,3.90539e-06,0,2,1,1381.75,1381.75,11,994.751,3086.97,2655.63,855.756,0.71236,0.496627,0.912288,0,0,7,0,0,7,0,0,"280 286 285 287 283 284 281","0 0 0 0 0 0 0","1040.11 79420.5 2890.69 73680.3 855.756 16897.6 13399.4","6 6 6 6 6 6 6","544.037 10.0106 185.439 10.1032 556.067 31.8279 44.2655","8.98928e-06 7.88531e-05 0.000129161 4.94332e-06 8.26326e-06 9.05041e-06 2.72779e-05","6.26009e-06 5.22444e-05 5.74718e-05 3.10178e-06 1.6809e-06 1.02948e-05 5.05656e-05",0
0,"Cessna Citation 2_wing_rivets.step",279,136.738,8.33029e-07,64.6276,2.43073,6,-10858.7,132.357,1119.69,-6517.63,0,1567.63,0.000124546,-0.157481,1,0.20424,2.15765e-14,0,1,0,0,0,4,22243.8,75142.8,0.00614724,0.00181971,0.51988,0.0643277,0.705774,0,0,4,1,0,3,0.25,0,"277 276 286 273","1 0 0 0","0.00181971 0.0272581 4.11093 0.0155688","6 6 6 6","5.02103 27.2304 5.0277 27.3485","1.5468 5.59979e-06 0.000314046 9.41719e-06","0.0363307 3.05635e-07 0.00015662 4.38685e-06",0
0,"Cessna Citation 2_wing_rivets.step",280,2539.82,1.5473e-05,1096.41,37.6646,6,-10588.4,140.687,1144.73,-6517.63,0,1567.63,0.000124546,0.1574,1,0.181137,4.61808e-08,0,1,0,0,0,4,662677,2.64169e+06,0.00383267,0.000961436,0.82781,0.740433,0.908306,0,0,4,0,0,4,0,0,"286 278 281 273","0 0 0 0","76.3577 0.000961436 12.8826 0.28918","6 6 6 6","4.7379 544.037 4.49663 543.138","0.000289107 8.98928e-06 0.00997615 2.00585e-05","0.000135146 6.26009e-06 0.00501265 1.39643e-05",0
0,"Cessna Citation 2_wing_rivets.step",281,197.151,1.20107e-06,94.0556,3.57077,6,-10301.9,128.768,1197.38,-6517.63,0,1567.63,0.000124546,0.146289,1,0.269026,4.73666e-05,0,1,0,0,0,5,530673,2.64169e+06,0.000371511,7.46304e-05,0.72513,0.59857,0.908306,0,0,5,0,0,5,0,0,"273 280 278 284 272","0 0 0 0 0","0.0224473 0.0776239 7.46304e-05 1.26108 1.0277","6 6 6 6 6","0.0894567 4.49663 44.2655 5.02071 40.1833","0.0205494 0.00997615 2.72779e-05 4.41271e-05 0.000141794","0.00329724 0.00501265 5.05656e-05 2.11206e-05 0.000162745",0
0,"Cessna Citation 2_wing_rivets.step",282,133.928,8.15909e-07,64.0037,2.43405,6,-10858.2,111.269,1307.75,-6517.63,0,1567.63,0.000124546,-0.157484,1,0.2031,3.8063e-13,0,1,0,0,0,4,22130.3,75142.8,0.00605179,0.00178231,0.513976,0.0937258,0.70778,0,0,4,1,0,3,0.25,0,"275 287 276 277","0 0 0 1","0.0160852 3.73543 0.0266979 0.00178231","6 6 6 6","26.5017 5.18291 27.3108 5.0082","2.29079e-05 0.000271064 2.17741e-05 1.6758","9.99822e-06 0.000148304 1.26755e-06 0.0507204",0
0,"Cessna Citation 2_wing_rivets.step",283,3086.97,1.88063e-05,1121.75,32.4376,6,-10581.1,122.801,1281.96,-6517.63,0,1567.63,0.000124546,0.15738,1,0.254823,4.79182e-08,0,1,0,0,0,5,662553,2.64169e+06,0.00465921,0.00116856,0.678572,0.496627,0.794705,0,0,4,0,0,4,0,0,"275 284 278 287","0 0 0 0","0.370755 19.7459 0.00116856 86.0997","6 6 6 6","554.659 0.0288825 556.067 5.52613","0.000129141 0.0198344 8.26326e-06 7.9046e-05","0.000149888 2.86267e-05 1.6809e-06 9.04962e-05",0
0,"Cessna Citation 2_wing_rivets.step",284,156.335,9.52418e-07,70.7225,2.54594,6,-10297.9,123.982,1227.45,-6517.63,0,1567.63,0.000124546,0.142726,1,0.357985,5.56512e-05,0,1,0,0,0,6,530683,2.64169e+06,0.000294593,5.91799e-05,0.588289,0.336483,0.794705,0,0,5,0,0,5,0,0,"274 281 278 283 275","0 0 0 0 0","1.44773 0.792973 5.91799e-05 0.0506435 0.0187764","6 6 6 6 6","28.2824 5.02071 31.8279 5.46895 0.0936649","0.000276623 4.41271e-05 9.05041e-06 0.0132587 0.0230637","0.000322732 2.11206e-05 1.02948e-05 0.00644217 0.0028639",0
0,"Cessna Citation 2_wing_rivets.step",285,913.862,5.56739e-06,380.456,12.6043,6,-10860.7,138.828,1213.71,-6517.63,0,1567.63,0.000124546,0.157613,1,0.202163,5.77989e-09,0,1,0,0,0,4,661695,2.64169e+06,0.00138109,0.000345938,0.817547,0.713056,0.875195,0,0,4,0,0,4,0,0,"276 287 278 286","0 0 0 0","0.182174 25.4888 0.000345938 27.4746","6 6 6 6","185.174 4.85653 185.439 4.98689","6.58636e-05 0.000343776 0.000129161 0.000427976","2.93817e-05 0.000167776 5.74718e-05 9.95715e-05",0
0,"Cessna Citation 2_wing_rivets.step",286,33.2621,2.02638e-07,24.7631,1.46707,6,-10859.3,148.223,1118.99,-6517.63,0,1567.63,0.000124546,0.0748007,1,0.299949,0.00197888,0,1,0,0,0,4,661321,2.64169e+06,5.02965e-05,1.25912e-05,0.82715,0.703492,0.912288,0,0,4,0,0,4,0,0,"279 285 278 280","0 0 0 0","0.243254 0.0363973 1.25912e-05 0.0130962","6 6 6 6","5.0277 4.98689 10.0106 4.7379","0.000314046 0.000427976 7.88531e-05 0.000289107","0.00015662 9.95715e-05 5.22444e-05 0.000135146",0
0,"Cessna Citation 2_wing_rivets.step",287,35.8535,2.18425e-07,25.6688,1.46241,6,-10859.1,126.931,1308.98,-6517.63,0,1567.63,0.000124546,0.0702729,1,0.381655,0.00212513,0,1,0,0,0,4,661457,2.64169e+06,5.42037e-05,1.35721e-05,0.749116,0.646923,0.875195,0,0,4,0,0,4,0,0,"283 278 285 282","0 0 0 0","0.0116144 1.35721e-05 0.0392329 0.267707","6 6 6 6","5.52613 10.1032 4.85653 5.18291","7.9046e-05 4.94332e-06 0.000343776 0.000271064","9.04962e-05 3.10178e-06 0.000167776 0.000148304",0
0,"Cessna Citation 2_wing_rivets.step",288,26678.8,0.000162531,2444.43,17.8229,6,-1587.88,724.342,203.636,-6517.63,0,1567.63,0.000124546,-0.000214302,1,0.367166,6.67632e-07,0,1,0,0,0,6,9180.81,26678.8,2.90593,0.999998,0.376459,0.00821594,0.715762,0,0,4,0,0,4,0,0,"294 297 295 312","0 0 0 0","5.05477 36.8874 6.59839 0.999998","6 6 6 6","263.73 144.914 807.895 22.2234","1.78737e-06 4.52958e-06 5.87761e-05 3.59746e-09","2.44436e-06 1.29572e-05 8.08158e-05 7.3261e-09",0
0,"Cessna Citation 2_wing_rivets.step",289,110668,0.000674205,1342.58,1.29613,6,-2637.71,177.984,1189.74,-6517.63,0,1567.63,0.000124546,0.00138638,1,0.0560604,8.6573e-08,0,1,0,0,0,4,2.85805e+06,5.60249e+06,0.0387215,0.0197533,0.9151,0.898948,0.931252,0,0,2,0,1,1,0,0.5,"293 291","0 -1","0.0197533 0.974183","6 6","434.782 574.223","2.00931e-06 0.0362268","1.22841e-06 0.0259666",0
0,"Cessna Citation 2_wing_rivets.step",290,98681,0.00060118,3129.38,7.89721,6,-2178.63,586.194,550.747,-6517.63,0,1567.63,0.000124546,-0.00148833,1,0.300315,2.99615e-06,0,1,0,0,0,5,1.0913e+06,2.47593e+06,0.0904252,0.0398562,0.600004,0.157758,0.995468,0,0,3,0,0,3,0,0,"291 303 298","0 0 0","0.868666 0.0398562 0.144192","6 6 6","1461.14 296.923 1239","5.17315e-05 3.98108e-05 4.20556e-05","4.6191e-05 8.19698e-05 5.10647e-05",0
0,"Cessna Citation 2_wing_rivets.step",291,113601,0.000692072,6279.16,27.6193,6,-2446.46,559.067,713.419,-6517.63,0,1567.63,0.000124546,0,0,0,0,0,1,0,0,0,8,1.93728e+06,5.60249e+06,0.0586392,0.0202768,0.790304,0.646786,0.931252,0,0,3,0,1,2,0,0.333333,"293 290 289","0 0 -1","0.0202768 1.15119 1.0265","6 6 6","110.349 1461.14 574.223","0.0225456 5.17315e-05 0.0362268","0.00959859 4.6191e-05 0.0259666",0
0,"Cessna Citation 2_wing_rivets.step",292,6.33743e+06,0.0386085,14553.4,2.65954,6,-5436.79,518.678,-147.911,-6517.63,0,1567.63,0.000124546,0.000598318,0.88,0.206961,1.9891e-11,0,1,0,0,0,7,4.03921e+06,5.60249e+06,1.56898,1.13118,0.571206,0.163152,0.979261,0,0,2,0,0,2,0,0,"293 303","0 0","1.13118 2.55962","6 6","3143.27 1288.26","0 0.0149064","0 0.0102762",0
0,"Cessna Citation 2_wing_rivets.step",293,5.60249e+06,0.0341312,22538,7.21508,6,-5513.7,494.524,971.308,-6517.63,0,1567.63,0.000124546,0.000599431,0.72,0.249203,1.55282e-11,0,7,6,1155.39,2063.15,33,2.18723e+06,6.33743e+06,2.56145,0.884033,0.618325,0.163152,0.898948,0,0,3,0,0,3,0,0,"292 291 289","0 0 0","0.884033 49.3174 50.6244","6 6 6","1410.83 110.349 434.782","0 0.0225456 2.00931e-06","0 0.00959859 1.22841e-06",0
0,"Cessna Citation 2_wing_rivets.step",294,5277.94,3.2154e-05,2125.4,68.1095,6,-1609.91,537.766,512.596,-6517.63,0,1567.63,0.000124546,0.157455,1,0.186074,1.87347e-07,0,1,0,0,0,5,148117,684372,0.0356337,0.0077121,0.674233,0.441741,0.938014,0,0,5,0,0,5,0,0,"298 297 288 312 296","0 0 0 0 0","0.0077121 7.29754 0.197833 0.197833 2.47664","6 6 6 6 6","1062.77 4.97789 263.73 789.146 4.77904","2.57338e-05 2.36965e-06 1.78737e-06 2.05649e-06 0.00132626","3.15387e-05 1.48407e-06 2.44436e-06 4.24904e-06 0.000696368",0
0,"Cessna Citation 2_wing_rivets.step",295,4043.22,2.46319e-05,1635.85,52.6686,6,-1465.66,725.635,117.242,-6517.63,0,1567.63,0.000124546,0.157571,1,0.177001,9.71463e-10,0,1,0,0,0,4,626366,2.47593e+06,0.00645505,0.00163301,0.536405,0.0363419,0.794536,0,0,4,0,0,4,0,0,"303 296 288 297","0 0 0 0","0.00163301 1.89725 0.151552 5.59036","6 6 6 6","818.131 5.01402 807.895 4.81383","9.62774e-06 0.000163868 5.87761e-05 1.95579e-05","1.05964e-05 6.87638e-05 8.08158e-05 1.32283e-05",0
0,"Cessna Citation 2_wing_rivets.step",296,2131.09,1.29829e-05,872.257,28.4104,6,-1110.85,563.171,348.502,-6517.63,0,1567.63,0.000124546,0.158112,1,0.25258,1.95779e-06,0,1,0,0,0,4,180093,684372,0.0118333,0.00311394,0.662868,0.522441,0.794536,0,0,4,0,0,4,0,0,"294 312 295 298","0 0 0 0","0.403773 0.0798795 0.527078 0.00311394","6 6 6 6","4.77904 427.259 5.01402 435.205","0.00132626 7.78615e-06 0.000163868 7.87921e-06","0.000696368 1.06119e-05 6.87638e-05 5.31629e-06",0
0,"Cessna Citation 2_wing_rivets.step",297,723.249,4.40614e-06,300.451,9.93226,6,-1827.23,793.196,256.302,-6517.63,0,1567.63,0.000124546,0.157929,1,0.209504,4.42703e-08,0,1,0,0,0,4,627982,2.47593e+06,0.0011517,0.000292112,0.498195,0.128739,0.815848,0,0,4,0,0,4,0,0,"295 288 294 303","0 0 0 0","0.178879 0.0271095 0.137032 0.000292112","6 6 6 6","4.81383 144.914 4.97789 145.745","1.95579e-05 4.52958e-06 2.36965e-06 2.76972e-06","1.32283e-05 1.29572e-05 1.48407e-06 3.54352e-06",0
0,"Cessna Citation 2_wing_rivets.step",298,684372,0.0041693,5413.63,3.4078,6,-1444.1,363.936,505.654,-6517.63,0,1567.63,0.000124546,0.00181815,0.44,0.230903,1.33206e-06,0,1,0,0,0,7,517154,2.47593e+06,1.32334,0.27641,0.696606,0.194629,0.995468,0,0,5,0,0,5,0,0,"290 303 294 296 309","0 0 0 0 0","6.93519 0.27641 129.666 321.137 182.447","6 6 6 6 6","1239 653.181 1062.77 435.205 754.293","4.20556e-05 7.45058e-09 2.57338e-05 7.87921e-06 2.01409e-05","5.10647e-05 7.45058e-09 3.15387e-05 5.31629e-06 2.77259e-05",0
0,"Cessna Citation 2_wing_rivets.step",299,9376.7,5.71243e-05,888.479,6.69938,6,-342.089,196.923,-185.331,-6517.63,0,1567.63,0.000124546,-0.000443545,1,0.0160885,3.00706e-08,0,1,0,0,0,4,1131.12,2180.86,8.28974,4.29954,0.81605,0.723869,0.908231,0,0,2,0,0,2,0,0,"304 305","0 0","115.222 4.29954","6 6","22.2183 433.965","1.79594e-06 2.94763e-05","8.4938e-07 1.52916e-05",0
0,"Cessna Citation 2_wing_rivets.step",300,12852.6,7.83002e-05,1201.66,8.94042,6,-598.722,482.329,1.85397,-6517.63,0,1567.63,0.000124546,2.93759e-05,1,0.00178811,2.31295e-10,0,1,0,0,0,4,1030.22,2918.36,12.4756,4.40406,0.778374,0.704271,0.823884,0,0,3,0,0,3,0,0,"304 306 307","0 0 0","157.934 141.368 4.40406","6 6 6","22.2051 22.2126 581.316","1.18482e-06 7.5784e-07 5.65505e-06","4.29487e-07 2.62315e-07 8.61627e-07",0
0,"Cessna Citation 2_wing_rivets.step",301,1407.94,8.57737e-06,171.163,1.65586,6,-863.283,590.911,99.4127,-6517.63,0,1567.63,0.000124546,-0.000379831,1,0.000232772,2.60443e-10,0,1,0,0,0,4,5562.35,16267.5,0.253119,0.0865492,0.813315,0.707057,0.948189,0,0,3,0,0,3,0,0,"306 302 308","0 0 0","15.4861 0.0865492 4.28377","6 6 6","22.2233 22.2233 65.1692","3.50463e-06 0.00294938 3.97125e-05","1.22523e-06 0.00140209 1.64974e-05",0
0,"Cessna Citation 2_wing_rivets.step",302,16267.5,9.91039e-05,1508.48,11.1313,6,-863.381,343.485,348.806,-6517.63,0,1567.63,0.000124546,-0.000332127,1,0.0103575,7.21631e-08,0,1,0,0,0,4,2579.51,3751.08,6.30643,4.33675,0.840009,0.73183,0.948189,0,0,2,0,0,2,0,0,"309 301","0 0","4.33675 11.5541","6 6","748.593 22.2233","2.78963e-05 0.00294938","1.6958e-05 0.00140209",0
0,"Cessna Citation 2_wing_rivets.step",303,2.47593e+06,0.0150837,6996.38,1.57325,6,-1718.49,451.752,-182.706,-6517.63,0,1567.63,0.000124546,0.000786586,0.96,0.196607,5.85228e-08,0,1,0,0,0,12,792300,6.33743e+06,3.12499,0.390684,0.305746,0.0059776,0.979261,0,0,9,0,0,9,0,0,"308 298 295 297 290 292 305 307 311","0 0 0 0 0 0 0 0 0","7533.22 3.61781 612.365 3423.34 25.0902 0.390684 1135.3 848.397 88172.7","6 6 6 6 6 6 6 6 6","66.4211 254.698 818.131 145.745 296.923 1288.26 438.595 581.958 8.24404","5.19581e-05 5.08757e-09 9.62774e-06 2.76972e-06 3.98108e-05 0.0149064 3.20305e-05 1.4816e-05 3.32689e-05","2.72874e-05 7.93312e-09 1.05964e-05 3.54352e-06 8.19698e-05 0.0102762 1.40278e-05 1.04786e-05 1.05334e-05",0
0,"Cessna Citation 2_wing_rivets.step",304,81.3797,4.95777e-07,51.752,2.61895,6,-344.243,356.769,-59.637,-6517.63,0,1567.63,0.000124546,0.157477,1,0.108547,4.18154e-12,0,1,0,0,0,4,7413.69,12852.6,0.0109769,0.00633175,0.857371,0.823884,0.908231,0,0,3,0,0,3,0,0,"300 310 299","0 0 0","0.00633175 6.93099 0.00867892","6 6 6","22.2051 3.66942 22.2183","1.18482e-06 0.00012148 1.79594e-06","4.29487e-07 4.30429e-05 8.4938e-07",0
0,"Cessna Citation 2_wing_rivets.step",305,2180.86,1.32861e-05,882.549,28.421,6,-338.909,203.378,-195.517,-6517.63,0,1567.63,0.000124546,0.158,1,0.178998,2.05915e-07,0,1,0,0,0,4,828439,2.47593e+06,0.0026325,0.000880826,0.645125,0.482323,0.729184,0,0,3,0,0,3,0,0,"299 310 303","0 0 0","0.232583 185.741 0.000880826","6 6 6","433.965 4.99587 438.595","2.94763e-05 3.92389e-05 3.20305e-05","1.52916e-05 4.33109e-06 1.40278e-05",0
0,"Cessna Citation 2_wing_rivets.step",306,90.9162,5.53875e-07,52.6192,2.42347,6,-862.307,586.745,66.2558,-6517.63,0,1567.63,0.000124546,-0.157478,1,0.136845,2.32335e-12,0,1,0,0,0,4,4762.89,12852.6,0.0190885,0.00707374,0.760321,0.689295,0.806966,0,0,3,0,0,3,0,0,"300 301 311","0 0 0","0.00707374 0.0645741 3.23771","6 6 6","22.2126 22.2233 4.10594","7.5784e-07 3.50463e-06 0.0052085","2.62315e-07 1.22523e-06 0.0025311",0
0,"Cessna Citation 2_wing_rivets.step",307,2918.36,1.77791e-05,1173.31,37.5384,6,-594.257,493.863,-2.55429,-6517.63,0,1567.63,0.000124546,0.157635,1,0.181828,4.16281e-09,0,1,0,0,0,4,622205,2.47593e+06,0.00469035,0.00117869,0.615093,0.0059776,0.936961,0,0,4,0,0,4,0,0,"300 311 303 310","0 0 0 0","0.227063 103.929 0.00117869 248.553","6 6 6 6","581.316 5.01235 581.958 5.02209","5.65505e-06 0.0103606 1.4816e-05 5.86221e-05","8.61627e-07 0.00502545 1.04786e-05 1.90472e-05",0
0,"Cessna Citation 2_wing_rivets.step",308,328.668,2.0023e-06,141.607,4.85516,6,-860.677,603.679,98.4701,-6517.63,0,1567.63,0.000124546,0.158035,1,0.198588,1.64175e-07,0,1,0,0,0,4,620279,2.47593e+06,0.000529872,0.000132745,0.705227,0.341747,0.916174,0,0,4,0,0,4,0,0,"301 309 303 311","0 0 0 0","0.233439 0.0876197 0.000132745 11.7045","6 6 6 6","65.1692 5.02603 66.4211 4.99102","3.97125e-05 0.000236641 5.19581e-05 0.00980624","1.64974e-05 0.000160084 2.72874e-05 0.00494405",0
0,"Cessna Citation 2_wing_rivets.step",309,3751.08,2.28521e-05,1512.9,48.5573,6,-860.679,351.885,357.635,-6517.63,0,1567.63,0.000124546,0.1579,1,0.187927,2.18907e-07,0,1,0,0,0,4,233656,684372,0.0160538,0.00548105,0.729656,0.601209,0.85593,0,0,3,0,0,3,0,0,"298 308 302","0 0 0","0.00548105 11.413 0.230588","6 6 6","754.293 5.02603 748.593","2.01409e-05 0.000236641 2.78963e-05","2.77259e-05 0.000160084 1.6958e-05",0
0,"Cessna Citation 2_wing_rivets.step",310,11.7414,7.15305e-08,13.6874,1.26973,6,-339.214,367.265,-64.7459,-6517.63,0,1567.63,0.000124546,0.314961,0.68,0.236991,0,0,1,0,0,0,3,1726.87,2918.36,0.00679925,0.00402329,0.794115,0.729184,0.839998,0,0,3,0,0,3,0,0,"304 307 305","0 0 0","0.144279 0.00402329 0.00538384","6 6 6","3.66942 5.02209 4.99587","0.00012148 5.86221e-05 3.92389e-05","4.30429e-05 1.90472e-05 4.33109e-06",0
0,"Cessna Citation 2_wing_rivets.step",311,28.0804,1.7107e-07,22.3533,1.41603,6,-859.698,599.53,63.2575,-6517.63,0,1567.63,0.000124546,0.0717087,1,0.286822,0.00215088,0,1,0,0,0,4,619817,2.47593e+06,4.53044e-05,1.13414e-05,0.661723,0.10446,0.936961,0,0,4,0,0,4,0,0,"306 308 303 307","0 0 0 0","0.308861 0.0854371 1.13414e-05 0.00962199","6 6 6 6","4.10594 4.99102 8.24404 5.01235","0.0052085 0.00980624 3.32689e-05 0.0103606","0.0025311 0.00494405 1.05334e-05 0.00502545",0
0,"Cessna Citation 2_wing_rivets.step",312,26678.8,0.000162531,2444.29,17.8209,6,-1392.18,496.305,461.574,-6517.63,0,1567.63,0.000124546,-0.00168689,1,0.235904,1.25671e-05,0,1,0,0,0,5,11362.6,26678.8,2.34795,1,0.34358,0.00821594,0.580783,0,0,3,0,0,3,0,0,"288 296 294","0 0 0","1 12.5189 5.05478","6 6 6","22.311 427.259 789.146","7.45058e-09 7.78615e-06 2.05649e-06","7.45058e-09 1.06119e-05 4.24904e-06",0
