face_id,pred_label,pred_name,pred_confidence,prob_background,prob_rivet,prob_surface_feature
1,0,background,0.9368611574172974,0.9368611574172974,0.0016319777350872,0.061607401818037
2,0,background,0.9364821910858154,0.9364821910858154,0.0016458310419693,0.061973962932825
3,0,background,0.93499755859375,0.93499755859375,0.001647051423788,0.0634599551558494
4,0,background,0.936862289905548,0.936862289905548,0.0016319871647283,0.0616063028573989
5,0,background,0.936490833759308,0.936490833759308,0.0016458497848361,0.0619652830064296
6,0,background,0.9349303245544434,0.9349303245544434,0.0016457902966067,0.0635284408926963
7,0,background,0.948827862739563,0.948827862739563,0.0015985576901584,0.0496529676020145
8,0,background,0.9406417608261108,0.9406417608261108,0.0015866222092881,0.0578633993864059
9,0,background,0.7491307258605957,0.7491307258605957,0.0015902490122243,0.2496760487556457
10,0,background,0.7490985989570618,0.7490985989570618,0.0015902476152405,0.2497082203626632
11,0,background,0.9477226138114928,0.9477226138114928,0.0015925264451652,0.0507656969130039
12,0,background,0.9391961693763732,0.9391961693763732,0.00160118623171,0.0592976361513137
13,0,background,0.9431573748588562,0.9431573748588562,0.0015898887068033,0.0553407184779644
14,0,background,0.9479278922080994,0.9479278922080994,0.001848223619163,0.0503168441355228
15,0,background,0.9115573763847352,0.9115573763847352,0.0016245370497927,0.0869593322277069
16,0,background,0.9132596850395204,0.9132596850395204,0.0016145042609423,0.0852635204792022
17,0,background,0.8974686861038208,0.8974686861038208,0.0018432636279612,0.10087401419878
18,0,background,0.9287230372428894,0.9287230372428894,0.001642029848881,0.0697494819760322
19,0,background,0.9439136385917664,0.9439136385917664,0.0017280984902754,0.0544523857533931
20,0,background,0.9385060667991638,0.9385060667991638,0.0016289443010464,0.0599626787006855
21,0,background,0.9142509698867798,0.9142509698867798,0.0016156474594026,0.084269531071186
22,0,background,0.925550937652588,0.925550937652588,0.0016147209098562,0.0729521140456199
23,0,background,0.921592116355896,0.921592116355896,0.0016275722300633,0.0769055113196373
24,0,background,0.7140063643455505,0.7140063643455505,0.0015866976464167,0.2848589718341827
25,0,background,0.7596743702888489,0.7596743702888489,0.0015920359874144,0.2391142547130584
26,0,background,0.7203470468521118,0.7203470468521118,0.0015996927395462,0.2784987390041351
27,0,background,0.926164984703064,0.926164984703064,0.0015943819889798,0.0723559632897377
28,0,background,0.7138714790344238,0.7138714790344238,0.0015867521287873,0.2849940061569214
29,0,background,0.760059118270874,0.760059118270874,0.0015920238802209,0.2387288510799408
30,0,background,0.8314524292945862,0.8314524292945862,0.0015988438390195,0.1672160625457763
31,0,background,0.8462393283843994,0.8462393283843994,0.0016032044077292,0.1524018347263336
32,0,background,0.8987056016921997,0.8987056016921997,0.001591203152202,0.09986212849617
33,0,background,0.7959648966789246,0.7959648966789246,0.0015957776922732,0.2027629017829895
34,0,background,0.6720027923583984,0.6720027923583984,0.0015951078385114,0.3269235789775848
35,0,background,0.8981219530105591,0.8981219530105591,0.0015974149573594,0.1004410833120346
36,0,background,0.9116250872612,0.9116250872612,0.0015978091396391,0.0869159996509552
37,0,background,0.8729531764984131,0.8729531764984131,0.0015963515033945,0.1256510764360427
38,0,background,0.6400704979896545,0.6400704979896545,0.0015947737265378,0.3589071035385132
39,0,background,0.8169874548912048,0.8169874548912048,0.0015961242606863,0.1817064583301544
40,0,background,0.9410701990127563,0.9410701990127563,0.0015898689161986,0.0574312321841716
41,0,background,0.9447726607322692,0.9447726607322692,0.0015940298326313,0.0537189692258834
42,0,background,0.7777301669120789,0.7777301669120789,0.0015904549509286,0.2210309207439422
43,0,background,0.7780463099479675,0.7780463099479675,0.0015903670573607,0.2207143157720565
44,0,background,0.9441415667533876,0.9441415667533876,0.0015942498575896,0.0543508678674697
45,1,rivet,0.9531893730163574,0.0443852506577968,0.9531893730163574,0.0518125109374523
46,0,background,0.9007070064544678,0.9007070064544678,0.0022542257793247,0.097257949411869
47,1,rivet,0.9968860745429992,0.0029297512955963,0.9968860745429992,0.0591453127562999
48,0,background,0.9472439885139464,0.9472439885139464,0.0015944646438583,0.051243245601654
49,0,background,0.9482043385505676,0.9482043385505676,0.0016065440140664,0.050269927829504
50,0,background,0.9512276649475098,0.9512276649475098,0.0015757768414914,0.0472710542380809
51,0,background,0.9233977794647216,0.9233977794647216,0.0015764965210109,0.0751441717147827
52,0,background,0.9415133595466614,0.9415133595466614,0.0016355087282136,0.0569442324340343
53,0,background,0.9333251118659972,0.9333251118659972,0.0015989320818334,0.0651801750063896
54,1,rivet,0.979744553565979,0.0192044042050838,0.979744553565979,0.0518893413245677
55,1,rivet,0.962531805038452,0.0354978032410144,0.962531805038452,0.0525883212685585
56,1,rivet,0.9880896210670472,0.0112949945032596,0.9880896210670472,0.0516679026186466
57,1,rivet,0.9984751343727112,0.0014393694000318,0.9984751343727112,0.0560680590569973
58,1,rivet,0.9984788298606871,0.0014364270027726,0.9984788298606871,0.0557091869413852
59,1,rivet,0.9984778761863708,0.0014372856821864,0.9984778761863708,0.0557366348803043
60,1,rivet,0.9984779953956604,0.0014371571596711,0.9984779953956604,0.0557471476495265
61,1,rivet,0.9984788298606871,0.0014364438829943,0.9984788298606871,0.0556981116533279
62,1,rivet,0.9984751343727112,0.0014393706806004,0.9984751343727112,0.0560671500861644
63,0,background,0.1320381760597229,0.1320381760597229,0.8606495261192322,0.0524741634726524
64,1,rivet,0.9984880685806274,0.0014251248212531,0.9984880685806274,0.0574143379926681
65,1,rivet,0.9984880685806274,0.0014251366956159,0.9984880685806274,0.0574064739048481
66,1,rivet,0.9984880685806274,0.001425058231689,0.9984880685806274,0.0574583783745765
67,1,rivet,0.9984880685806274,0.0014250568347051,0.9984880685806274,0.0574593469500541
68,1,rivet,0.9984880685806274,0.0014251384418457,0.9984880685806274,0.0574053265154361
69,1,rivet,0.9984880685806274,0.001425125170499,0.9984880685806274,0.0574141703546047
70,1,rivet,0.9433614015579224,0.0537078529596328,0.9433614015579224,0.0517446734011173
71,0,background,0.9441701769828796,0.9441701769828796,0.0015858911210671,0.054330114275217
72,0,background,0.9467689394950868,0.9467689394950868,0.0015936261042952,0.0517198294401168
73,1,rivet,0.9977107048034668,0.0021516964770853,0.9977107048034668,0.0601053200662136
74,1,rivet,0.9972527623176576,0.0025814140681177,0.9972527623176576,0.0603601112961769
75,1,rivet,0.997962236404419,0.0019171002786606,0.997962236404419,0.0592135749757289
76,0,background,0.0014675166457891,0.0014675166457891,0.9983847141265868,0.0914817303419113
77,1,rivet,0.9950854182243348,0.0046201548539102,0.9950854182243348,0.0599087812006473
78,0,background,0.0014651325764134,0.0014651325764134,0.998383402824402,0.0936934947967529
79,1,rivet,0.996606707572937,0.0031928964890539,0.996606707572937,0.059056457132101
80,1,rivet,0.9503026008605956,0.0470975376665592,0.9503026008605956,0.0523138679563999
81,1,rivet,0.978980302810669,0.0199133213609457,0.978980302810669,0.0526351779699325
82,1,rivet,0.9645016193389891,0.0336517095565795,0.9645016193389891,0.0520213358104229
83,1,rivet,0.9877413511276244,0.0116174789145588,0.9877413511276244,0.0523034743964672
84,0,background,0.1081389039754867,0.1081389039754867,0.8858789205551147,0.0524195209145545
85,1,rivet,0.9392512440681458,0.0575749427080154,0.9392512440681458,0.052244883030653
86,0,background,0.9464693665504456,0.9464693665504456,0.0015953287947922,0.0520182810723781
87,0,background,0.9385937452316284,0.9385937452316284,0.00158501858823,0.059916216880083
88,0,background,0.8116744160652161,0.8116744160652161,0.0015884133754298,0.1870342195034027
89,0,background,0.8137117624282837,0.8137117624282837,0.0015886538894847,0.1849935203790664
90,0,background,0.9388170838356018,0.9388170838356018,0.0016062089707702,0.0596725195646286
91,0,background,0.9410701990127563,0.9410701990127563,0.0015898697311058,0.0574312321841716
92,0,background,0.9447726607322692,0.9447726607322692,0.0015940298326313,0.0537189915776252
93,0,background,0.7777303457260132,0.7777303457260132,0.0015904557658359,0.2210307866334915
94,0,background,0.7780465483665466,0.7780465483665466,0.0015903670573607,0.2207141071557998
95,0,background,0.9441415071487428,0.9441415071487428,0.0015942498575896,0.0543508939445018
96,0,background,0.9529497623443604,0.9529497623443604,0.0015789316967129,0.0455432049930095
97,0,background,0.949211835861206,0.949211835861206,0.0015988133382052,0.0492681264877319
98,0,background,0.951519250869751,0.951519250869751,0.0015982305631041,0.0469575338065624
99,0,background,0.8666685223579407,0.8666685223579407,0.0015794684877619,0.1319604367017746
100,0,background,0.9407976865768432,0.9407976865768432,0.0016179512022063,0.0576776936650276
101,0,background,0.919225573539734,0.919225573539734,0.0015773554332554,0.0793221443891525
102,0,background,0.916053831577301,0.916053831577301,0.0015882742591202,0.082488901913166
103,0,background,0.943782925605774,0.943782925605774,0.0015867068432271,0.0547171719372272
104,0,background,0.945593237876892,0.945593237876892,0.0015884594758972,0.0529023706912994
105,0,background,0.9464693665504456,0.9464693665504456,0.0015953311230987,0.0520182810723781
106,0,background,0.9385936260223388,0.9385936260223388,0.00158501858823,0.0599162988364696
107,0,background,0.8116737008094788,0.8116737008094788,0.0015884133754298,0.18703493475914
108,0,background,0.8137111067771912,0.8137111067771912,0.0015886530745774,0.184994176030159
109,0,background,0.9388171434402466,0.9388171434402466,0.0016062089707702,0.0596725046634674
110,0,background,0.9124058485031128,0.9124058485031128,0.0015927843051031,0.0861385837197303
111,0,background,0.7290481925010681,0.7290481925010681,0.0015913305105641,0.269789844751358
112,0,background,0.7289797067642212,0.7289797067642212,0.0015913266688585,0.2698584198951721
113,0,background,0.9097377061843872,0.9097377061843872,0.0015936276176944,0.0888101831078529
114,0,background,0.8824464678764343,0.8824464678764343,0.0015932180685922,0.1161454021930694
115,0,background,0.9509660005569458,0.9509660005569458,0.001586019527167,0.0475233569741249
116,0,background,0.9509143829345704,0.9509143829345704,0.0016007905360311,0.0475609302520751
117,0,background,0.9536176919937134,0.9536176919937134,0.0015869244234636,0.0448666289448738
118,0,background,0.8942266702651978,0.8942266702651978,0.0015839986735954,0.104354590177536
119,0,background,0.9435741305351256,0.9435741305351256,0.0015914833638817,0.0549217723309993
120,0,background,0.8449192047119141,0.8449192047119141,0.0015848434995859,0.153739646077156
121,0,background,0.9326074123382568,0.9326074123382568,0.0015901385340839,0.0659072697162628
122,0,background,0.9432325959205629,0.9432325959205629,0.0015824867878109,0.0552723705768585
123,0,background,0.9462984204292296,0.9462984204292296,0.0015983720077201,0.0521866381168365
124,0,background,0.8555101156234741,0.8555101156234741,0.0015930708032101,0.1431248039007187
125,0,background,0.6150810122489929,0.6150810122489929,0.0015949119115248,0.3839364051818847
126,0,background,0.8343561887741089,0.8343561887741089,0.0015942028257995,0.1643115729093551
127,0,background,0.6151852607727051,0.6151852607727051,0.0015949330991134,0.3838319778442383
128,0,background,0.8605584502220154,0.8605584502220154,0.0015862203435972,0.1380743384361267
129,0,background,0.8519981503486633,0.8519981503486633,0.001599739305675,0.1466367244720459
130,0,background,0.8065177202224731,0.8065177202224731,0.001590276369825,0.1921976804733276
131,0,background,0.9431927800178528,0.9431927800178528,0.0017249213997274,0.055177517235279
132,0,background,0.9428759217262268,0.9428759217262268,0.0016297432594001,0.0555848777294158
133,0,background,0.7232716679573059,0.7232716679573059,0.0016573462635278,0.2755275964736938
134,0,background,0.9421160221099854,0.9421160221099854,0.0016238063108175,0.0563516840338707
135,0,background,0.9387625455856324,0.9387625455856324,0.0016317469999194,0.0597031377255916
136,0,background,0.941326379776001,0.941326379776001,0.0016238217940554,0.0571426451206207
137,0,background,0.943775236606598,0.943775236606598,0.0017201867885887,0.0545985251665115
138,0,background,0.9423325657844543,0.9423325657844543,0.0016301933210343,0.0561287105083465
139,0,background,0.7679681777954102,0.7679681777954102,0.0016533193411305,0.2307600528001785
140,0,background,0.942150890827179,0.942150890827179,0.001620237249881,0.0563201308250427
141,0,background,0.9385835528373718,0.9385835528373718,0.0016330641228705,0.0598812364041805
142,0,background,0.941031277179718,0.941031277179718,0.0016200044192373,0.0574417673051357
143,0,background,0.9365878701210022,0.9365878701210022,0.0016263269353657,0.061886478215456
144,0,background,0.8914437294006348,0.8914437294006348,0.0016394999111071,0.107092373073101
145,0,background,0.9393560290336608,0.9393560290336608,0.001647550961934,0.0590937957167625
146,0,background,0.9410579800605774,0.9410579800605774,0.0016404228517785,0.0573957338929176
147,0,background,0.9424490332603456,0.9424490332603456,0.0016423168126493,0.0560005903244018
148,0,background,0.94078528881073,0.94078528881073,0.0016403633635491,0.0576689466834068
149,0,background,0.9095335006713868,0.9095335006713868,0.0016205218853428,0.088990144431591
150,0,background,0.901290237903595,0.901290237903595,0.0016245640581473,0.0972431227564811
151,0,background,0.904557168483734,0.904557168483734,0.001614712527953,0.0939798727631568
152,0,background,0.8932406306266785,0.8932406306266785,0.0016075707972049,0.1053210943937301
153,0,background,0.9100458025932312,0.9100458025932312,0.0016177301295101,0.0884796008467674
154,0,background,0.8910276889801025,0.8910276889801025,0.0016081662615761,0.1075370162725448
155,0,background,0.9149377942085266,0.9149377942085266,0.0016191577306017,0.0835783556103706
156,0,background,0.8857480883598328,0.8857480883598328,0.0016081265639513,0.1128252297639846
157,0,background,0.909869909286499,0.909869909286499,0.0016166899586096,0.0886567234992981
158,0,background,0.8884747624397278,0.8884747624397278,0.0016068400582298,0.1100953295826911
159,0,background,0.9081432819366456,0.9081432819366456,0.0016154788900166,0.0903872698545456
160,0,background,0.8884518146514893,0.8884518146514893,0.0016058016335591,0.1101192086935043
161,0,background,0.90980064868927,0.90980064868927,0.0016174314077943,0.0887254774570465
162,0,background,0.8871135115623474,0.8871135115623474,0.001606308389455,0.1114592626690864
163,0,background,0.90732079744339,0.90732079744339,0.001617214991711,0.0912095308303833
164,0,background,0.8889920115470886,0.8889920115470886,0.0016068499535322,0.1095772460103035
165,0,background,0.904401421546936,0.904401421546936,0.0016159359365701,0.0941347554326057
166,0,background,0.889922559261322,0.889922559261322,0.0016077391337603,0.108644388616085
167,0,background,0.9033414125442504,0.9033414125442504,0.0016154774930328,0.0951969102025032
168,0,background,0.8900100588798523,0.8900100588798523,0.0016083231894299,0.1085562109947204
169,0,background,0.9016886949539183,0.9016886949539183,0.0016017298912629,0.0968646928668022
170,0,background,0.8735286593437195,0.8735286593437195,0.0016075386665761,0.1250648647546768
171,0,background,0.880414605140686,0.880414605140686,0.0016081547364592,0.1181672737002372
172,0,background,0.904542088508606,0.904542088508606,0.0016032234998419,0.0940053910017013
173,0,background,0.8715901374816895,0.8715901374816895,0.0016073663718998,0.1270066201686859
174,0,background,0.8791325092315674,0.8791325092315674,0.0016065294621512,0.1194529086351394
175,0,background,0.9025880694389344,0.9025880694389344,0.0016024482902139,0.0959632098674774
176,0,background,0.8723123669624329,0.8723123669624329,0.001607299898751,0.1262833178043365
177,0,background,0.8777154088020325,0.8777154088020325,0.0016036693705245,0.1208747625350952
178,0,background,0.9042165875434875,0.9042165875434875,0.0016042358474805,0.0943304970860481
179,0,background,0.8706056475639343,0.8706056475639343,0.001607910497114,0.1279922425746917
180,0,background,0.878507673740387,0.878507673740387,0.0016056379536166,0.1200794875621795
181,0,background,0.9096277952194214,0.9096277952194214,0.0016067964024841,0.0889082327485084
182,0,background,0.8649951815605164,0.8649951815605164,0.0016094468301162,0.1336104273796081
183,0,background,0.8822848200798035,0.8822848200798035,0.0016090155113488,0.1162932738661766
184,0,background,0.9046831727027892,0.9046831727027892,0.0016047446988523,0.0938626900315284
185,0,background,0.871928334236145,0.871928334236145,0.0016096635954454,0.1266659051179886
186,0,background,0.8813294768333435,0.8813294768333435,0.00160778965801,0.117251269519329
187,0,background,0.8982141017913818,0.8982141017913818,0.0016004507197067,0.100346028804779
188,0,background,0.8764206767082214,0.8764206767082214,0.0016089227283373,0.1221670135855674
189,0,background,0.8799877762794495,0.8799877762794495,0.0016047857934609,0.1185977160930633
190,0,background,0.9051893949508668,0.9051893949508668,0.0016033943975344,0.093356929719448
191,0,background,0.8715383410453796,0.8715383410453796,0.0016087925760075,0.1270572692155838
192,0,background,0.8866263628005981,0.8866263628005981,0.0016064231749624,0.111947052180767
193,0,background,0.8918045163154602,0.8918045163154602,0.0016069714911282,0.1067600548267364
194,0,background,0.8973215818405151,0.8973215818405151,0.0015994482673704,0.1012409180402755
195,0,background,0.8758227229118347,0.8758227229118347,0.0016080054920166,0.1227666512131691
196,0,background,0.8809211254119873,0.8809211254119873,0.0016064239898696,0.1176614463329315
197,0,background,0.9034591913223268,0.9034591913223268,0.0016154821496456,0.0950789228081703
198,0,background,0.8918099403381348,0.8918099403381348,0.0016076986212283,0.1067539155483245
199,0,background,0.8968644738197327,0.8968644738197327,0.0016000081086531,0.1016982346773147
200,0,background,0.8761188387870789,0.8761188387870789,0.0016081739449873,0.1224699094891548
201,0,background,0.8809506893157959,0.8809506893157959,0.0016076044412329,0.1176308244466781
202,0,background,0.9028640389442444,0.9028640389442444,0.001615117653273,0.0956754311919212
203,0,background,0.8915287852287292,0.8915287852287292,0.0016082582296803,0.1070350930094719
204,0,background,0.8968349099159241,0.8968349099159241,0.0016006822697818,0.1017272472381591
205,0,background,0.8760577440261841,0.8760577440261841,0.0016084312228485,0.1225308924913406
206,0,background,0.8809163570404053,0.8809163570404053,0.0016084862872958,0.1176644042134285
207,0,background,0.902646005153656,0.902646005153656,0.001615269226022,0.0958936214447021
208,0,background,0.8910799026489258,0.8910799026489258,0.0016085996758192,0.1074844226241111
209,0,background,0.8970165848731995,0.8970165848731995,0.0016008021775633,0.1015451774001121
210,0,background,0.8757696747779846,0.8757696747779846,0.0016087328549474,0.1228191927075386
211,0,background,0.8809489011764526,0.8809489011764526,0.0016089319251477,0.1176314577460289
212,0,background,0.9026468396186828,0.9026468396186828,0.0016152175376191,0.0958928316831588
213,0,background,0.8908094763755798,0.8908094763755798,0.001608709921129,0.1077551171183586
214,0,background,0.8971089720726013,0.8971089720726013,0.0016006549121811,0.1014527454972267
215,0,background,0.8755708932876587,0.8755708932876587,0.0016088800039142,0.1230181232094764
216,0,background,0.8808385729789734,0.8808385729789734,0.0016091694124042,0.1177417784929275
217,0,background,0.9027256965637208,0.9027256965637208,0.0016150437295436,0.0958140194416046
218,0,background,0.8978112936019897,0.8978112936019897,0.0016006000805646,0.1007493808865547
219,0,background,0.8753593564033508,0.8753593564033508,0.0016075470484793,0.123231254518032
220,0,background,0.8803778886795044,0.8803778886795044,0.0016105237882584,0.1182019636034965
221,0,background,0.8987163305282593,0.8987163305282593,0.0016003105556592,0.0998431667685508
222,0,background,0.8749780058860779,0.8749780058860779,0.0016076823230832,0.1236130371689796
223,0,background,0.8804082870483398,0.8804082870483398,0.0016094866441562,0.1181724146008491
224,0,background,0.941969394683838,0.941969394683838,0.0017362018115818,0.0563923045992851
225,0,background,0.9363466501235962,0.9363466501235962,0.0016455168370157,0.062110062688589
226,0,background,0.9397228956222534,0.9397228956222534,0.0016418892191722,0.0587316788733005
227,0,background,0.9395618438720704,0.9395618438720704,0.001642154995352,0.0588927567005157
228,0,background,0.9394335746765136,0.9394335746765136,0.0016418135492131,0.0590215139091014
229,0,background,0.9316855669021606,0.9316855669021606,0.00169857009314,0.0667292326688766
230,0,background,0.936213493347168,0.936213493347168,0.0016281882999464,0.0622597374022007
231,0,background,0.8894714713096619,0.8894714713096619,0.00160984613467,0.1090943440794944
232,0,background,0.8978027105331421,0.8978027105331421,0.001600939896889,0.1007576733827591
233,0,background,0.8751162886619568,0.8751162886619568,0.0016079096822068,0.1234743446111679
234,0,background,0.8806467652320862,0.8806467652320862,0.0016102730296552,0.1179328635334968
235,0,background,0.903104603290558,0.903104603290558,0.0016170894959941,0.0954326167702674
236,0,background,0.8889135718345642,0.8889135718345642,0.0016088860575109,0.109653927385807
237,0,background,0.8992863893508911,0.8992863893508911,0.0016013067215681,0.0992712900042533
238,0,background,0.8742688894271851,0.8742688894271851,0.0016077590407803,0.1243232116103172
239,0,background,0.8809784054756165,0.8809784054756165,0.0016092108562588,0.1176016181707382
240,0,background,0.9046155214309692,0.9046155214309692,0.0016179749509319,0.0939184352755546
241,0,background,0.8875632882118225,0.8875632882118225,0.001607998739928,0.1110072135925293
242,0,background,0.9021728038787842,0.9021728038787842,0.0016025443328544,0.0963790863752365
243,0,background,0.872525155544281,0.872525155544281,0.0016074017621576,0.1260700970888137
244,0,background,0.8807207942008972,0.8807207942008972,0.0016082243528217,0.1178604885935783
245,0,background,0.9074106812477112,0.9074106812477112,0.0016192997572943,0.0911175534129142
246,0,background,0.8861907124519348,0.8861907124519348,0.0016075301682576,0.1123823896050453
247,0,background,0.9035897850990297,0.9035897850990297,0.0016034265281632,0.0949590057134628
248,0,background,0.8711885809898376,0.8711885809898376,0.0016071805730462,0.1274089962244033
249,0,background,0.8795382976531982,0.8795382976531982,0.0016061203787103,0.1190468147397041
250,0,background,0.9086412191390992,0.9086412191390992,0.0016189328161999,0.0898853689432144
251,0,background,0.8879159688949585,0.8879159688949585,0.0016076886095106,0.1106542348861694
252,0,background,0.9003245830535889,0.9003245830535889,0.0016022062627598,0.098230630159378
253,0,background,0.8722544312477112,0.8722544312477112,0.0016076121246442,0.1263410896062851
254,0,background,0.8779412508010864,0.8779412508010864,0.0016034020809456,0.1206488162279129
255,0,background,0.9060876369476318,0.9060876369476318,0.0016167123103514,0.0924450904130935
256,0,background,0.8869834542274475,0.8869834542274475,0.0016087328549474,0.1115873679518699
257,0,background,0.9033011198043824,0.9033011198043824,0.0016041304916143,0.0952475368976593
258,0,background,0.8698089122772217,0.8698089122772217,0.0016083301743492,0.1287899166345596
259,0,background,0.8789755702018738,0.8789755702018738,0.0016056784661486,0.1196108013391494
260,0,background,0.9085628390312196,0.9085628390312196,0.001618112088181,0.0899646505713462
261,0,background,0.8846319913864136,0.8846319913864136,0.0016100123757496,0.1139414459466934
262,0,background,0.908432960510254,0.908432960510254,0.0016072639264166,0.0901046618819236
263,0,background,0.8652641773223877,0.8652641773223877,0.0016097427578642,0.1333406865596771
264,0,background,0.8832116723060608,0.8832116723060608,0.001609718077816,0.1153643131256103
265,0,background,0.9137277007102966,0.9137277007102966,0.0016214596107602,0.0847883000969886
266,0,background,0.8891029953956604,0.8891029953956604,0.0016097947955131,0.1094633713364601
267,0,background,0.9039005637168884,0.9039005637168884,0.0016046605305746,0.094646617770195
268,0,background,0.8710470795631409,0.8710470795631409,0.0016096630133688,0.1275485754013061
269,0,background,0.8823014497756958,0.8823014497756958,0.0016079762717708,0.1162775531411171
270,0,background,0.9088347554206848,0.9088347554206848,0.0016193813644349,0.0896910801529884
271,0,background,0.8903927206993103,0.8903927206993103,0.0016088509000837,0.108172483742237
272,0,background,0.8971784710884094,0.8971784710884094,0.001600180985406,0.1013835594058036
273,0,background,0.8745473623275757,0.8745473623275757,0.0016084111994132,0.1240437105298042
274,0,background,0.8801066875457764,0.8801066875457764,0.0016052160644903,0.1184783205389976
275,0,background,0.9033527970314026,0.9033527970314026,0.0016162451356649,0.095184825360775
276,0,background,0.8999794125556946,0.8999794125556946,0.0016257137758657,0.0985550731420517
277,0,background,0.9045141935348512,0.9045141935348512,0.0016034074360504,0.0940331667661666
278,0,background,0.8709160089492798,0.8709160089492798,0.0016073426231741,0.1276818513870239
279,0,background,0.8859742879867554,0.8859742879867554,0.0016063795192167,0.1126002371311187
280,0,background,0.9086264967918396,0.9086264967918396,0.0016217405209317,0.0898975804448127
281,0,background,0.9316542744636536,0.9316542744636536,0.0016986681148409,0.0667604804039001
282,0,background,0.9025062322616576,0.9025062322616576,0.0016155783087015,0.0960333421826362
283,0,background,0.8902204036712646,0.8902204036712646,0.0016095901373773,0.1083444580435752
284,0,background,0.9022764563560486,0.9022764563560486,0.0016155067132785,0.0962635055184364
285,0,background,0.8902730941772461,0.8902730941772461,0.0016094024758785,0.108291782438755
286,0,background,0.9020797610282898,0.9020797610282898,0.0016154744662344,0.096460610628128
287,0,background,0.8904688358306885,0.8904688358306885,0.0016089886194095,0.1080960929393768
288,0,background,0.9021009206771852,0.9021009206771852,0.001615674351342,0.0964391827583313
289,0,background,0.8905790448188782,0.8905790448188782,0.0016084365779533,0.1079861894249916
290,0,background,0.9025505781173706,0.9025505781173706,0.0016161204548552,0.0959884524345398
291,0,background,0.890450656414032,0.890450656414032,0.001607738318853,0.1081154569983482
292,0,background,0.8966254591941833,0.8966254591941833,0.0015992426779121,0.10193832218647
293,0,background,0.8752008676528931,0.8752008676528931,0.0016067184042185,0.1233906969428062
294,0,background,0.8803294897079468,0.8803294897079468,0.0016066572861745,0.1182538717985153
295,0,background,0.8963186740875244,0.8963186740875244,0.0015999038005247,0.1022449731826782
296,0,background,0.8755412101745605,0.8755412101745605,0.0016071958234533,0.1230493485927581
297,0,background,0.8803349137306213,0.8803349137306213,0.0016077453037723,0.1182474419474601
298,0,background,0.8964884281158447,0.8964884281158447,0.0016004682984203,0.1020745262503624
299,0,background,0.8755972981452942,0.8755972981452942,0.0016077070031315,0.1229926720261573
300,0,background,0.8804641366004944,0.8804641366004944,0.0016085950192064,0.1181172803044319
301,0,background,0.8968779444694519,0.8968779444694519,0.0016006244113668,0.1016842275857925
302,0,background,0.875523567199707,0.875523567199707,0.0016081295907497,0.1230661869049072
303,0,background,0.8806355595588684,0.8806355595588684,0.0016091373981907,0.1179450675845146
304,0,background,0.8971701860427856,0.8971701860427856,0.0016004834324121,0.1013916358351707
305,0,background,0.8754807710647583,0.8754807710647583,0.0016083522932603,0.1231088563799858
306,0,background,0.8806968927383423,0.8806968927383423,0.0016093694139271,0.1178834661841392
307,0,background,0.8898444771766663,0.8898444771766663,0.0016399816377088,0.108693815767765
308,0,background,0.9429306387901306,0.9429306387901306,0.0017163736047223,0.0554481446743011
309,0,background,0.9435899257659912,0.9435899257659912,0.0016250174958258,0.0548742301762104
310,0,background,0.7196969985961914,0.7196969985961914,0.0016535476315766,0.2791109681129455
311,0,background,0.9437156319618224,0.9437156319618224,0.0016201331745833,0.054752942174673
312,0,background,0.9404248595237732,0.9404248595237732,0.0016274576773867,0.0580421760678291
313,0,background,0.9427597522735596,0.9427597522735596,0.001620237249881,0.0557102523744106
314,0,background,0.9436837434768676,0.9436837434768676,0.0017121360870078,0.0546977669000625
315,0,background,0.9428765177726746,0.9428765177726746,0.0016254894435405,0.055588386952877
316,0,background,0.7672411799430847,0.7672411799430847,0.0016499832272529,0.2314908057451248
317,0,background,0.9443634152412416,0.9443634152412416,0.0016167223220691,0.0541073828935623
318,0,background,0.9400996565818788,0.9400996565818788,0.001628803089261,0.0583665892481803
319,0,background,0.9430288076400756,0.9430288076400756,0.0016167777357622,0.0554440878331661
320,0,background,0.9347691535949708,0.9347691535949708,0.0016248765168711,0.0637094974517822
321,0,background,0.8951612710952759,0.8951612710952759,0.0016394749982282,0.1033686995506286
322,0,background,0.940268099308014,0.940268099308014,0.0016418993473052,0.0581855811178684
323,0,background,0.9429973363876344,0.9429973363876344,0.0016383788315579,0.0554551668465137
324,0,background,0.9432239532470704,0.9432239532470704,0.0016361830057576,0.0552301742136478
325,0,background,0.9426880478858948,0.9426880478858948,0.0016383625334128,0.0557649917900562
326,0,background,0.9138293862342834,0.9138293862342834,0.0016217591473832,0.0846861898899078
327,0,background,0.9072082042694092,0.9072082042694092,0.0016238234238699,0.0913163051009178
328,0,background,0.9092829823493958,0.9092829823493958,0.0016157990321516,0.0892453789710998
329,0,background,0.9005239605903625,0.9005239605903625,0.0016078860498964,0.0980257615447044
330,0,background,0.9137346744537354,0.9137346744537354,0.0016173920594155,0.0847851112484932
331,0,background,0.8976259827613831,0.8976259827613831,0.0016086532268673,0.1009276807308197
332,0,background,0.9172282814979552,0.9172282814979552,0.0016188480658456,0.0812844634056091
333,0,background,0.8913370966911316,0.8913370966911316,0.0016084648668766,0.1072269305586814
334,0,background,0.9145422577857972,0.9145422577857972,0.0016164937987923,0.0839770138263702
335,0,background,0.8958168625831604,0.8958168625831604,0.0016072433209046,0.1027410328388214
336,0,background,0.9134122133255004,0.9134122133255004,0.0016159567749127,0.0851093232631683
337,0,background,0.8963938355445862,0.8963938355445862,0.0016063795192167,0.1021638736128807
338,0,background,0.9143723845481871,0.9143723845481871,0.0016179889207705,0.0841457843780517
339,0,background,0.8952712416648865,0.8952712416648865,0.0016070266719907,0.1032877713441848
340,0,background,0.9124082922935486,0.9124082922935486,0.0016177786746993,0.0861132368445396
341,0,background,0.8971905708312988,0.8971905708312988,0.0016076151514425,0.1013647988438606
342,0,background,0.9100098013877868,0.9100098013877868,0.0016175507334992,0.088515818119049
343,0,background,0.8982621431350708,0.8982621431350708,0.0016082259826362,0.1002908647060394
344,0,background,0.9089587330818176,0.9089587330818176,0.0016166468849405,0.0895693823695182
345,0,background,0.8986420631408691,0.8986420631408691,0.0016087933909147,0.0999099090695381
346,0,background,0.905336320400238,0.905336320400238,0.0016030112747102,0.0932100862264633
347,0,background,0.8788158297538757,0.8788158297538757,0.0016090897843241,0.1197677627205848
348,0,background,0.8755024075508118,0.8755024075508118,0.0016073854640126,0.1230880767107009
349,0,background,0.9059622287750244,0.9059622287750244,0.0016040357295423,0.0925822481513023
350,0,background,0.8762609362602234,0.8762609362602234,0.0016088110860437,0.1223271116614341
351,0,background,0.8736549019813538,0.8736549019813538,0.0016064919764176,0.1249393224716186
352,0,background,0.905218243598938,0.905218243598938,0.0016031425911933,0.0933282598853111
353,0,background,0.877653956413269,0.877653956413269,0.0016079762717708,0.1209325343370437
354,0,background,0.874269425868988,0.874269425868988,0.0016039380570873,0.1243260651826858
355,0,background,0.9057358503341676,0.9057358503341676,0.0016044483054429,0.0928086265921592
356,0,background,0.8751971125602722,0.8751971125602722,0.0016085766255855,0.1233927905559539
357,0,background,0.8745189309120178,0.8745189309120178,0.0016055239830166,0.1240747421979904
358,0,background,0.9070931673049928,0.9070931673049928,0.0016069891862571,0.0914467424154281
359,0,background,0.8667010068893433,0.8667010068893433,0.0016099188942462,0.1319014579057693
360,0,background,0.8707724809646606,0.8707724809646606,0.001608611899428,0.1278245747089386
361,0,background,0.904984414577484,0.904984414577484,0.0016049646073952,0.0935607478022575
362,0,background,0.8766447305679321,0.8766447305679321,0.0016102584777399,0.1219412982463836
363,0,background,0.8740019798278809,0.8740019798278809,0.0016075890744104,0.1245906949043273
364,0,background,0.9020907282829284,0.9020907282829284,0.0016016252338886,0.096462108194828
365,0,background,0.8825330138206482,0.8825330138206482,0.0016094966558739,0.1160443052649498
366,0,background,0.8759840130805969,0.8759840130805969,0.0016050417907536,0.1226077750325203
367,0,background,0.9078356027603148,0.9078356027603148,0.0016037655295804,0.0907061025500297
368,0,background,0.8774735331535339,0.8774735331535339,0.0016092584701254,0.1211120784282684
369,0,background,0.8805610537528992,0.8805610537528992,0.0016051403945311,0.1180231943726539
370,0,background,0.8997217416763306,0.8997217416763306,0.0016077834879979,0.0988294184207916
371,0,background,0.9018295407295228,0.9018295407295228,0.0015996219590306,0.0967255532741546
372,0,background,0.8823512196540833,0.8823512196540833,0.0016090432181954,0.1162267997860908
373,0,background,0.8783912658691406,0.8783912658691406,0.0016047842800617,0.1201968342065811
374,0,background,0.9083991646766664,0.9083991646766664,0.0016160559607669,0.0901304334402084
375,0,background,0.8997478485107422,0.8997478485107422,0.0016085383249446,0.0988024994730949
376,0,background,0.9016441702842712,0.9016441702842712,0.0015990304527804,0.0969118028879165
377,0,background,0.8824408650398254,0.8824408650398254,0.0016098354244604,0.1161362379789352
378,0,background,0.879701554775238,0.879701554775238,0.0016059865010902,0.1188833639025688
379,0,background,0.908050775527954,0.908050775527954,0.0016161914682015,0.090479277074337
380,0,background,0.8996067643165588,0.8996067643165588,0.0016089251730591,0.0989435166120529
381,0,background,0.9017596244812012,0.9017596244812012,0.0015989077510312,0.0967962592840194
382,0,background,0.8823452591896057,0.8823452591896057,0.0016101810615509,0.1162317469716072
383,0,background,0.8807908296585083,0.8807908296585083,0.0016060997731983,0.1177922636270523
384,0,background,0.907983124256134,0.907983124256134,0.0016158812213689,0.0905473381280899
385,0,background,0.8992657661437988,0.8992657661437988,0.001609239145182,0.0992847383022308
386,0,background,0.9020620584487916,0.9020620584487916,0.001598781440407,0.0964934229850769
387,0,background,0.8820012211799622,0.8820012211799622,0.0016104709357023,0.1165760457515716
388,0,background,0.8813390731811523,0.8813390731811523,0.0016061370261013,0.1172430366277694
389,0,background,0.908103048801422,0.908103048801422,0.0016156713245436,0.0904274135828018
390,0,background,0.8990259766578674,0.8990259766578674,0.0016093488084152,0.0995248556137085
391,0,background,0.9021510481834412,0.9021510481834412,0.0015986216021701,0.0964045152068138
392,0,background,0.8817320466041565,0.8817320466041565,0.0016106640687212,0.1168454810976982
393,0,background,0.8810675144195557,0.8810675144195557,0.0016063313232734,0.11751489341259
394,0,background,0.9081998467445374,0.9081998467445374,0.0016156643396243,0.0903304368257522
395,0,background,0.9030401110649108,0.9030401110649108,0.0015999403549358,0.0955127403140068
396,0,background,0.8822410702705383,0.8822410702705383,0.0016091174911707,0.1163369864225387
397,0,background,0.8804048299789429,0.8804048299789429,0.0016074834857136,0.1181776672601699
398,0,background,0.903709352016449,0.903709352016449,0.0016016496811062,0.094840869307518
399,0,background,0.8809901475906372,0.8809901475906372,0.0016091733705252,0.1175899356603622
400,0,background,0.8777971267700195,0.8777971267700195,0.0016080704517662,0.1207890212535858
401,0,background,0.941748857498169,0.941748857498169,0.001731397700496,0.0566177926957607
402,0,background,0.9371976852416992,0.9371976852416992,0.0016403712797909,0.0612624548375606
403,0,background,0.940772831439972,0.940772831439972,0.0016403837362304,0.0576813630759716
404,0,background,0.94020813703537,0.94020813703537,0.0016365018673241,0.0582506544888019
405,0,background,0.940422534942627,0.940422534942627,0.0016404062043875,0.0580322928726673
406,0,background,0.9237229824066162,0.9237229824066162,0.0017001242376863,0.0747039094567298
407,0,background,0.934602439403534,0.934602439403534,0.001626483281143,0.0638749599456787
408,0,background,0.8978259563446045,0.8978259563446045,0.0016102883964776,0.1007259488105773
409,0,background,0.902922511100769,0.902922511100769,0.0016000835457816,0.0956304296851158
410,0,background,0.8815533518791199,0.8815533518791199,0.0016092753503471,0.1170257404446601
411,0,background,0.8804733157157898,0.8804733157157898,0.0016072271391749,0.1181092709302902
412,0,background,0.908651888370514,0.908651888370514,0.0016183040570467,0.089875191450119
413,0,background,0.8970297574996948,0.8970297574996948,0.0016095241298899,0.1015240997076034
414,0,background,0.9040570259094238,0.9040570259094238,0.0016023169737309,0.094492107629776
415,0,background,0.8799150586128235,0.8799150586128235,0.0016092269215732,0.1186667308211326
416,0,background,0.8783851861953735,0.8783851861953735,0.0016077941982075,0.1202002465724945
417,0,background,0.9101852178573608,0.9101852178573608,0.0016194198979064,0.0883384495973587
418,0,background,0.8952929973602295,0.8952929973602295,0.0016087925760075,0.1032643243670463
419,0,background,0.9057009220123292,0.9057009220123292,0.0016037042951211,0.0928442478179931
420,0,background,0.8775888681411743,0.8775888681411743,0.0016089504351839,0.1209968626499176
421,0,background,0.8764945864677429,0.8764945864677429,0.0016071170102804,0.1220944821834564
422,0,background,0.912465512752533,0.912465512752533,0.0016197947552427,0.0860541090369224
423,0,background,0.8939492702484131,0.8939492702484131,0.0016081609064713,0.1046107932925224
424,0,background,0.9059880375862122,0.9059880375862122,0.0016042214119806,0.0925562679767608
425,0,background,0.8758963346481323,0.8758963346481323,0.0016082719666883,0.1226926743984222
426,0,background,0.8756296038627625,0.8756296038627625,0.0016054674051702,0.1229623258113861
427,0,background,0.913581132888794,0.913581132888794,0.001619386835955,0.0849370583891868
428,0,background,0.89554762840271,0.89554762840271,0.0016083248192444,0.1030097380280494
429,0,background,0.9047048687934875,0.9047048687934875,0.0016028740210458,0.0938427001237869
430,0,background,0.8775364756584167,0.8775364756584167,0.0016083032824099,0.1210499107837677
431,0,background,0.8761973977088928,0.8761973977088928,0.0016033151187002,0.1223954930901527
432,0,background,0.9120461344718932,0.9120461344718932,0.0016169163864105,0.0864768177270889
433,0,background,0.8942365646362305,0.8942365646362305,0.0016093358863145,0.104322038590908
434,0,background,0.9061960577964784,0.9061960577964784,0.001604493940249,0.0923476442694664
435,0,background,0.8742179274559021,0.8742179274559021,0.0016089642886072,0.1243731677532196
436,0,background,0.8766623735427856,0.8766623735427856,0.0016052313148975,0.1219281479716301
437,0,background,0.91405987739563,0.91405987739563,0.001617812551558,0.084458976984024
438,0,background,0.8904085159301758,0.8904085159301758,0.0016107239061966,0.1081550270318985
439,0,background,0.9078945517539978,0.9078945517539978,0.0016076334286481,0.0906435325741767
440,0,background,0.8670690655708313,0.8670690655708313,0.0016102254157885,0.1315324753522873
441,0,background,0.8738137483596802,0.8738137483596802,0.0016089734854176,0.1247780099511146
442,0,background,0.9169472455978394,0.9169472455978394,0.0016210342291742,0.0815639644861221
443,0,background,0.8958703875541687,0.8958703875541687,0.0016106510302051,0.1026844009757042
444,0,background,0.9059421420097352,0.9059421420097352,0.0016053267754614,0.0926011577248573
445,0,background,0.8756603002548218,0.8756603002548218,0.0016102154040709,0.1229274272918701
446,0,background,0.8771216869354248,0.8771216869354248,0.0016075470484793,0.121466040611267
447,0,background,0.9134293794631958,0.9134293794631958,0.0016192272305488,0.0850891843438148
448,0,background,0.8979989886283875,0.8979989886283875,0.0016095695318654,0.1005532890558242
449,0,background,0.9023005366325378,0.9023005366325378,0.0016016016015782,0.0962520167231559
450,0,background,0.880784273147583,0.880784273147583,0.0016090989811345,0.1177961826324462
451,0,background,0.8780274987220764,0.8780274987220764,0.0016045185038819,0.1205614283680915
452,0,background,0.9088995456695556,0.9088995456695556,0.0016173135954886,0.0896280780434608
453,0,background,0.9063332676887512,0.9063332676887512,0.0016250908374786,0.0921915099024772
454,0,background,0.9078860282897948,0.9078860282897948,0.0016030365368351,0.0906563103199005
455,0,background,0.8769204020500183,0.8769204020500183,0.001608014688827,0.1216672137379646
456,0,background,0.882611095905304,0.882611095905304,0.0016048668185248,0.1159701123833656
457,0,background,0.913352370262146,0.913352370262146,0.0016227484447881,0.0851630866527557
458,0,background,0.923405945301056,0.923405945301056,0.0017002002568915,0.075021393597126
459,0,background,0.9081706404685974,0.9081706404685974,0.0016167684225365,0.0903586894273758
460,0,background,0.898646354675293,0.898646354675293,0.0016104318201541,0.0999040305614471
461,0,background,0.9080307483673096,0.9080307483673096,0.0016166360583156,0.0904989391565322
462,0,background,0.8986610770225525,0.8986610770225525,0.0016102369409054,0.0998895913362503
463,0,background,0.907834768295288,0.907834768295288,0.0016168639995157,0.0906950384378433
464,0,background,0.898766815662384,0.898766815662384,0.0016098653431981,0.0997839570045471
465,0,background,0.9078316688537598,0.9078316688537598,0.001617053290829,0.0906979590654373
466,0,background,0.8987225294113159,0.8987225294113159,0.0016094016609713,0.0998287200927734
467,0,background,0.9080777168273926,0.9080777168273926,0.001616796827875,0.0904517546296119
468,0,background,0.8984807133674622,0.8984807133674622,0.0016087092226371,0.1000715419650077
469,0,background,0.9019436836242676,0.9019436836242676,0.0015987692167982,0.0966119915246963
470,0,background,0.8815993070602417,0.8815993070602417,0.0016079563647508,0.1169808357954025
471,0,background,0.8798232078552246,0.8798232078552246,0.0016042694915086,0.118763081729412
472,0,background,0.9017459750175476,0.9017459750175476,0.0015989177627488,0.0968099012970924
473,0,background,0.8819833993911743,0.8819833993911743,0.0016090240096673,0.1165951788425445
474,0,background,0.8808320760726929,0.8808320760726929,0.0016056386521086,0.1177513599395752
475,0,background,0.9018557071685792,0.9018557071685792,0.0015988614177331,0.0967000499367713
476,0,background,0.8820934295654297,0.8820934295654297,0.0016096277395263,0.116484448313713
477,0,background,0.8815279603004456,0.8815279603004456,0.0016059490153566,0.1170540750026702
478,0,background,0.9022071361541748,0.9022071361541748,0.0015986916841939,0.0963481664657592
479,0,background,0.8819800615310669,0.8819800615310669,0.0016100308857858,0.1165976524353027
480,0,background,0.8816606998443604,0.8816606998443604,0.0016060743946582,0.116920992732048
481,0,background,0.9024110436439514,0.9024110436439514,0.0015986809739843,0.0961439982056617
482,0,background,0.8818925619125366,0.8818925619125366,0.0016103007365018,0.1166850179433822
483,0,background,0.881232500076294,0.881232500076294,0.0016064330702647,0.1173496171832084
484,0,background,0.8936202526092529,0.8936202526092529,0.0016398527659475,0.1049119010567665
485,0,background,0.9431934356689452,0.9431934356689452,0.0017249213997274,0.0551768615841865
486,0,background,0.9428751468658448,0.9428751468658448,0.0016297464026138,0.0555856935679912
487,0,background,0.7232927680015564,0.7232927680015564,0.0016573446337133,0.2755065262317657
488,0,background,0.942115604877472,0.942115604877472,0.0016238047974184,0.0563521012663841
489,0,background,0.9387616515159608,0.9387616515159608,0.0016317478148266,0.0597039870917797
490,0,background,0.9413259029388428,0.9413259029388428,0.0016238226089626,0.0571431070566177
491,0,background,0.94377464056015,0.94377464056015,0.0017201874870806,0.0545990914106369
492,0,background,0.9423333406448364,0.9423333406448364,0.0016301918076351,0.0561279505491256
493,0,background,0.7679522633552551,0.7679522633552551,0.0016533208545297,0.2307759821414947
494,0,background,0.942151129245758,0.942151129245758,0.0016202380647882,0.056319884955883
495,0,background,0.9385843873023988,0.9385843873023988,0.0016330626094713,0.0598804019391536
496,0,background,0.9410315155982972,0.9410315155982972,0.0016200044192373,0.0574415326118469
497,0,background,0.9314773082733154,0.9314773082733154,0.0016979106003418,0.0669384598731994
498,0,background,0.9338905215263368,0.9338905215263368,0.0016283115837723,0.0645862743258476
499,0,background,0.8884333968162537,0.8884333968162537,0.001640461734496,0.1101067513227462
500,0,background,0.9365522265434264,0.9365522265434264,0.0016465346561744,0.0619031749665737
501,0,background,0.9406658411026,0.9406658411026,0.0016399855958297,0.0577889643609523
502,0,background,0.939847469329834,0.939847469329834,0.0016421909676864,0.0586066097021102
503,0,background,0.9395695328712464,0.9395695328712464,0.0016400041058659,0.0588869974017143
504,0,background,0.9111880660057068,0.9111880660057068,0.0016195479547604,0.0873338282108306
505,0,background,0.9003661870956421,0.9003661870956421,0.0016240538097918,0.098169207572937
506,0,background,0.9025728702545166,0.9025728702545166,0.0016156751662492,0.0959664583206176
507,0,background,0.890261709690094,0.890261709690094,0.0016096008475869,0.1083030104637146
508,0,background,0.902244746685028,0.902244746685028,0.0016159343067556,0.096294917166233
509,0,background,0.8915517926216125,0.8915517926216125,0.0016100623179227,0.1070104613900184
510,0,background,0.9021095037460328,0.9021095037460328,0.0016162282554432,0.0964301079511642
511,0,background,0.8923064470291138,0.8923064470291138,0.0016100277425721,0.1062545925378799
512,0,background,0.9027913212776184,0.9027913212776184,0.0016165160341188,0.0957469493150711
513,0,background,0.8906474709510803,0.8906474709510803,0.0016085905954241,0.1079174950718879
514,0,background,0.9058714509010316,0.9058714509010316,0.0016181030077859,0.0926603451371193
515,0,background,0.8891149759292603,0.8891149759292603,0.0016073029255494,0.1094536781311035
516,0,background,0.9067394137382508,0.9067394137382508,0.0016026862431317,0.0918050333857536
517,0,background,0.8695424199104309,0.8695424199104309,0.0016081478679552,0.1290570050477981
518,0,background,0.8851850032806396,0.8851850032806396,0.0016050785779953,0.1133919209241867
519,0,background,0.891127347946167,0.891127347946167,0.0016067834803834,0.1074385121464729
520,0,background,0.8991256356239319,0.8991256356239319,0.0016010429244488,0.0994325205683708
521,0,background,0.8748330473899841,0.8748330473899841,0.0016084173694252,0.1237576007843017
522,0,background,0.8803868889808655,0.8803868889808655,0.0016062196809798,0.1181967556476593
523,0,background,0.9054315090179444,0.9054315090179444,0.0016163622494786,0.0931026265025138
524,0,background,0.8925117254257202,0.8925117254257202,0.0016081585781648,0.1060506775975227
525,0,background,0.8972135186195374,0.8972135186195374,0.0016003060154616,0.101348340511322
526,0,background,0.876475989818573,0.876475989818573,0.0016093733720481,0.1221111491322517
527,0,background,0.8812923431396484,0.8812923431396484,0.0016084111994132,0.1172878593206405
528,0,background,0.9033355116844176,0.9033355116844176,0.0016157021746039,0.0952026396989822
529,0,background,0.8940342664718628,0.8940342664718628,0.0016093862941488,0.1045245304703712
530,0,background,0.8967669606208801,0.8967669606208801,0.0016006740042939,0.1017953306436538
531,0,background,0.8777637481689453,0.8777637481689453,0.0016105889808386,0.1208202540874481
532,0,background,0.8827371001243591,0.8827371001243591,0.001610214007087,0.1158392056822776
533,0,background,0.9024783372879028,0.9024783372879028,0.0016155028715729,0.0960613191127777
534,0,background,0.8920563459396362,0.8920563459396362,0.001609067665413,0.1065059304237365
535,0,background,0.8970674872398376,0.8970674872398376,0.0016009141691029,0.1014940440654754
536,0,background,0.8764204382896423,0.8764204382896423,0.0016097534680739,0.1221664771437645
537,0,background,0.8817381262779236,0.8817381262779236,0.0016100116772577,0.1168399602174758
538,0,background,0.902697741985321,0.902697741985321,0.0016153514152392,0.0958416834473609
539,0,background,0.8908358812332153,0.8908358812332153,0.0016087053809314,0.1077287346124649
540,0,background,0.8971395492553711,0.8971395492553711,0.0016007449012249,0.1014221012592315
541,0,background,0.8755539059638977,0.8755539059638977,0.0016091158613562,0.1230349540710449
542,0,background,0.8809003233909607,0.8809003233909607,0.0016094576567411,0.1176796704530716
543,0,background,0.9027830362319946,0.9027830362319946,0.0016150899464264,0.0957565084099769
544,0,background,0.8894996047019958,0.8894996047019958,0.0016099504427984,0.1090660765767097
545,0,background,0.8976684212684631,0.8976684212684631,0.0016006351215764,0.1008923947811126
546,0,background,0.8752046823501587,0.8752046823501587,0.0016079641645774,0.123385801911354
547,0,background,0.8805996179580688,0.8805996179580688,0.0016101504443213,0.1179801672697067
548,0,background,0.9029644727706908,0.9029644727706908,0.0016167123103514,0.0955733284354209
549,0,background,0.8895167708396912,0.8895167708396912,0.001610446954146,0.109048381447792
550,0,background,0.89736407995224,0.89736407995224,0.0015995656140148,0.1011982485651969
551,0,background,0.8753811717033386,0.8753811717033386,0.0016083484515547,0.123208612203598
552,0,background,0.880170464515686,0.880170464515686,0.0016097242478281,0.1184104308485984
553,0,background,0.9029309153556824,0.9029309153556824,0.0016164591070264,0.0956071764230728
554,0,background,0.8893989324569702,0.8893989324569702,0.001610989216715,0.1091659441590309
555,0,background,0.8974769711494446,0.8974769711494446,0.0015990464016795,0.1010856106877327
556,0,background,0.8751243352890015,0.8751243352890015,0.0016087359981611,0.1234655082225799
557,0,background,0.8796812295913696,0.8796812295913696,0.001608787337318,0.118901252746582
558,0,background,0.9033269882202148,0.9033269882202148,0.0016162067186087,0.0952107161283493
559,0,background,0.8889754414558411,0.8889754414558411,0.0016113988822326,0.1095897704362869
560,0,background,0.897966206073761,0.897966206073761,0.0015991027466952,0.1005955785512924
561,0,background,0.8745803833007812,0.8745803833007812,0.0016092484584078,0.1240098997950553
562,0,background,0.8792312145233154,0.8792312145233154,0.0016079710330814,0.1193527802824974
563,0,background,0.9040341973304749,0.9040341973304749,0.0016157127683982,0.0945028215646743
564,0,background,0.8887645602226257,0.8887645602226257,0.0016116535989567,0.1098007559776306
565,0,background,0.8978806138038635,0.8978806138038635,0.0016000012401491,0.1006804481148719
566,0,background,0.8741262555122375,0.8741262555122375,0.0016098284395411,0.1244643107056617
567,0,background,0.8784639835357666,0.8784639835357666,0.0016071958234533,0.1201218962669372
568,0,background,0.9041242599487304,0.9041242599487304,0.0016154405893757,0.0944127961993217
569,0,background,0.8863871097564697,0.8863871097564697,0.0016116166952997,0.1121820583939552
570,0,background,0.903957724571228,0.903957724571228,0.001603887649253,0.0945900753140449
571,0,background,0.8704473972320557,0.8704473972320557,0.0016101887449622,0.1281487792730331
572,0,background,0.8791735172271729,0.8791735172271729,0.001609212369658,0.1194094270467758
573,0,background,0.908820629119873,0.908820629119873,0.0016182038234546,0.0897062867879867
574,0,background,0.883397102355957,0.883397102355957,0.0016119574429467,0.1151766180992126
575,0,background,0.9089254140853882,0.9089254140853882,0.0016063069924712,0.0896122232079505
576,0,background,0.8651382327079773,0.8651382327079773,0.0016108787385746,0.1334659159183502
577,0,background,0.8819489479064941,0.8819489479064941,0.0016108051640912,0.1166281327605247
578,0,background,0.9142176508903505,0.9142176508903505,0.0016199497040361,0.0842989608645439
579,0,background,0.8868933320045471,0.8868933320045471,0.0016109102871268,0.1116755977272987
580,0,background,0.9040558934211732,0.9040558934211732,0.0016046277014538,0.0944911241531372
581,0,background,0.8698561787605286,0.8698561787605286,0.0016100822249427,0.1287409961223602
582,0,background,0.8794429898262024,0.8794429898262024,0.0016081501962617,0.1191404536366462
583,0,background,0.9092726707458496,0.9092726707458496,0.0016182021936401,0.0892535224556922
584,0,background,0.8866564035415649,0.8866564035415649,0.0016089443815872,0.1119147166609764
585,0,background,0.90180504322052,0.90180504322052,0.0016027808887884,0.0967472940683364
586,0,background,0.8713383078575134,0.8713383078575134,0.0016087261028587,0.1272576749324798
587,0,background,0.8779845237731934,0.8779845237731934,0.0016052994178608,0.1206037700176239
588,0,background,0.907216727733612,0.907216727733612,0.0016169509617611,0.0913139507174491
589,0,background,0.8987640738487244,0.8987640738487244,0.0016254769871011,0.0997726470232009
590,0,background,0.9067190289497375,0.9067190289497375,0.0016022376948967,0.0918258354067802
591,0,background,0.8685113191604614,0.8685113191604614,0.0016071749851107,0.1300905793905258
592,0,background,0.8852518796920776,0.8852518796920776,0.0016055178130045,0.1133245751261711
593,0,background,0.9108451008796692,0.9108451008796692,0.0016205736901611,0.0876764059066772
594,0,background,0.9001787304878235,0.9001787304878235,0.0016013531712815,0.0983774363994598
595,0,background,0.8736550807952881,0.8736550807952881,0.0016073036240413,0.1249384433031082
596,0,background,0.8805583715438843,0.8805583715438843,0.0016072355210781,0.1180241107940673
597,0,background,0.8968576788902283,0.8968576788902283,0.0015998686430975,0.101705178618431
598,0,background,0.875409722328186,0.875409722328186,0.0016080506611615,0.1231802552938461
599,0,background,0.8803832530975342,0.8803832530975342,0.0016085375100374,0.1181983426213264
600,0,background,0.8965925574302673,0.8965925574302673,0.0016003928612917,0.1019702479243278
601,0,background,0.876948893070221,0.876948893070221,0.0016094722086563,0.1216374039649963
602,0,background,0.8819704055786133,0.8819704055786133,0.0016102984081953,0.1166070401668548
603,0,background,0.896909236907959,0.896909236907959,0.0016008698148652,0.1016526520252227
604,0,background,0.8764138221740723,0.8764138221740723,0.0016094086458906,0.122173435986042
605,0,background,0.8816905617713928,0.8816905617713928,0.0016104830428957,0.1168871968984603
606,0,background,0.897218644618988,0.897218644618988,0.0016006411751732,0.1013429090380668
607,0,background,0.8754934668540955,0.8754934668540955,0.0016086410032585,0.1230958476662635
608,0,background,0.8807786703109741,0.8807786703109741,0.0016097626648843,0.1178011670708656
609,0,background,0.942305624485016,0.942305624485016,0.0017324581276625,0.0560589767992496
610,0,background,0.9396989941596984,0.9396989941596984,0.001645617885515,0.0587520562112331
611,0,background,0.941776692867279,0.941776692867279,0.0016394156264141,0.0566768199205398
612,0,background,0.9427947998046876,0.9427947998046876,0.0016401878092437,0.0556563213467597
613,0,background,0.94045227766037,0.94045227766037,0.0016393244732171,0.0580034591257572
614,0,background,0.9346864819526672,0.9346864819526672,0.001627082703635,0.0637902319431305
615,0,background,0.9314497113227844,0.9314497113227844,0.0016980858054012,0.0669659078121185
616,0,background,0.9099514484405518,0.9099514484405518,0.0016158698126673,0.0885757952928543
617,0,background,0.8874433040618896,0.8874433040618896,0.0016069615958258,0.1111283525824546
618,0,background,0.9107646942138672,0.9107646942138672,0.0016167869325727,0.0877604708075523
619,0,background,0.8886630535125732,0.8886630535125732,0.0016090233111754,0.1099047809839248
620,0,background,0.9156929850578308,0.9156929850578308,0.0016184842679649,0.0828225687146186
621,0,background,0.8846474289894104,0.8846474289894104,0.0016101258806884,0.1139258742332458
622,0,background,0.9100844860076904,0.9100844860076904,0.0016163360560312,0.0884420573711395
623,0,background,0.8877851366996765,0.8877851366996765,0.00161000166554,0.1107832267880439
624,0,background,0.905151665210724,0.905151665210724,0.0016138571081683,0.0933851823210716
625,0,background,0.8901177048683167,0.8901177048683167,0.001610035309568,0.1084468439221382
626,0,background,0.9051026701927184,0.9051026701927184,0.001614312059246,0.0934338346123695
627,0,background,0.8901186585426331,0.8901186585426331,0.0016097963089123,0.1084461286664009
628,0,background,0.9040855169296264,0.9040855169296264,0.0016148838913068,0.0944521203637123
629,0,background,0.890381395816803,0.890381395816803,0.0016093963058665,0.1081833392381668
630,0,background,0.903420388698578,0.903420388698578,0.0016150515293702,0.0951181650161743
631,0,background,0.8903035521507263,0.8903035521507263,0.0016088968841359,0.1082616746425628
632,0,background,0.9032356142997742,0.9032356142997742,0.0016152276657521,0.0953031182289123
633,0,background,0.8900553584098816,0.8900553584098816,0.0016084342496469,0.1085107326507568
634,0,background,0.8980414271354675,0.8980414271354675,0.001598649774678,0.1005205884575843
635,0,background,0.8756714463233948,0.8756714463233948,0.0016085368115454,0.1229177266359329
636,0,background,0.8796891570091248,0.8796891570091248,0.0016088309930637,0.1188932880759239
637,0,background,0.8988628387451172,0.8988628387451172,0.0015990539686754,0.099697545170784
638,0,background,0.8751482367515564,0.8751482367515564,0.0016090914141386,0.1234412640333175
639,0,background,0.8792403936386108,0.8792403936386108,0.0016074726590886,0.119343988597393
640,0,background,0.8988648056983948,0.8988648056983948,0.0016000049654394,0.0996946468949318
641,0,background,0.8748277425765991,0.8748277425765991,0.0016098032938316,0.1237617060542106
642,0,background,0.8781731724739075,0.8781731724739075,0.0016063053626567,0.1204139813780784
643,0,background,0.9047197699546814,0.9047197699546814,0.0016037112800404,0.0938270315527916
644,0,background,0.8711287975311279,0.8711287975311279,0.0016101066721603,0.1274663358926773
645,0,background,0.8786855340003967,0.8786855340003967,0.0016083646332845,0.1198989227414131
646,0,background,0.910172998905182,0.910172998905182,0.001606446923688,0.0883625075221061
647,0,background,0.8649823069572449,0.8649823069572449,0.0016105942195281,0.1336223483085632
648,0,background,0.881476879119873,0.881476879119873,0.0016105353133752,0.1171011850237846
649,0,background,0.9050637483596802,0.9050637483596802,0.0016048606485128,0.0934813916683197
650,0,background,0.8707042932510376,0.8707042932510376,0.0016097809420898,0.1278917491436004
651,0,background,0.8790989518165588,0.8790989518165588,0.001608065329492,0.1194851100444793
652,0,background,0.9041737914085388,0.9041737914085388,0.00160316855181,0.0943743214011192
653,0,background,0.8714614510536194,0.8714614510536194,0.0016085322713479,0.1271345019340515
654,0,background,0.8780059814453125,0.8780059814453125,0.0016053864965215,0.1205822229385376
655,0,background,0.8977009654045105,0.8977009654045105,0.0016003577038645,0.1008600443601608
656,0,background,0.8754767775535583,0.8754767775535583,0.001607606653124,0.1231135129928588
657,0,background,0.8803632259368896,0.8803632259368896,0.0016104447422549,0.1182166785001754
658,0,background,0.8976383805274963,0.8976383805274963,0.0015993858687579,0.1009236574172973
659,0,background,0.8758192658424377,0.8758192658424377,0.0016080635832622,0.1227700859308242
660,0,background,0.8800490498542786,0.8800490498542786,0.0016099067870527,0.1185318902134895
661,0,background,0.8900508880615234,0.8900508880615234,0.0016397731378674,0.1084872782230377
662,0,background,0.942931592464447,0.942931592464447,0.0017163736047223,0.055447194725275
663,0,background,0.9435888528823853,0.9435888528823853,0.0016250188928097,0.0548753105103969
664,0,background,0.7197286486625671,0.7197286486625671,0.0016535461181774,0.279079258441925
665,0,background,0.9437150359153748,0.9437150359153748,0.001620132359676,0.0547535493969917
666,0,background,0.9404236674308776,0.9404236674308776,0.0016274591907858,0.0580433495342731
667,0,background,0.9427591562271118,0.9427591562271118,0.001620237249881,0.0557108558714389
668,0,background,0.9436829686164856,0.9436829686164856,0.0017121351556852,0.0546985305845737
669,0,background,0.9428774118423462,0.9428774118423462,0.0016254863003268,0.055587463080883
670,0,background,0.7672218680381775,0.7672218680381775,0.0016499840421602,0.2315101623535156
671,0,background,0.9443637132644652,0.9443637132644652,0.0016167199937626,0.0541070885956287
672,0,background,0.9401006698608398,0.9401006698608398,0.0016288008773699,0.058365598320961
673,0,background,0.9430290460586548,0.9430290460586548,0.001616776920855,0.0554438009858131
674,0,background,0.9235138297080994,0.9235138297080994,0.0016996476333588,0.0749138817191124
675,0,background,0.9319518208503724,0.9319518208503724,0.0016274901572614,0.0665289759635925
676,0,background,0.8920088410377502,0.8920088410377502,0.0016404336784034,0.1065254583954811
677,0,background,0.937558650970459,0.937558650970459,0.0016412812983617,0.0609000325202941
678,0,background,0.9417782425880432,0.9417782425880432,0.0016382688190788,0.0566763021051883
679,0,background,0.9406228065490724,0.9406228065490724,0.0016364214243367,0.057835403829813
680,0,background,0.94056636095047,0.94056636095047,0.0016385286580771,0.0578899644315242
681,0,background,0.9154943823814392,0.9154943823814392,0.0016207989538088,0.0830193907022476
682,0,background,0.9063262343406676,0.9063262343406676,0.0016233217902481,0.0922001078724861
683,0,background,0.9082661867141724,0.9082661867141724,0.0016168286092579,0.0902628600597381
684,0,background,0.89870685338974,0.89870685338974,0.0016104868846014,0.0998434796929359
685,0,background,0.9077589511871338,0.9077589511871338,0.0016170270973816,0.0907708629965782
686,0,background,0.8996486663818359,0.8996486663818359,0.0016108658164739,0.0988997668027877
687,0,background,0.907524347305298,0.907524347305298,0.001617623725906,0.091005265712738
688,0,background,0.9001369476318359,0.9001369476318359,0.0016106012044474,0.0984109416604042
689,0,background,0.9085291028022766,0.9085291028022766,0.0016180960228666,0.0899984017014503
690,0,background,0.8986110091209412,0.8986110091209412,0.0016094199381768,0.0999404489994049
691,0,background,0.9113106727600098,0.9113106727600098,0.0016185267595574,0.0872119441628456
692,0,background,0.8968870043754578,0.8968870043754578,0.0016080796485766,0.101668395102024
693,0,background,0.9093330502510072,0.9093330502510072,0.0016034891596063,0.0892064943909645
694,0,background,0.875059962272644,0.875059962272644,0.0016086049145087,0.1235301569104194
695,0,background,0.879036009311676,0.879036009311676,0.0016039946349337,0.119551695883274
696,0,background,0.8988447785377502,0.8988447785377502,0.0016074421582743,0.099708080291748
697,0,background,0.903022527694702,0.903022527694702,0.0016020972980186,0.0955284386873245
698,0,background,0.880794107913971,0.880794107913971,0.0016094177262857,0.1177859753370285
699,0,background,0.875956654548645,0.875956654548645,0.0016056632157415,0.1226345896720886
700,0,background,0.9102855920791626,0.9102855920791626,0.0016167946159839,0.0882403254508972
701,0,background,0.9001117944717407,0.9001117944717407,0.0016087925760075,0.0984377637505531
702,0,background,0.90170556306839,0.90170556306839,0.0016010977560654,0.0968484431505203
703,0,background,0.882495105266571,0.882495105266571,0.0016108518466353,0.1160810217261314
704,0,background,0.8775013089179993,0.8775013089179993,0.0016074575250968,0.1210858970880508
705,0,background,0.9084608554840088,0.9084608554840088,0.0016169733135029,0.0900677815079689
706,0,background,0.9015836715698242,0.9015836715698242,0.0016097855987027,0.0969626307487487
707,0,background,0.9012871980667114,0.9012871980667114,0.001599698793143,0.0972686782479286
708,0,background,0.8840226531028748,0.8840226531028748,0.0016120939981192,0.1145499572157859
709,0,background,0.879775881767273,0.879775881767273,0.0016078639309853,0.1188073381781578
710,0,background,0.9073444604873656,0.9073444604873656,0.0016164452536031,0.0911865085363388
711,0,background,0.8999993801116943,0.8999993801116943,0.0016097394982352,0.0985495448112487
712,0,background,0.9019808769226074,0.9019808769226074,0.0015990112442523,0.0965745225548744
713,0,background,0.8826762437820435,0.8826762437820435,0.0016116013284772,0.1158989667892456
714,0,background,0.880804181098938,0.880804181098938,0.0016073044389486,0.1177778393030166
715,0,background,0.9079632759094238,0.9079632759094238,0.0016159298829734,0.0905670896172523
716,0,background,0.8990961909294128,0.8990961909294128,0.0016093795420601,0.0994544550776481
717,0,background,0.9022403359413148,0.9022403359413148,0.0015987282386049,0.0963149219751358
718,0,background,0.8818357586860657,0.8818357586860657,0.0016109278658404,0.116741344332695
719,0,background,0.8809698224067688,0.8809698224067688,0.0016066404059529,0.1176124587655067
720,0,background,0.9082850813865662,0.9082850813865662,0.0016156983328983,0.0902450308203697
721,0,background,0.8979296684265137,0.8979296684265137,0.0016104187816381,0.1006220132112503
722,0,background,0.9028927087783812,0.9028927087783812,0.0015995305730029,0.0956607237458229
723,0,background,0.8819423913955688,0.8819423913955688,0.0016093840822577,0.1166359409689903
724,0,background,0.8808001279830933,0.8808001279830933,0.0016070067649707,0.1177821904420852
725,0,background,0.9086262583732604,0.9086262583732604,0.0016178988153114,0.08990129083395
726,0,background,0.897747278213501,0.897747278213501,0.0016110099386423,0.1008041724562645
727,0,background,0.9028372764587402,0.9028372764587402,0.0016000574687495,0.0957157686352729
728,0,background,0.8821790218353271,0.8821790218353271,0.0016098469495773,0.1163985356688499
729,0,background,0.8798967599868774,0.8798967599868774,0.0016074191080406,0.1186866238713264
730,0,background,0.9088605046272278,0.9088605046272278,0.0016178542282432,0.0896667540073394
731,0,background,0.8972616791725159,0.8972616791725159,0.0016114993486553,0.101290039718151
732,0,background,0.9029883146286012,0.9029883146286012,0.0015997102018445,0.0955648347735405
733,0,background,0.881592869758606,0.881592869758606,0.0016101980581879,0.1169852614402771
734,0,background,0.8782951831817627,0.8782951831817627,0.0016065530944615,0.120291531085968
735,0,background,0.9094520211219788,0.9094520211219788,0.0016167269786819,0.089075282216072
736,0,background,0.8967955112457275,0.8967955112457275,0.0016118531348183,0.1017566844820976
737,0,background,0.903349220752716,0.903349220752716,0.001600079704076,0.0952030718326568
738,0,background,0.8808572888374329,0.8808572888374329,0.0016105336835607,0.1177218183875083
739,0,background,0.8770909309387207,0.8770909309387207,0.0016061003552749,0.1214980855584144
740,0,background,0.909939467906952,0.909939467906952,0.0016161312814801,0.0885875970125198
741,0,background,0.8964681029319763,0.8964681029319763,0.0016121708322316,0.1020842790603637
742,0,background,0.9036146998405457,0.9036146998405457,0.0016008950769901,0.0949363708496093
743,0,background,0.8799566626548767,0.8799566626548767,0.0016110091237351,0.1186234354972839
744,0,background,0.8763486742973328,0.8763486742973328,0.0016060025664046,0.122241660952568
745,0,background,0.9103459119796752,0.9103459119796752,0.001615838962607,0.0881807059049606
746,0,background,0.893524706363678,0.893524706363678,0.0016122597735375,0.1050324067473411
747,0,background,0.9069696068763732,0.9069696068763732,0.001604379620403,0.0915729627013206
748,0,background,0.8746030926704407,0.8746030926704407,0.00161136360839,0.1239853277802467
749,0,background,0.8760609030723572,0.8760609030723572,0.0016084236558526,0.1225277110934257
750,0,background,0.9146562218666076,0.9146562218666076,0.0016178655205294,0.0838615894317627
751,0,background,0.8893044590950012,0.8893044590950012,0.0016125928377732,0.1092591062188148
752,0,background,0.90907621383667,0.90907621383667,0.0016069248085841,0.0894606411457061
753,0,background,0.8656848669052124,0.8656848669052124,0.001612055581063,0.1329173594713211
754,0,background,0.8733364939689636,0.8733364939689636,0.0016105367103591,0.1252547055482864
755,0,background,0.9179285764694214,0.9179285764694214,0.0016197777586057,0.0805822238326072
756,0,background,0.8937733173370361,0.8937733173370361,0.0016114418394863,0.1047840863466262
757,0,background,0.906786859035492,0.906786859035492,0.0016050684498623,0.0917553082108497
758,0,background,0.8729240298271179,0.8729240298271179,0.0016113090096041,0.1256671398878097
759,0,background,0.8758765459060669,0.8758765459060669,0.0016081684734672,0.1227126196026802
760,0,background,0.914718508720398,0.914718508720398,0.0016181267565116,0.0837989598512649
761,0,background,0.8943852186203003,0.8943852186203003,0.0016096506733447,0.104172833263874
762,0,background,0.905703067779541,0.905703067779541,0.0016035166336223,0.0928422585129737
763,0,background,0.8759102821350098,0.8759102821350098,0.0016100797802209,0.1226771697402
764,0,background,0.8757839798927307,0.8757839798927307,0.0016056020976975,0.1228075698018074
765,0,background,0.9132277965545654,0.9132277965545654,0.0016173750627785,0.0852927416563034
766,0,background,0.9050186276435852,0.9050186276435852,0.001624941593036,0.0935083329677581
767,0,background,0.910099446773529,0.910099446773529,0.0016029914841055,0.0884392857551574
768,0,background,0.8735709190368652,0.8735709190368652,0.001607941230759,0.1250222027301788
769,0,background,0.8803574442863464,0.8803574442863464,0.0016045017400756,0.1182277649641037
770,0,background,0.915701389312744,0.915701389312744,0.0016218918608501,0.082811027765274
771,0,background,0.9045466184616088,0.9045466184616088,0.0016025031218305,0.0940014496445655
772,0,background,0.8791400194168091,0.8791400194168091,0.0016084136441349,0.119443655014038
773,0,background,0.8770493865013123,0.8770493865013123,0.001605863450095,0.1215399727225303
774,0,background,0.902084231376648,0.902084231376648,0.001600882038474,0.0964693427085876
775,0,background,0.881592869758606,0.881592869758606,0.0016098245978355,0.1169856786727905
776,0,background,0.8785899877548218,0.8785899877548218,0.0016073381993919,0.1199955120682716
777,0,background,0.9016810059547424,0.9016810059547424,0.0015998290618881,0.0968741253018379
778,0,background,0.8832725882530212,0.8832725882530212,0.0016111264703795,0.1153021156787872
779,0,background,0.8804939389228821,0.8804939389228821,0.0016078447224572,0.1180880591273307
780,0,background,0.9020907878875732,0.9020907878875732,0.0015992138069123,0.0964642614126205
781,0,background,0.8829210996627808,0.8829210996627808,0.0016112892189994,0.1156539395451545
782,0,background,0.8813319802284241,0.8813319802284241,0.0016074667219072,0.1172490417957305
783,0,background,0.9024927020072936,0.9024927020072936,0.0015988614177331,0.0960620418190956
784,0,background,0.8819859623908997,0.8819859623908997,0.0016106219263747,0.1165912225842475
785,0,background,0.8811668753623962,0.8811668753623962,0.0016068253898993,0.1174149513244628
786,0,background,0.9422177076339722,0.9422177076339722,0.0017277119914069,0.0561516135931015
787,0,background,0.9406856894493104,0.9406856894493104,0.0016401697648689,0.0577689372003078
788,0,background,0.9437901973724364,0.9437901973724364,0.0016371920937672,0.054662074893713
789,0,background,0.9436541199684144,0.9436541199684144,0.0016342635499313,0.0548012107610702
790,0,background,0.9423788189888,0.9423788189888,0.0016371469246223,0.0560757853090763
791,0,background,0.9328519701957704,0.9328519701957704,0.0016265955055132,0.0656281635165214
792,0,background,0.922918140888214,0.922918140888214,0.0016997721977531,0.0755104571580886
793,0,background,0.9146421551704408,0.9146421551704408,0.0016165737761184,0.0838768258690834
794,0,background,0.895266592502594,0.895266592502594,0.0016076870961114,0.1032917201519012
795,0,background,0.9150350689888,0.9150350689888,0.0016167792491614,0.0834831073880195
796,0,background,0.8954409956932068,0.8954409956932068,0.0016094337916001,0.1031155213713646
797,0,background,0.9181042313575744,0.9181042313575744,0.0016183331608772,0.0804075747728347
798,0,background,0.8903835415840149,0.8903835415840149,0.0016106502152979,0.1081800237298011
799,0,background,0.9152454137802124,0.9152454137802124,0.0016161990351974,0.0832729786634445
800,0,background,0.8951213359832764,0.8951213359832764,0.0016104684909805,0.1034347936511039
801,0,background,0.9113786220550536,0.9113786220550536,0.0016143165994435,0.0871476829051971
802,0,background,0.8977733254432678,0.8977733254432678,0.0016104555688798,0.1007785275578498
803,0,background,0.9106571674346924,0.9106571674346924,0.0016145763220265,0.0878701359033584
804,0,background,0.8980358839035034,0.8980358839035034,0.0016101121436804,0.1005158200860023
805,0,background,0.9099918603897096,0.9099918603897096,0.0016153451288118,0.088535763323307
806,0,background,0.8983798623085022,0.8983798623085022,0.0016097710467875,0.1001716181635856
807,0,background,0.9092832803726196,0.9092832803726196,0.0016163513064384,0.0892446264624595
808,0,background,0.8986994624137878,0.8986994624137878,0.0016094667371362,0.0998517796397209
809,0,background,0.9089391231536864,0.9089391231536864,0.0016163144027814,0.089589349925518
810,0,background,0.898726224899292,0.898726224899292,0.0016089412383735,0.099825419485569
811,0,background,0.9032832980155944,0.9032832980155944,0.0015996677102521,0.095269426703453
812,0,background,0.882212221622467,0.882212221622467,0.0016099588247016,0.1163651496171951
813,0,background,0.8772961497306824,0.8772961497306824,0.0016068561235442,0.1212918981909751
814,0,background,0.903696060180664,0.903696060180664,0.0015998642193153,0.0948558449745178
815,0,background,0.8812944889068604,0.8812944889068604,0.001610342063941,0.1172840669751167
816,0,background,0.8755952715873718,0.8755952715873718,0.0016061409842222,0.1229961216449737
817,0,background,0.9041255116462708,0.9041255116462708,0.0016008324455469,0.0944247841835022
818,0,background,0.8803106546401978,0.8803106546401978,0.0016109325224533,0.1182688921689987
819,0,background,0.8749296069145203,0.8749296069145203,0.0016059911577031,0.1236630082130432
820,0,background,0.9066266417503356,0.9066266417503356,0.0016041115159168,0.0919167026877403
821,0,background,0.8748146891593933,0.8748146891593933,0.0016112085431814,0.1237735077738761
822,0,background,0.8738871812820435,0.8738871812820435,0.0016083745285868,0.1247050315141677
823,0,background,0.9080548882484436,0.9080548882484436,0.0016068146796897,0.0904836729168891
824,0,background,0.8655913472175598,0.8655913472175598,0.0016117655904963,0.1330112814903259
825,0,background,0.870092511177063,0.870092511177063,0.0016107538249343,0.1285037547349929
826,0,background,0.9059317111968994,0.9059317111968994,0.0016049867263063,0.092611975967884
827,0,background,0.8738215565681458,0.8738215565681458,0.0016108865384012,0.1247685700654983
828,0,background,0.8729714155197144,0.8729714155197144,0.0016083363443613,0.125622346997261
829,0,background,0.9057931303977966,0.9057931303977966,0.001603910466656,0.0927517637610435
830,0,background,0.8759329915046692,0.8759329915046692,0.0016094943275675,0.1226548999547958
831,0,background,0.8734568953514099,0.8734568953514099,0.0016059720655903,0.1251380890607834
832,0,background,0.903000831604004,0.903000831604004,0.0015995594440028,0.0955524742603302
833,0,background,0.8826125264167786,0.8826125264167786,0.0016092377481982,0.1159648522734642
834,0,background,0.8807477951049805,0.8807477951049805,0.0016073219012469,0.1178343147039413
835,0,background,0.9030269384384156,0.9030269384384156,0.0015998450107872,0.0955260396003723
836,0,background,0.8828421235084534,0.8828421235084534,0.0016097103944048,0.1157345175743103
837,0,background,0.8793866634368896,0.8793866634368896,0.0016077543841674,0.1191972121596336
838,0,background,0.893726110458374,0.893726110458374,0.001639824709855,0.1048059090971946
839,0,background,0.8239266872406006,0.8239266872406006,0.0015892976662144,0.1747617423534393
840,0,background,0.8828226923942566,0.8828226923942566,0.0015940367011353,0.1157678663730621
841,0,background,0.8161153793334961,0.8161153793334961,0.0015895996475592,0.1825852692127227
842,0,background,0.9503961801528932,0.9503961801528932,0.0016081838402897,0.0480729565024375
843,0,background,0.950623631477356,0.950623631477356,0.0015810527838766,0.0478710159659385
844,0,background,0.9506925940513612,0.9506925940513612,0.0016040113987401,0.0477800369262695
845,0,background,0.934147834777832,0.934147834777832,0.0015864002052694,0.0643679201602935
846,0,background,0.9265674352645874,0.9265674352645874,0.0016085392562672,0.0719397217035293
847,0,background,0.929996371269226,0.929996371269226,0.0015879339771345,0.0685245394706726
848,0,background,0.9092808961868286,0.9092808961868286,0.0016316808760166,0.0892330408096313
849,0,background,0.9305291771888732,0.9305291771888732,0.0015870294300839,0.0679916664958
850,0,background,0.9230362772941588,0.9230362772941588,0.0016075829043984,0.075477510690689
851,0,background,0.9417471289634703,0.9417471289634703,0.0016521362122148,0.056694358587265
852,0,background,0.950539767742157,0.950539767742157,0.0015807700110599,0.0479552522301673
853,0,background,0.9463903307914734,0.9463903307914734,0.0016214302740991,0.0520727224647998
854,0,background,0.8960332870483398,0.8960332870483398,0.0015869287308305,0.1025425195693969
855,0,background,0.8974285125732422,0.8974285125732422,0.0015924338949844,0.1011400669813156
856,0,background,0.8769896030426025,0.8769896030426025,0.0015866395551711,0.1216166988015174
857,0,background,0.9491101503372192,0.9491101503372192,0.0016076258616521,0.0493615940213203
858,0,background,0.950972855091095,0.950972855091095,0.0015859379200264,0.0475165396928787
859,0,background,0.9489688873291016,0.9489688873291016,0.0016029686667025,0.0495075210928916
860,0,background,0.8574057221412659,0.8574057221412659,0.0015831529162824,0.1412346959114074
861,0,background,0.9481722116470336,0.9481722116470336,0.0015862641157582,0.0503213554620742
862,0,background,0.9488106966018676,0.9488106966018676,0.001607134588994,0.0496620237827301
863,0,background,0.9476296305656432,0.9476296305656432,0.0015862173167988,0.0508648678660392
864,0,background,0.9489729404449464,0.9489729404449464,0.0016072124708443,0.0494993850588798
865,0,background,0.8582149744033813,0.8582149744033813,0.0015832267235964,0.1404241174459457
866,0,background,0.8045117259025574,0.8045117259025574,0.0015838261460885,0.1942120641469955
867,0,background,0.949681043624878,0.949681043624878,0.001605964382179,0.0487913228571414
868,0,background,0.9497873187065125,0.9497873187065125,0.0015842039138078,0.0487056523561477
869,0,background,0.9493725299835204,0.9493725299835204,0.0016084166709333,0.0490980185568332
870,0,background,0.9495581984519958,0.9495581984519958,0.0015836119418963,0.0489356592297554
871,0,background,0.8044482469558716,0.8044482469558716,0.0015840003034099,0.1942754983901977
872,0,background,0.7289990186691284,0.7289990186691284,0.0015891985967755,0.2698405683040619
873,0,background,0.9495809674263,0.9495809674263,0.0015830164775252,0.0489134415984153
874,0,background,0.949865698814392,0.949865698814392,0.0016020882176235,0.0486100614070892
875,0,background,0.9497418403625488,0.9497418403625488,0.0015810258919373,0.0487542115151882
876,0,background,0.9500858187675476,0.9500858187675476,0.0016050669364631,0.0483867414295673
877,0,background,0.7306610941886902,0.7306610941886902,0.0015894080279394,0.2681756913661957
878,0,background,0.8479266166687012,0.8479266166687012,0.0015841268468648,0.1507280319929123
879,0,background,0.9501092433929444,0.9501092433929444,0.0015965398633852,0.0483715087175369
880,0,background,0.9497433304786682,0.9497433304786682,0.0015875159297138,0.0487465187907218
881,0,background,0.9501232504844666,0.9501232504844666,0.0015977983130142,0.0483561530709266
882,0,background,0.9497721791267396,0.9497721791267396,0.0015876905526965,0.0487175062298774
883,0,background,0.8457948565483093,0.8457948565483093,0.0015842273132875,0.1528630852699279
884,0,background,0.9321523308753968,0.9321523308753968,0.0015864484012126,0.066366508603096
885,0,background,0.9482333064079284,0.9482333064079284,0.0016002099728211,0.0502468757331371
886,0,background,0.9436176419258118,0.9436176419258118,0.001591668347828,0.0548779927194118
887,0,background,0.9489273428916932,0.9489273428916932,0.0015926455380395,0.0495589189231395
888,0,background,0.9443919658660888,0.9443919658660888,0.0015915865078568,0.054102599620819
889,0,background,0.941862404346466,0.941862404346466,0.0015927250497043,0.0566351003944873
890,0,background,0.948660373687744,0.948660373687744,0.0016067795222625,0.0498129092156887
891,0,background,0.9407524466514589,0.9407524466514589,0.0015922937309369,0.0577472448348999
892,0,background,0.948436200618744,0.948436200618744,0.0016065669478848,0.0500376299023628
893,0,background,0.9488099813461304,0.9488099813461304,0.0016012844862416,0.0496682338416576
894,0,background,0.9508286714553832,0.9508286714553832,0.001603556331247,0.0476442240178585
895,0,background,0.9483509063720704,0.9483509063720704,0.0015986093785613,0.0501306504011154
896,0,background,0.9502578973770142,0.9502578973770142,0.0016032205894589,0.0482161529362201
897,0,background,0.9485958218574524,0.9485958218574524,0.001580789568834,0.0499022677540779
898,0,background,0.9475737810134888,0.9475737810134888,0.0015858049737289,0.0509211830794811
899,0,background,0.9485799074172974,0.9485799074172974,0.001579635310918,0.0499193146824836
900,0,background,0.9474697113037108,0.9474697113037108,0.0015866613248363,0.0510245598852634
901,0,background,0.8845840096473694,0.8845840096473694,0.0016016002045944,0.1139970123767852
902,0,background,0.8867623209953308,0.8867623209953308,0.0016115583712235,0.1118063405156135
903,0,background,0.883236825466156,0.883236825466156,0.0016073702136054,0.1153411641716957
904,0,background,0.8865293264389038,0.8865293264389038,0.0016175445634871,0.1120343431830406
905,0,background,0.9322383403778076,0.9322383403778076,0.0015860308194532,0.0662807673215866
906,0,background,0.91276353597641,0.91276353597641,0.0015880565624684,0.0857846811413765
907,0,background,0.8010884523391724,0.8010884523391724,0.0015965056372806,0.1976305991411209
908,0,background,0.9085312485694884,0.9085312485694884,0.0015864205779507,0.0900251418352127
909,0,background,0.9403435587882996,0.9403435587882996,0.0015908229397609,0.0581580996513366
910,0,background,0.9516373872756958,0.9516373872756958,0.0015867807669565,0.0468501709401607
911,0,background,0.9514846205711364,0.9514846205711364,0.0015969253145158,0.046993501484394
912,0,background,0.9447379112243652,0.9447379112243652,0.0016113695455715,0.0537373684346675
913,0,background,0.6505460739135742,0.6505460739135742,0.0016580723458901,0.3483734726905823
914,0,background,0.931580662727356,0.931580662727356,0.001627427409403,0.0669007897377014
915,0,background,0.8156430721282959,0.8156430721282959,0.0016613906482234,0.1829995661973953
916,0,background,0.9164048433303832,0.9164048433303832,0.0016159329097718,0.0821119099855423
917,0,background,0.9163641333580016,0.9163641333580016,0.0016229903558269,0.0821462422609329
918,0,background,0.9381215572357178,0.9381215572357178,0.001588629791513,0.0603856891393661
919,0,background,0.9222517609596252,0.9222517609596252,0.0016056188615038,0.0762650221586227
920,0,background,0.9175147414207458,0.9175147414207458,0.0016020874027162,0.0810129344463348
921,0,background,0.9292887449264526,0.9292887449264526,0.0015964660560712,0.0692252814769744
922,0,background,0.951921820640564,0.951921820640564,0.0015960505697876,0.0465564914047718
923,0,background,0.9252657890319824,0.9252657890319824,0.0015883265295997,0.0732622072100639
924,0,background,0.9150156378746032,0.9150156378746032,0.001604345976375,0.0835140123963356
925,0,background,0.9209537506103516,0.9209537506103516,0.0016064116498455,0.0775644108653068
926,0,background,0.9391897916793824,0.9391897916793824,0.001588306040503,0.0593161396682262
927,0,background,0.9205929040908812,0.9205929040908812,0.0016219166573137,0.0779115483164787
928,0,background,0.924673318862915,0.924673318862915,0.0016626194119453,0.0737867131829261
929,0,background,0.9099860191345216,0.9099860191345216,0.0016124056419357,0.0885442867875099
930,0,background,0.9222344160079956,0.9222344160079956,0.001592494547367,0.0762945637106895
931,0,background,0.9461579918861388,0.9461579918861388,0.0016208991874009,0.0523058772087097
932,0,background,0.9292768239974976,0.9292768239974976,0.0015988757368177,0.0692349597811698
933,0,background,0.9519672393798828,0.9519672393798828,0.0015973814297467,0.0465096198022365
934,0,background,0.9229894876480104,0.9229894876480104,0.001596589339897,0.0755345448851585
935,0,background,0.9009118676185608,0.9009118676185608,0.0015966926002874,0.0976473465561866
936,0,background,0.7664286494255066,0.7664286494255066,0.0016280999407172,0.2323214709758758
937,0,background,0.9276265501976012,0.9276265501976012,0.0016119726933538,0.0708757787942886
938,0,background,0.92045795917511,0.92045795917511,0.0015819661784917,0.0780835896730423
939,0,background,0.9413687586784364,0.9413687586784364,0.0015862279105931,0.057135634124279
940,0,background,0.9525277614593506,0.9525277614593506,0.0015982144977897,0.0459474250674247
941,0,background,0.9372779726982116,0.9372779726982116,0.0015903292223811,0.0612291283905506
942,0,background,0.9140523672103882,0.9140523672103882,0.0016254653455689,0.0844594165682792
943,0,background,0.949299454689026,0.949299454689026,0.0016228596214205,0.0491574183106422
944,0,background,0.8696590662002563,0.8696590662002563,0.0015958992298692,0.128950834274292
945,0,background,0.9270963072776794,0.9270963072776794,0.0016136879567056,0.071405217051506
946,0,background,0.9500460624694824,0.9500460624694824,0.0016030616825446,0.048428475856781
947,0,background,0.9500959515571594,0.9500959515571594,0.0016016504960134,0.0483798906207084
948,0,background,0.9491422176361084,0.9491422176361084,0.001621201634407,0.0493165291845798
949,0,background,0.8656886219978333,0.8656886219978333,0.0015951441600918,0.132928267121315
950,0,background,0.9271946549415588,0.9271946549415588,0.0016132710734382,0.0713071152567863
951,0,background,0.9498985409736632,0.9498985409736632,0.0015994088025763,0.0485797487199306
952,0,background,0.949925661087036,0.949925661087036,0.0015962732722982,0.0485555306077003
953,0,background,0.9485907554626464,0.9485907554626464,0.0016210813773795,0.0498690009117126
954,0,background,0.9480313062667848,0.9480313062667848,0.0015863481676205,0.0504623390734195
955,0,background,0.9492595195770264,0.9492595195770264,0.0016288249753415,0.0491917729377746
956,0,background,0.950467050075531,0.950467050075531,0.00160623062402,0.0480038523674011
957,0,background,0.9505569934844972,0.9505569934844972,0.0015977610601112,0.0479218624532222
958,0,background,0.9516928791999816,0.9516928791999816,0.0015935298288241,0.0467881634831428
959,0,background,0.9490308165550232,0.9490308165550232,0.0016188787994906,0.0494303777813911
960,0,background,0.9506235718727112,0.9506235718727112,0.0015890547074377,0.0478634424507617
961,0,background,0.951667308807373,0.951667308807373,0.0015987114747986,0.0468088202178478
962,0,background,0.950861930847168,0.950861930847168,0.0015799204120412,0.0476334281265735
963,0,background,0.9513368606567384,0.9513368606567384,0.0015770714962854,0.0471604689955711
964,0,background,0.9522798657417296,0.9522798657417296,0.0015917622949928,0.0462019145488739
965,0,background,0.9504492282867432,0.9504492282867432,0.0016311217332258,0.0479979589581489
966,0,background,0.9483225345611572,0.9483225345611572,0.0016190515598282,0.0501396283507347
967,0,background,0.9349682331085204,0.9349682331085204,0.0158332157880067,0.0499900616705417
968,0,background,0.8636336922645569,0.8636336922645569,0.0845739692449569,0.0565772727131843
969,0,background,0.9478479027748108,0.9478479027748108,0.0018762811087071,0.0503703169524669
970,0,background,0.9481118321418762,0.9481118321418762,0.0016616422217339,0.0503101497888565
971,0,background,0.947610318660736,0.947610318660736,0.0019024352077394,0.050583504140377
972,0,background,0.9479675889015198,0.9479675889015198,0.0016616818029433,0.050454594194889
973,0,background,0.9089636206626892,0.9089636206626892,0.0017307607922703,0.0894605070352554
974,0,background,0.9480496644973756,0.9480496644973756,0.001723124878481,0.0503139719367027
975,0,background,0.9255554676055908,0.9255554676055908,0.0017707219813019,0.0728027150034904
976,0,background,0.9508599638938904,0.9508599638938904,0.0016177032375708,0.0475993081927299
977,0,background,0.9509397745132446,0.9509397745132446,0.001615899731405,0.0475210919976234
978,0,background,0.9266588687896729,0.9266588687896729,0.0016521934885531,0.0718075558543205
979,0,background,0.9500576853752136,0.9500576853752136,0.0016030907863751,0.048416830599308
980,0,background,0.9499045014381408,0.9499045014381408,0.0015993082197383,0.0485738664865493
981,0,background,0.9487836360931396,0.9487836360931396,0.0016038212925195,0.0496922209858894
982,0,background,0.8238901495933533,0.8238901495933533,0.0015892967348918,0.1747983396053314
983,0,background,0.8828120231628418,0.8828120231628418,0.001594035886228,0.1157785132527351
984,0,background,0.8160760998725891,0.8160760998725891,0.0015895996475592,0.1826245486736297
985,0,background,0.9503968358039856,0.9503968358039856,0.0016081824433058,0.0480722598731517
986,0,background,0.9506232738494872,0.9506232738494872,0.0015810515033081,0.0478713735938072
987,0,background,0.9506932497024536,0.9506932497024536,0.0016040098853409,0.0477793738245964
988,0,background,0.9341481924057008,0.9341481924057008,0.0015864002052694,0.0643675327301025
989,0,background,0.9265670776367188,0.9265670776367188,0.0016085392562672,0.0719400346279144
990,0,background,0.929996132850647,0.929996132850647,0.0015879371203482,0.0685247927904129
991,0,background,0.9092807769775392,0.9092807769775392,0.0016316794790327,0.0892331302165985
992,0,background,0.9305295944213868,0.9305295944213868,0.0015870284987613,0.067991241812706
993,0,background,0.9230361580848694,0.9230361580848694,0.0016075845342129,0.0754775926470756
994,0,background,0.9417470097541808,0.9417470097541808,0.001652137725614,0.0566945374011993
995,0,background,0.9505395889282228,0.9505395889282228,0.0015807705931365,0.0479554645717144
996,0,background,0.9463902115821838,0.9463902115821838,0.0016214316710829,0.0520728267729282
997,0,background,0.8960310816764832,0.8960310816764832,0.0015869287308305,0.1025447249412536
998,0,background,0.8974270820617676,0.8974270820617676,0.0015924347098916,0.1011414974927902
999,0,background,0.8769868612289429,0.8769868612289429,0.0015866387402638,0.1216194629669189
1000,0,background,0.9491102695465088,0.9491102695465088,0.0016076266765594,0.0493613891303539
1001,0,background,0.9509727954864502,0.9509727954864502,0.0015859366394579,0.0475165620446205
1002,0,background,0.948969066143036,0.948969066143036,0.0016029686667025,0.0495073199272155
1003,0,background,0.8574057817459106,0.8574057817459106,0.0015831521013751,0.141234666109085
1004,0,background,0.9481722116470336,0.9481722116470336,0.0015862641157582,0.0503213554620742
1005,0,background,0.9488106966018676,0.9488106966018676,0.001607134588994,0.0496620088815689
1006,0,background,0.9476296305656432,0.9476296305656432,0.0015862165018916,0.0508648678660392
1007,0,background,0.9489729404449464,0.9489729404449464,0.0016072124708443,0.0494993850588798
1008,0,background,0.8582149744033813,0.8582149744033813,0.0015832267235964,0.1404241025447845
1009,0,background,0.8045114874839783,0.8045114874839783,0.0015838253311812,0.1942123025655746
1010,0,background,0.9496811032295228,0.9496811032295228,0.001605965080671,0.0487913005053997
1011,0,background,0.9497873187065125,0.9497873187065125,0.0015842039138078,0.0487056523561477
1012,0,background,0.9493725299835204,0.9493725299835204,0.0016084158560261,0.0490980073809623
1013,0,background,0.9495581984519958,0.9495581984519958,0.0015836119418963,0.0489356778562068
1014,0,background,0.8044480085372925,0.8044480085372925,0.0015840003034099,0.1942757219076156
1015,0,background,0.7290918827056885,0.7290918827056885,0.0015892001101747,0.269747644662857
1016,0,background,0.9495807886123656,0.9495807886123656,0.0015830186894163,0.048913586884737
1017,0,background,0.9498658776283264,0.9498658776283264,0.0016020874027162,0.0486099161207675
1018,0,background,0.949741542339325,0.949741542339325,0.0015810289187356,0.0487544871866703
1019,0,background,0.950085997581482,0.950085997581482,0.0016050655394792,0.0483865663409233
1020,0,background,0.7307532429695129,0.7307532429695129,0.0015894073294475,0.2680834829807281
1021,0,background,0.847906231880188,0.847906231880188,0.0015841254498809,0.1507484167814254
1022,0,background,0.9501097798347472,0.9501097798347472,0.001596539048478,0.0483709797263145
1023,0,background,0.9497432112693788,0.9497432112693788,0.0015875152312219,0.0487466566264629
1024,0,background,0.9501238465309144,0.9501238465309144,0.001597796799615,0.0483555607497692
1025,0,background,0.94977205991745,0.94977205991745,0.0015876913676038,0.0487175919115543
1026,0,background,0.8457710146903992,0.8457710146903992,0.0015842266147956,0.1528870016336441
1027,0,background,0.932758629322052,0.932758629322052,0.0015865224413573,0.0657591819763183
1028,0,background,0.9480960965156556,0.9480960965156556,0.0016003554919734,0.0503841713070869
1029,0,background,0.9435737133026124,0.9435737133026124,0.0015918320277705,0.0549218915402889
1030,0,background,0.9487943649291992,0.9487943649291992,0.0015927690546959,0.049692053347826
1031,0,background,0.9443375468254088,0.9443375468254088,0.0015917646232992,0.0541569218039512
1032,0,background,0.941822111606598,0.941822111606598,0.0015928858192637,0.0566752851009368
1033,0,background,0.9485384821891784,0.9485384821891784,0.0016069310950115,0.0499348044395446
1034,0,background,0.9407169818878174,0.9407169818878174,0.0015924490289762,0.0577825829386711
1035,0,background,0.9483143091201782,0.9483143091201782,0.0016067184042185,0.0501595959067344
1036,0,background,0.9487652778625488,0.9487652778625488,0.0016014599241316,0.0497129075229167
1037,0,background,0.9507119655609132,0.9507119655609132,0.0016036379383876,0.0477609373629093
1038,0,background,0.9483083486557008,0.9483083486557008,0.0015987737569957,0.0501731261610984
1039,0,background,0.9501314163208008,0.9501314163208008,0.001603327342309,0.0483427494764328
1040,0,background,0.948585331439972,0.948585331439972,0.0015807955060154,0.0499127991497516
1041,0,background,0.9475684762001038,0.9475684762001038,0.0015858308179304,0.0509264580905437
1042,0,background,0.9485692977905272,0.9485692977905272,0.0015796496300026,0.0499299205839633
1043,0,background,0.9474671483039856,0.9474671483039856,0.0015866894973441,0.0510270968079566
1044,0,background,0.8871201872825623,0.8871201872825623,0.0016010954277589,0.1114571839570999
1045,0,background,0.8891133069992065,0.8891133069992065,0.0016117056366056,0.1094514429569244
1046,0,background,0.8856516480445862,0.8856516480445862,0.0016076242318376,0.1129223331809043
1047,0,background,0.8887914419174194,0.8887914419174194,0.0016177408397197,0.1097683832049369
1048,0,background,0.932220220565796,0.932220220565796,0.0015860445564612,0.0662988871335983
1049,0,background,0.9127634763717652,0.9127634763717652,0.0015879711136221,0.0857847481966018
1050,0,background,0.791819155216217,0.791819155216217,0.0015958847943693,0.2069151550531387
1051,0,background,0.9140841960906982,0.9140841960906982,0.0015858142869547,0.0844638794660568
1052,0,background,0.9365205764770508,0.9365205764770508,0.0015955886337906,0.0619826652109622
1053,0,background,0.9515910148620604,0.9515910148620604,0.0015862551517784,0.0468971282243728
1054,0,background,0.9514435529708862,0.9514435529708862,0.0015969291562214,0.0470346398651599
1055,0,background,0.9446988105773926,0.9446988105773926,0.0016101541696116,0.0537776239216327
1056,0,background,0.6361511945724487,0.6361511945724487,0.0016569823492318,0.3627929389476776
1057,0,background,0.932079255580902,0.932079255580902,0.0016265158774331,0.0664022713899612
1058,0,background,0.7057872414588928,0.7057872414588928,0.0016601731767877,0.2930391132831573
1059,0,background,0.9179185628890992,0.9179185628890992,0.0016235096845775,0.0805887430906295
1060,0,background,0.9380717277526855,0.9380717277526855,0.0015900324797257,0.0604343712329864
1061,0,background,0.9312881231307985,0.9312881231307985,0.0016051412094384,0.0672146379947662
1062,0,background,0.8758569359779358,0.8758569359779358,0.001608349266462,0.1227320805191993
1063,0,background,0.9296154379844666,0.9296154379844666,0.0015986656071618,0.0688960552215576
1064,0,background,0.9518991112709044,0.9518991112709044,0.0015961150638759,0.046579111367464
1065,0,background,0.9174360632896424,0.9174360632896424,0.0015893498202785,0.0811034888029098
1066,0,background,0.8754578828811646,0.8754578828811646,0.0016095496248453,0.1231307461857795
1067,0,background,0.930619478225708,0.930619478225708,0.0016055661253631,0.0678839907050132
1068,0,background,0.9373750686645508,0.9373750686645508,0.0015913357492536,0.0611308626830577
1069,0,background,0.9390436410903932,0.9390436410903932,0.0015885495813563,0.0594623386859893
1070,0,background,0.9252969026565552,0.9252969026565552,0.0016229763859882,0.0731989070773124
1071,0,background,0.924747109413147,0.924747109413147,0.0016597536159679,0.0737155228853225
1072,0,background,0.9094078540802002,0.9094078540802002,0.0016143389511853,0.0891216769814491
1073,0,background,0.9206377267837524,0.9206377267837524,0.0015925362240523,0.0778937712311744
1074,0,background,0.9419414401054382,0.9419414401054382,0.0016190421301871,0.0565310902893543
1075,0,background,0.9296068549156188,0.9296068549156188,0.0016000682953745,0.068903312087059
1076,0,background,0.95193749666214,0.95193749666214,0.0015974362613633,0.0465393811464309
1077,0,background,0.9223466515541076,0.9223466515541076,0.001596363610588,0.0761785581707954
1078,0,background,0.9003244638442993,0.9003244638442993,0.0015967109939083,0.0982357189059257
1079,0,background,0.7705830931663513,0.7705830931663513,0.0016280947020277,0.2281602621078491
1080,0,background,0.9277223348617554,0.9277223348617554,0.0016120886430144,0.0707796588540077
1081,0,background,0.9208018183708192,0.9208018183708192,0.0015819646650925,0.0777392014861106
1082,0,background,0.9413864016532898,0.9413864016532898,0.0015864061424508,0.0571178384125232
1083,0,background,0.9526577591896056,0.9526577591896056,0.0015984983183443,0.045817032456398
1084,0,background,0.9165543913841248,0.9165543913841248,0.0016219050157815,0.0819566398859024
1085,0,background,0.949278712272644,0.949278712272644,0.0016227971063926,0.0491783022880554
1086,0,background,0.910326600074768,0.910326600074768,0.0015928980428725,0.0882210507988929
1087,0,background,0.9188160300254822,0.9188160300254822,0.0016155375633388,0.0796972140669822
1088,0,background,0.950049638748169,0.950049638748169,0.0016030586557462,0.0484248846769332
1089,0,background,0.9501080513000488,0.9501080513000488,0.0016017083544284,0.0483677275478839
1090,0,background,0.918073832988739,0.918073832988739,0.0016203036066144,0.0804362595081329
1091,0,background,0.9491425156593324,0.9491425156593324,0.0016211724141612,0.0493162125349044
1092,0,background,0.9114476442337036,0.9114476442337036,0.0015925370389595,0.0870985314249992
1093,0,background,0.9192941188812256,0.9192941188812256,0.0016156344208866,0.0792181864380836
1094,0,background,0.949897527694702,0.949897527694702,0.0015994011191651,0.0485808290541172
1095,0,background,0.9499404430389404,0.9499404430389404,0.0015962638426572,0.0485407672822475
1096,0,background,0.9486785531044006,0.9486785531044006,0.0016211894107982,0.0497809685766696
1097,0,background,0.948013961315155,0.948013961315155,0.0015863593434914,0.0504797622561454
1098,0,background,0.9492421746253968,0.9492421746253968,0.0016288263723254,0.0492091849446296
1099,0,background,0.950601041316986,0.950601041316986,0.0016062709037214,0.0478695668280124
1100,0,background,0.9505988359451294,0.9505988359451294,0.0015978241572156,0.0478798858821392
1101,0,background,0.9517905712127686,0.9517905712127686,0.001593654975295,0.0466901585459709
1102,0,background,0.9492086172103882,0.9492086172103882,0.0016189080197364,0.0492522045969963
1103,0,background,0.9506550431251526,0.9506550431251526,0.0015891554066911,0.047831792384386
1104,0,background,0.9517935514450072,0.9517935514450072,0.0015988985542207,0.0466821826994419
1105,0,background,0.9508649706840516,0.9508649706840516,0.0015799738466739,0.0476302914321422
1106,0,background,0.9514191746711732,0.9514191746711732,0.0015770451864227,0.0470780879259109
1107,0,background,0.9529730677604676,0.9529730677604676,0.0015879204729571,0.0455112345516681
1108,0,background,0.9506667256355286,0.9506667256355286,0.0016322402516379,0.0477790497243404
1109,0,background,0.9483579993247986,0.9483579993247986,0.0016188835725188,0.050104271620512
1110,0,background,0.934986650943756,0.934986650943756,0.0158073417842388,0.0499963089823722
1111,0,background,0.8637597560882568,0.8637597560882568,0.0844220742583274,0.0565961301326751
1112,0,background,0.9478464722633362,0.9478464722633362,0.0018763095140457,0.0503717623651027
1113,0,background,0.9481096267700196,0.9481096267700196,0.0016616689972579,0.0503123365342617
1114,0,background,0.9476094841957092,0.9476094841957092,0.0019024749053642,0.0505843125283718
1115,0,background,0.947965443134308,0.947965443134308,0.001661708811298,0.0504566766321659
1116,0,background,0.8993759751319885,0.8993759751319885,0.0017438450595363,0.0990529209375381
1117,0,background,0.948049545288086,0.948049545288086,0.0017231224337592,0.0503140538930892
1118,0,background,0.9255642294883728,0.9255642294883728,0.0017707034712657,0.0727939456701278
1119,0,background,0.9508283734321594,0.9508283734321594,0.0016169840237125,0.0476316846907138
1120,0,background,0.9509045481681824,0.9509045481681824,0.0016167162684723,0.0475556142628192
1121,0,background,0.9256972670555116,0.9256972670555116,0.0016563980607315,0.0727668330073356
1122,0,background,0.9500613212585448,0.9500613212585448,0.0016030876431614,0.0484132282435894
1123,0,background,0.9499034285545348,0.9499034285545348,0.0015993006527423,0.0485749468207359
1124,0,background,0.94882994890213,0.94882994890213,0.0016037441091611,0.0496459789574146
1125,0,background,0.6988329291343689,0.6988329291343689,0.0016193490009754,0.3000335991382599
1126,0,background,0.6988312602043152,0.6988312602043152,0.0016193520277738,0.3000352680683136
1127,0,background,0.8775377869606018,0.8775377869606018,0.001607981044799,0.1210489347577095
1128,0,background,0.8783971667289734,0.8783971667289734,0.0016048225807026,0.1201909333467483
1129,0,background,0.8728330731391907,0.8728330731391907,0.0016056066378951,0.12576325237751
1130,0,background,0.8678023815155029,0.8678023815155029,0.001604901975952,0.130802646279335
1131,0,background,0.8464997410774231,0.8464997410774231,0.0016052213031798,0.1521392613649368
1132,0,background,0.8464972376823425,0.8464972376823425,0.0016045253723859,0.1521424353122711
1133,0,background,0.8391238451004028,0.8391238451004028,0.0016049989499151,0.1595272421836853
1134,0,background,0.8593162894248962,0.8593162894248962,0.0016089227283373,0.1392989456653595
1135,0,background,0.7090539336204529,0.7090539336204529,0.0016210296889767,0.2897948324680328
1136,0,background,0.709053099155426,0.709053099155426,0.0016210357425734,0.2897956371307373
1137,0,background,0.8252491354942322,0.8252491354942322,0.0016068561235442,0.1734226495027542
1138,0,background,0.8613126873970032,0.8613126873970032,0.0016044429503381,0.1373031735420227
1139,0,background,0.8202529549598694,0.8202529549598694,0.0016043963842093,0.1784289479255676
1140,0,background,0.8246014714241028,0.8246014714241028,0.0016055346932262,0.1740724742412567
1141,0,background,0.7222722172737122,0.7222722172737122,0.0016038923058658,0.2765674293041229
1142,0,background,0.7927589416503906,0.7927589416503906,0.0016058075707405,0.2059659659862518
1143,0,background,0.6999019980430603,0.6999019980430603,0.0016037663444876,0.2989737093448639
1144,0,background,0.8067300319671631,0.8067300319671631,0.0016093940939754,0.1919695138931274
1145,0,background,0.938654601573944,0.938654601573944,0.0016017373418435,0.0598394572734832
1146,0,background,0.5358180403709412,0.5358180403709412,0.0016206360887736,0.4633121788501739
1147,0,background,0.535817563533783,0.535817563533783,0.0016206369036808,0.4633125960826874
1148,0,background,0.918536365032196,0.918536365032196,0.0016095695318654,0.0799828320741653
1149,0,background,0.943993866443634,0.943993866443634,0.0015946978237479,0.0544983260333538
1150,0,background,0.9172984957695008,0.9172984957695008,0.0016065922100096,0.0812253877520561
1151,0,background,0.9092204570770264,0.9092204570770264,0.0016040703048929,0.0893187522888183
1152,0,background,0.915111482143402,0.915111482143402,0.0016065026866272,0.083416000008583
1153,0,background,0.9112960696220398,0.9112960696220398,0.0016044101212173,0.0872394666075706
1154,0,background,0.9432632327079772,0.9432632327079772,0.0015944822225719,0.0552303194999694
1155,0,background,0.9443258047103882,0.9443258047103882,0.0016240522963926,0.0541380681097507
1156,0,background,0.9506625533103944,0.9506625533103944,0.0016011609695851,0.0478127934038639
1157,0,background,0.9436718821525574,0.9436718821525574,0.0016219792887568,0.0547950342297554
1158,0,background,0.9460108876228333,0.9460108876228333,0.0016227784799411,0.0524514317512512
1159,0,background,0.9434971809387208,0.9434971809387208,0.0016192327020689,0.0549725890159606
1160,0,background,0.9393652677536012,0.9393652677536012,0.0016230273758992,0.0591076724231243
1161,0,background,0.9506523013114928,0.9506523013114928,0.0016032373532652,0.04782110825181
1162,0,background,0.9504796266555786,0.9504796266555786,0.0016023993957787,0.0479948557913303
1163,0,background,0.9504348039627076,0.9504348039627076,0.0016039130277931,0.0480383485555648
1164,2,surface_feature,0.5205960273742676,0.4786333441734314,0.0016074774321168,0.5205960273742676
1165,0,background,0.9448174834251404,0.9448174834251404,0.0016214773058891,0.0536479875445365
1166,0,background,0.9413837790489196,0.9413837790489196,0.0016192086040973,0.0570894628763198
1167,0,background,0.9456777572631836,0.9456777572631836,0.0016207604203373,0.0527870245277881
1168,0,background,0.9426209926605223,0.9426209926605223,0.0016179790254682,0.0558513849973678
1169,0,background,0.9468311667442322,0.9468311667442322,0.0016190991736948,0.0516333729028701
1170,0,background,0.9442697763442992,0.9442697763442992,0.0016153190517798,0.0542024224996566
1171,0,background,0.9461967945098876,0.9461967945098876,0.0016199542442336,0.0522679761052131
1172,0,background,0.9410885572433472,0.9410885572433472,0.001621242496185,0.0573832541704177
1173,0,background,0.9447118043899536,0.9447118043899536,0.0016228897729888,0.0537525713443756
1174,0,background,0.9417870044708252,0.9417870044708252,0.0016188310692086,0.0566860102117061
1175,0,background,0.9455052614212036,0.9455052614212036,0.001622206182219,0.0529584549367427
1176,0,background,0.9422147870063782,0.9422147870063782,0.0016194259515032,0.0562568791210651
1177,0,background,0.9460313320159912,0.9460313320159912,0.0016210682224482,0.0524325743317604
1178,0,background,0.9424075484275818,0.9424075484275818,0.0016166877467185,0.0560664050281047
1179,0,background,0.945331335067749,0.945331335067749,0.0016216695075854,0.0531331710517406
1180,0,background,0.9413596391677856,0.9413596391677856,0.0016218209639191,0.0571111664175987
1181,2,surface_feature,0.6316503882408142,0.3674602508544922,0.0024144928902387,0.6316503882408142
1182,2,surface_feature,0.6246272921562195,0.3744363486766815,0.0024944250471889,0.6246272921562195
1183,2,surface_feature,0.6316503882408142,0.3674602508544922,0.0024144928902387,0.6316503882408142
1184,2,surface_feature,0.6319583654403687,0.3671493828296661,0.0024243884254246,0.6319583654403687
1185,2,surface_feature,0.6319583654403687,0.3671493828296661,0.0024243884254246,0.6319583654403687
1186,2,surface_feature,0.6269311308860779,0.3721558451652527,0.0024473718367516,0.6269311308860779
1187,2,surface_feature,0.6247033476829529,0.3743231892585754,0.0025938423350453,0.6247033476829529
1188,2,surface_feature,0.6258020997047424,0.3733120858669281,0.0023672813549637,0.6258020997047424
1189,2,surface_feature,0.6258677244186401,0.3732463717460632,0.0023678366560488,0.6258677244186401
1190,2,surface_feature,0.6255664229393005,0.3734431564807892,0.0026451500598341,0.6255664229393005
1191,2,surface_feature,0.6898837089538574,0.3094321191310882,0.0022062107454985,0.6898837089538574
1192,2,surface_feature,0.6246272921562195,0.3744363486766815,0.0024944264441728,0.6246272921562195
1193,2,surface_feature,0.6309210658073425,0.3681527972221374,0.0025093785952776,0.6309210658073425
1194,2,surface_feature,0.6943354606628418,0.3049793839454651,0.0022415281273424,0.6943354606628418
1195,2,surface_feature,0.6943354606628418,0.3049793839454651,0.0022415281273424,0.6943354606628418
1196,2,surface_feature,0.6906610727310181,0.3086292743682861,0.0022941445931792,0.6906610727310181
1197,2,surface_feature,0.6906610131263733,0.3086293339729309,0.002294143429026,0.6906610131263733
1198,2,surface_feature,0.6309210062026978,0.3681528568267822,0.0025093823205679,0.6309210062026978
1199,2,surface_feature,0.6367948651313782,0.3622895777225494,0.002520763548091,0.6367948651313782
1200,2,surface_feature,0.7035996317863464,0.2957353293895721,0.0022437111474573,0.7035996317863464
1201,2,surface_feature,0.7035996317863464,0.2957353293895721,0.0022437111474573,0.7035996317863464
1202,2,surface_feature,0.6989730596542358,0.3003323674201965,0.0023073153570294,0.6989730596542358
1203,2,surface_feature,0.6989730000495911,0.3003324270248413,0.0023073153570294,0.6989730000495911
1204,2,surface_feature,0.6367948055267334,0.3622896373271942,0.0025207670405507,0.6367948055267334
1205,2,surface_feature,0.632220447063446,0.3668565452098846,0.0025096819736063,0.632220447063446
1206,2,surface_feature,0.7036829590797424,0.2956516444683075,0.0022455479484051,0.7036829590797424
1207,2,surface_feature,0.7036829590797424,0.2956516444683075,0.0022455479484051,0.7036829590797424
1208,2,surface_feature,0.6978994011878967,0.3014002740383148,0.0023181203287094,0.6978994011878967
1209,2,surface_feature,0.6978994607925415,0.30140021443367,0.0023181214928627,0.6978994607925415
1210,2,surface_feature,0.6322201490402222,0.3668568432331085,0.002509691286832,0.6322201490402222
1211,2,surface_feature,0.625302791595459,0.373761922121048,0.0024960984010249,0.625302791595459
1212,2,surface_feature,0.7027468681335449,0.2965866029262543,0.0022423090413212,0.7027468681335449
1213,2,surface_feature,0.7027468681335449,0.2965866029262543,0.0022423090413212,0.7027468681335449
1214,2,surface_feature,0.699117124080658,0.3001880645751953,0.0023091863840818,0.699117124080658
1215,2,surface_feature,0.699117124080658,0.3001880645751953,0.0023091852199286,0.699117124080658
1216,2,surface_feature,0.6253028512001038,0.3737618625164032,0.0024960974697023,0.6253028512001038
1217,2,surface_feature,0.6349183320999146,0.3641893863677978,0.0024440877605229,0.6349183320999146
1218,2,surface_feature,0.6952815055847168,0.3040360510349273,0.0022395676933228,0.6952815055847168
1219,2,surface_feature,0.6952826976776123,0.3040348589420318,0.0022395688574761,0.6952826976776123
1220,2,surface_feature,0.6928467750549316,0.3064479827880859,0.0022960652131587,0.6928467750549316
1221,2,surface_feature,0.6928468346595764,0.3064479231834411,0.0022960652131587,0.6928468346595764
1222,2,surface_feature,0.6349183320999146,0.3641893863677978,0.0024440877605229,0.6349183320999146
1223,2,surface_feature,0.6352240443229675,0.3638842701911926,0.0024444772861897,0.6352240443229675
1224,2,surface_feature,0.6352240443229675,0.3638842701911926,0.0024444772861897,0.6352240443229675
1225,2,surface_feature,0.6355268955230713,0.363582044839859,0.0024448330514132,0.6355268955230713
1226,2,surface_feature,0.6355268955230713,0.363582044839859,0.0024448330514132,0.6355268955230713
1227,2,surface_feature,0.6358249187469482,0.3632846176624298,0.0024451855570077,0.6358249187469482
1228,2,surface_feature,0.6358249187469482,0.3632846176624298,0.0024451855570077,0.6358249187469482
1229,2,surface_feature,0.6361193060874939,0.3629908263683319,0.0024455448146909,0.6361193060874939
1230,2,surface_feature,0.6361193060874939,0.3629908263683319,0.0024455448146909,0.6361193060874939
1231,2,surface_feature,0.6364108920097351,0.362699806690216,0.0024459196720272,0.6364108920097351
1232,2,surface_feature,0.6364108920097351,0.362699806690216,0.0024459196720272,0.6364108920097351
1233,2,surface_feature,0.6367031931877136,0.3624080717563629,0.002446305938065,0.6367031931877136
1234,2,surface_feature,0.6367031931877136,0.3624080717563629,0.002446305938065,0.6367031931877136
1235,2,surface_feature,0.6369925141334534,0.3621193170547485,0.0024467015173286,0.6369925141334534
1236,2,surface_feature,0.6369925141334534,0.3621193170547485,0.0024467015173286,0.6369925141334534
1237,2,surface_feature,0.637278139591217,0.3618342280387878,0.002447108970955,0.637278139591217
1238,2,surface_feature,0.637278139591217,0.3618342280387878,0.002447108970955,0.637278139591217
1239,2,surface_feature,0.6381959319114685,0.3609181344509125,0.002448613056913,0.6381959319114685
1240,2,surface_feature,0.6381959319114685,0.3609181344509125,0.002448613056913,0.6381959319114685
1241,2,surface_feature,0.638420820236206,0.3606936931610107,0.0024489976931363,0.638420820236206
1242,2,surface_feature,0.638420820236206,0.3606936931610107,0.0024489976931363,0.638420820236206
1243,2,surface_feature,0.638634204864502,0.3604806661605835,0.0024493806995451,0.638634204864502
1244,2,surface_feature,0.638634204864502,0.3604806661605835,0.0024493806995451,0.638634204864502
1245,2,surface_feature,0.638843297958374,0.3602719604969024,0.002449763007462,0.638843297958374
1246,2,surface_feature,0.638843297958374,0.3602719604969024,0.002449763007462,0.638843297958374
1247,2,surface_feature,0.6390504240989685,0.3600651919841766,0.0024501418229192,0.6390504240989685
1248,2,surface_feature,0.6390504240989685,0.3600651919841766,0.0024501418229192,0.6390504240989685
1249,2,surface_feature,0.6392586827278137,0.3598573207855224,0.0024505169130861,0.6392586827278137
1250,2,surface_feature,0.6392586827278137,0.3598573207855224,0.0024505169130861,0.6392586827278137
1251,2,surface_feature,0.6394666433334351,0.3596497178077698,0.002450885483995,0.6394666433334351
1252,2,surface_feature,0.6394666433334351,0.3596497178077698,0.002450885483995,0.6394666433334351
1253,2,surface_feature,0.6396815180778503,0.3594352602958679,0.002451246837154,0.6396815180778503
1254,2,surface_feature,0.6396815180778503,0.3594352602958679,0.002451246837154,0.6396815180778503
1255,2,surface_feature,0.6398942470550537,0.3592229187488556,0.0024515967816114,0.6398942470550537
1256,2,surface_feature,0.6398942470550537,0.3592229187488556,0.0024515967816114,0.6398942470550537
1257,2,surface_feature,0.6401050090789795,0.3590125441551208,0.002451934851706,0.6401050090789795
1258,2,surface_feature,0.6401050090789795,0.3590125441551208,0.002451934851706,0.6401050090789795
1259,2,surface_feature,0.6403137445449829,0.3588042259216308,0.0024522554595023,0.6403137445449829
1260,2,surface_feature,0.6403137445449829,0.3588042259216308,0.0024522554595023,0.6403137445449829
1261,2,surface_feature,0.6405206322669983,0.3585977256298065,0.0024525474291294,0.6405206322669983
1262,2,surface_feature,0.6405206322669983,0.3585977256298065,0.0024525474291294,0.6405206322669983
1263,2,surface_feature,0.6407260298728943,0.3583927452564239,0.0024527839850634,0.6407260298728943
1264,2,surface_feature,0.6407260298728943,0.3583927452564239,0.0024527839850634,0.6407260298728943
1265,2,surface_feature,0.6409663558006287,0.3581529557704925,0.0024529881775379,0.6409663558006287
1266,2,surface_feature,0.6409663558006287,0.3581529557704925,0.0024529881775379,0.6409663558006287
1267,2,surface_feature,0.6412169337272644,0.3579029142856598,0.0024531600065529,0.6412169337272644
1268,2,surface_feature,0.6412169337272644,0.3579029142856598,0.0024531600065529,0.6412169337272644
1269,2,surface_feature,0.6414656639099121,0.3576547503471374,0.0024532952811568,0.6414656639099121
1270,2,surface_feature,0.6414656639099121,0.3576547503471374,0.0024532952811568,0.6414656639099121
1271,2,surface_feature,0.6417126059532166,0.3574083745479584,0.0024533965624868,0.6417126059532166
1272,2,surface_feature,0.6417126059532166,0.3574083745479584,0.0024533965624868,0.6417126059532166
1273,2,surface_feature,0.6419579386711121,0.3571636378765106,0.002453458495438,0.6419579386711121
1274,2,surface_feature,0.6419579386711121,0.3571636378765106,0.002453458495438,0.6419579386711121
1275,2,surface_feature,0.6422017216682434,0.3569204211235046,0.0024534806143492,0.6422017216682434
1276,2,surface_feature,0.6422017216682434,0.3569204211235046,0.0024534806143492,0.6422017216682434
1277,2,surface_feature,0.6424438953399658,0.3566788733005523,0.0024534608237445,0.6424438953399658
1278,2,surface_feature,0.6424438953399658,0.3566788733005523,0.0024534608237445,0.6424438953399658
1279,2,surface_feature,0.624302864074707,0.3747464418411255,0.0025305445306003,0.624302864074707
1280,2,surface_feature,0.624302864074707,0.3747464418411255,0.0025305445306003,0.624302864074707
1281,2,surface_feature,0.6314261555671692,0.3676740825176239,0.0024412444327026,0.6314261555671692
1282,2,surface_feature,0.6314261555671692,0.3676740825176239,0.0024412444327026,0.6314261555671692
1283,2,surface_feature,0.6317481398582458,0.367352545261383,0.0024421142879873,0.6317481398582458
1284,2,surface_feature,0.6317481398582458,0.367352545261383,0.0024421142879873,0.6317481398582458
1285,2,surface_feature,0.6320652365684509,0.3670358061790466,0.0024432565551251,0.6320652365684509
1286,2,surface_feature,0.6320652961730957,0.3670357465744018,0.0024432579521089,0.6320652961730957
1287,2,surface_feature,0.6324385404586792,0.3666630089282989,0.0024443538859486,0.6324385404586792
1288,2,surface_feature,0.6324385404586792,0.3666630089282989,0.0024443538859486,0.6324385404586792
1289,2,surface_feature,0.6328079104423523,0.3662943243980407,0.002444980898872,0.6328079104423523
1290,2,surface_feature,0.6328079104423523,0.3662943243980407,0.002444980898872,0.6328079104423523
1291,2,surface_feature,0.633162796497345,0.365940123796463,0.0024454332888126,0.633162796497345
1292,2,surface_feature,0.633162796497345,0.365940123796463,0.0024454332888126,0.633162796497345
1293,2,surface_feature,0.6335159540176392,0.3655876517295837,0.0024459077976644,0.6335159540176392
1294,2,surface_feature,0.6335159540176392,0.3655876517295837,0.0024459066335111,0.6335159540176392
1295,2,surface_feature,0.6338658928871155,0.3652383387088775,0.002446538535878,0.6338658928871155
1296,2,surface_feature,0.6338658928871155,0.3652383387088775,0.002446538535878,0.6338658928871155
1297,2,surface_feature,0.6342095136642456,0.3648953437805176,0.0024471182841807,0.6342095136642456
1298,2,surface_feature,0.6342095136642456,0.3648953437805176,0.0024471168871968,0.6342095136642456
1299,2,surface_feature,0.6354250907897949,0.3636792600154876,0.0024566559586673,0.6354250907897949
1300,2,surface_feature,0.6354251503944397,0.3636792004108429,0.0024566559586673,0.6354251503944397
1301,2,surface_feature,0.6357189416885376,0.3633859753608703,0.0024571700487285,0.6357189416885376
1302,2,surface_feature,0.6357189416885376,0.3633859753608703,0.0024571700487285,0.6357189416885376
1303,2,surface_feature,0.6360084414482117,0.3630969822406769,0.0024576669093221,0.6360084414482117
1304,2,surface_feature,0.6360084414482117,0.3630969822406769,0.0024576669093221,0.6360084414482117
1305,2,surface_feature,0.6362984776496887,0.3628074824810028,0.0024581381585448,0.6362984776496887
1306,2,surface_feature,0.6362984776496887,0.3628074824810028,0.0024581381585448,0.6362984776496887
1307,2,surface_feature,0.6365867853164673,0.3625197410583496,0.002458598697558,0.6365867853164673
1308,2,surface_feature,0.6365867853164673,0.3625197410583496,0.002458598697558,0.6365867853164673
1309,2,surface_feature,0.6368721127510071,0.3622349500656128,0.0024590515531599,0.6368721127510071
1310,2,surface_feature,0.6368721127510071,0.3622349500656128,0.0024590515531599,0.6368721127510071
1311,2,surface_feature,0.6371545195579529,0.3619530498981476,0.0024595030117779,0.6371545195579529
1312,2,surface_feature,0.6371545195579529,0.3619530498981476,0.0024595030117779,0.6371545195579529
1313,2,surface_feature,0.6374124884605408,0.3616955578327179,0.002459951210767,0.6374124884605408
1314,2,surface_feature,0.6374124884605408,0.3616955578327179,0.002459951210767,0.6374124884605408
1315,2,surface_feature,0.6376661658287048,0.3614423274993896,0.0024604029022157,0.6376661658287048
1316,2,surface_feature,0.6376661658287048,0.3614423274993896,0.0024604029022157,0.6376661658287048
1317,2,surface_feature,0.6379169821739197,0.361191987991333,0.0024608511012047,0.6379169821739197
1318,2,surface_feature,0.6379169821739197,0.361191987991333,0.0024608511012047,0.6379169821739197
1319,2,surface_feature,0.6381651163101196,0.3609443008899688,0.0024612972047179,0.6381651163101196
1320,2,surface_feature,0.6381651163101196,0.3609443008899688,0.0024612972047179,0.6381651163101196
1321,2,surface_feature,0.6384103894233704,0.3606994748115539,0.0024617430754005,0.6384103894233704
1322,2,surface_feature,0.6384103894233704,0.3606994748115539,0.0024617430754005,0.6384103894233704
1323,2,surface_feature,0.6386431455612183,0.3604671061038971,0.0024621894117444,0.6386431455612183
1324,2,surface_feature,0.6386431455612183,0.3604671061038971,0.0024621894117444,0.6386431455612183
1325,2,surface_feature,0.6388708353042603,0.3602398335933685,0.0024626415688544,0.6388708353042603
1326,2,surface_feature,0.6388708353042603,0.3602398335933685,0.0024626415688544,0.6388708353042603
1327,2,surface_feature,0.6390960812568665,0.3600149750709533,0.0024631009437143,0.6390960812568665
1328,2,surface_feature,0.6390960812568665,0.3600149750709533,0.0024631009437143,0.6390960812568665
1329,2,surface_feature,0.6393190622329712,0.3597923815250397,0.0024635624140501,0.6393190622329712
1330,2,surface_feature,0.6393190622329712,0.3597923815250397,0.0024635624140501,0.6393190622329712
1331,2,surface_feature,0.6395395994186401,0.3595722317695617,0.0024640194606035,0.6395395994186401
1332,2,surface_feature,0.6395395994186401,0.3595722317695617,0.0024640194606035,0.6395395994186401
1333,2,surface_feature,0.6397579312324524,0.3593542575836181,0.0024644788354635,0.6397579312324524
1334,2,surface_feature,0.6397579312324524,0.3593542575836181,0.0024644788354635,0.6397579312324524
1335,2,surface_feature,0.6399773955345154,0.3591351807117462,0.0024649363476783,0.6399773955345154
1336,2,surface_feature,0.6399773955345154,0.3591351807117462,0.0024649363476783,0.6399773955345154
1337,2,surface_feature,0.6401956677436829,0.3589172959327698,0.002465394558385,0.6401956677436829
1338,2,surface_feature,0.6401956677436829,0.3589172959327698,0.002465394558385,0.6401956677436829
1339,2,surface_feature,0.6413018107414246,0.357813149690628,0.0024673759471625,0.6413018107414246
1340,2,surface_feature,0.6413018107414246,0.357813149690628,0.0024673759471625,0.6413018107414246
1341,2,surface_feature,0.6416041254997253,0.357511430978775,0.0024678243789821,0.6416041254997253
1342,2,surface_feature,0.6416041254997253,0.357511430978775,0.0024678243789821,0.6416041254997253
1343,2,surface_feature,0.6419031023979187,0.357213020324707,0.0024682565126568,0.6419031023979187
1344,2,surface_feature,0.6419031023979187,0.357213020324707,0.0024682565126568,0.6419031023979187
1345,2,surface_feature,0.6421988606452942,0.3569178283214569,0.0024686779361218,0.6421988606452942
1346,2,surface_feature,0.6421988606452942,0.3569178283214569,0.0024686779361218,0.6421988606452942
1347,2,surface_feature,0.642491340637207,0.3566259443759918,0.002469086786732,0.642491340637207
1348,2,surface_feature,0.642491340637207,0.3566259443759918,0.002469086786732,0.642491340637207
1349,2,surface_feature,0.6427807211875916,0.356337159872055,0.0024694295134395,0.6427807211875916
1350,2,surface_feature,0.6427807211875916,0.356337159872055,0.0024694295134395,0.6427807211875916
1351,2,surface_feature,0.6430670022964478,0.3560514748096466,0.002469714032486,0.6430670022964478
1352,2,surface_feature,0.6430670022964478,0.3560514748096466,0.002469714032486,0.6430670022964478
1353,2,surface_feature,0.6433502435684204,0.3557688295841217,0.0024699876084923,0.6433502435684204
1354,2,surface_feature,0.6433502435684204,0.3557688295841217,0.0024699876084923,0.6433502435684204
1355,2,surface_feature,0.6436303853988647,0.3554892838001251,0.0024702541995793,0.6436303853988647
1356,2,surface_feature,0.6436303853988647,0.3554892838001251,0.0024702541995793,0.6436303853988647
1357,2,surface_feature,0.6439073085784912,0.3552129566669464,0.0024705163668841,0.6439073085784912
1358,2,surface_feature,0.6439073085784912,0.3552129566669464,0.0024705163668841,0.6439073085784912
1359,2,surface_feature,0.6441797614097595,0.3549410700798034,0.0024707759730517,0.6441797614097595
1360,2,surface_feature,0.6441797614097595,0.3549410700798034,0.0024707759730517,0.6441797614097595
1361,2,surface_feature,0.6444492340087891,0.3546721935272217,0.0024710360448807,0.6444492340087891
1362,2,surface_feature,0.6444492340087891,0.3546721935272217,0.0024710360448807,0.6444492340087891
1363,2,surface_feature,0.6447156667709351,0.354406327009201,0.0024712968152016,0.6447156667709351
1364,2,surface_feature,0.6447156667709351,0.354406327009201,0.0024712968152016,0.6447156667709351
1365,2,surface_feature,0.6449828743934631,0.3541396856307983,0.0024715610779821,0.6449828743934631
1366,2,surface_feature,0.6449828743934631,0.3541396856307983,0.0024715610779821,0.6449828743934631
1367,2,surface_feature,0.6452917456626892,0.3538314700126648,0.0024718281347304,0.6452917456626892
1368,2,surface_feature,0.6452917456626892,0.3538314700126648,0.0024718281347304,0.6452917456626892
1369,2,surface_feature,0.6455968618392944,0.3535270094871521,0.0024721010122448,0.6455968618392944
1370,2,surface_feature,0.6455968618392944,0.3535270094871521,0.0024721010122448,0.6455968618392944
1371,2,surface_feature,0.6464909911155701,0.3526348173618316,0.0024729655124247,0.6464909911155701
1372,2,surface_feature,0.6464909911155701,0.3526348173618316,0.0024729655124247,0.6464909911155701
1373,2,surface_feature,0.646623432636261,0.3525026142597198,0.0024731101002544,0.646623432636261
1374,2,surface_feature,0.646623432636261,0.3525026142597198,0.0024731101002544,0.646623432636261
1375,2,surface_feature,0.6463329792022705,0.3527925312519073,0.0024726630654186,0.6463329792022705
1376,2,surface_feature,0.6463329792022705,0.3527925312519073,0.0024726630654186,0.6463329792022705
1377,2,surface_feature,0.6460388898849487,0.3530860245227813,0.0024722774978727,0.6460388898849487
1378,2,surface_feature,0.6460388898849487,0.3530860245227813,0.0024722774978727,0.6460388898849487
1379,2,surface_feature,0.6457412838935852,0.3533830046653747,0.0024718975182622,0.6457412838935852
1380,2,surface_feature,0.6457412838935852,0.3533830046653747,0.002471896354109,0.6457412838935852
1381,2,surface_feature,0.6454401612281799,0.3536835312843323,0.0024715200997889,0.6454401612281799
1382,2,surface_feature,0.6454401612281799,0.3536835312843323,0.0024715200997889,0.6454401612281799
1383,2,surface_feature,0.6451354622840881,0.3539876043796539,0.0024711429141461,0.6451354622840881
1384,2,surface_feature,0.6451354622840881,0.3539876043796539,0.0024711415171623,0.6451354622840881
1385,2,surface_feature,0.6448495984077454,0.3542729020118713,0.0024707678239792,0.6448495984077454
1386,2,surface_feature,0.6448495984077454,0.3542729020118713,0.0024707678239792,0.6448495984077454
1387,2,surface_feature,0.6445855498313904,0.3545364439487457,0.0024703941307961,0.6445855498313904
1388,2,surface_feature,0.6445855498313904,0.3545364439487457,0.00247039552778,0.6445855498313904
1389,2,surface_feature,0.6443197131156921,0.354801744222641,0.0024700206704437,0.6443197131156921
1390,2,surface_feature,0.6443197131156921,0.354801744222641,0.0024700206704437,0.6443197131156921
1391,2,surface_feature,0.6440507769584656,0.3550701439380646,0.0024696504697203,0.6440507769584656
1392,2,surface_feature,0.6440507769584656,0.3550701439380646,0.0024696504697203,0.6440507769584656
1393,2,surface_feature,0.6437782049179077,0.3553421795368194,0.002469275612384,0.6437782049179077
1394,2,surface_feature,0.6437782049179077,0.3553421795368194,0.002469275612384,0.6437782049179077
1395,2,surface_feature,0.6435014009475708,0.3556184470653534,0.0024689047131687,0.6435014009475708
1396,2,surface_feature,0.6435014009475708,0.3556184470653534,0.0024689047131687,0.6435014009475708
1397,2,surface_feature,0.643221378326416,0.3558979034423828,0.0024685347452759,0.643221378326416
1398,2,surface_feature,0.643221378326416,0.3558979034423828,0.0024685347452759,0.643221378326416
1399,2,surface_feature,0.6429380178451538,0.3561806976795196,0.0024681624490767,0.6429380178451538
1400,2,surface_feature,0.6429380178451538,0.3561806976795196,0.0024681624490767,0.6429380178451538
1401,2,surface_feature,0.6414294242858887,0.3576864302158355,0.002465745434165,0.6414294242858887
1402,2,surface_feature,0.6414294242858887,0.3576864302158355,0.0024657428730279,0.6414294242858887
1403,2,surface_feature,0.6410378813743591,0.3580772280693054,0.0024651237763464,0.6410378813743591
1404,2,surface_feature,0.6410378813743591,0.3580772280693054,0.0024651237763464,0.6410378813743591
1405,2,surface_feature,0.6406648755073547,0.3584495484828949,0.0024644988588988,0.6406648755073547
1406,2,surface_feature,0.6406648755073547,0.3584495484828949,0.0024644988588988,0.6406648755073547
1407,2,surface_feature,0.6403369903564453,0.3587768375873565,0.0024638858158141,0.6403369903564453
1408,2,surface_feature,0.6403369903564453,0.3587768375873565,0.0024638858158141,0.6403369903564453
1409,2,surface_feature,0.6400119662284851,0.359101265668869,0.0024633151479065,0.6400119662284851
1410,2,surface_feature,0.6400119066238403,0.3591013252735138,0.0024633163120597,0.6400119066238403
1411,2,surface_feature,0.6396926045417786,0.3594200313091278,0.002462797332555,0.6396926045417786
1412,2,surface_feature,0.6396926045417786,0.3594200313091278,0.002462797332555,0.6396926045417786
1413,2,surface_feature,0.6393747329711914,0.3597372770309448,0.0024622993078082,0.6393747329711914
1414,2,surface_feature,0.6393747329711914,0.3597373068332672,0.0024622972123324,0.6393747329711914
1415,2,surface_feature,0.6390520930290222,0.3600593209266662,0.0024618145544081,0.6390520930290222
1416,2,surface_feature,0.6390520930290222,0.3600593209266662,0.0024618145544081,0.6390520930290222
1417,2,surface_feature,0.6387244462966919,0.360386312007904,0.0024613486602902,0.6387244462966919
1418,2,surface_feature,0.6387244462966919,0.360386312007904,0.0024613486602902,0.6387244462966919
1419,2,surface_feature,0.6383795738220215,0.3607305288314819,0.002460892079398,0.6383795738220215
1420,2,surface_feature,0.6383795738220215,0.3607305288314819,0.002460892079398,0.6383795738220215
1421,2,surface_feature,0.6380208134651184,0.3610885739326477,0.0024604238569736,0.6380208134651184
1422,2,surface_feature,0.6380208134651184,0.3610885739326477,0.0024604238569736,0.6380208134651184
1423,2,surface_feature,0.6376558542251587,0.3614527881145477,0.0024599370080977,0.6376558542251587
1424,2,surface_feature,0.6376558542251587,0.3614527881145477,0.0024599370080977,0.6376558542251587
1425,2,surface_feature,0.6372846364974976,0.3618232905864715,0.0024594198912382,0.6372846364974976
1426,2,surface_feature,0.6372846364974976,0.3618232905864715,0.0024594198912382,0.6372846364974976
1427,2,surface_feature,0.6368931531906128,0.3622140288352966,0.0024588608648627,0.6368931531906128
1428,2,surface_feature,0.6368931531906128,0.3622140288352966,0.0024588608648627,0.6368931531906128
1429,2,surface_feature,0.636476457118988,0.3626299202442169,0.0024582408368587,0.636476457118988
1430,2,surface_feature,0.636476457118988,0.3626299202442169,0.0024582408368587,0.636476457118988
1431,0,background,0.5186591744422913,0.5186591744422913,0.0016903958749026,0.4804626107215881
1432,0,background,0.5171273350715637,0.5171273350715637,0.0016915695741772,0.4819964170455932
