face_id,pred_label,pred_name,pred_confidence,prob_background,prob_rivet,prob_surface_feature
1,0,background,0.9354238510131836,0.9354238510131836,0.0016453758580610156,0.06303445249795914
2,0,background,0.9355056285858154,0.9355056285858154,0.0016597125213593245,0.06293915957212448
3,0,background,0.9308137893676758,0.9308137893676758,0.0016591792227700353,0.0676392987370491
4,0,background,0.9354221820831299,0.9354221820831299,0.0016453851712867618,0.06303614377975464
5,0,background,0.9355103969573975,0.9355103969573975,0.001659728353843093,0.06293429434299469
6,0,background,0.9299302697181702,0.9299302697181702,0.0016577596543356776,0.06852556020021439
7,0,background,0.9617950320243835,0.9617950320243835,0.001612887834198773,0.036651212722063065
8,0,background,0.9497898817062378,0.9497898817062378,0.0016008431557565928,0.048687227070331573
9,0,background,0.6431334018707275,0.6431334018707275,0.001604393939487636,0.35583311319351196
10,0,background,0.6422691345214844,0.6422691345214844,0.0016043895157054067,0.3566987216472626
11,0,background,0.9609355926513672,0.9609355926513672,0.0016066518146544695,0.037518009543418884
12,0,background,0.9576783776283264,0.9576783776283264,0.0016155197517946362,0.040771931409835815
13,0,background,0.9544762969017029,0.9544762969017029,0.0016034228028729558,0.04399079084396362
14,0,background,0.9595939517021179,0.9595939517021179,0.0018622598145157099,0.03861571103334427
15,0,background,0.9077950716018677,0.9077950716018677,0.0016377619467675686,0.09071578085422516
16,0,background,0.9122540354728699,0.9122540354728699,0.0016268712934106588,0.08625943213701248
17,0,background,0.865861713886261,0.865861713886261,0.0018536194693297148,0.1325303167104721
18,0,background,0.933793842792511,0.933793842792511,0.0016553661553189158,0.06465786695480347
19,0,background,0.9502555131912231,0.9502555131912231,0.0017430434236302972,0.04808525741100311
20,0,background,0.9498551487922668,0.9498551487922668,0.0016429643146693707,0.048581697046756744
21,0,background,0.903193473815918,0.903193473815918,0.0016281574498862028,0.09533356875181198
22,0,background,0.9287052750587463,0.9287052750587463,0.0016275753732770681,0.06978072971105576
23,0,background,0.9246181845664978,0.9246181845664978,0.001640689093619585,0.07386233657598495
24,0,background,0.6639606952667236,0.6639606952667236,0.0016003972850739956,0.3349749743938446
25,0,background,0.7958801984786987,0.7958801984786987,0.0016057266620919108,0.20283977687358856
26,0,background,0.7315798997879028,0.7315798997879028,0.0016141505911946297,0.2672373056411743
27,0,background,0.9326527714729309,0.9326527714729309,0.0016088240081444383,0.06584428995847702
28,0,background,0.664290726184845,0.664290726184845,0.001600451534613967,0.3346444070339203
29,0,background,0.7964280247688293,0.7964280247688293,0.0016057173488661647,0.2022911161184311
30,0,background,0.9034406542778015,0.9034406542778015,0.001613300060853362,0.09509947150945663
31,0,background,0.9329891800880432,0.9329891800880432,0.00161776936147362,0.06549902260303497
32,0,background,0.9180423617362976,0.9180423617362976,0.0016056241001933813,0.08048120886087418
33,0,background,0.5700749158859253,0.5700749158859253,0.0016092178411781788,0.4290062487125397
34,0,background,0.45232337713241577,0.45232337713241577,0.0016087443800643086,0.5469477772712708
35,0,background,0.9446738362312317,0.9446738362312317,0.001611986430361867,0.05380086600780487
36,0,background,0.9457728266716003,0.9457728266716003,0.0016124341636896133,0.05269972234964371
37,0,background,0.9374580383300781,0.9374580383300781,0.0016108081908896565,0.061029449105262756
38,0,background,0.43359002470970154,0.43359002470970154,0.001608300139196217,0.565711498260498
39,0,background,0.582805335521698,0.582805335521698,0.0016097371699288487,0.4162549674510956
40,0,background,0.9469276070594788,0.9469276070594788,0.0016042105853557587,0.05155084282159805
41,0,background,0.9544620513916016,0.9544620513916016,0.0016084862872958183,0.04400019347667694
42,0,background,0.7044118046760559,0.7044118046760559,0.001604685909114778,0.29445597529411316
43,0,background,0.712296187877655,0.712296187877655,0.0016045956872403622,0.28655895590782166
44,0,background,0.954118013381958,0.954118013381958,0.0016086517134681344,0.04434463754296303
45,1,rivet,0.9570003747940063,0.04092763364315033,0.9570003747940063,0.04818630591034889
46,0,background,0.8591066598892212,0.8591066598892212,0.002274495782330632,0.13893482089042664
47,1,rivet,0.9970550537109375,0.0027262901421636343,0.9970550537109375,0.07424795627593994
48,0,background,0.9516872763633728,0.9516872763633728,0.0016078256303444505,0.046780116856098175
49,0,background,0.9568278789520264,0.9568278789520264,0.0016201362013816833,0.04161941260099411
50,0,background,0.9595752358436584,0.9595752358436584,0.0015891962684690952,0.038897424936294556
51,0,background,0.8799466490745544,0.8799466490745544,0.0015899348072707653,0.11865206807851791
52,0,background,0.9548360109329224,0.9548360109329224,0.0016499077901244164,0.04358604550361633
53,0,background,0.9193309545516968,0.9193309545516968,0.0016121516237035394,0.07918459177017212
54,1,rivet,0.9811837673187256,0.017916003242135048,0.9811837673187256,0.04784328490495682
55,1,rivet,0.9651818871498108,0.03310596942901611,0.9651818871498108,0.049173954874277115
56,1,rivet,0.9887450337409973,0.010722305625677109,0.9887450337409973,0.04732666537165642
57,1,rivet,0.9985053539276123,0.0013900974299758673,0.9985053539276123,0.06994879990816116
58,1,rivet,0.9985089898109436,0.0013881945051252842,0.9985089898109436,0.06895703822374344
59,1,rivet,0.9985080361366272,0.0013887893874198198,0.9985080361366272,0.06915348023176193
60,1,rivet,0.9985080361366272,0.0013888697139918804,0.9985080361366272,0.06909964233636856
61,1,rivet,0.998508870601654,0.0013882283819839358,0.998508870601654,0.06900877505540848
62,1,rivet,0.9985053539276123,0.0013900977792218328,0.9985053539276123,0.06994850933551788
63,0,background,0.12274318933486938,0.12274318933486938,0.870573103427887,0.051640819758176804
64,1,rivet,0.9985174536705017,0.0013694062363356352,0.9985174536705017,0.07631467282772064
65,1,rivet,0.9985174536705017,0.0013693941291421652,0.9985174536705017,0.07632283121347427
66,1,rivet,0.9985174536705017,0.0013694663066416979,0.9985174536705017,0.07627412676811218
67,1,rivet,0.9985174536705017,0.0013694633962586522,0.9985174536705017,0.07627611607313156
68,1,rivet,0.9985174536705017,0.0013694027438759804,0.9985174536705017,0.07631709426641464
69,1,rivet,0.9985174536705017,0.0013694119406864047,0.9985174536705017,0.076310895383358
70,1,rivet,0.9479029178619385,0.049594003707170486,0.9479029178619385,0.048046428710222244
71,0,background,0.9375762939453125,0.9375762939453125,0.0015991916880011559,0.060921989381313324
72,0,background,0.939803421497345,0.939803421497345,0.001607573009096086,0.05868330970406532
73,1,rivet,0.9977994561195374,0.002034207573160529,0.9977994561195374,0.07558868825435638
74,1,rivet,0.9973902106285095,0.002418318996205926,0.9973902106285095,0.0733662098646164
75,1,rivet,0.998017430305481,0.0018309749430045485,0.998017430305481,0.07646375894546509
76,1,rivet,0.998414158821106,0.0014115888625383377,0.998414158821106,0.10988007485866547
77,1,rivet,0.9954531192779541,0.004217119887471199,0.9954531192779541,0.07252465933561325
78,1,rivet,0.9984128475189209,0.001400293898768723,0.9984128475189209,0.1177319660782814
79,1,rivet,0.9968003034591675,0.002969379536807537,0.9968003034591675,0.07198090851306915
80,1,rivet,0.9540793299674988,0.043586913496255875,0.9540793299674988,0.050821468234062195
81,1,rivet,0.9804686307907104,0.018551476299762726,0.9804686307907104,0.050170209258794785
82,1,rivet,0.9670066833496094,0.03144991770386696,0.9670066833496094,0.04677916690707207
83,1,rivet,0.9884029030799866,0.011016600765287876,0.9884029030799866,0.05005525052547455
84,0,background,0.09951181709766388,0.09951181709766388,0.8954863548278809,0.0478581078350544
85,1,rivet,0.9437806010246277,0.0533810555934906,0.9437806010246277,0.05048694089055061
86,0,background,0.9585813879966736,0.9585813879966736,0.0016098124906420708,0.03987300395965576
87,0,background,0.9451988935470581,0.9451988935470581,0.0015992274275049567,0.053287073969841
88,0,background,0.742621660232544,0.742621660232544,0.0016026359517127275,0.25618621706962585
89,0,background,0.7490614056587219,0.7490614056587219,0.001602917443960905,0.2497359961271286
90,0,background,0.9577239751815796,0.9577239751815796,0.0016207518056035042,0.04072122648358345
91,0,background,0.9469276666641235,0.9469276666641235,0.0016042105853557587,0.05155082792043686
92,0,background,0.9544620513916016,0.9544620513916016,0.0016084862872958183,0.04400021582841873
93,0,background,0.7044119238853455,0.7044119238853455,0.001604685909114778,0.294455885887146
94,0,background,0.712296187877655,0.712296187877655,0.0016045956872403622,0.28655895590782166
95,0,background,0.954118013381958,0.954118013381958,0.0016086517134681344,0.044344644993543625
96,0,background,0.9627698659896851,0.9627698659896851,0.001593368244357407,0.035693664103746414
97,0,background,0.9538763761520386,0.9538763761520386,0.0016124992398545146,0.0445830300450325
98,0,background,0.9616072773933411,0.9616072773933411,0.0016128377756103873,0.036839332431554794
99,0,background,0.8224325180053711,0.8224325180053711,0.0015931003727018833,0.17625516653060913
100,0,background,0.9569777846336365,0.9569777846336365,0.0016328084748238325,0.04145713895559311
101,0,background,0.8765996694564819,0.8765996694564819,0.0015909402864053845,0.1220034807920456
102,0,background,0.915295422077179,0.915295422077179,0.0016018250025808811,0.08323612809181213
103,0,background,0.9441555142402649,0.9441555142402649,0.001600210671313107,0.0543312169611454
104,0,background,0.9445028305053711,0.9445028305053711,0.0016025451477617025,0.05398113653063774
105,0,background,0.9585813283920288,0.9585813283920288,0.0016098124906420708,0.039873044937849045
106,0,background,0.9451988935470581,0.9451988935470581,0.0015992283588275313,0.053287096321582794
107,0,background,0.7426214218139648,0.7426214218139648,0.0016026359517127275,0.25618651509284973
108,0,background,0.7490611672401428,0.7490611672401428,0.001602917443960905,0.2497362643480301
109,0,background,0.9577240347862244,0.9577240347862244,0.0016207518056035042,0.04072120040655136
110,0,background,0.9359521269798279,0.9359521269798279,0.00160726229660213,0.06254113465547562
111,0,background,0.7476354241371155,0.7476354241371155,0.0016055782325565815,0.25116226077079773
112,0,background,0.7476623058319092,0.7476623058319092,0.0016055996529757977,0.25113534927368164
113,0,background,0.936358630657196,0.936358630657196,0.0016081072390079498,0.062133125960826874
114,0,background,0.9244839549064636,0.9244839549064636,0.0016076724277809262,0.07402743399143219
115,0,background,0.9617692828178406,0.9617692828178406,0.001600567251443863,0.03668884187936783
116,0,background,0.9614434242248535,0.9614434242248535,0.0016147263813763857,0.03700156882405281
117,0,background,0.9635133147239685,0.9635133147239685,0.0016006847145035863,0.03494191914796829
118,0,background,0.8226110935211182,0.8226110935211182,0.0015973793342709541,0.17607279121875763
119,0,background,0.9496421217918396,0.9496421217918396,0.0016057112952694297,0.0488305501639843
120,0,background,0.6952045559883118,0.6952045559883118,0.0015983886551111937,0.30368247628211975
121,0,background,0.9302778244018555,0.9302778244018555,0.0016038456233218312,0.06822776794433594
122,0,background,0.9451318979263306,0.9451318979263306,0.0015958513831719756,0.05335742607712746
123,0,background,0.9353571534156799,0.9353571534156799,0.001612208434380591,0.06313244253396988
124,0,background,0.9383793473243713,0.9383793473243713,0.0016075859311968088,0.06010965257883072
125,0,background,0.43239566683769226,0.43239566683769226,0.0016093251761049032,0.5669073462486267
126,0,background,0.9386219382286072,0.9386219382286072,0.0016085742972791195,0.059865802526474
127,0,background,0.43240484595298767,0.43240484595298767,0.00160934345331043,0.5668981671333313
128,0,background,0.9340239763259888,0.9340239763259888,0.0016005932120606303,0.06447864323854446
129,0,background,0.9400653839111328,0.9400653839111328,0.00161449343431741,0.05841437354683876
130,0,background,0.9341640472412109,0.9341640472412109,0.0016045864904299378,0.06433466076850891
131,0,background,0.952537477016449,0.952537477016449,0.0017405676189810038,0.045801714062690735
132,0,background,0.9491291642189026,0.9491291642189026,0.0016431043623015285,0.04930870234966278
133,0,background,0.7660163044929504,0.7660163044929504,0.0016707328613847494,0.23270180821418762
134,0,background,0.9510921239852905,0.9510921239852905,0.00163706683088094,0.04734829440712929
135,0,background,0.9441916942596436,0.9441916942596436,0.001645012409426272,0.0542525015771389
136,0,background,0.9511791467666626,0.9511791467666626,0.0016370844095945358,0.04726109281182289
137,0,background,0.9515774250030518,0.9515774250030518,0.0017358151962980628,0.04676796495914459
138,0,background,0.9488621354103088,0.9488621354103088,0.001643514260649681,0.0495758056640625
139,0,background,0.7766319513320923,0.7766319513320923,0.0016667251475155354,0.22207148373126984
140,0,background,0.9506658315658569,0.9506658315658569,0.001633545383810997,0.04777867719531059
141,0,background,0.9443798661231995,0.9443798661231995,0.0016463631764054298,0.05406276509165764
142,0,background,0.9506739974021912,0.9506739974021912,0.0016333122039213777,0.04777076467871666
143,0,background,0.9270127415657043,0.9270127415657043,0.0016395007260143757,0.07146497070789337
144,0,background,0.8895507454872131,0.8895507454872131,0.0016519356286153197,0.10897733271121979
145,0,background,0.9425514936447144,0.9425514936447144,0.00166046479716897,0.05588086321949959
146,0,background,0.9434363842010498,0.9434363842010498,0.0016534288879483938,0.0550011470913887
147,0,background,0.9494158625602722,0.9494158625602722,0.0016553535824641585,0.04900990054011345
148,0,background,0.9433764815330505,0.9433764815330505,0.001653395825996995,0.05506116896867752
149,0,background,0.909363329410553,0.909363329410553,0.0016345458570867777,0.08914785087108612
150,0,background,0.8980261087417603,0.8980261087417603,0.0016375071136280894,0.1005009263753891
151,0,background,0.9090460538864136,0.9090460538864136,0.0016286870231851935,0.08947098255157471
152,0,background,0.8807374835014343,0.8807374835014343,0.0016209770692512393,0.11783251166343689
153,0,background,0.9109518527984619,0.9109518527984619,0.0016317018307745457,0.08755932748317719
154,0,background,0.8815205097198486,0.8815205097198486,0.0016215621726587415,0.11704771220684052
155,0,background,0.9122699499130249,0.9122699499130249,0.0016331225633621216,0.08623776584863663
156,0,background,0.8795523047447205,0.8795523047447205,0.001621521427296102,0.11901918053627014
157,0,background,0.9120230674743652,0.9120230674743652,0.0016306590987369418,0.0864873081445694
158,0,background,0.8790225982666016,0.8790225982666016,0.0016202665865421295,0.11955085396766663
159,0,background,0.9115263819694519,0.9115263819694519,0.0016294429078698158,0.08698587119579315
160,0,background,0.8786647915840149,0.8786647915840149,0.0016192340990528464,0.11991015076637268
161,0,background,0.9104039072990417,0.9104039072990417,0.0016314191743731499,0.08810844272375107
162,0,background,0.8797560930252075,0.8797560930252075,0.0016197306104004383,0.11881659924983978
163,0,background,0.9086703658103943,0.9086703658103943,0.0016312203370034695,0.08984502404928207
164,0,background,0.8792778849601746,0.8792778849601746,0.001620279741473496,0.11929509788751602
165,0,background,0.906593918800354,0.906593918800354,0.0016299248673021793,0.09192600846290588
166,0,background,0.8775359988212585,0.8775359988212585,0.001621171599254012,0.121039018034935
167,0,background,0.9049124717712402,0.9049124717712402,0.001629380858503282,0.09361068159341812
168,0,background,0.8761264681816101,0.8761264681816101,0.0016217567026615143,0.12245037406682968
169,0,background,0.9043726325035095,0.9043726325035095,0.0016155167249962687,0.09416394680738449
170,0,background,0.8759207725524902,0.8759207725524902,0.0016216316726058722,0.12265653163194656
171,0,background,0.8714778423309326,0.8714778423309326,0.0016221884870901704,0.12710613012313843
172,0,background,0.9065130352973938,0.9065130352973938,0.0016169678419828415,0.09201877564191818
173,0,background,0.8757342100143433,0.8757342100143433,0.0016214479692280293,0.12284357100725174
174,0,background,0.8742430210113525,0.8742430210113525,0.0016205512220039964,0.12433791905641556
175,0,background,0.9084914922714233,0.9084914922714233,0.0016161275561898947,0.09003789722919464
176,0,background,0.8754717111587524,0.8754717111587524,0.0016213716007769108,0.12310653179883957
177,0,background,0.8769497871398926,0.8769497871398926,0.0016177947400137782,0.12162915617227554
178,0,background,0.9091377854347229,0.9091377854347229,0.0016179181402549148,0.0893888920545578
179,0,background,0.8772563338279724,0.8772563338279724,0.0016219760291278362,0.12131848186254501
180,0,background,0.8772114515304565,0.8772114515304565,0.0016197029035538435,0.12136545032262802
181,0,background,0.9097097516059875,0.9097097516059875,0.0016204642597585917,0.08881372958421707
182,0,background,0.878125786781311,0.878125786781311,0.0016234979266300797,0.12044628709554672
183,0,background,0.8779789209365845,0.8779789209365845,0.0016230180626735091,0.12059380114078522
184,0,background,0.907227635383606,0.907227635383606,0.0016184342093765736,0.09130164980888367
185,0,background,0.8804891109466553,0.8804891109466553,0.0016237222589552402,0.11807889491319656
186,0,background,0.8774200081825256,0.8774200081825256,0.0016218045493587852,0.12115467339754105
187,0,background,0.9048474431037903,0.9048474431037903,0.0016141682863235474,0.09368962049484253
188,0,background,0.8798236846923828,0.8798236846923828,0.0016229964094236493,0.1187460720539093
189,0,background,0.8769432306289673,0.8769432306289673,0.0016189605230465531,0.12163472920656204
190,0,background,0.9061279296875,0.9061279296875,0.0016170379240065813,0.09240445494651794
191,0,background,0.8772233128547668,0.8772233128547668,0.0016228480963036418,0.12135078758001328
192,0,background,0.8840729594230652,0.8840729594230652,0.0016203400446102023,0.11449217051267624
193,0,background,0.8794646263122559,0.8794646263122559,0.0016203845152631402,0.1191079318523407
194,0,background,0.9002946019172668,0.9002946019172668,0.001613180385902524,0.09825070947408676
195,0,background,0.8786296844482422,0.8786296844482422,0.0016220796387642622,0.11994276195764542
196,0,background,0.8760786652565002,0.8760786652565002,0.0016204140847548842,0.12249941378831863
197,0,background,0.9058103561401367,0.9058103561401367,0.0016294236993417144,0.09271128475666046
198,0,background,0.8782432675361633,0.8782432675361633,0.0016211282927542925,0.12033068388700485
199,0,background,0.8990111351013184,0.8990111351013184,0.0016137334750965238,0.0995357483625412
200,0,background,0.8771152496337891,0.8771152496337891,0.0016222440171986818,0.12145954370498657
201,0,background,0.8747361898422241,0.8747361898422241,0.001621553674340248,0.12384306639432907
202,0,background,0.9047951102256775,0.9047951102256775,0.0016290335915982723,0.09372856467962265
203,0,background,0.877299427986145,0.877299427986145,0.0016216888325288892,0.12127562612295151
204,0,background,0.8983594179153442,0.8983594179153442,0.001614401931874454,0.10018794983625412
205,0,background,0.8758124709129333,0.8758124709129333,0.001622524461708963,0.1227642074227333
206,0,background,0.8735793232917786,0.8735793232917786,0.0016224038554355502,0.12500104308128357
207,0,background,0.9042657613754272,0.9042657613754272,0.0016291412757709622,0.09425866603851318
208,0,background,0.8765943050384521,0.8765943050384521,0.0016220315592363477,0.12198150902986526
209,0,background,0.8984025120735168,0.8984025120735168,0.0016145125264301896,0.10014469176530838
210,0,background,0.8748340606689453,0.8748340606689453,0.0016228294698521495,0.12374388426542282
211,0,background,0.8730827569961548,0.8730827569961548,0.001622836454771459,0.12549808621406555
212,0,background,0.9042345285415649,0.9042345285415649,0.0016290800413116813,0.09429001063108444
213,0,background,0.8763197064399719,0.8763197064399719,0.0016221428522840142,0.12225648015737534
214,0,background,0.8988625407218933,0.8988625407218933,0.0016143725952133536,0.0996839851140976
215,0,background,0.8744605183601379,0.8744605183601379,0.0016229772008955479,0.12411797791719437
216,0,background,0.8730217218399048,0.8730217218399048,0.0016230868641287088,0.1255589872598648
217,0,background,0.904567301273346,0.904567301273346,0.0016289451159536839,0.09395681321620941
218,0,background,0.8999620079994202,0.8999620079994202,0.001614349544979632,0.09858282655477524
219,0,background,0.8742620944976807,0.8742620944976807,0.0016216426156461239,0.12431783974170685
220,0,background,0.8718397617340088,0.8718397617340088,0.0016244790749624372,0.12674163281917572
221,0,background,0.9019463658332825,0.9019463658332825,0.0016140653751790524,0.09659547358751297
222,0,background,0.8752534985542297,0.8752534985542297,0.0016217775410041213,0.12332473695278168
223,0,background,0.8716031312942505,0.8716031312942505,0.0016234940849244595,0.1269795298576355
224,0,background,0.9597670435905457,0.9597670435905457,0.0017516609514132142,0.038548849523067474
225,0,background,0.9400618076324463,0.9400618076324463,0.0016584204277023673,0.05837653577327728
226,0,background,0.9437132477760315,0.9437132477760315,0.0016549249412491918,0.0547223724424839
227,0,background,0.9468130469322205,0.9468130469322205,0.0016552024753764272,0.05161714181303978
228,0,background,0.9438049793243408,0.9438049793243408,0.001654844731092453,0.054630592465400696
229,0,background,0.9322518706321716,0.9322518706321716,0.001711718738079071,0.06614965200424194
230,0,background,0.92519611120224,0.92519611120224,0.0016413585981354117,0.0732828676700592
231,0,background,0.8744729161262512,0.8744729161262512,0.001623278483748436,0.12410525977611542
232,0,background,0.8998530507087708,0.8998530507087708,0.0016146725974977016,0.09869163483381271
233,0,background,0.8736767768859863,0.8736767768859863,0.0016220038523897529,0.12490376830101013
234,0,background,0.8727014064788818,0.8727014064788818,0.0016242192359641194,0.12587882578372955
235,0,background,0.9045138955116272,0.9045138955116272,0.0016310277860611677,0.09400840848684311
236,0,background,0.8765394687652588,0.8765394687652588,0.0016223188722506166,0.12203622609376907
237,0,background,0.9020630717277527,0.9020630717277527,0.001615080633200705,0.09647765010595322
238,0,background,0.8749591708183289,0.8749591708183289,0.001621852396056056,0.12361947447061539
239,0,background,0.8729251623153687,0.8729251623153687,0.0016232352936640382,0.12565560638904572
240,0,background,0.9063395261764526,0.9063395261764526,0.0016319777350872755,0.09217895567417145
241,0,background,0.8780044317245483,0.8780044317245483,0.0016213938361033797,0.12056968361139297
242,0,background,0.9037395715713501,0.9037395715713501,0.0016163120744749904,0.09479736536741257
243,0,background,0.8753312826156616,0.8753312826156616,0.0016214874340221286,0.12324707210063934
244,0,background,0.8738424777984619,0.8738424777984619,0.0016222556587308645,0.12473759055137634
245,0,background,0.9078222513198853,0.9078222513198853,0.0016333068488165736,0.09069257229566574
246,0,background,0.877933919429779,0.877933919429779,0.0016209138557314873,0.12064076960086823
247,0,background,0.9054710865020752,0.9054710865020752,0.0016171380411833525,0.09306227415800095
248,0,background,0.8751315474510193,0.8751315474510193,0.0016212303889915347,0.12344733625650406
249,0,background,0.87702476978302,0.87702476978302,0.0016201433027163148,0.12155207246541977
250,0,background,0.9091982841491699,0.9091982841491699,0.0016329109203070402,0.08931464701890945
251,0,background,0.8761701583862305,0.8761701583862305,0.0016210728790611029,0.1224072203040123
252,0,background,0.9070533514022827,0.9070533514022827,0.0016158773796632886,0.0914786159992218
253,0,background,0.8741730451583862,0.8741730451583862,0.0016216656658798456,0.12440706044435501
254,0,background,0.8789779543876648,0.8789779543876648,0.0016174219781532884,0.11959800869226456
255,0,background,0.9100314378738403,0.9100314378738403,0.0016306752804666758,0.08848217874765396
256,0,background,0.8764539361000061,0.8764539361000061,0.0016221244586631656,0.12212207168340683
257,0,background,0.90794438123703,0.90794438123703,0.0016178054502233863,0.0905844122171402
258,0,background,0.8754436373710632,0.8754436373710632,0.0016223822021856904,0.12313380837440491
259,0,background,0.8795338869094849,0.8795338869094849,0.0016196989454329014,0.11903925985097885
260,0,background,0.9107636213302612,0.9107636213302612,0.0016320841386914253,0.08774752914905548
261,0,background,0.877514123916626,0.877514123916626,0.001623397576622665,0.12105902284383774
262,0,background,0.9080455303192139,0.9080455303192139,0.0016209278255701065,0.09048023819923401
263,0,background,0.8768137097358704,0.8768137097358704,0.0016237838426604867,0.12176018953323364
264,0,background,0.8808149695396423,0.8808149695396423,0.0016237222589552402,0.11775248497724533
265,0,background,0.9108629822731018,0.9108629822731018,0.0016354238614439964,0.08764494955539703
266,0,background,0.8789717555046082,0.8789717555046082,0.0016231832560151815,0.11959920823574066
267,0,background,0.905741810798645,0.905741810798645,0.0016183463158085942,0.09279002249240875
268,0,background,0.8786585330963135,0.8786585330963135,0.0016237113159149885,0.11991249024868011
269,0,background,0.879847526550293,0.879847526550293,0.001621993025764823,0.11872303485870361
270,0,background,0.9094533324241638,0.9094533324241638,0.0016333649400621653,0.08905872702598572
271,0,background,0.8775948882102966,0.8775948882102966,0.001622247975319624,0.12097914516925812
272,0,background,0.9033437371253967,0.9033437371253967,0.0016138601349666715,0.09519609063863754
273,0,background,0.8771960139274597,0.8771960139274597,0.001622467185370624,0.12137845903635025
274,0,background,0.8794049024581909,0.8794049024581909,0.0016192217590287328,0.11916882544755936
275,0,background,0.9074257016181946,0.9074257016181946,0.0016302057774737477,0.09109260886907578
276,0,background,0.8971577882766724,0.8971577882766724,0.0016386150382459164,0.10136975347995758
277,0,background,0.9054842591285706,0.9054842591285706,0.001617044792510569,0.09304911643266678
278,0,background,0.8766438961029053,0.8766438961029053,0.0016214047791436315,0.12193238735198975
279,0,background,0.8841485381126404,0.8841485381126404,0.0016203074483200908,0.11441653966903687
280,0,background,0.9082549214363098,0.9082549214363098,0.0016357649583369493,0.09025691449642181
281,0,background,0.9319483637809753,0.9319483637809753,0.0017118131509050727,0.06645354628562927
282,0,background,0.9042832851409912,0.9042832851409912,0.0016295439563691616,0.0942407175898552
283,0,background,0.8751639723777771,0.8751639723777771,0.0016230203909799457,0.1234133392572403
284,0,background,0.9039369225502014,0.9039369225502014,0.0016294337110593915,0.09458782523870468
285,0,background,0.8752480149269104,0.8752480149269104,0.0016228224849328399,0.12332932651042938
286,0,background,0.9038010835647583,0.9038010835647583,0.001629430684261024,0.09472381323575974
287,0,background,0.875758707523346,0.875758707523346,0.0016224078135564923,0.12281818687915802
288,0,background,0.9041317105293274,0.9041317105293274,0.0016296494286507368,0.09439245611429214
289,0,background,0.8765286803245544,0.8765286803245544,0.001621824805624783,0.12204743176698685
290,0,background,0.9050084352493286,0.9050084352493286,0.001630093203857541,0.09351389110088348
291,0,background,0.877339780330658,0.877339780330658,0.0016211268957704306,0.12123557925224304
292,0,background,0.900052547454834,0.900052547454834,0.001612957683391869,0.09849334508180618
293,0,background,0.8773578405380249,0.8773578405380249,0.0016207967419177294,0.12121787667274475
294,0,background,0.8765458464622498,0.8765458464622498,0.001620668568648398,0.12203127890825272
295,0,background,0.8989646434783936,0.8989646434783936,0.0016136281192302704,0.09958245605230331
296,0,background,0.8763381242752075,0.8763381242752075,0.0016212750924751163,0.12223883718252182
297,0,background,0.874560534954071,0.874560534954071,0.001621711882762611,0.12401886284351349
298,0,background,0.8986091017723083,0.8986091017723083,0.001614191336557269,0.0999380499124527
299,0,background,0.875379204750061,0.875379204750061,0.0016217908123508096,0.12319882214069366
300,0,background,0.8733496069908142,0.8733496069908142,0.0016225352883338928,0.1252310425043106
301,0,background,0.8988726735115051,0.8988726735115051,0.0016143334796652198,0.09967392683029175
302,0,background,0.8747298717498779,0.8747298717498779,0.0016222154954448342,0.12384884059429169
303,0,background,0.8729240298271179,0.8729240298271179,0.001623054500669241,0.12565691769123077
304,0,background,0.8993479013442993,0.8993479013442993,0.001614208216778934,0.09919795393943787
305,0,background,0.8746052384376526,0.8746052384376526,0.0016224486753344536,0.12397349625825882
306,0,background,0.8729562163352966,0.8729562163352966,0.0016232992056757212,0.125624418258667
307,0,background,0.8907498121261597,0.8907498121261597,0.0016524075763300061,0.10777585953474045
308,0,background,0.9532526135444641,0.9532526135444641,0.0017319468315690756,0.04509356617927551
309,0,background,0.9476675987243652,0.9476675987243652,0.0016383631154894829,0.05077727511525154
310,0,background,0.788727879524231,0.788727879524231,0.0016669019823893905,0.20995521545410156
311,0,background,0.9496880173683167,0.9496880173683167,0.0016333441017195582,0.048758283257484436
312,0,background,0.94256591796875,0.94256591796875,0.0016407062066718936,0.05588505044579506
313,0,background,0.9498384594917297,0.9498384594917297,0.0016334475949406624,0.048607490956783295
314,0,background,0.9522672295570374,0.9522672295570374,0.0017276954604312778,0.046084675937891006
315,0,background,0.9474285244941711,0.9474285244941711,0.0016387890791520476,0.05101631581783295
316,0,background,0.8002231121063232,0.8002231121063232,0.0016633556224405766,0.19844366610050201
317,0,background,0.9493263363838196,0.9493263363838196,0.0016299348790198565,0.04912378266453743
318,0,background,0.9429712891578674,0.9429712891578674,0.0016420744359493256,0.05547775700688362
319,0,background,0.9494189620018005,0.9494189620018005,0.0016299736453220248,0.049031034111976624
320,0,background,0.9206458330154419,0.9206458330154419,0.0016380153829231858,0.07784368097782135
321,0,background,0.8878148794174194,0.8878148794174194,0.0016519050113856792,0.11071611940860748
322,0,background,0.9404987692832947,0.9404987692832947,0.0016547784907743335,0.05794231966137886
323,0,background,0.9410257339477539,0.9410257339477539,0.0016513640293851495,0.057417746633291245
324,0,background,0.9481006264686584,0.9481006264686584,0.0016491853166371584,0.05033320561051369
325,0,background,0.9409819841384888,0.9409819841384888,0.001651371014304459,0.05746156722307205
326,0,background,0.9152934551239014,0.9152934551239014,0.001635712687857449,0.08320686966180801
327,0,background,0.9048377871513367,0.9048377871513367,0.0016368257347494364,0.09367877244949341
328,0,background,0.9140663146972656,0.9140663146972656,0.0016296494286507368,0.0844416469335556
329,0,background,0.8883796334266663,0.8883796334266663,0.0016213638009503484,0.1101776510477066
330,0,background,0.915402352809906,0.915402352809906,0.0016312296502292156,0.08310198783874512
331,0,background,0.887749195098877,0.887749195098877,0.001622118172235787,0.11080845445394516
332,0,background,0.9165271520614624,0.9165271520614624,0.0016326738987118006,0.08197395503520966
333,0,background,0.8858445882797241,0.8858445882797241,0.0016219050157815218,0.11271631717681885
334,0,background,0.9168147444725037,0.9168147444725037,0.001630346872843802,0.0816880539059639
335,0,background,0.8854724168777466,0.8854724168777466,0.0016207271255552769,0.1130901351571083
336,0,background,0.9165295958518982,0.9165295958518982,0.0016298014670610428,0.08197419345378876
337,0,background,0.8859250545501709,0.8859250545501709,0.0016198540106415749,0.11263750493526459
338,0,background,0.9154092073440552,0.9154092073440552,0.0016318479320034385,0.08309454470872879
339,0,background,0.8868367075920105,0.8868367075920105,0.001620515831746161,0.11172385513782501
340,0,background,0.9136326909065247,0.9136326909065247,0.00163166387937963,0.08487410843372345
341,0,background,0.8870256543159485,0.8870256543159485,0.0016211323672905564,0.11153407394886017
342,0,background,0.9118176698684692,0.9118176698684692,0.0016314269741997123,0.08669234067201614
343,0,background,0.886370837688446,0.886370837688446,0.001621778355911374,0.11218933016061783
344,0,background,0.9100607633590698,0.9100607633590698,0.001630523125641048,0.08845294266939163
345,0,background,0.8847430348396301,0.8847430348396301,0.0016223274869844317,0.11381930112838745
346,0,background,0.908915638923645,0.908915638923645,0.0016167676076292992,0.08961251378059387
347,0,background,0.8892942667007446,0.8892942667007446,0.0016230435576289892,0.10926000028848648
348,0,background,0.8507677316665649,0.8507677316665649,0.0016214564675465226,0.14785049855709076
349,0,background,0.9118516445159912,0.9118516445159912,0.0016177825164049864,0.08667074888944626
350,0,background,0.8888124227523804,0.8888124227523804,0.0016227462328970432,0.10974294692277908
351,0,background,0.8495988845825195,0.8495988845825195,0.0016206029104068875,0.14902205765247345
352,0,background,0.9139580726623535,0.9139580726623535,0.001616884721443057,0.0845617726445198
353,0,background,0.8888128995895386,0.8888128995895386,0.0016222000122070312,0.10974294692277908
354,0,background,0.8509939312934875,0.8509939312934875,0.001618092181161046,0.14762689173221588
355,0,background,0.9145622253417969,0.9145622253417969,0.0016181907849386334,0.08395543694496155
356,0,background,0.8892681002616882,0.8892681002616882,0.0016227971063926816,0.10928644239902496
357,0,background,0.8515437245368958,0.8515437245368958,0.0016196874203160405,0.14707478880882263
358,0,background,0.9141197204589844,0.9141197204589844,0.0016207249136641622,0.0843963697552681
359,0,background,0.8895155787467957,0.8895155787467957,0.001624046708457172,0.10903747379779816
360,0,background,0.8522759079933167,0.8522759079933167,0.0016227700980380177,0.14633877575397491
361,0,background,0.9120122790336609,0.9120122790336609,0.0016187053406611085,0.08650907129049301
362,0,background,0.8918576836585999,0.8918576836585999,0.0016244304133579135,0.10669127106666565
363,0,background,0.8526417016983032,0.8526417016983032,0.0016217398224398494,0.1459733098745346
364,0,background,0.9094590544700623,0.9094590544700623,0.0016153514152392745,0.08906947821378708
365,0,background,0.892875611782074,0.892875611782074,0.0016236633528023958,0.10567231476306915
366,0,background,0.8542869091033936,0.8542869091033936,0.001619161805137992,0.14432761073112488
367,0,background,0.9129687547683716,0.9129687547683716,0.0016174776246771216,0.0855521708726883
368,0,background,0.8880047798156738,0.8880047798156738,0.0016234731301665306,0.11055120825767517
369,0,background,0.8711604475975037,0.8711604475975037,0.0016190414316952229,0.12742678821086884
370,0,background,0.8879514336585999,0.8879514336585999,0.0016212781192734838,0.1106065958738327
371,0,background,0.9043307900428772,0.9043307900428772,0.0016133385943248868,0.09420791268348694
372,0,background,0.8925600051879883,0.8925600051879883,0.0016229940811172128,0.10598903149366379
373,0,background,0.8570030331611633,0.8570030331611633,0.0016188387526199222,0.1416073441505432
374,0,background,0.9108334183692932,0.9108334183692932,0.0016299124108627439,0.08767964690923691
375,0,background,0.886651337146759,0.886651337146759,0.0016220463439822197,0.11190815269947052
376,0,background,0.902813196182251,0.902813196182251,0.0016127325361594558,0.09572847932577133
377,0,background,0.8911944627761841,0.8911944627761841,0.0016237606760114431,0.10735610872507095
378,0,background,0.8583822250366211,0.8583822250366211,0.0016200391110032797,0.1402248591184616
379,0,background,0.9097931385040283,0.9097931385040283,0.0016300606075674295,0.0887213721871376
380,0,background,0.8856412768363953,0.8856412768363953,0.0016224163118749857,0.11291950941085815
381,0,background,0.901770293712616,0.901770293712616,0.001612599822692573,0.09677312523126602
382,0,background,0.8900960087776184,0.8900960087776184,0.0016241418197751045,0.10845597088336945
383,0,background,0.859910786151886,0.859910786151886,0.001620137831196189,0.13869377970695496
384,0,background,0.9091036319732666,0.9091036319732666,0.001629748847335577,0.08941231667995453
385,0,background,0.8851611614227295,0.8851611614227295,0.001622732961550355,0.11340007185935974
386,0,background,0.9014514684677124,0.9014514684677124,0.0016124831745401025,0.0970926284790039
387,0,background,0.8894792199134827,0.8894792199134827,0.0016244426369667053,0.10907351970672607
388,0,background,0.860253632068634,0.860253632068634,0.001620179507881403,0.13835039734840393
389,0,background,0.9088411927223206,0.9088411927223206,0.0016295135719701648,0.0896754115819931
390,0,background,0.8853198885917664,0.8853198885917664,0.001622851938009262,0.11324100196361542
391,0,background,0.9018091559410095,0.9018091559410095,0.0016123235691338778,0.09673449397087097
392,0,background,0.8893619179725647,0.8893619179725647,0.0016246361192315817,0.10919085144996643
393,0,background,0.8592137098312378,0.8592137098312378,0.0016203738050535321,0.13939177989959717
394,0,background,0.9091154932975769,0.9091154932975769,0.0016295398818328977,0.08940067142248154
395,0,background,0.9037743210792542,0.9037743210792542,0.0016136581543833017,0.09476496279239655
396,0,background,0.8879930973052979,0.8879930973052979,0.0016230822075158358,0.110563263297081
397,0,background,0.8559660911560059,0.8559660911560059,0.0016215266659855843,0.14264367520809174
398,0,background,0.9063605666160583,0.9063605666160583,0.0016153875039890409,0.09217289835214615
399,0,background,0.889037013053894,0.889037013053894,0.0016231355257332325,0.10951759666204453
400,0,background,0.852902352809906,0.852902352809906,0.001622118172235787,0.14571192860603333
401,0,background,0.9602407813072205,0.9602407813072205,0.0017468135338276625,0.03807888180017471
402,0,background,0.9376106858253479,0.9376106858253479,0.0016532422741875052,0.06083660200238228
403,0,background,0.9418224096298218,0.9418224096298218,0.0016533414600417018,0.05661782994866371
404,0,background,0.9450258612632751,0.9450258612632751,0.001649519195780158,0.05341275781393051
405,0,background,0.9419059753417969,0.9419059753417969,0.001653363462537527,0.05653412640094757
406,0,background,0.9087058305740356,0.9087058305740356,0.001713261823169887,0.08973459899425507
407,0,background,0.9189015030860901,0.9189015030860901,0.001639620866626501,0.0795893445611
408,0,background,0.8833338022232056,0.8833338022232056,0.0016238117823377252,0.11522946506738663
409,0,background,0.9033936858177185,0.9033936858177185,0.001613818691112101,0.0951460599899292
410,0,background,0.8876652717590332,0.8876652717590332,0.0016232383204624057,0.11089150607585907
411,0,background,0.8576434850692749,0.8576434850692749,0.0016212696209549904,0.14096380770206451
412,0,background,0.9094086289405823,0.9094086289405823,0.0016321775037795305,0.08910466730594635
413,0,background,0.8852278590202332,0.8852278590202332,0.0016230435576289892,0.11333303898572922
414,0,background,0.9060297012329102,0.9060297012329102,0.0016160551458597183,0.09250370413064957
415,0,background,0.8886619806289673,0.8886619806289673,0.0016231881454586983,0.10989319533109665
416,0,background,0.855405330657959,0.855405330657959,0.0016218379605561495,0.14320509135723114
417,0,background,0.9112932682037354,0.9112932682037354,0.0016332959057763219,0.08721593022346497
418,0,background,0.8858065009117126,0.8858065009117126,0.0016222726553678513,0.11275415867567062
419,0,background,0.9082589745521545,0.9082589745521545,0.0016174743650481105,0.090269535779953
420,0,background,0.8887490630149841,0.8887490630149841,0.0016229330794885755,0.10980621725320816
421,0,background,0.8546639680862427,0.8546639680862427,0.001621198607608676,0.14394822716712952
422,0,background,0.9128414988517761,0.9128414988517761,0.0016336871776729822,0.085664764046669
423,0,background,0.8854827880859375,0.8854827880859375,0.001621620962396264,0.11307895928621292
424,0,background,0.9107298851013184,0.9107298851013184,0.001617997419089079,0.08779418468475342
425,0,background,0.8885047435760498,0.8885047435760498,0.0016222819685935974,0.11005153506994247
426,0,background,0.854970395565033,0.854970395565033,0.0016196102369576693,0.1436426043510437
427,0,background,0.9143217206001282,0.9143217206001282,0.0016332656377926469,0.08418253064155579
428,0,background,0.8840298056602478,0.8840298056602478,0.001621778355911374,0.11453413963317871
429,0,background,0.9127281308174133,0.9127281308174133,0.001616650726646185,0.08579389750957489
430,0,background,0.8881293535232544,0.8881293535232544,0.001622545998543501,0.11042727530002594
431,0,background,0.8564026355743408,0.8564026355743408,0.001617482048459351,0.14220988750457764
432,0,background,0.9154459238052368,0.9154459238052368,0.0016307902988046408,0.08305872976779938
433,0,background,0.8837148547172546,0.8837148547172546,0.0016227962914854288,0.11484870314598083
434,0,background,0.9133626222610474,0.9133626222610474,0.001618279260583222,0.0851568877696991
435,0,background,0.888478696346283,0.888478696346283,0.0016232352936640382,0.11007677763700485
436,0,background,0.8569663166999817,0.8569663166999817,0.001619416056200862,0.14164361357688904
437,0,background,0.9157313704490662,0.9157313704490662,0.001631694845855236,0.08277199417352676
438,0,background,0.8845504522323608,0.8845504522323608,0.0016241782577708364,0.11401055008172989
439,0,background,0.9127182960510254,0.9127182960510254,0.001621406408958137,0.08579938113689423
440,0,background,0.8890517354011536,0.8890517354011536,0.001624480588361621,0.10950165241956711
441,0,background,0.8573657274246216,0.8573657274246216,0.0016231440240517259,0.14124037325382233
442,0,background,0.915227472782135,0.915227472782135,0.0016348890494555235,0.0832737609744072
443,0,background,0.8863869905471802,0.8863869905471802,0.0016241257544606924,0.11217103898525238
444,0,background,0.9103313088417053,0.9103313088417053,0.0016191116301342845,0.08819238096475601
445,0,background,0.8911738395690918,0.8911738395690918,0.0016244812868535519,0.10737612843513489
446,0,background,0.8585541844367981,0.8585541844367981,0.0016217289958149195,0.14005126059055328
447,0,background,0.9140582084655762,0.9140582084655762,0.0016330952057614923,0.08444662392139435
448,0,background,0.8864720463752747,0.8864720463752747,0.001623034360818565,0.11208683252334595
449,0,background,0.9080412983894348,0.9080412983894348,0.0016153728356584907,0.09048953652381897
450,0,background,0.8915740251541138,0.8915740251541138,0.0016233394853770733,0.10697630792856216
451,0,background,0.8608154654502869,0.8608154654502869,0.0016186621505767107,0.13778887689113617
452,0,background,0.9127736687660217,0.9127736687660217,0.001631187042221427,0.08573499321937561
453,0,background,0.9043067693710327,0.9043067693710327,0.0016381191089749336,0.0942094549536705
454,0,background,0.9126918911933899,0.9126918911933899,0.0016167507274076343,0.08583009243011475
455,0,background,0.887999951839447,0.887999951839447,0.0016221305122599006,0.11055725812911987
456,0,background,0.873380184173584,0.873380184173584,0.001618770183995366,0.12520372867584229
457,0,background,0.9145488739013672,0.9145488739013672,0.0016367199132218957,0.08395174890756607
458,0,background,0.9075411558151245,0.9075411558151245,0.0017133458750322461,0.09090128540992737
459,0,background,0.9089959263801575,0.9089959263801575,0.001630644197575748,0.08951938897371292
460,0,background,0.8847373723983765,0.8847373723983765,0.0016239340184256434,0.11382352560758591
461,0,background,0.9087174534797668,0.9087174534797668,0.0016305107856169343,0.08979843556880951
462,0,background,0.8845014572143555,0.8845014572143555,0.0016237274976447225,0.11405998468399048
463,0,background,0.9087997674942017,0.9087997674942017,0.0016307374462485313,0.08971584588289261
464,0,background,0.8847336769104004,0.8847336769104004,0.0016233496135100722,0.11382778733968735
465,0,background,0.9093995690345764,0.9093995690345764,0.00163093616720289,0.08911479264497757
466,0,background,0.8855108618736267,0.8855108618736267,0.0016228742897510529,0.11304971575737
467,0,background,0.9102993607521057,0.9102993607521057,0.0016306706238538027,0.08821380138397217
468,0,background,0.886669397354126,0.886669397354126,0.0016221714904531837,0.11188990622758865
469,0,background,0.904574453830719,0.904574453830719,0.0016125100664794445,0.09396454691886902
470,0,background,0.8920491933822632,0.8920491933822632,0.0016219251556321979,0.10650162398815155
471,0,background,0.859899640083313,0.859899640083313,0.0016183293191716075,0.1387065201997757
472,0,background,0.9031575322151184,0.9031575322151184,0.0016126412665471435,0.09538362920284271
473,0,background,0.8908990621566772,0.8908990621566772,0.0016229933826252818,0.10765264928340912
474,0,background,0.8607680201530457,0.8607680201530457,0.001619695103727281,0.1378355771303177
475,0,background,0.9022788405418396,0.9022788405418396,0.0016125638503581285,0.0962638109922409
476,0,background,0.8901305198669434,0.8901305198669434,0.001623595249839127,0.1084219291806221
477,0,background,0.8614232540130615,0.8614232540130615,0.0016199882375076413,0.1371789574623108
478,0,background,0.9021385908126831,0.9021385908126831,0.0016123971436172724,0.09640446305274963
479,0,background,0.889795184135437,0.889795184135437,0.0016240021213889122,0.10875741392374039
480,0,background,0.8606761693954468,0.8606761693954468,0.001620116992853582,0.13792714476585388
481,0,background,0.9025008678436279,0.9025008678436279,0.0016123848035931587,0.09604163467884064
482,0,background,0.8898045420646667,0.8898045420646667,0.0016242725541815162,0.10874778032302856
483,0,background,0.8592850565910339,0.8592850565910339,0.0016204763669520617,0.1393202394247055
484,0,background,0.8898748159408569,0.8898748159408569,0.0016522784717381,0.10865242779254913
485,0,background,0.952538013458252,0.952538013458252,0.0017405685503035784,0.045801129192113876
486,0,background,0.9491285085678101,0.9491285085678101,0.0016431050607934594,0.049309395253658295
487,0,background,0.7660292983055115,0.7660292983055115,0.001670731115154922,0.23268873989582062
488,0,background,0.9510917663574219,0.9510917663574219,0.001637067412957549,0.047348685562610626
489,0,background,0.9441908597946167,0.9441908597946167,0.0016450141556560993,0.054253336042165756
490,0,background,0.951178789138794,0.951178789138794,0.0016370844095945358,0.04726150259375572
491,0,background,0.9515769481658936,0.9515769481658936,0.0017358158947899938,0.0467684343457222
492,0,background,0.9488627314567566,0.9488627314567566,0.0016435134457424283,0.04957520589232445
493,0,background,0.7766221761703491,0.7766221761703491,0.0016667258460074663,0.222081258893013
494,0,background,0.9506661295890808,0.9506661295890808,0.001633543986827135,0.047778353095054626
495,0,background,0.9443807005882263,0.9443807005882263,0.0016463622450828552,0.05406194180250168
496,0,background,0.9506743550300598,0.9506743550300598,0.0016333122039213777,0.047770410776138306
497,0,background,0.930617094039917,0.930617094039917,0.0017110605258494616,0.06778780370950699
498,0,background,0.924200177192688,0.924200177192688,0.0016414929414168,0.07428029179573059
499,0,background,0.8875054121017456,0.8875054121017456,0.0016528945416212082,0.11102519184350967
500,0,background,0.9414145946502686,0.9414145946502686,0.0016594076296314597,0.05702058970928192
501,0,background,0.9438433051109314,0.9438433051109314,0.001653006998822093,0.054593946784734726
502,0,background,0.9474313259124756,0.9474313259124756,0.0016551882727071643,0.050997886806726456
503,0,background,0.9439079761505127,0.9439079761505127,0.001653025858104229,0.05452911928296089
504,0,background,0.9113602042198181,0.9113602042198181,0.001633555511943996,0.08714856207370758
505,0,background,0.8976613283157349,0.8976613283157349,0.0016369972145184875,0.10086677223443985
506,0,background,0.9047482013702393,0.9047482013702393,0.0016296408139169216,0.09377496689558029
507,0,background,0.87542325258255,0.87542325258255,0.00162302958779037,0.12315359711647034
508,0,background,0.9048209190368652,0.9048209190368652,0.0016298681730404496,0.09370187669992447
509,0,background,0.8757728338241577,0.8757728338241577,0.0016234777867794037,0.12280309945344925
510,0,background,0.905113935470581,0.905113935470581,0.0016301545547321439,0.0934082493185997
511,0,background,0.8767379522323608,0.8767379522323608,0.001623412943445146,0.12183643132448196
512,0,background,0.9059176445007324,0.9059176445007324,0.0016304999589920044,0.09260287880897522
513,0,background,0.877495527267456,0.877495527267456,0.0016220038523897529,0.12107887864112854
514,0,background,0.907970130443573,0.907970130443573,0.0016320989234372973,0.09054553508758545
515,0,background,0.8791729211807251,0.8791729211807251,0.001620683935470879,0.11939989775419235
516,0,background,0.9087976813316345,0.9087976813316345,0.0016163644613698125,0.08973094820976257
517,0,background,0.8753941655158997,0.8753941655158997,0.0016222046688199043,0.12318351119756699
518,0,background,0.8828564286231995,0.8828564286231995,0.0016190081369131804,0.11571189761161804
519,0,background,0.8806068897247314,0.8806068897247314,0.0016202080296352506,0.11796404421329498
520,0,background,0.9032456874847412,0.9032456874847412,0.0016148184658959508,0.09529337286949158
521,0,background,0.8792248964309692,0.8792248964309692,0.0016224904684349895,0.11934623122215271
522,0,background,0.8739426732063293,0.8739426732063293,0.001620247378014028,0.12463906407356262
523,0,background,0.9083594679832458,0.9083594679832458,0.0016303571173921227,0.0901571661233902
524,0,background,0.8794769644737244,0.8794769644737244,0.0016215868527069688,0.11909454315900803
525,0,background,0.9007487297058105,0.9007487297058105,0.0016140697989612818,0.09779499471187592
526,0,background,0.8785997033119202,0.8785997033119202,0.0016234461218118668,0.1199716255068779
527,0,background,0.8735670447349548,0.8735670447349548,0.0016224101418629289,0.1250133216381073
528,0,background,0.9064534902572632,0.9064534902572632,0.001629629172384739,0.09206686913967133
529,0,background,0.8784151077270508,0.8784151077270508,0.0016228134045377374,0.12015705555677414
530,0,background,0.8992223739624023,0.8992223739624023,0.0016143987886607647,0.0993235856294632
531,0,background,0.87782883644104,0.87782883644104,0.0016246638260781765,0.12074264883995056
532,0,background,0.8741902709007263,0.8741902709007263,0.001624170457944274,0.12438756972551346
533,0,background,0.9054495096206665,0.9054495096206665,0.0016293716616928577,0.09307277947664261
534,0,background,0.8770322203636169,0.8770322203636169,0.0016224982682615519,0.12154252082109451
535,0,background,0.8990669250488281,0.8990669250488281,0.0016146324342116714,0.09947909414768219
536,0,background,0.8757427930831909,0.8757427930831909,0.001623843563720584,0.12283274531364441
537,0,background,0.8731552958488464,0.8731552958488464,0.0016239340184256434,0.12542442977428436
538,0,background,0.9051142930984497,0.9051142930984497,0.001629198668524623,0.0934087261557579
539,0,background,0.876522958278656,0.876522958278656,0.0016221381956711411,0.12205293029546738
540,0,background,0.8990289568901062,0.8990289568901062,0.0016144643304869533,0.09951729327440262
541,0,background,0.8748912215232849,0.8748912215232849,0.0016232121270149946,0.1236862912774086
542,0,background,0.8727209568023682,0.8727209568023682,0.001623376621864736,0.12585999071598053
543,0,background,0.9049780964851379,0.9049780964851379,0.0016289963386952877,0.0935453251004219
544,0,background,0.8744879961013794,0.8744879961013794,0.0016233819769695401,0.12409009784460068
545,0,background,0.899664044380188,0.899664044380188,0.001614359556697309,0.09888126701116562
546,0,background,0.8739120364189148,0.8739120364189148,0.0016220594989135861,0.12466811388731003
547,0,background,0.8721655011177063,0.8721655011177063,0.0016240900149568915,0.12641572952270508
548,0,background,0.9046491980552673,0.9046491980552673,0.0016306396573781967,0.09387318044900894
549,0,background,0.8746434450149536,0.8746434450149536,0.0016238822136074305,0.12393393367528915
550,0,background,0.9003870487213135,0.9003870487213135,0.0016133124008774757,0.09815797209739685
551,0,background,0.8740711808204651,0.8740711808204651,0.0016224447172135115,0.12450838834047318
552,0,background,0.8719903826713562,0.8719903826713562,0.0016237018862739205,0.12659142911434174
553,0,background,0.9050551056861877,0.9050551056861877,0.0016304276650771499,0.0934668704867363
554,0,background,0.8744012713432312,0.8744012713432312,0.001624422613531351,0.1241760104894638
555,0,background,0.9020445942878723,0.9020445942878723,0.0016128125134855509,0.09649818390607834
556,0,background,0.8734989762306213,0.8734989762306213,0.0016228287713602185,0.12508121132850647
557,0,background,0.8724538087844849,0.8724538087844849,0.001622795476578176,0.12612807750701904
558,0,background,0.9062179923057556,0.9062179923057556,0.001630169223062694,0.09230227768421173
559,0,background,0.8739226460456848,0.8739226460456848,0.0016248230822384357,0.12465505301952362
560,0,background,0.9039954543113708,0.9039954543113708,0.0016128669958561659,0.09454415738582611
561,0,background,0.8726187944412231,0.8726187944412231,0.001623330288566649,0.12596234679222107
562,0,background,0.8731873631477356,0.8731873631477356,0.0016220038523897529,0.12539400160312653
563,0,background,0.9075559377670288,0.9075559377670288,0.0016296881949529052,0.09096257388591766
564,0,background,0.8729985356330872,0.8729985356330872,0.0016250761691480875,0.12558050453662872
565,0,background,0.9061020612716675,0.9061020612716675,0.0016137510538101196,0.09243341535329819
566,0,background,0.8711490631103516,0.8711490631103516,0.0016239077085629106,0.12743394076824188
567,0,background,0.8740317821502686,0.8740317821502686,0.0016212172340601683,0.12454893440008163
568,0,background,0.9089937806129456,0.9089937806129456,0.0016293994849547744,0.08952268213033676
569,0,background,0.8740562796592712,0.8740562796592712,0.0016250335611402988,0.12452102452516556
570,0,background,0.9082555770874023,0.9082555770874023,0.0016176485223695636,0.09027278423309326
571,0,background,0.8718187212944031,0.8718187212944031,0.00162426324095577,0.12676289677619934
572,0,background,0.8745439052581787,0.8745439052581787,0.0016232383204624057,0.12403423339128494
573,0,background,0.9109204411506653,0.9109204411506653,0.0016321680741384625,0.08759035915136337
574,0,background,0.8732061982154846,0.8732061982154846,0.0016253639478236437,0.12537223100662231
575,0,background,0.9102464914321899,0.9102464914321899,0.0016199974343180656,0.08827649801969528
576,0,background,0.8708281517028809,0.8708281517028809,0.0016249407781288028,0.12775449454784393
577,0,background,0.8749907612800598,0.8749907612800598,0.0016248062020167708,0.12358520925045013
578,0,background,0.9126023054122925,0.9126023054122925,0.0016339017311111093,0.08590415865182877
579,0,background,0.8744129538536072,0.8744129538536072,0.0016243073623627424,0.12416445463895798
580,0,background,0.9089128971099854,0.9089128971099854,0.0016183092957362533,0.08961380273103714
581,0,background,0.8724265098571777,0.8724265098571777,0.0016241497360169888,0.12615425884723663
582,0,background,0.8751820921897888,0.8751820921897888,0.0016221621772274375,0.12339594215154648
583,0,background,0.9117056131362915,0.9117056131362915,0.0016321524744853377,0.08680389076471329
584,0,background,0.8752411603927612,0.8752411603927612,0.0016223235288634896,0.12333663552999496
585,0,background,0.9078431725502014,0.9078431725502014,0.0016164621338248253,0.09068689495325089
586,0,background,0.8723015785217285,0.8723015785217285,0.001622794079594314,0.12628057599067688
587,0,background,0.8768680095672607,0.8768680095672607,0.0016193066257983446,0.12170974910259247
588,0,background,0.9108400940895081,0.9108400940895081,0.0016308987978845835,0.08767198026180267
589,0,background,0.896510899066925,0.896510899066925,0.0016383795300498605,0.10201787948608398
590,0,background,0.9086793065071106,0.9086793065071106,0.0016159043880179524,0.08984999358654022
591,0,background,0.8738502264022827,0.8738502264022827,0.0016212394693866372,0.12473078072071075
592,0,background,0.8833832740783691,0.8833832740783691,0.0016194730997085571,0.11518384516239166
593,0,background,0.9106703400611877,0.9106703400611877,0.0016346018528565764,0.08783867955207825
594,0,background,0.9036000370979309,0.9036000370979309,0.0016150984447449446,0.09493821114301682
595,0,background,0.8779094219207764,0.8779094219207764,0.0016213800990954041,0.12066483497619629
596,0,background,0.8751102089881897,0.8751102089881897,0.0016212674090638757,0.12346870452165604
597,0,background,0.9009153842926025,0.9009153842926025,0.0016136134508997202,0.09762852638959885
598,0,background,0.8773512244224548,0.8773512244224548,0.0016221319092437625,0.12122326344251633
599,0,background,0.8742727637290955,0.8742727637290955,0.0016225568251684308,0.12430637329816818
600,0,background,0.8996519446372986,0.8996519446372986,0.0016141253290697932,0.09889350086450577
601,0,background,0.8770048022270203,0.8770048022270203,0.0016235552029684186,0.12156898528337479
602,0,background,0.8740744590759277,0.8740744590759277,0.001624278724193573,0.1245034784078598
603,0,background,0.8993851542472839,0.8993851542472839,0.0016145863337442279,0.09916038066148758
604,0,background,0.8757076859474182,0.8757076859474182,0.001623491756618023,0.12286829948425293
605,0,background,0.8732848763465881,0.8732848763465881,0.0016244211001321673,0.1252942681312561
606,0,background,0.8995012044906616,0.8995012044906616,0.0016143650282174349,0.0990443006157875
607,0,background,0.8750652074813843,0.8750652074813843,0.001622737618163228,0.12351250648498535
608,0,background,0.8726614117622375,0.8726614117622375,0.0016236895462498069,0.12591931223869324
609,0,background,0.9597120881080627,0.9597120881080627,0.0017478815279901028,0.03860747069120407
610,0,background,0.9433770179748535,0.9433770179748535,0.0016584929544478655,0.05505578592419624
611,0,background,0.9435922503471375,0.9435922503471375,0.0016524263191968203,0.05484594777226448
612,0,background,0.9501930475234985,0.9501930475234985,0.0016531809233129025,0.0482335202395916
613,0,background,0.9435535073280334,0.9435535073280334,0.0016523627564311028,0.05488487705588341
614,0,background,0.9261647462844849,0.9261647462844849,0.0016402610344812274,0.07231359928846359
615,0,background,0.9303832650184631,0.9303832650184631,0.0017112299101427197,0.06802188605070114
616,0,background,0.9123430252075195,0.9123430252075195,0.0016298232367262244,0.08616756647825241
617,0,background,0.8786024451255798,0.8786024451255798,0.0016203845152631402,0.11997157335281372
618,0,background,0.9128889441490173,0.9128889441490173,0.0016307459445670247,0.08561990410089493
619,0,background,0.8776400089263916,0.8776400089263916,0.0016224447172135115,0.12093376368284225
620,0,background,0.9136427640914917,0.9136427640914917,0.0016324430471286178,0.08486331254243851
621,0,background,0.8758824467658997,0.8758824467658997,0.0016235458897426724,0.12269317358732224
622,0,background,0.912467896938324,0.912467896938324,0.0016303081065416336,0.08604206889867783
623,0,background,0.876203715801239,0.876203715801239,0.0016234314534813166,0.12237147986888885
624,0,background,0.9105708599090576,0.9105708599090576,0.0016278225230053067,0.08794453740119934
625,0,background,0.8754599094390869,0.8754599094390869,0.0016234717331826687,0.12311646342277527
626,0,background,0.908802330493927,0.908802330493927,0.0016282504657283425,0.08971551060676575
627,0,background,0.8762348294258118,0.8762348294258118,0.0016232321504503489,0.12234058231115341
628,0,background,0.9070349931716919,0.9070349931716919,0.0016287930775433779,0.09148519486188889
629,0,background,0.8766920566558838,0.8766920566558838,0.001622831798158586,0.12188288569450378
630,0,background,0.9056133031845093,0.9056133031845093,0.0016289637424051762,0.0929090678691864
631,0,background,0.8766723871231079,0.8766723871231079,0.001622331328690052,0.12190306186676025
632,0,background,0.9050077795982361,0.9050077795982361,0.0016290924977511168,0.09351546317338943
633,0,background,0.8761618733406067,0.8761618733406067,0.0016218702076002955,0.12241479754447937
634,0,background,0.9026104807853699,0.9026104807853699,0.0016124171670526266,0.09593173861503601
635,0,background,0.8748742938041687,0.8748742938041687,0.0016226294683292508,0.12370382994413376
636,0,background,0.8712117075920105,0.8712117075920105,0.0016228256281465292,0.12737220525741577
637,0,background,0.9051975011825562,0.9051975011825562,0.001612821826711297,0.09334021806716919
638,0,background,0.8739618062973022,0.8739618062973022,0.0016231832560151815,0.1246173232793808
639,0,background,0.871325671672821,0.871325671672821,0.001621496514417231,0.12725920975208282
640,0,background,0.9076403379440308,0.9076403379440308,0.0016137625789269805,0.09089261293411255
641,0,background,0.8725654482841492,0.8725654482841492,0.0016238937387242913,0.1260153353214264
642,0,background,0.8717365860939026,0.8717365860939026,0.0016203197883442044,0.12684865295886993
643,0,background,0.9098986983299255,0.9098986983299255,0.001617481466382742,0.08862718194723129
644,0,background,0.8731719851493835,0.8731719851493835,0.0016241921111941338,0.12540751695632935
645,0,background,0.8719154000282288,0.8719154000282288,0.0016223931452259421,0.12666770815849304
646,0,background,0.9114077687263489,0.9114077687263489,0.0016201563412323594,0.08711320906877518
647,0,background,0.8728739619255066,0.8728739619255066,0.0016246692975983024,0.12570562958717346
648,0,background,0.8726328611373901,0.8726328611373901,0.0016245488077402115,0.1259472519159317
649,0,background,0.9100190997123718,0.9100190997123718,0.0016185621498152614,0.0885055661201477
650,0,background,0.8752148747444153,0.8752148747444153,0.0016238612588495016,0.12336156517267227
651,0,background,0.8732942342758179,0.8732942342758179,0.0016220826655626297,0.12528693675994873
652,0,background,0.9093770980834961,0.9093770980834961,0.001616863184608519,0.08915017545223236
653,0,background,0.8749250769615173,0.8749250769615173,0.0016225938452407718,0.12365294992923737
654,0,background,0.8752390742301941,0.8752390742301941,0.0016194190829992294,0.12334127724170685
655,0,background,0.8998055458068848,0.8998055458068848,0.001614100649021566,0.09873971343040466
656,0,background,0.8745599389076233,0.8745599389076233,0.0016217028023675084,0.12401943653821945
657,0,background,0.8713181614875793,0.8713181614875793,0.0016243915306404233,0.1272641122341156
658,0,background,0.9007309079170227,0.9007309079170227,0.0016131348675116897,0.09781375527381897
659,0,background,0.8751339316368103,0.8751339316368103,0.0016221599653363228,0.12344416975975037
660,0,background,0.8712316751480103,0.8712316751480103,0.001623875112272799,0.12735125422477722
661,0,background,0.8868504166603088,0.8868504166603088,0.0016522203804925084,0.11168190091848373
662,0,background,0.9532531499862671,0.9532531499862671,0.0017319468315690756,0.04509301856160164
663,0,background,0.9476667642593384,0.9476667642593384,0.0016383647453039885,0.0507781058549881
664,0,background,0.7887394428253174,0.7887394428253174,0.0016669004689902067,0.20994357764720917
665,0,background,0.9496874809265137,0.9496874809265137,0.0016333448002114892,0.04875878989696503
666,0,background,0.9425647854804993,0.9425647854804993,0.0016407070215791464,0.05588618293404579
667,0,background,0.9498379826545715,0.9498379826545715,0.0016334475949406624,0.0486079677939415
668,0,background,0.9522668123245239,0.9522668123245239,0.0017276945291087031,0.04608513414859772
669,0,background,0.9474292993545532,0.9474292993545532,0.0016387875657528639,0.05101555213332176
670,0,background,0.8002154231071472,0.8002154231071472,0.0016633571358397603,0.19845129549503326
671,0,background,0.9493266940116882,0.9493266940116882,0.0016299363924190402,0.04912340268492699
672,0,background,0.9429721832275391,0.9429721832275391,0.0016420736210420728,0.055476825684309006
673,0,background,0.9494193196296692,0.9494193196296692,0.0016299730632454157,0.04903066158294678
674,0,background,0.9050502777099609,0.9050502777099609,0.001712796394713223,0.09339689463376999
675,0,background,0.9175763130187988,0.9175763130187988,0.001640640664845705,0.08091580122709274
676,0,background,0.8859818577766418,0.8859818577766418,0.0016528605483472347,0.11255133897066116
677,0,background,0.9388667345046997,0.9388667345046997,0.0016541248187422752,0.05957762151956558
678,0,background,0.9421287178993225,0.9421287178993225,0.0016512105939909816,0.05631303787231445
679,0,background,0.9455278515815735,0.9455278515815735,0.0016493918374180794,0.05291004478931427
680,0,background,0.9422987699508667,0.9422987699508667,0.0016514715971425176,0.05614249035716057
681,0,background,0.9171015620231628,0.9171015620231628,0.0016347613418474793,0.08139669895172119
682,0,background,0.9049412608146667,0.9049412608146667,0.0016363258473575115,0.09357555210590363
683,0,background,0.9093974232673645,0.9093974232673645,0.001630708808079362,0.08911719173192978
684,0,background,0.884987473487854,0.884987473487854,0.0016239996766671538,0.11357298493385315
685,0,background,0.909497857093811,0.909497857093811,0.0016309035709127784,0.08901646733283997
686,0,background,0.8853936791419983,0.8853936791419983,0.0016243553254753351,0.11316580325365067
687,0,background,0.9099970459938049,0.9099970459938049,0.0016314953099936247,0.08851587027311325
688,0,background,0.8861451745033264,0.8861451745033264,0.0016240916447713971,0.11241331696510315
689,0,background,0.9113017320632935,0.9113017320632935,0.0016319963615387678,0.08720862120389938
690,0,background,0.8865615725517273,0.8865615725517273,0.0016229832544922829,0.11199724674224854
691,0,background,0.9131661057472229,0.9131661057472229,0.0016324152238667011,0.08534082025289536
692,0,background,0.8874433040618896,0.8874433040618896,0.0016215615905821323,0.11111535131931305
693,0,background,0.9153643250465393,0.9153643250465393,0.0016172166215255857,0.08315294235944748
694,0,background,0.8867388367652893,0.8867388367652893,0.0016228180611506104,0.111819788813591
695,0,background,0.8644347190856934,0.8644347190856934,0.001617901143617928,0.13416442275047302
696,0,background,0.8880470991134644,0.8880470991134644,0.0016209648456424475,0.11051107943058014
697,0,background,0.9077198505401611,0.9077198505401611,0.0016158336075022817,0.09081107378005981
698,0,background,0.8921577334403992,0.8921577334403992,0.0016233681235462427,0.10639158636331558
699,0,background,0.8531332015991211,0.8531332015991211,0.0016197337536141276,0.1454826444387436
700,0,background,0.9133389592170715,0.9133389592170715,0.0016306674806401134,0.08516925573348999
701,0,background,0.8875247836112976,0.8875247836112976,0.0016223513521254063,0.11103293299674988
702,0,background,0.9048277735710144,0.9048277735710144,0.001614837790839374,0.09370873123407364
703,0,background,0.8918991684913635,0.8918991684913635,0.0016247768653556705,0.10664936155080795
704,0,background,0.8542957305908203,0.8542957305908203,0.0016215266659855843,0.14431671798229218
705,0,background,0.9115140438079834,0.9115140438079834,0.0016308578196913004,0.08699699491262436
706,0,background,0.8870903253555298,0.8870903253555298,0.0016233217902481556,0.11146732419729233
707,0,background,0.902518630027771,0.902518630027771,0.0016134176403284073,0.0960228219628334
708,0,background,0.8919972777366638,0.8919972777366638,0.0016260379925370216,0.1065499559044838
709,0,background,0.8553236126899719,0.8553236126899719,0.0016219043172895908,0.14328686892986298
710,0,background,0.9101449251174927,0.9101449251174927,0.0016303120646625757,0.08836882561445236
711,0,background,0.8860102295875549,0.8860102295875549,0.001623256946913898,0.11254920065402985
712,0,background,0.9019771218299866,0.9019771218299866,0.0016127181006595492,0.09656592458486557
713,0,background,0.8905379772186279,0.8905379772186279,0.0016255489317700267,0.10801207274198532
714,0,background,0.8572440147399902,0.8572440147399902,0.0016213468043133616,0.14136378467082977
715,0,background,0.9096403121948242,0.9096403121948242,0.0016298070549964905,0.0888746827840805
716,0,background,0.8855613470077515,0.8855613470077515,0.001622894429601729,0.11299913376569748
717,0,background,0.901882529258728,0.901882529258728,0.0016124293906614184,0.09666089713573456
718,0,background,0.8897890448570251,0.8897890448570251,0.0016249004984274507,0.10876279324293137
719,0,background,0.8583736419677734,0.8583736419677734,0.0016206825384870172,0.14023295044898987
720,0,background,0.9094790816307068,0.9094790816307068,0.0016295765526592731,0.08903639763593674
721,0,background,0.883095383644104,0.883095383644104,0.0016239447286352515,0.11546820402145386
722,0,background,0.9030389189720154,0.9030389189720154,0.0016132654855027795,0.09550191462039948
723,0,background,0.887647271156311,0.887647271156311,0.0016233487986028194,0.11090947687625885
724,0,background,0.8573238849639893,0.8573238849639893,0.0016210466856136918,0.14128407835960388
725,0,background,0.9094937443733215,0.9094937443733215,0.0016317726112902164,0.08901969343423843
726,0,background,0.882895827293396,0.882895827293396,0.001624561846256256,0.11566754430532455
727,0,background,0.9044198393821716,0.9044198393821716,0.001613802625797689,0.09411823004484177
728,0,background,0.8872023224830627,0.8872023224830627,0.0016238102689385414,0.11135467886924744
729,0,background,0.8559193015098572,0.8559193015098572,0.001621471019461751,0.14269058406352997
730,0,background,0.9102368354797363,0.9102368354797363,0.001631734543479979,0.0882754772901535
731,0,background,0.8824872970581055,0.8824872970581055,0.0016250305343419313,0.11607632786035538
732,0,background,0.906849205493927,0.906849205493927,0.0016134692123159766,0.0916852131485939
733,0,background,0.8864405155181885,0.8864405155181885,0.0016241611447185278,0.11211741715669632
734,0,background,0.8546990156173706,0.8546990156173706,0.0016206183936446905,0.1439136117696762
735,0,background,0.9116978049278259,0.9116978049278259,0.0016306162578985095,0.08681314438581467
736,0,background,0.8821126818656921,0.8821126818656921,0.001625336823053658,0.11645127832889557
737,0,background,0.9091101884841919,0.9091101884841919,0.001613846281543374,0.08942028135061264
738,0,background,0.8856963515281677,0.8856963515281677,0.0016245177248492837,0.11286246031522751
739,0,background,0.8540424704551697,0.8540424704551697,0.0016201501712203026,0.14457160234451294
740,0,background,0.9130691289901733,0.9130691289901733,0.0016300188144668937,0.08544014394283295
741,0,background,0.8812223672866821,0.8812223672866821,0.0016256625531241298,0.11734272539615631
742,0,background,0.9113969802856445,0.9113969802856445,0.001614655484445393,0.08712907135486603
743,0,background,0.8844743967056274,0.8844743967056274,0.0016250878106802702,0.11408594250679016
744,0,background,0.8542375564575195,0.8542375564575195,0.001620073919184506,0.1443762481212616
745,0,background,0.9145693182945251,0.9145693182945251,0.0016297106631100178,0.08393774181604385
746,0,background,0.8809465765953064,0.8809465765953064,0.0016257547540590167,0.11761888116598129
747,0,background,0.9134588837623596,0.9134588837623596,0.0016181492246687412,0.08506058901548386
748,0,background,0.8839130997657776,0.8839130997657776,0.0016254374058917165,0.11464779078960419
749,0,background,0.8524438142776489,0.8524438142776489,0.0016225646249949932,0.14617078006267548
750,0,background,0.9159057140350342,0.9159057140350342,0.0016317353583872318,0.08259730786085129
751,0,background,0.8800593614578247,0.8800593614578247,0.0016260743141174316,0.1185072511434555
752,0,background,0.9150006771087646,0.9150006771087646,0.0016206817235797644,0.08351399749517441
753,0,background,0.8828375339508057,0.8828375339508057,0.0016261201817542315,0.11572450399398804
754,0,background,0.8511683344841003,0.8511683344841003,0.0016246902523562312,0.14744651317596436
755,0,background,0.9169683456420898,0.9169683456420898,0.001633629435673356,0.08153121173381805
756,0,background,0.881311297416687,0.881311297416687,0.001624919124878943,0.11725432425737381
757,0,background,0.9143126606941223,0.9143126606941223,0.0016188271110877395,0.08420485258102417
758,0,background,0.884771466255188,0.884771466255188,0.0016253862995654345,0.11378811299800873
759,0,background,0.8521135449409485,0.8521135449409485,0.0016223343554884195,0.1465017944574356
760,0,background,0.916699230670929,0.916699230670929,0.0016319925198331475,0.08180228620767593
761,0,background,0.8830695748329163,0.8830695748329163,0.0016231085173785686,0.11549478769302368
762,0,background,0.9135118126869202,0.9135118126869202,0.0016172727337107062,0.08500846475362778
763,0,background,0.8862420916557312,0.8862420916557312,0.0016241566045209765,0.11231618374586105
764,0,background,0.8538021445274353,0.8538021445274353,0.0016197614604607224,0.14481264352798462
765,0,background,0.9162043333053589,0.9162043333053589,0.001631232094950974,0.08229862153530121
766,0,background,0.9040815830230713,0.9040815830230713,0.0016379717271775007,0.09443510323762894
767,0,background,0.9157246947288513,0.9157246947288513,0.001616740832105279,0.08279246091842651
768,0,background,0.8858321309089661,0.8858321309089661,0.0016220076940953732,0.11272872239351273
769,0,background,0.8663084506988525,0.8663084506988525,0.0016184026608243585,0.13228726387023926
770,0,background,0.9168570041656494,0.9168570041656494,0.0016358670545741916,0.08164069056510925
771,0,background,0.9082745313644409,0.9082745313644409,0.0016162705142050982,0.09025499224662781
772,0,background,0.8916503190994263,0.8916503190994263,0.0016224209684878588,0.10690068453550339
773,0,background,0.8549941182136536,0.8549941182136536,0.0016199512174353004,0.14361858367919922
774,0,background,0.9055814743041992,0.9055814743041992,0.0016146462876349688,0.09295398741960526
775,0,background,0.8915342688560486,0.8915342688560486,0.0016237931558862329,0.10701566934585571
776,0,background,0.8563525080680847,0.8563525080680847,0.0016214108327403665,0.1422567069530487
777,0,background,0.9033026099205017,0.9033026099205017,0.0016135397600010037,0.09523751586675644
778,0,background,0.8917711973190308,0.8917711973190308,0.0016250954940915108,0.10677719861268997
779,0,background,0.8565918803215027,0.8565918803215027,0.0016218849923461676,0.14201655983924866
780,0,background,0.9025305509567261,0.9025305509567261,0.001612926833331585,0.09601137042045593
781,0,background,0.8910073041915894,0.8910073041915894,0.0016252618515864015,0.10754223167896271
782,0,background,0.8576552867889404,0.8576552867889404,0.0016215096693485975,0.1409517377614975
783,0,background,0.9025901556015015,0.9025901556015015,0.0016125738620758057,0.09595200419425964
784,0,background,0.8902319669723511,0.8902319669723511,0.001624594209715724,0.10831943154335022
785,0,background,0.8584015369415283,0.8584015369415283,0.0016208699671551585,0.14020484685897827
786,0,background,0.9601830840110779,0.9601830840110779,0.0017430897569283843,0.03814031183719635
787,0,background,0.941293478012085,0.941293478012085,0.0016530039720237255,0.05714797601103783
788,0,background,0.9413012266159058,0.9413012266159058,0.0016501726349815726,0.05714290216565132
789,0,background,0.9489340782165527,0.9489340782165527,0.0016472191782668233,0.0495002381503582
790,0,background,0.9414201974868774,0.9414201974868774,0.001650156918913126,0.0570237897336483
791,0,background,0.9195862412452698,0.9195862412452698,0.0016397488070651889,0.07890342175960541
792,0,background,0.9037327170372009,0.9037327170372009,0.001712927594780922,0.0947166234254837
793,0,background,0.917248547077179,0.917248547077179,0.0016304145101457834,0.0812535434961319
794,0,background,0.8853423595428467,0.8853423595428467,0.001621162286028266,0.11322000622749329
795,0,background,0.9177744388580322,0.9177744388580322,0.0016306187026202679,0.08072654902935028
796,0,background,0.8833822011947632,0.8833822011947632,0.0016229231841862202,0.1151818037033081
797,0,background,0.9180901646614075,0.9180901646614075,0.0016321586444973946,0.08040890842676163
798,0,background,0.8820418119430542,0.8820418119430542,0.0016241219127550721,0.11652331054210663
799,0,background,0.9174203276634216,0.9174203276634216,0.0016300543211400509,0.08108177781105042
800,0,background,0.8824857473373413,0.8824857473373413,0.0016239549731835723,0.11607887595891953
801,0,background,0.9160937070846558,0.9160937070846558,0.0016281636198982596,0.08241228759288788
802,0,background,0.8829602003097534,0.8829602003097534,0.0016239378601312637,0.11560362577438354
803,0,background,0.9143309593200684,0.9143309593200684,0.0016284488374367356,0.08417768776416779
804,0,background,0.8839752674102783,0.8839752674102783,0.0016236108494922519,0.11458712071180344
805,0,background,0.912544846534729,0.912544846534729,0.0016292305663228035,0.08596600592136383
806,0,background,0.8845185041427612,0.8845185041427612,0.0016233054921030998,0.11404331028461456
807,0,background,0.9110021591186523,0.9110021591186523,0.0016302353469654918,0.08751020580530167
808,0,background,0.8847746849060059,0.8847746849060059,0.0016230312176048756,0.11378693580627441
809,0,background,0.9101009964942932,0.9101009964942932,0.0016301909927278757,0.08841295540332794
810,0,background,0.8847108483314514,0.8847108483314514,0.0016224788269028068,0.1138513833284378
811,0,background,0.9076175689697266,0.9076175689697266,0.0016134139150381088,0.09091567248106003
812,0,background,0.8874642252922058,0.8874642252922058,0.001623891294002533,0.11109232157468796
813,0,background,0.8513603806495667,0.8513603806495667,0.0016209061723202467,0.14725744724273682
814,0,background,0.9104675054550171,0.9104675054550171,0.0016136112390086055,0.08806098997592926
815,0,background,0.8865610361099243,0.8865610361099243,0.001624258584342897,0.1119965985417366
816,0,background,0.8495048880577087,0.8495048880577087,0.0016201863763853908,0.14911648631095886
817,0,background,0.9131988883018494,0.9131988883018494,0.0016145572299137712,0.08532430976629257
818,0,background,0.8853715658187866,0.8853715658187866,0.001624955446459353,0.11318742483854294
819,0,background,0.8482049703598022,0.8482049703598022,0.0016200437676161528,0.15041865408420563
820,0,background,0.9153311848640442,0.9153311848640442,0.0016178494552150369,0.08318553864955902
821,0,background,0.8845238089561462,0.8845238089561462,0.0016252270434051752,0.11403626203536987
822,0,background,0.8464401364326477,0.8464401364326477,0.0016224966384470463,0.15218429267406464
823,0,background,0.915925920009613,0.915925920009613,0.0016205342253670096,0.08258736878633499
824,0,background,0.8841148018836975,0.8841148018836975,0.0016256974777206779,0.11444553732872009
825,0,background,0.8461372256278992,0.8461372256278992,0.0016248758183792233,0.1524856835603714
826,0,background,0.9154753684997559,0.9154753684997559,0.0016187099972739816,0.08304034918546677
827,0,background,0.8861764073371887,0.8861764073371887,0.0016248943284153938,0.11238132417201996
828,0,background,0.8467686772346497,0.8467686772346497,0.0016224781284108758,0.1518552601337433
829,0,background,0.9146894216537476,0.9146894216537476,0.001617640838958323,0.08382852375507355
830,0,background,0.887565016746521,0.887565016746521,0.0016236170195043087,0.11099154502153397
831,0,background,0.8487171530723572,0.8487171530723572,0.0016201131511479616,0.14990560710430145
832,0,background,0.9034149050712585,0.9034149050712585,0.0016132763121277094,0.09512532502412796
833,0,background,0.8882086873054504,0.8882086873054504,0.0016232011839747429,0.1103472113609314
834,0,background,0.8558467030525208,0.8558467030525208,0.0016213629860430956,0.14276334643363953
835,0,background,0.9050044417381287,0.9050044417381287,0.0016135898185893893,0.09353287518024445
836,0,background,0.8880411386489868,0.8880411386489868,0.001623672666028142,0.11051467061042786
837,0,background,0.853553056716919,0.853553056716919,0.0016218083910644054,0.14506040513515472
838,0,background,0.8846200108528137,0.8846200108528137,0.0016522494843229651,0.11391599476337433
839,0,background,0.5650178790092468,0.5650178790092468,0.0016031861305236816,0.4340748190879822
840,0,background,0.7790096402168274,0.7790096402168274,0.0016079756896942854,0.21973572671413422
841,0,background,0.538611888885498,0.538611888885498,0.0016035037115216255,0.4605230689048767
842,0,background,0.9629124999046326,0.9629124999046326,0.0016229895409196615,0.035522136837244034
843,0,background,0.952150285243988,0.952150285243988,0.0015952999237924814,0.04632832482457161
844,0,background,0.9626463055610657,0.9626463055610657,0.0016187625005841255,0.03579287976026535
845,0,background,0.7779355049133301,0.7779355049133301,0.0016000780742615461,0.22081774473190308
846,0,background,0.6754165887832642,0.6754165887832642,0.0016211994225159287,0.32348671555519104
847,0,background,0.7652744054794312,0.7652744054794312,0.0016015771543607116,0.2334979921579361
848,0,background,0.7607277631759644,0.7607277631759644,0.001644367235712707,0.2380192130804062
849,0,background,0.7618836760520935,0.7618836760520935,0.0016006944933906198,0.2368948608636856
850,0,background,0.6668265461921692,0.6668265461921692,0.0016202289843931794,0.3320912718772888
851,0,background,0.9603960514068604,0.9603960514068604,0.0016673259669914842,0.037999995052814484
852,0,background,0.9479374289512634,0.9479374289512634,0.0015948093496263027,0.05054835230112076
853,0,background,0.9625823497772217,0.9625823497772217,0.0016363802133128047,0.03583991900086403
854,0,background,0.6398435831069946,0.6398435831069946,0.001600812654942274,0.35913050174713135
855,0,background,0.7128300666809082,0.7128300666809082,0.0016063780058175325,0.28602302074432373
856,0,background,0.571470320224762,0.571470320224762,0.00160051544662565,0.4276135563850403
857,0,background,0.9629097580909729,0.9629097580909729,0.0016224316786974669,0.035525429993867874
858,0,background,0.9536535739898682,0.9536535739898682,0.001600256422534585,0.04481784626841545
859,0,background,0.9629449844360352,0.9629449844360352,0.0016177546931430697,0.035494688898324966
860,0,background,0.6304874420166016,0.6304874420166016,0.001597183058038354,0.3685038983821869
861,0,background,0.940035343170166,0.940035343170166,0.001600567251443863,0.05845767259597778
862,0,background,0.9596128463745117,0.9596128463745117,0.0016220594989135861,0.0388280525803566
863,0,background,0.9364947080612183,0.9364947080612183,0.0016005284851416945,0.062004003673791885
864,0,background,0.9596942067146301,0.9596942067146301,0.0016221327241510153,0.038746487349271774
865,0,background,0.6295079588890076,0.6295079588890076,0.001597259077243507,0.36948490142822266
866,0,background,0.47334781289100647,0.47334781289100647,0.0015979435993358493,0.5258945822715759
867,0,background,0.9599525928497314,0.9599525928497314,0.0016206932486966252,0.03848912566900253
868,0,background,0.9529755115509033,0.9529755115509033,0.0015985347563400865,0.04549866169691086
869,0,background,0.9597285389900208,0.9597285389900208,0.0016232893103733659,0.03871100768446922
870,0,background,0.9510602951049805,0.9510602951049805,0.0015979345189407468,0.0474175401031971
871,0,background,0.4735560715198517,0.4735560715198517,0.0015981323085725307,0.5256859064102173
872,0,background,0.4534752666950226,0.4534752666950226,0.0016034129075706005,0.5457964539527893
873,0,background,0.9533218741416931,0.9533218741416931,0.001597327645868063,0.045152898877859116
874,0,background,0.9600136876106262,0.9600136876106262,0.0016167416470125318,0.03843167796730995
875,0,background,0.955519437789917,0.955519437789917,0.0015952748944982886,0.042953863739967346
876,0,background,0.9602993130683899,0.9602993130683899,0.0016198793891817331,0.03814264014363289
877,0,background,0.453797847032547,0.453797847032547,0.001603625831194222,0.5454732775688171
878,0,background,0.5000739693641663,0.5000739693641663,0.0015983835328370333,0.4991254508495331
879,0,background,0.9599305391311646,0.9599305391311646,0.001611062092706561,0.038520459085702896
880,0,background,0.9562373757362366,0.9562373757362366,0.0016020095208659768,0.04222828894853592
881,0,background,0.9598963260650635,0.9598963260650635,0.0016123680397868156,0.03855345398187637
882,0,background,0.9546635746955872,0.9546635746955872,0.001602167496457696,0.043804433196783066
883,0,background,0.4976809322834015,0.4976809322834015,0.0015985416248440742,0.5015222430229187
884,0,background,0.8286920189857483,0.8286920189857483,0.001600255724042654,0.1699797660112381
885,0,background,0.9559553265571594,0.9559553265571594,0.0016152235912159085,0.04249810427427292
886,0,background,0.9137073755264282,0.9137073755264282,0.001605894765816629,0.08482293784618378
887,0,background,0.9559597969055176,0.9559597969055176,0.0016075584571808577,0.04250095784664154
888,0,background,0.9174959063529968,0.9174959063529968,0.0016059078043326735,0.08102826774120331
889,0,background,0.9167056083679199,0.9167056083679199,0.0016067795222625136,0.08181911706924438
890,0,background,0.9574593901634216,0.9574593901634216,0.0016223267884925008,0.04098482057452202
891,0,background,0.9125534296035767,0.9125534296035767,0.0016062906943261623,0.08597840368747711
892,0,background,0.957587718963623,0.957587718963623,0.0016221568221226335,0.04085639491677284
893,0,background,0.926530122756958,0.926530122756958,0.0016155327903106809,0.0719706267118454
894,0,background,0.9562318325042725,0.9562318325042725,0.0016179981175810099,0.04221845790743828
895,0,background,0.9237881302833557,0.9237881302833557,0.0016128486022353172,0.07471957057714462
896,0,background,0.9567728638648987,0.9567728638648987,0.0016182261751964688,0.041676346212625504
897,0,background,0.9520038962364197,0.9520038962364197,0.00159584847278893,0.0464743934571743
898,0,background,0.9209757447242737,0.9209757447242737,0.0016004666686058044,0.07754793763160706
899,0,background,0.9519671201705933,0.9519671201705933,0.0015944935148581862,0.04651253670454025
900,0,background,0.9251770377159119,0.9251770377159119,0.001601265394128859,0.073339082300663
901,0,background,0.8894543051719666,0.8894543051719666,0.001615435117855668,0.10910646617412567
902,0,background,0.8854812979698181,0.8854812979698181,0.0016254531219601631,0.1130770593881607
903,0,background,0.8920047283172607,0.8920047283172607,0.0016216773074120283,0.10654639452695847
904,0,background,0.8879061341285706,0.8879061341285706,0.0016314766835421324,0.11064291000366211
905,0,background,0.8646968007087708,0.8646968007087708,0.001600267831236124,0.13391724228858948
906,0,background,0.7459168434143066,0.7459168434143066,0.0016021346673369408,0.25288620591163635
907,0,background,0.5000820755958557,0.5000820755958557,0.0016099151689559221,0.4991115629673004
908,0,background,0.7950722575187683,0.7950722575187683,0.001600186456926167,0.20365339517593384
909,0,background,0.9237518310546875,0.9237518310546875,0.0016051189741119742,0.07476305216550827
910,0,background,0.9499455094337463,0.9499455094337463,0.0016011022962629795,0.04853108897805214
911,0,background,0.9536109566688538,0.9536109566688538,0.0016115905018523335,0.04484972357749939
912,0,background,0.9539517760276794,0.9539517760276794,0.0016262888675555587,0.04449426382780075
913,2,surface_feature,0.5231693387031555,0.47603291273117065,0.0016730249626562,0.5231693387031555
914,0,background,0.7554593086242676,0.7554593086242676,0.0016406235517933965,0.2432992309331894
915,2,surface_feature,0.5290910005569458,0.4701194763183594,0.0016766430344432592,0.5290910005569458
916,0,background,0.7094336152076721,0.7094336152076721,0.0016293235821649432,0.2894085943698883
917,0,background,0.8401244282722473,0.8401244282722473,0.0016353226965293288,0.15849946439266205
918,0,background,0.9226758480072021,0.9226758480072021,0.0016018861206248403,0.07584373652935028
919,0,background,0.9082000255584717,0.9082000255584717,0.0016184418927878141,0.09032770991325378
920,0,background,0.8915410041809082,0.8915410041809082,0.001615231391042471,0.10701660811901093
921,0,background,0.8957276940345764,0.8957276940345764,0.0016096713952720165,0.10282817482948303
922,0,background,0.9582934379577637,0.9582934379577637,0.0016090889694169164,0.040162086486816406
923,0,background,0.8531486988067627,0.8531486988067627,0.0016017962479963899,0.14548256993293762
924,0,background,0.8911817669868469,0.8911817669868469,0.001617509056814015,0.10737443715333939
925,0,background,0.9083232879638672,0.9083232879638672,0.0016192302573472261,0.09020354598760605
926,0,background,0.8695276379585266,0.8695276379585266,0.0016016069566830993,0.12907743453979492
927,0,background,0.9309961199760437,0.9309961199760437,0.0016356215346604586,0.06747866421937943
928,0,background,0.8741652369499207,0.8741652369499207,0.0016752500087022781,0.12436782568693161
929,0,background,0.8010851144790649,0.8010851144790649,0.0016252851346507668,0.1976107656955719
930,0,background,0.8646056652069092,0.8646056652069092,0.0016056577442213893,0.13400384783744812
931,0,background,0.9365143775939941,0.9365143775939941,0.001634510001167655,0.06195233762264252
932,0,background,0.8991326689720154,0.8991326689720154,0.0016120702493935823,0.09941555559635162
933,0,background,0.9585879445075989,0.9585879445075989,0.0016104953829199076,0.03986570984125137
934,0,background,0.7212908864021301,0.7212908864021301,0.0016095901373773813,0.27754631638526917
935,0,background,0.7429339289665222,0.7429339289665222,0.0016099289059638977,0.2558680772781372
936,0,background,0.6863634586334229,0.6863634586334229,0.0016413968987762928,0.31250813603401184
937,0,background,0.7966396808624268,0.7966396808624268,0.0016243158606812358,0.20206420123577118
938,0,background,0.8075908422470093,0.8075908422470093,0.0015955126145854592,0.19111859798431396
939,0,background,0.8966789245605469,0.8966789245605469,0.0016000225441530347,0.10188407450914383
940,0,background,0.964366614818573,0.964366614818573,0.0016127503477036953,0.03407562896609306
941,0,background,0.9253740310668945,0.9253740310668945,0.0016035990556702018,0.07313966751098633
942,0,background,0.8450648784637451,0.8450648784637451,0.0016375866252928972,0.15354903042316437
943,0,background,0.9580471515655518,0.9580471515655518,0.0016366310883313417,0.04038231447339058
944,0,background,0.8619475960731506,0.8619475960731506,0.0016088730189949274,0.13666343688964844
945,0,background,0.912936270236969,0.912936270236969,0.0016264987643808126,0.0855763852596283
946,0,background,0.9509611129760742,0.9509611129760742,0.0016166168497875333,0.047499071806669235
947,0,background,0.9573878049850464,0.9573878049850464,0.0016158220823854208,0.04106272757053375
948,0,background,0.9576088786125183,0.9576088786125183,0.0016349442303180695,0.04082290828227997
949,0,background,0.8570231199264526,0.8570231199264526,0.0016081403009593487,0.14159643650054932
950,0,background,0.9094694256782532,0.9094694256782532,0.0016261906130239367,0.08904922753572464
951,0,background,0.9502954483032227,0.9502954483032227,0.0016129791038110852,0.0481693334877491
952,0,background,0.9573512077331543,0.9573512077331543,0.0016104824608191848,0.041104529052972794
953,0,background,0.9638186097145081,0.9638186097145081,0.0016361487796530128,0.03460187092423439
954,0,background,0.951036274433136,0.951036274433136,0.0016002350021153688,0.047439467161893845
955,0,background,0.9632436037063599,0.9632436037063599,0.0016437913291156292,0.03517046570777893
956,0,background,0.9645519256591797,0.9645519256591797,0.0016211854526773095,0.033881817013025284
957,0,background,0.952775239944458,0.952775239944458,0.0016116680344566703,0.0456867516040802
958,0,background,0.9635534286499023,0.9635534286499023,0.0016083845403045416,0.034894369542598724
959,0,background,0.9643982648849487,0.9643982648849487,0.0016338207060471177,0.03402351960539818
960,0,background,0.9550032019615173,0.9550032019615173,0.0016030357219278812,0.04346349090337753
961,0,background,0.9646042585372925,0.9646042585372925,0.00161363510414958,0.033836692571640015
962,0,background,0.9607645273208618,0.9607645273208618,0.0015945618506520987,0.037701044231653214
963,0,background,0.9614995718002319,0.9614995718002319,0.0015914766117930412,0.03696775808930397
964,0,background,0.9614831805229187,0.9614831805229187,0.0016058969777077436,0.03697032853960991
965,0,background,0.9619239568710327,0.9619239568710327,0.001646102056838572,0.03649004548788071
966,0,background,0.9481839537620544,0.9481839537620544,0.0016329482896253467,0.05026521533727646
967,0,background,0.9344144463539124,0.9344144463539124,0.013533058576285839,0.05276655778288841
968,0,background,0.8858123421669006,0.8858123421669006,0.07313790172338486,0.044288989156484604
969,0,background,0.948535680770874,0.948535680770874,0.0018970195669680834,0.049661532044410706
970,0,background,0.9532996416091919,0.9532996416091919,0.0016783294267952442,0.045097701251506805
971,0,background,0.9466891288757324,0.9466891288757324,0.0019228451419621706,0.051487043499946594
972,0,background,0.953041136264801,0.953041136264801,0.0016783159226179123,0.04535669833421707
973,0,background,0.9168590903282166,0.9168590903282166,0.0017451206222176552,0.0815381109714508
974,0,background,0.9486125111579895,0.9486125111579895,0.0017423300305381417,0.04973185807466507
975,0,background,0.9514893293380737,0.9514893293380737,0.0017864163964986801,0.0468079149723053
976,0,background,0.9611148834228516,0.9611148834228516,0.0016317609697580338,0.037314269691705704
977,0,background,0.960785448551178,0.960785448551178,0.0016300840070471168,0.0376458615064621
978,0,background,0.8676143288612366,0.8676143288612366,0.0016647949814796448,0.1309388279914856
979,0,background,0.9509479999542236,0.9509479999542236,0.00161663384642452,0.047512177377939224
980,0,background,0.9502687454223633,0.9502687454223633,0.0016128778224810958,0.04819606989622116
981,0,background,0.9504088759422302,0.9504088759422302,0.0016176424687728286,0.04805116727948189
982,0,background,0.5649884939193726,0.5649884939193726,0.0016031846171244979,0.4341042637825012
983,0,background,0.7790315747261047,0.7790315747261047,0.0016079756896942854,0.21971376240253448
984,0,background,0.5385884046554565,0.5385884046554565,0.0016035037115216255,0.4605465829372406
985,0,background,0.9629124999046326,0.9629124999046326,0.0016229895409196615,0.03552217409014702
986,0,background,0.9521511197090149,0.9521511197090149,0.0015952984103932977,0.04632747918367386
987,0,background,0.9626462459564209,0.9626462459564209,0.0016187616856768727,0.035792961716651917
988,0,background,0.7779415249824524,0.7779415249824524,0.0016000780742615461,0.22081169486045837
989,0,background,0.6754168272018433,0.6754168272018433,0.0016211994225159287,0.32348644733428955
990,0,background,0.7652665376663208,0.7652665376663208,0.0016015794826671481,0.23350584506988525
991,0,background,0.76072758436203,0.76072758436203,0.0016443664208054543,0.2380194216966629
992,0,background,0.7618898153305054,0.7618898153305054,0.0016006944933906198,0.23688870668411255
993,0,background,0.6668264865875244,0.6668264865875244,0.0016202303813770413,0.3320913314819336
994,0,background,0.9603959918022156,0.9603959918022156,0.0016673259669914842,0.038000039756298065
995,0,background,0.94793701171875,0.94793701171875,0.0015948093496263027,0.05054881051182747
996,0,background,0.9625823497772217,0.9625823497772217,0.0016363817267119884,0.035839926451444626
997,0,background,0.6398389339447021,0.6398389339447021,0.001600812654942274,0.35913515090942383
998,0,background,0.712830662727356,0.712830662727356,0.0016063773073256016,0.286022424697876
999,0,background,0.5714656114578247,0.5714656114578247,0.00160051544662565,0.4276182949542999
1000,0,background,0.9629098176956177,0.9629098176956177,0.0016224310966208577,0.03552539646625519
1001,0,background,0.9536536335945129,0.9536536335945129,0.001600256422534585,0.044817835092544556
1002,0,background,0.9629449844360352,0.9629449844360352,0.0016177546931430697,0.035494670271873474
1003,0,background,0.6304874420166016,0.6304874420166016,0.001597183058038354,0.36850395798683167
1004,0,background,0.940035343170166,0.940035343170166,0.001600567251443863,0.05845767259597778
1005,0,background,0.9596129059791565,0.9596129059791565,0.0016220594989135861,0.0388280414044857
1006,0,background,0.936494767665863,0.936494767665863,0.0016005284851416945,0.06200398877263069
1007,0,background,0.9596942067146301,0.9596942067146301,0.0016221327241510153,0.038746487349271774
1008,0,background,0.629507839679718,0.629507839679718,0.0015972584951668978,0.3694849908351898
1009,0,background,0.47334763407707214,0.47334763407707214,0.0015979435993358493,0.5258947610855103
1010,0,background,0.9599525928497314,0.9599525928497314,0.0016206932486966252,0.038489118218421936
1011,0,background,0.9529755115509033,0.9529755115509033,0.0015985340578481555,0.04549866169691086
1012,0,background,0.9597285389900208,0.9597285389900208,0.0016232893103733659,0.03871101886034012
1013,0,background,0.9510602951049805,0.9510602951049805,0.0015979345189407468,0.047417525202035904
1014,0,background,0.47355589270591736,0.47355589270591736,0.0015981323085725307,0.5256860852241516
1015,0,background,0.45351216197013855,0.45351216197013855,0.0016034120926633477,0.5457594990730286
1016,0,background,0.953321099281311,0.953321099281311,0.001597329042851925,0.04515368863940239
1017,0,background,0.9600140452384949,0.9600140452384949,0.001616740832105279,0.03843136876821518
1018,0,background,0.9555186629295349,0.9555186629295349,0.0015952762914821506,0.04295462742447853
1019,0,background,0.9602996110916138,0.9602996110916138,0.001619878807105124,0.038142312318086624
1020,0,background,0.4538358151912689,0.4538358151912689,0.001603625831194222,0.5454352498054504
1021,0,background,0.5000471472740173,0.5000471472740173,0.0015983827179297805,0.4991523027420044
1022,0,background,0.959930419921875,0.959930419921875,0.001611062092706561,0.038520559668540955
1023,0,background,0.9562375545501709,0.9562375545501709,0.0016020081238821149,0.042228106409311295
1024,0,background,0.9598962664604187,0.9598962664604187,0.001612366526387632,0.038553543388843536
1025,0,background,0.9546636939048767,0.9546636939048767,0.0016021666815504432,0.04380430653691292
1026,0,background,0.4976537823677063,0.4976537823677063,0.0015985416248440742,0.5015494227409363
1027,0,background,0.8342751860618591,0.8342751860618591,0.0016003211494535208,0.16438758373260498
1028,0,background,0.9559865593910217,0.9559865593910217,0.0016153682954609394,0.042466722428798676
1029,0,background,0.9145526885986328,0.9145526885986328,0.0016060631023719907,0.08397617936134338
1030,0,background,0.9559935927391052,0.9559935927391052,0.0016076801111921668,0.04246700555086136
1031,0,background,0.9181423783302307,0.9181423783302307,0.0016060860361903906,0.08038059622049332
1032,0,background,0.9172356128692627,0.9172356128692627,0.0016069479752331972,0.08128812909126282
1033,0,background,0.9574992060661316,0.9574992060661316,0.0016224873252213001,0.04094474017620087
1034,0,background,0.9131585359573364,0.9131585359573364,0.0016064513474702835,0.08537216484546661
1035,0,background,0.9576408267021179,0.9576408267021179,0.0016223188722506166,0.04080306738615036
1036,0,background,0.9269130229949951,0.9269130229949951,0.0016157097415998578,0.0715869814157486
1037,0,background,0.9562864899635315,0.9562864899635315,0.0016180782113224268,0.04216369241476059
1038,0,background,0.9242568612098694,0.9242568612098694,0.0016130129806697369,0.07424988597631454
1039,0,background,0.9568288922309875,0.9568288922309875,0.001618330948986113,0.04162014275789261
1040,0,background,0.952032208442688,0.952032208442688,0.0015958527801558375,0.046446096152067184
1041,0,background,0.9210450649261475,0.9210450649261475,0.0016004926292225718,0.07747838646173477
1042,0,background,0.9519966244697571,0.9519966244697571,0.0015945073682814837,0.046482961624860764
1043,0,background,0.9252182841300964,0.9252182841300964,0.0016012928681448102,0.07329782098531723
1044,0,background,0.8878501653671265,0.8878501653671265,0.0016150460578501225,0.11071358621120453
1045,0,background,0.8835875391960144,0.8835875391960144,0.0016256163362413645,0.1149737760424614
1046,0,background,0.8902968764305115,0.8902968764305115,0.0016219792887568474,0.1082567423582077
1047,0,background,0.8861939311027527,0.8861939311027527,0.0016316816909238696,0.1123577356338501
1048,0,background,0.8646510243415833,0.8646510243415833,0.0016002815682440996,0.13396312296390533
1049,0,background,0.7464770078659058,0.7464770078659058,0.0016020499169826508,0.252325177192688
1050,0,background,0.5068358182907104,0.5068358182907104,0.0016092790756374598,0.49234721064567566
1051,0,background,0.8140578269958496,0.8140578269958496,0.0015997133450582623,0.18463777005672455
1052,0,background,0.9296770095825195,0.9296770095825195,0.0016099580097943544,0.06882379949092865
1053,0,background,0.950481653213501,0.950481653213501,0.0016005780780687928,0.04799458384513855
1054,0,background,0.9536651372909546,0.9536651372909546,0.0016115943435579538,0.0447954386472702
1055,0,background,0.9543222784996033,0.9543222784996033,0.0016250661574304104,0.044124387204647064
1056,2,surface_feature,0.5562905669212341,0.44296759366989136,0.0016719374107196927,0.5562905669212341
1057,0,background,0.761520266532898,0.761520266532898,0.0016397099243476987,0.23722901940345764
1058,2,surface_feature,0.5651196241378784,0.434151828289032,0.0016753264935687184,0.5651196241378784
1059,0,background,0.7243214845657349,0.7243214845657349,0.001636768109165132,0.2744910418987274
1060,0,background,0.9237374663352966,0.9237374663352966,0.001603291486389935,0.07477911561727524
1061,0,background,0.9005087018013,0.9005087018013,0.0016178387450054288,0.09803206473588943
1062,0,background,0.8813789486885071,0.8813789486885071,0.0016214679926633835,0.11718956381082535
1063,0,background,0.894889771938324,0.894889771938324,0.0016117771156132221,0.10366551578044891
1064,0,background,0.9582876563072205,0.9582876563072205,0.0016091489233076572,0.04016779735684395
1065,0,background,0.8287544250488281,0.8287544250488281,0.0016027862438932061,0.16991513967514038
1066,0,background,0.8819405436515808,0.8819405436515808,0.0016227011801674962,0.11662600189447403
1067,0,background,0.902240514755249,0.902240514755249,0.001618246198631823,0.09629705548286438
1068,0,background,0.9264388084411621,0.9264388084411621,0.0016045841621235013,0.07207223773002625
1069,0,background,0.8676053881645203,0.8676053881645203,0.001601852593012154,0.13100259006023407
1070,0,background,0.9319256544113159,0.9319256544113159,0.0016366731142625213,0.06654656678438187
1071,0,background,0.8765259385108948,0.8765259385108948,0.0016723799053579569,0.12200567871332169
1072,0,background,0.7964890003204346,0.7964890003204346,0.0016272305510938168,0.20221278071403503
1073,0,background,0.8635783791542053,0.8635783791542053,0.001605709083378315,0.1350327879190445
1074,0,background,0.9335723519325256,0.9335723519325256,0.0016326562035828829,0.0649009644985199
1075,0,background,0.8982409834861755,0.8982409834861755,0.0016132502350956202,0.10030760616064072
1076,0,background,0.958584725856781,0.958584725856781,0.0016105467220768332,0.03986894711852074
1077,0,background,0.7118937969207764,0.7118937969207764,0.0016093641752377152,0.28695863485336304
1078,0,background,0.7375645637512207,0.7375645637512207,0.0016099488129839301,0.26124611496925354
1079,0,background,0.686967670917511,0.686967670917511,0.0016413929406553507,0.31190285086631775
1080,0,background,0.7979258298873901,0.7979258298873901,0.001624428783543408,0.2007759064435959
1081,0,background,0.8083683848381042,0.8083683848381042,0.001595515524968505,0.1903398036956787
1082,0,background,0.8961856365203857,0.8961856365203857,0.0016001976327970624,0.1023779958486557
1083,0,background,0.964323103427887,0.964323103427887,0.0016130282310768962,0.034118909388780594
1084,0,background,0.8445326089859009,0.8445326089859009,0.0016340961446985602,0.15408502519130707
1085,0,background,0.9581727385520935,0.9581727385520935,0.0016365577466785908,0.0402565635740757
1086,0,background,0.8802695274353027,0.8802695274353027,0.0016059650806710124,0.11831450462341309
1087,0,background,0.91823810338974,0.91823810338974,0.001628222526051104,0.0802643820643425
1088,0,background,0.9509605169296265,0.9509605169296265,0.0016166138229891658,0.04749966412782669
1089,0,background,0.957383394241333,0.957383394241333,0.001615879824385047,0.04106706380844116
1090,0,background,0.8402326703071594,0.8402326703071594,0.0016323996242135763,0.1583934724330902
1091,0,background,0.957700788974762,0.957700788974762,0.0016349053476005793,0.04073088616132736
1092,0,background,0.8765856027603149,0.8765856027603149,0.001605635741725564,0.12200470268726349
1093,0,background,0.9160739183425903,0.9160739183425903,0.0016285348683595657,0.08243179321289062
1094,0,background,0.9503036141395569,0.9503036141395569,0.0016129723517224193,0.04816108196973801
1095,0,background,0.9573404788970947,0.9573404788970947,0.0016104716341942549,0.04111529141664505
1096,0,background,0.9638383984565735,0.9638383984565735,0.0016362523892894387,0.03458191826939583
1097,0,background,0.9509891867637634,0.9509891867637634,0.0016002609627321362,0.04748651757836342
1098,0,background,0.963233232498169,0.963233232498169,0.001643792144022882,0.03518081083893776
1099,0,background,0.9645441174507141,0.9645441174507141,0.001621219445951283,0.03388960659503937
1100,0,background,0.9526563286781311,0.9526563286781311,0.0016117296181619167,0.045805785804986954
1101,0,background,0.9635428786277771,0.9635428786277771,0.0016084694070741534,0.03490477055311203
1102,0,background,0.9643962383270264,0.9643962383270264,0.0016338472487404943,0.03402554243803024
1103,0,background,0.954923152923584,0.954923152923584,0.0016031310660764575,0.04354352876543999
1104,0,background,0.9646005630493164,0.9646005630493164,0.0016138148494064808,0.03384022414684296
1105,0,background,0.9607756733894348,0.9607756733894348,0.0015946150524541736,0.03768978267908096
1106,0,background,0.9614301919937134,0.9614301919937134,0.0015914388932287693,0.037037286907434464
1107,0,background,0.9608701467514038,0.9608701467514038,0.0016018784372135997,0.03758817911148071
1108,0,background,0.9620717167854309,0.9620717167854309,0.0016471815761178732,0.03634092956781387
1109,0,background,0.9481976628303528,0.9481976628303528,0.0016327742487192154,0.050251636654138565
1110,0,background,0.9343980550765991,0.9343980550765991,0.0135112926363945,0.0528041273355484
1111,0,background,0.8859447836875916,0.8859447836875916,0.07300572842359543,0.04428236186504364
1112,0,background,0.948523998260498,0.948523998260498,0.0018970483215525746,0.049673207104206085
1113,0,background,0.9532946348190308,0.9532946348190308,0.0016783567843958735,0.04510271176695824
1114,0,background,0.9466730356216431,0.9466730356216431,0.00192288460675627,0.05150314420461655
1115,0,background,0.9530361890792847,0.9530361890792847,0.0016783438622951508,0.04536158964037895
1116,0,background,0.8997172713279724,0.8997172713279724,0.001758367638103664,0.09869791567325592
1117,0,background,0.948597252368927,0.948597252368927,0.0017423282843083143,0.049747079610824585
1118,0,background,0.9514879584312439,0.9514879584312439,0.0017863993998616934,0.04680926725268364
1119,0,background,0.9610990881919861,0.9610990881919861,0.0016310176579281688,0.037330783903598785
1120,0,background,0.960757851600647,0.960757851600647,0.001630885642953217,0.037672676146030426
1121,0,background,0.87601637840271,0.87601637840271,0.0016689831390976906,0.12251916527748108
1122,0,background,0.9509474039077759,0.9509474039077759,0.0016166308196261525,0.047512758523225784
1123,0,background,0.9502770900726318,0.9502770900726318,0.0016128700226545334,0.04818781465291977
1124,0,background,0.9504233598709106,0.9504233598709106,0.0016175636555999517,0.048036836087703705
1125,0,background,0.7228663563728333,0.7228663563728333,0.0016334226820617914,0.27595096826553345
1126,0,background,0.7228689193725586,0.7228689193725586,0.0016334248939529061,0.2759484052658081
1127,0,background,0.9280295372009277,0.9280295372009277,0.0016218300443142653,0.07046288996934891
1128,0,background,0.925672173500061,0.925672173500061,0.0016186838038265705,0.0728270411491394
1129,0,background,0.9270263314247131,0.9270263314247131,0.0016194067429751158,0.07147001475095749
1130,0,background,0.9314503073692322,0.9314503073692322,0.0016187091823667288,0.06703956425189972
1131,0,background,0.9276256561279297,0.9276256561279297,0.0016189742600545287,0.07087012380361557
1132,0,background,0.9122191071510315,0.9122191071510315,0.0016182123217731714,0.08630232512950897
1133,0,background,0.9264288544654846,0.9264288544654846,0.001618706970475614,0.07206911593675613
1134,0,background,0.9335545897483826,0.9335545897483826,0.0016225900035351515,0.06492815911769867
1135,0,background,0.7045312523841858,0.7045312523841858,0.0016349784564226866,0.2943149507045746
1136,0,background,0.7045431733131409,0.7045431733131409,0.0016349840443581343,0.2943030595779419
1137,0,background,0.9268053770065308,0.9268053770065308,0.001620652386918664,0.0716901421546936
1138,0,background,0.927483856678009,0.927483856678009,0.0016182278050109744,0.07101283967494965
1139,0,background,0.9248887300491333,0.9248887300491333,0.0016181060345843434,0.07361229509115219
1140,0,background,0.932519257068634,0.932519257068634,0.0016192171024158597,0.0659683495759964
1141,0,background,0.9256519079208374,0.9256519079208374,0.001617566915228963,0.0728483572602272
1142,0,background,0.9071687459945679,0.9071687459945679,0.0016193405026569963,0.09135985374450684
1143,0,background,0.923812747001648,0.923812747001648,0.0016173943877220154,0.07469067722558975
1144,0,background,0.932291567325592,0.932291567325592,0.0016229554312303662,0.06619285047054291
1145,0,background,0.9480476975440979,0.9480476975440979,0.0016162744723260403,0.0504174567759037
1146,0,background,0.6004905104637146,0.6004905104637146,0.0016347840428352356,0.3985261619091034
1147,0,background,0.600490152835846,0.600490152835846,0.0016347832279279828,0.3985265791416168
1148,0,background,0.9282033443450928,0.9282033443450928,0.0016234824433922768,0.07028724253177643
1149,0,background,0.9477011561393738,0.9477011561393738,0.0016089450800791383,0.050771575421094894
1150,0,background,0.9295869469642639,0.9295869469642639,0.0016203545965254307,0.06890436261892319
1151,0,background,0.920569658279419,0.920569658279419,0.001617881003767252,0.07793854922056198
1152,0,background,0.9340384006500244,0.9340384006500244,0.0016203104751184583,0.06444574892520905
1153,0,background,0.9342581629753113,0.9342581629753113,0.0016183032421395183,0.06422747671604156
1154,0,background,0.9485171437263489,0.9485171437263489,0.0016086753457784653,0.04995453357696533
1155,0,background,0.9477387070655823,0.9477387070655823,0.0016376817366108298,0.05070662498474121
1156,0,background,0.9556237459182739,0.9556237459182739,0.0016150737646967173,0.04283040389418602
1157,0,background,0.9514289498329163,0.9514289498329163,0.0016355110565200448,0.04701242595911026
1158,0,background,0.950671911239624,0.950671911239624,0.0016362509923055768,0.04776996001601219
1159,0,background,0.9470603466033936,0.9470603466033936,0.0016326452605426311,0.051390960812568665
1160,0,background,0.9429858326911926,0.9429858326911926,0.0016362774185836315,0.05546867847442627
1161,0,background,0.955919623374939,0.955919623374939,0.0016170848393812776,0.04253211244940758
1162,0,background,0.9583089351654053,0.9583089351654053,0.0016166476998478174,0.040139298886060715
1163,0,background,0.958104133605957,0.958104133605957,0.001618204521946609,0.04034290090203285
1164,0,background,0.5204954743385315,0.5204954743385315,0.0016214926727116108,0.47865915298461914
1165,0,background,0.9507304430007935,0.9507304430007935,0.0016349006909877062,0.04771268740296364
1166,0,background,0.9512351155281067,0.9512351155281067,0.0016324983444064856,0.04720943048596382
1167,0,background,0.9520953297615051,0.9520953297615051,0.0016341584268957376,0.046346232295036316
1168,0,background,0.9529744386672974,0.9529744386672974,0.001631282502785325,0.04546847939491272
1169,0,background,0.9522660970687866,0.9522660970687866,0.0016321649309247732,0.04617711529135704
1170,0,background,0.9508953094482422,0.9508953094482422,0.0016284130979329348,0.047553736716508865
1171,0,background,0.9512101411819458,0.9512101411819458,0.0016330089420080185,0.047233983874320984
1172,0,background,0.9562184810638428,0.9562184810638428,0.0016343971947208047,0.04221610352396965
1173,0,background,0.949688732624054,0.949688732624054,0.0016364112962037325,0.04875466227531433
1174,0,background,0.9483683109283447,0.9483683109283447,0.0016323381569236517,0.05008116364479065
1175,0,background,0.9510548114776611,0.9510548114776611,0.001635717460885644,0.047386959195137024
1176,0,background,0.9517215490341187,0.9517215490341187,0.0016328473575413227,0.04672184959053993
1177,0,background,0.9513050317764282,0.9513050317764282,0.0016344275791198015,0.04713761806488037
1178,0,background,0.9488460421562195,0.9488460421562195,0.0016299340641126037,0.04960482195019722
1179,0,background,0.9503660798072815,0.9503660798072815,0.0016350416699424386,0.048077505081892014
1180,0,background,0.9546108245849609,0.9546108245849609,0.001635134918615222,0.04382568970322609
1181,2,surface_feature,0.7487093210220337,0.25067970156669617,0.0024313926696777344,0.7487093210220337
1182,2,surface_feature,0.7526246905326843,0.24675393104553223,0.0025118733756244183,0.7526246905326843
1183,2,surface_feature,0.7487093210220337,0.25067970156669617,0.0024313926696777344,0.7487093210220337
1184,2,surface_feature,0.7533111572265625,0.24608658254146576,0.0024413270875811577,0.7533111572265625
1185,2,surface_feature,0.7533111572265625,0.24608658254146576,0.0024413270875811577,0.7533111572265625
1186,2,surface_feature,0.7451309561729431,0.2542409300804138,0.0024643861688673496,0.7451309561729431
1187,2,surface_feature,0.7891247868537903,0.21032434701919556,0.0026122983545064926,0.7891247868537903
1188,2,surface_feature,0.7241491675376892,0.2751932442188263,0.002383912680670619,0.7241491675376892
1189,2,surface_feature,0.7244052886962891,0.27493757009506226,0.002384471707046032,0.7244052886962891
1190,2,surface_feature,0.8025455474853516,0.19692851603031158,0.0026635448448359966,0.8025455474853516
1191,2,surface_feature,0.8258993625640869,0.17371372878551483,0.0022223705891519785,0.8258993625640869
1192,2,surface_feature,0.7526251077651978,0.24675352871418,0.002511875703930855,0.7526251077651978
1193,2,surface_feature,0.7555436491966248,0.24383866786956787,0.0025267750024795532,0.7555436491966248
1194,2,surface_feature,0.8268910646438599,0.1727180927991867,0.0022577806375920773,0.8268910646438599
1195,2,surface_feature,0.8268910646438599,0.1727180927991867,0.0022577806375920773,0.8268910646438599
1196,2,surface_feature,0.8201406598091125,0.17944379150867462,0.0023103917483240366,0.8201406598091125
1197,2,surface_feature,0.8201406002044678,0.1794438511133194,0.0023103917483240366,0.8201406002044678
1198,2,surface_feature,0.7555442452430725,0.24383807182312012,0.0025267775636166334,0.7555442452430725
1199,2,surface_feature,0.7588282227516174,0.2405596375465393,0.0025381792802363634,0.7588282227516174
1200,2,surface_feature,0.8306213021278381,0.1689959019422531,0.0022599417716264725,0.8306213021278381
1201,2,surface_feature,0.8306213021278381,0.1689959019422531,0.0022599417716264725,0.8306213021278381
1202,2,surface_feature,0.8194501399993896,0.18013033270835876,0.0023235902190208435,0.8194501399993896
1203,2,surface_feature,0.8194501399993896,0.18013033270835876,0.0023235902190208435,0.8194501399993896
1204,2,surface_feature,0.7588282227516174,0.2405596375465393,0.0025381818413734436,0.7588282227516174
1205,2,surface_feature,0.7552010416984558,0.2441803365945816,0.002527068369090557,0.7552010416984558
1206,2,surface_feature,0.8323336243629456,0.16728714108467102,0.002261806046590209,0.8323336243629456
1207,2,surface_feature,0.8323336243629456,0.16728714108467102,0.002261806046590209,0.8323336243629456
1208,2,surface_feature,0.8183503150939941,0.18122564256191254,0.0023343574721366167,0.8183503150939941
1209,2,surface_feature,0.8183505535125732,0.18122541904449463,0.00233435514383018,0.8183505535125732
1210,2,surface_feature,0.7552026510238647,0.24417872726917267,0.002527079079300165,0.7552026510238647
1211,2,surface_feature,0.753653883934021,0.24572692811489105,0.002513493876904249,0.753653883934021
1212,2,surface_feature,0.8306641578674316,0.16895338892936707,0.0022585478145629168,0.8306641578674316
1213,2,surface_feature,0.8306641578674316,0.16895338892936707,0.0022585478145629168,0.8306641578674316
1214,2,surface_feature,0.8195079565048218,0.18007230758666992,0.0023254635743796825,0.8195079565048218
1215,2,surface_feature,0.819507896900177,0.1800723671913147,0.0023254635743796825,0.819507896900177
1216,2,surface_feature,0.7536537051200867,0.24572710692882538,0.002513491315767169,0.7536537051200867
1217,2,surface_feature,0.7627443075180054,0.23667177557945251,0.0024611225817352533,0.7627443075180054
1218,2,surface_feature,0.8267929553985596,0.17281632125377655,0.0022558094933629036,0.8267929553985596
1219,2,surface_feature,0.8267934918403625,0.17281578481197357,0.0022558094933629036,0.8267934918403625
1220,2,surface_feature,0.8199137449264526,0.1796698421239853,0.0023122939746826887,0.8199137449264526
1221,2,surface_feature,0.8199135661125183,0.17967002093791962,0.0023122939746826887,0.8199135661125183
1222,2,surface_feature,0.7627443075180054,0.23667177557945251,0.0024611225817352533,0.7627443075180054
1223,2,surface_feature,0.7627798318862915,0.23663625121116638,0.0024615114089101553,0.7627798318862915
1224,2,surface_feature,0.7627798318862915,0.23663625121116638,0.0024615114089101553,0.7627798318862915
1225,2,surface_feature,0.762805700302124,0.23661036789417267,0.0024618671741336584,0.762805700302124
1226,2,surface_feature,0.762805700302124,0.23661036789417267,0.0024618671741336584,0.762805700302124
1227,2,surface_feature,0.7628611326217651,0.23655498027801514,0.002462216420099139,0.7628611326217651
1228,2,surface_feature,0.7628611326217651,0.23655498027801514,0.002462216420099139,0.7628611326217651
1229,2,surface_feature,0.7629284858703613,0.2364877164363861,0.002462575910612941,0.7629284858703613
1230,2,surface_feature,0.7629284858703613,0.2364877164363861,0.002462575910612941,0.7629284858703613
1231,2,surface_feature,0.7630056738853455,0.23641063272953033,0.0024629496037960052,0.7630056738853455
1232,2,surface_feature,0.7630056738853455,0.23641063272953033,0.0024629496037960052,0.7630056738853455
1233,2,surface_feature,0.7630981802940369,0.23631824553012848,0.002463332610204816,0.7630981802940369
1234,2,surface_feature,0.7630981802940369,0.23631824553012848,0.002463332610204816,0.7630981802940369
1235,2,surface_feature,0.7632007598876953,0.23621582984924316,0.0024637288879603148,0.7632007598876953
1236,2,surface_feature,0.7632007598876953,0.23621582984924316,0.0024637288879603148,0.7632007598876953
1237,2,surface_feature,0.7633068561553955,0.2361098974943161,0.002464133081957698,0.7633068561553955
1238,2,surface_feature,0.7633068561553955,0.2361098974943161,0.002464133081957698,0.7633068561553955
1239,2,surface_feature,0.7637022733688354,0.2357151061296463,0.0024656348396092653,0.7637022733688354
1240,2,surface_feature,0.7637022733688354,0.2357151061296463,0.0024656348396092653,0.7637022733688354
1241,2,surface_feature,0.7638025283813477,0.23561500012874603,0.002466018544510007,0.7638025283813477
1242,2,surface_feature,0.7638025283813477,0.23561500012874603,0.002466018544510007,0.7638025283813477
1243,2,surface_feature,0.7639041543006897,0.23551353812217712,0.0024664008524268866,0.7639041543006897
1244,2,surface_feature,0.7639041543006897,0.23551353812217712,0.0024664008524268866,0.7639041543006897
1245,2,surface_feature,0.7640092372894287,0.23540861904621124,0.0024667824618518353,0.7640092372894287
1246,2,surface_feature,0.7640092372894287,0.23540861904621124,0.0024667824618518353,0.7640092372894287
1247,2,surface_feature,0.7641123533248901,0.23530568182468414,0.00246716127730906,0.7641123533248901
1248,2,surface_feature,0.7641123533248901,0.23530568182468414,0.00246716127730906,0.7641123533248901
1249,2,surface_feature,0.7642161846160889,0.23520201444625854,0.002467535901814699,0.7642161846160889
1250,2,surface_feature,0.7642161846160889,0.23520201444625854,0.002467535901814699,0.7642161846160889
1251,2,surface_feature,0.7643218636512756,0.2350964993238449,0.0024679030757397413,0.7643218636512756
1252,2,surface_feature,0.7643218636512756,0.2350964993238449,0.0024679030757397413,0.7643218636512756
1253,2,surface_feature,0.7644239664077759,0.2349945604801178,0.002468264661729336,0.7644239664077759
1254,2,surface_feature,0.7644239664077759,0.2349945604801178,0.002468264661729336,0.7644239664077759
1255,2,surface_feature,0.7645223140716553,0.23489639163017273,0.0024686132092028856,0.7645223140716553
1256,2,surface_feature,0.7645223140716553,0.23489639163017273,0.0024686132092028856,0.7645223140716553
1257,2,surface_feature,0.7646257281303406,0.23479314148426056,0.002468949416652322,0.7646257281303406
1258,2,surface_feature,0.7646257281303406,0.23479314148426056,0.002468949416652322,0.7646257281303406
1259,2,surface_feature,0.7647210955619812,0.23469793796539307,0.002469267463311553,0.7647210955619812
1260,2,surface_feature,0.7647210955619812,0.23469793796539307,0.002469267463311553,0.7647210955619812
1261,2,surface_feature,0.7648065090179443,0.23461265861988068,0.0024695706088095903,0.7648065090179443
1262,2,surface_feature,0.7648065090179443,0.23461265861988068,0.0024695706088095903,0.7648065090179443
1263,2,surface_feature,0.7648806571960449,0.23453862965106964,0.0024698220659047365,0.7648806571960449
1264,2,surface_feature,0.7648806571960449,0.23453862965106964,0.0024698220659047365,0.7648806571960449
1265,2,surface_feature,0.7649424076080322,0.2344769984483719,0.0024700264912098646,0.7649424076080322
1266,2,surface_feature,0.7649424076080322,0.2344769984483719,0.0024700264912098646,0.7649424076080322
1267,2,surface_feature,0.7649919986724854,0.23442748188972473,0.002470197854563594,0.7649919986724854
1268,2,surface_feature,0.7649919986724854,0.23442748188972473,0.002470197854563594,0.7649919986724854
1269,2,surface_feature,0.7650298476219177,0.23438970744609833,0.0024703319650143385,0.7650298476219177
1270,2,surface_feature,0.7650298476219177,0.23438970744609833,0.0024703319650143385,0.7650298476219177
1271,2,surface_feature,0.7650553584098816,0.23436422646045685,0.0024704330135136843,0.7650553584098816
1272,2,surface_feature,0.7650553584098816,0.23436422646045685,0.0024704330135136843,0.7650553584098816
1273,2,surface_feature,0.7650676965713501,0.23435190320014954,0.0024704940151423216,0.7650676965713501
1274,2,surface_feature,0.7650676965713501,0.23435190320014954,0.0024704940151423216,0.7650676965713501
1275,2,surface_feature,0.7650659084320068,0.2343536913394928,0.002470515202730894,0.7650659084320068
1276,2,surface_feature,0.7650659084320068,0.2343536913394928,0.002470515202730894,0.7650659084320068
1277,2,surface_feature,0.765048623085022,0.23437093198299408,0.002470491686835885,0.765048623085022
1278,2,surface_feature,0.765048623085022,0.23437093198299408,0.002470491686835885,0.765048623085022
1279,2,surface_feature,0.7732266783714294,0.22619551420211792,0.0025479260366410017,0.7732266783714294
1280,2,surface_feature,0.7732266783714294,0.22619551420211792,0.0025479260366410017,0.7732266783714294
1281,2,surface_feature,0.7628291845321655,0.236587792634964,0.0024582070764154196,0.7628291845321655
1282,2,surface_feature,0.7628291845321655,0.236587792634964,0.0024582070764154196,0.7628291845321655
1283,2,surface_feature,0.7629738450050354,0.23644329607486725,0.0024590773973613977,0.7629738450050354
1284,2,surface_feature,0.7629738450050354,0.23644329607486725,0.0024590773973613977,0.7629738450050354
1285,2,surface_feature,0.7632396221160889,0.23617789149284363,0.002460221294313669,0.7632396221160889
1286,2,surface_feature,0.7632396221160889,0.23617789149284363,0.002460221294313669,0.7632396221160889
1287,2,surface_feature,0.7636039853096008,0.235814169049263,0.0024613181594759226,0.7636039853096008
1288,2,surface_feature,0.7636039853096008,0.235814169049263,0.0024613181594759226,0.7636039853096008
1289,2,surface_feature,0.7637904286384583,0.23562802374362946,0.002461942145600915,0.7637904286384583
1290,2,surface_feature,0.7637904286384583,0.23562802374362946,0.002461942145600915,0.7637904286384583
1291,2,surface_feature,0.7638800144195557,0.2355385720729828,0.0024623931385576725,0.7638800144195557
1292,2,surface_feature,0.7638800144195557,0.2355385720729828,0.0024623943027108908,0.7638800144195557
1293,2,surface_feature,0.7639976739883423,0.2354210615158081,0.0024629661347717047,0.7639976739883423
1294,2,surface_feature,0.7639976739883423,0.2354210615158081,0.0024629647377878428,0.7639976739883423
1295,2,surface_feature,0.7640714049339294,0.23534736037254333,0.0024635952431708574,0.7640714049339294
1296,2,surface_feature,0.7640714049339294,0.23534736037254333,0.0024635952431708574,0.7640714049339294
1297,2,surface_feature,0.76412433385849,0.2352944314479828,0.0024641763884574175,0.76412433385849
1298,2,surface_feature,0.76412433385849,0.2352944314479828,0.0024641752243041992,0.76412433385849
1299,2,surface_feature,0.7674578428268433,0.23196689784526825,0.0024737431667745113,0.7674578428268433
1300,2,surface_feature,0.7674578428268433,0.23196689784526825,0.002473744098097086,0.7674578428268433
1301,2,surface_feature,0.7674961686134338,0.23192855715751648,0.002474257256835699,0.7674961686134338
1302,2,surface_feature,0.7674961686134338,0.23192855715751648,0.002474257256835699,0.7674961686134338
1303,2,surface_feature,0.7675369381904602,0.23188777267932892,0.0024747527204453945,0.7675369381904602
1304,2,surface_feature,0.7675369381904602,0.23188777267932892,0.0024747527204453945,0.7675369381904602
1305,2,surface_feature,0.7676206827163696,0.23180413246154785,0.002475222572684288,0.7676206827163696
1306,2,surface_feature,0.7676206827163696,0.23180413246154785,0.002475222572684288,0.7676206827163696
1307,2,surface_feature,0.7677095532417297,0.2317153662443161,0.002475680550560355,0.7677095532417297
1308,2,surface_feature,0.7677095532417297,0.2317153662443161,0.002475679386407137,0.7677095532417297
1309,2,surface_feature,0.7677987217903137,0.23162631690502167,0.0024761317763477564,0.7677987217903137
1310,2,surface_feature,0.7677987217903137,0.23162631690502167,0.0024761317763477564,0.7677987217903137
1311,2,surface_feature,0.7678874731063843,0.23153768479824066,0.002476582769304514,0.7678874731063843
1312,2,surface_feature,0.7678874731063843,0.23153768479824066,0.002476582769304514,0.7678874731063843
1313,2,surface_feature,0.767975926399231,0.23144933581352234,0.0024770316667854786,0.767975926399231
1314,2,surface_feature,0.767975926399231,0.23144933581352234,0.0024770316667854786,0.767975926399231
1315,2,surface_feature,0.768063485622406,0.23136189579963684,0.0024774805642664433,0.768063485622406
1316,2,surface_feature,0.768063485622406,0.23136189579963684,0.0024774805642664433,0.768063485622406
1317,2,surface_feature,0.7681496143341064,0.23127587139606476,0.002477927366271615,0.7681496143341064
1318,2,surface_feature,0.7681496143341064,0.23127587139606476,0.002477927366271615,0.7681496143341064
1319,2,surface_feature,0.7682350873947144,0.2311905175447464,0.002478373935446143,0.7682350873947144
1320,2,surface_feature,0.7682350873947144,0.2311905175447464,0.002478373935446143,0.7682350873947144
1321,2,surface_feature,0.7683200836181641,0.23110562562942505,0.002478820737451315,0.7683200836181641
1322,2,surface_feature,0.7683200836181641,0.23110562562942505,0.002478820737451315,0.7683200836181641
1323,2,surface_feature,0.7684041857719421,0.23102162778377533,0.0024792784824967384,0.7684041857719421
1324,2,surface_feature,0.7684041857719421,0.23102162778377533,0.0024792784824967384,0.7684041857719421
1325,2,surface_feature,0.7684876322746277,0.23093828558921814,0.0024797406513243914,0.7684876322746277
1326,2,surface_feature,0.7684876322746277,0.23093828558921814,0.0024797406513243914,0.7684876322746277
1327,2,surface_feature,0.7685754299163818,0.23085059225559235,0.0024802007246762514,0.7685754299163818
1328,2,surface_feature,0.7685754299163818,0.23085059225559235,0.0024802007246762514,0.7685754299163818
1329,2,surface_feature,0.7686640620231628,0.2307620644569397,0.002480659866705537,0.7686640620231628
1330,2,surface_feature,0.7686640620231628,0.2307620644569397,0.002480659866705537,0.7686640620231628
1331,2,surface_feature,0.7687580585479736,0.23066820204257965,0.002481118543073535,0.7687580585479736
1332,2,surface_feature,0.7687580585479736,0.23066820204257965,0.002481118543073535,0.7687580585479736
1333,2,surface_feature,0.7688510417938232,0.2305753380060196,0.002481576520949602,0.7688510417938232
1334,2,surface_feature,0.7688510417938232,0.2305753380060196,0.002481576520949602,0.7688510417938232
1335,2,surface_feature,0.7689514756202698,0.230475053191185,0.002482034731656313,0.7689514756202698
1336,2,surface_feature,0.7689514756202698,0.230475053191185,0.002482034731656313,0.7689514756202698
1337,2,surface_feature,0.769054651260376,0.23037202656269073,0.0024824903812259436,0.769054651260376
1338,2,surface_feature,0.769054651260376,0.23037202656269073,0.0024824903812259436,0.769054651260376
1339,2,surface_feature,0.7694874405860901,0.22993986308574677,0.002484425436705351,0.7694874405860901
1340,2,surface_feature,0.7694874405860901,0.22993986308574677,0.002484425436705351,0.7694874405860901
1341,2,surface_feature,0.7695896625518799,0.2298378050327301,0.0024848696775734425,0.7695896625518799
1342,2,surface_feature,0.7695896625518799,0.2298378050327301,0.0024848696775734425,0.7695896625518799
1343,2,surface_feature,0.769687831401825,0.22973978519439697,0.0024853048380464315,0.769687831401825
1344,2,surface_feature,0.769687831401825,0.22973978519439697,0.0024853048380464315,0.769687831401825
1345,2,surface_feature,0.7697820663452148,0.22964566946029663,0.002485725563019514,0.7697820663452148
1346,2,surface_feature,0.7697820663452148,0.22964566946029663,0.002485725563019514,0.7697820663452148
1347,2,surface_feature,0.7698725461959839,0.22955533862113953,0.002486136043444276,0.7698725461959839
1348,2,surface_feature,0.7698725461959839,0.22955533862113953,0.002486136043444276,0.7698725461959839
1349,2,surface_feature,0.769959032535553,0.22946897149085999,0.0024864941369742155,0.769959032535553
1350,2,surface_feature,0.769959032535553,0.22946897149085999,0.0024864941369742155,0.769959032535553
1351,2,surface_feature,0.7700415849685669,0.229386568069458,0.002486775629222393,0.7700415849685669
1352,2,surface_feature,0.7700415849685669,0.229386568069458,0.002486775629222393,0.7700415849685669
1353,2,surface_feature,0.7701207995414734,0.22930747270584106,0.0024870503693819046,0.7701207995414734
1354,2,surface_feature,0.7701207995414734,0.22930747270584106,0.0024870503693819046,0.7701207995414734
1355,2,surface_feature,0.7701975107192993,0.22923089563846588,0.002487315097823739,0.7701975107192993
1356,2,surface_feature,0.7701975107192993,0.22923089563846588,0.002487315097823739,0.7701975107192993
1357,2,surface_feature,0.7702726721763611,0.22915585339069366,0.0024875730741769075,0.7702726721763611
1358,2,surface_feature,0.7702726721763611,0.22915585339069366,0.0024875730741769075,0.7702726721763611
1359,2,surface_feature,0.7703883647918701,0.22904039919376373,0.0024878333788365126,0.7703883647918701
1360,2,surface_feature,0.7703883647918701,0.22904039919376373,0.0024878333788365126,0.7703883647918701
1361,2,surface_feature,0.7705451846122742,0.22888390719890594,0.0024880936834961176,0.7705451846122742
1362,2,surface_feature,0.7705451846122742,0.22888390719890594,0.0024880936834961176,0.7705451846122742
1363,2,surface_feature,0.7707012891769409,0.22872813045978546,0.002488371916115284,0.7707012891769409
1364,2,surface_feature,0.7707012891769409,0.22872813045978546,0.002488371916115284,0.7707012891769409
1365,2,surface_feature,0.7708317637443542,0.22859790921211243,0.002488653641194105,0.7708317637443542
1366,2,surface_feature,0.7708317637443542,0.22859790921211243,0.002488653641194105,0.7708317637443542
1367,2,surface_feature,0.7708613276481628,0.22856836020946503,0.002488939091563225,0.7708613276481628
1368,2,surface_feature,0.7708613276481628,0.22856836020946503,0.002488939091563225,0.7708613276481628
1369,2,surface_feature,0.7708920240402222,0.2285376787185669,0.002489230129867792,0.7708920240402222
1370,2,surface_feature,0.7708920240402222,0.2285376787185669,0.002489230129867792,0.7708920240402222
1371,2,surface_feature,0.7709909081459045,0.2284388244152069,0.0024901418946683407,0.7709909081459045
1372,2,surface_feature,0.7709909081459045,0.2284388244152069,0.0024901418946683407,0.7709909081459045
1373,2,surface_feature,0.7710000276565552,0.22842970490455627,0.002490284154191613,0.7710000276565552
1374,2,surface_feature,0.7710000276565552,0.22842970490455627,0.002490284154191613,0.7710000276565552
1375,2,surface_feature,0.770940363407135,0.22848932445049286,0.0024898317642509937,0.770940363407135
1376,2,surface_feature,0.770940363407135,0.22848932445049286,0.0024898317642509937,0.770940363407135
1377,2,surface_feature,0.7708812355995178,0.22854839265346527,0.002489426638931036,0.7708812355995178
1378,2,surface_feature,0.7708812355995178,0.22854839265346527,0.002489426638931036,0.7708812355995178
1379,2,surface_feature,0.7708225846290588,0.22860698401927948,0.0024890266358852386,0.7708225846290588
1380,2,surface_feature,0.7708225846290588,0.22860698401927948,0.0024890266358852386,0.7708225846290588
1381,2,surface_feature,0.7707642912864685,0.22866523265838623,0.002488628961145878,0.7707642912864685
1382,2,surface_feature,0.7707642912864685,0.22866523265838623,0.002488628961145878,0.7707642912864685
1383,2,surface_feature,0.7707059383392334,0.22872352600097656,0.0024882310535758734,0.7707059383392334
1384,2,surface_feature,0.770706057548523,0.228723406791687,0.0024882324505597353,0.770706057548523
1385,2,surface_feature,0.7705828547477722,0.22884638607501984,0.002487835707142949,0.7705828547477722
1386,2,surface_feature,0.7705828547477722,0.22884638607501984,0.002487835707142949,0.7705828547477722
1387,2,surface_feature,0.7703930139541626,0.2290358543395996,0.0024874478112906218,0.7703930139541626
1388,2,surface_feature,0.7703930139541626,0.2290358543395996,0.0024874478112906218,0.7703930139541626
1389,2,surface_feature,0.7702018618583679,0.22922661900520325,0.002487075049430132,0.7702018618583679
1390,2,surface_feature,0.7702018618583679,0.22922661900520325,0.002487075049430132,0.7702018618583679
1391,2,surface_feature,0.7700166702270508,0.22941142320632935,0.002486703684553504,0.7700166702270508
1392,2,surface_feature,0.7700166702270508,0.22941142320632935,0.002486703684553504,0.7700166702270508
1393,2,surface_feature,0.7699077725410461,0.22952014207839966,0.002486330922693014,0.7699077725410461
1394,2,surface_feature,0.7699077725410461,0.22952014207839966,0.002486330922693014,0.7699077725410461
1395,2,surface_feature,0.7697979807853699,0.2296297550201416,0.00248595979064703,0.7697979807853699
1396,2,surface_feature,0.7697979807853699,0.2296297550201416,0.00248595979064703,0.7697979807853699
1397,2,surface_feature,0.7696875929832458,0.2297399491071701,0.0024855895899236202,0.7696875929832458
1398,2,surface_feature,0.7696875929832458,0.2297399491071701,0.0024855895899236202,0.7696875929832458
1399,2,surface_feature,0.7695763111114502,0.22985103726387024,0.0024852172937244177,0.7695763111114502
1400,2,surface_feature,0.7695763111114502,0.22985103726387024,0.0024852172937244177,0.7695763111114502
1401,2,surface_feature,0.7689830660820007,0.23044337332248688,0.00248278328217566,0.7689830660820007
1402,2,surface_feature,0.7689830660820007,0.23044337332248688,0.00248278328217566,0.7689830660820007
1403,2,surface_feature,0.768825888633728,0.2306002974510193,0.0024821858387440443,0.768825888633728
1404,2,surface_feature,0.768825888633728,0.2306002974510193,0.0024821858387440443,0.768825888633728
1405,2,surface_feature,0.7686716914176941,0.23075425624847412,0.002481586067005992,0.7686716914176941
1406,2,surface_feature,0.7686716914176941,0.23075425624847412,0.002481586067005992,0.7686716914176941
1407,2,surface_feature,0.7685353755950928,0.23089036345481873,0.0024809737224131823,0.7685353755950928
1408,2,surface_feature,0.7685353755950928,0.23089036345481873,0.0024809737224131823,0.7685353755950928
1409,2,surface_feature,0.7684310078620911,0.23099461197853088,0.0024804037529975176,0.7684310078620911
1410,2,surface_feature,0.7684310078620911,0.23099461197853088,0.0024804037529975176,0.7684310078620911
1411,2,surface_feature,0.7683558464050293,0.23106969892978668,0.0024798891972750425,0.7683558464050293
1412,2,surface_feature,0.7683558464050293,0.23106969892978668,0.0024798891972750425,0.7683558464050293
1413,2,surface_feature,0.7683026790618896,0.23112285137176514,0.0024793914053589106,0.7683026790618896
1414,2,surface_feature,0.7683026790618896,0.23112285137176514,0.0024793914053589106,0.7683026790618896
1415,2,surface_feature,0.7682649493217468,0.23116059601306915,0.002478908048942685,0.7682649493217468
1416,2,surface_feature,0.7682649493217468,0.23116059601306915,0.002478908048942685,0.7682649493217468
1417,2,surface_feature,0.7682436108589172,0.23118199408054352,0.002478431910276413,0.7682436108589172
1418,2,surface_feature,0.7682436108589172,0.23118199408054352,0.002478431910276413,0.7682436108589172
1419,2,surface_feature,0.7682288885116577,0.231196790933609,0.0024779601953923702,0.7682288885116577
1420,2,surface_feature,0.7682288885116577,0.231196790933609,0.0024779601953923702,0.7682288885116577
1421,2,surface_feature,0.7682129144668579,0.23121283948421478,0.0024774959310889244,0.7682129144668579
1422,2,surface_feature,0.7682129144668579,0.23121283948421478,0.0024774959310889244,0.7682129144668579
1423,2,surface_feature,0.7681919932365417,0.23123382031917572,0.0024770116433501244,0.7681919932365417
1424,2,surface_feature,0.7681919932365417,0.23123382031917572,0.0024770116433501244,0.7681919932365417
1425,2,surface_feature,0.7681611180305481,0.23126472532749176,0.0024764942936599255,0.7681611180305481
1426,2,surface_feature,0.7681611776351929,0.23126466572284698,0.0024764942936599255,0.7681611776351929
1427,2,surface_feature,0.7681156396865845,0.23131023347377777,0.002475936198607087,0.7681156396865845
1428,2,surface_feature,0.7681156396865845,0.23131023347377777,0.002475936198607087,0.7681156396865845
1429,2,surface_feature,0.7680636644363403,0.2313622236251831,0.0024753203615546227,0.7680636644363403
1430,2,surface_feature,0.7680636644363403,0.2313622236251831,0.0024753191974014044,0.7680636644363403
1431,0,background,0.4923185706138611,0.4923185706138611,0.0017038981895893812,0.5068411231040955
1432,0,background,0.4846932888031006,0.4846932888031006,0.0017050373135134578,0.514478862285614
