face_id,pred_label,pred_name,pred_confidence,prob_background,prob_rivet,prob_surface_feature
1,0,background,0.8045095801353455,0.8045095801353455,0.0013818639563396573,0.1943771094083786
2,0,background,0.9040182828903198,0.9040182828903198,0.0013814284466207027,0.0947311520576477
3,0,background,0.8243491649627686,0.8243491649627686,0.0013767862692475319,0.17451432347297668
4,0,background,0.9385167956352234,0.9385167956352234,0.0013813377590849996,0.06018499657511711
5,0,background,0.8986436128616333,0.8986436128616333,0.0013741054572165012,0.10011985898017883
6,0,background,0.8927424550056458,0.8927424550056458,0.001397652318701148,0.10600805282592773
7,0,background,0.8125199675559998,0.8125199675559998,0.001406271243467927,0.18633578717708588
8,0,background,0.9049142003059387,0.9049142003059387,0.00138146395329386,0.09383400529623032
9,0,background,0.877380907535553,0.877380907535553,0.0014065143186599016,0.12138330936431885
10,0,background,0.8997086882591248,0.8997086882591248,0.0013720092829316854,0.09905523806810379
11,0,background,0.811822235584259,0.811822235584259,0.0013803926995024085,0.18705560266971588
12,0,background,0.9389908909797668,0.9389908909797668,0.0013817877043038607,0.059709787368774414
13,0,background,0.936915397644043,0.936915397644043,0.0013652925845235586,0.061803728342056274
14,0,background,0.9026868343353271,0.9026868343353271,0.0013757055858150125,0.0960695892572403
15,0,background,0.9202749729156494,0.9202749729156494,0.0013723516603931785,0.07846034318208694
16,0,background,0.8105674982070923,0.8105674982070923,0.00140458217356354,0.18829238414764404
17,0,background,0.9142601490020752,0.9142601490020752,0.0013823694316670299,0.08447425812482834
18,0,background,0.8957114815711975,0.8957114815711975,0.0013981894589960575,0.10303434729576111
19,0,background,0.9201257228851318,0.9201257228851318,0.001371998805552721,0.07861011475324631
20,0,background,0.8693658113479614,0.8693658113479614,0.001410073833540082,0.12940654158592224
21,0,background,0.9026960134506226,0.9026960134506226,0.001375920488499105,0.09606023877859116
22,0,background,0.9029666781425476,0.9029666781425476,0.001369982841424644,0.09579460322856903
23,0,background,0.9029256105422974,0.9029256105422974,0.0013696200912818313,0.09583604335784912
24,0,background,0.861887514591217,0.861887514591217,0.0014088817406445742,0.1368965208530426
25,0,background,0.8994645476341248,0.8994645476341248,0.0013735695974901319,0.09929826110601425
26,0,background,0.8993139863014221,0.8993139863014221,0.0013731570215895772,0.09944937378168106
27,0,background,0.8645979166030884,0.8645979166030884,0.0014093366917222738,0.13418182730674744
28,0,background,0.9046066999435425,0.9046066999435425,0.0013692985521629453,0.09415290504693985
29,0,background,0.9044883847236633,0.9044883847236633,0.001368979923427105,0.09427164494991302
30,0,background,0.8662187457084656,0.8662187457084656,0.0014009492006152868,0.13256601989269257
31,0,background,0.9050638675689697,0.9050638675689697,0.0013722007861360908,0.09369249641895294
32,0,background,0.9050366878509521,0.9050366878509521,0.0013717616675421596,0.09372011572122574
33,0,background,0.8641693592071533,0.8641693592071533,0.0014104061992838979,0.13461008667945862
34,0,background,0.9005520939826965,0.9005520939826965,0.0013666865415871143,0.09821543842554092
35,0,background,0.9003919959068298,0.9003919959068298,0.001366497133858502,0.09837593138217926
36,0,background,0.84368896484375,0.84368896484375,0.0014070046599954367,0.15512225031852722
37,0,background,0.9033867716789246,0.9033867716789246,0.0013747586635872722,0.0953695997595787
38,0,background,0.9032452702522278,0.9032452702522278,0.001374556915834546,0.09551147371530533
39,0,background,0.787842333316803,0.787842333316803,0.001405728398822248,0.21104863286018372
40,0,background,0.8985275030136108,0.8985275030136108,0.0013716317480430007,0.1002383679151535
41,0,background,0.898384153842926,0.898384153842926,0.0013714599190279841,0.10038207471370697
42,0,background,0.9011439681053162,0.9011439681053162,0.0013824569759890437,0.0976085215806961
43,0,background,0.9005415439605713,0.9005415439605713,0.0013782522873952985,0.09821560233831406
44,0,background,0.9023091793060303,0.9023091793060303,0.0013835482532158494,0.09644071012735367
45,0,background,0.9031937122344971,0.9031937122344971,0.00137419905513525,0.0955633893609047
46,0,background,0.9031942486763,0.9031942486763,0.0013741983566433191,0.09556286036968231
47,0,background,0.9022949934005737,0.9022949934005737,0.0013835442950949073,0.0964549109339714
48,0,background,0.9005162715911865,0.9005162715911865,0.0013782011810690165,0.09824097156524658
49,0,background,0.90107262134552,0.90107262134552,0.0013824418419972062,0.0976799800992012
50,0,background,0.9337237477302551,0.9337237477302551,0.0014104042202234268,0.06495744735002518
51,1,rivet,0.9988788962364197,0.0010293293744325638,0.9988788962364197,0.08186069875955582
52,0,background,0.823443591594696,0.823443591594696,0.002850428456440568,0.17420253157615662
53,1,rivet,0.9988144636154175,0.0011083809658885002,0.9988144636154175,0.0650806725025177
54,0,background,0.869195818901062,0.869195818901062,0.001391487312503159,0.12959298491477966
55,0,background,0.9346587061882019,0.9346587061882019,0.0014052879996597767,0.06402601301670074
56,1,rivet,0.9983464479446411,0.0015264718094840646,0.9983464479446411,0.07685288041830063
57,0,background,0.8694222569465637,0.8694222569465637,0.0013941852375864983,0.12936392426490784
58,1,rivet,0.9982989430427551,0.0015682504745200276,0.9982989430427551,0.07807287573814392
59,0,background,0.9325063228607178,0.9325063228607178,0.0014113568468019366,0.06617569923400879
60,1,rivet,0.9988954067230225,0.0010245530866086483,0.9988954067230225,0.07246120274066925
61,1,rivet,0.9988954067230225,0.0010245464509353042,0.9988954067230225,0.07246723026037216
62,1,rivet,0.9988954067230225,0.0010245504090562463,0.9988954067230225,0.07246369868516922
63,1,rivet,0.9988954067230225,0.001024550525471568,0.9988954067230225,0.07246352732181549
64,1,rivet,0.9988954067230225,0.0010245464509353042,0.9988954067230225,0.07246719300746918
65,1,rivet,0.9988954067230225,0.001024553319439292,0.9988954067230225,0.07246097922325134
66,1,rivet,0.9988825917243958,0.0010245578596368432,0.9988825917243958,0.08309447765350342
67,1,rivet,0.9988864064216614,0.001018865150399506,0.9988864064216614,0.08506554365158081
68,1,rivet,0.9988932013511658,0.001026079640723765,0.9988932013511658,0.0729302167892456
69,1,rivet,0.9988932013511658,0.0010260792914777994,0.9988932013511658,0.07293044030666351
70,1,rivet,0.9988932013511658,0.0010260776616632938,0.9988932013511658,0.07293196022510529
71,1,rivet,0.9988932013511658,0.0010260778944939375,0.9988932013511658,0.07293179631233215
72,1,rivet,0.9988932013511658,0.0010260794078931212,0.9988932013511658,0.07293035089969635
73,1,rivet,0.9988932013511658,0.0010260798735544086,0.9988932013511658,0.07292997092008591
74,1,rivet,0.9988797307014465,0.0010281000286340714,0.9988797307014465,0.08227419853210449
75,0,background,0.8820721507072449,0.8820721507072449,0.0013798841973766685,0.11670900136232376
76,0,background,0.9093690514564514,0.9093690514564514,0.001369022880680859,0.0893842875957489
77,0,background,0.8940573930740356,0.8940573930740356,0.00137303804513067,0.10471329092979431
78,0,background,0.9261383414268494,0.9261383414268494,0.0013722131261602044,0.07258906960487366
79,0,background,0.6136378645896912,0.6136378645896912,0.0014070100151002407,0.385497510433197
80,0,background,0.8716489672660828,0.8716489672660828,0.0013752379454672337,0.12715065479278564
81,0,background,0.8794910311698914,0.8794910311698914,0.0013779024593532085,0.11929546296596527
82,0,background,0.8887906074523926,0.8887906074523926,0.001373151782900095,0.10998725146055222
83,0,background,0.9037503004074097,0.9037503004074097,0.0013737325789406896,0.0950065329670906
84,0,background,0.8879083395004272,0.8879083395004272,0.0013726335018873215,0.11087121814489365
85,0,background,0.8863962292671204,0.8863962292671204,0.0013737815897911787,0.11238440126180649
86,0,background,0.880714476108551,0.880714476108551,0.0013739170972257853,0.11807385087013245
87,0,background,0.8904451727867126,0.8904451727867126,0.0013720105635002255,0.10833143442869186
88,0,background,0.8808545470237732,0.8808545470237732,0.001374434563331306,0.11793308705091476
89,0,background,0.9027867317199707,0.9027867317199707,0.00137331651058048,0.09597174823284149
90,0,background,0.9003430604934692,0.9003430604934692,0.0013684050645679235,0.09842322766780853
91,0,background,0.9025596976280212,0.9025596976280212,0.001368223805911839,0.09620368480682373
92,0,background,0.9028977155685425,0.9028977155685425,0.0013733800733461976,0.09586058557033539
93,0,background,0.8808720707893372,0.8808720707893372,0.001374441897496581,0.1179155558347702
94,0,background,0.890450656414032,0.890450656414032,0.0013720333809033036,0.10832595080137253
95,0,background,0.8809207081794739,0.8809207081794739,0.001373960287310183,0.11786729842424393
96,0,background,0.8882614374160767,0.8882614374160767,0.0013739661080762744,0.1105165109038353
97,0,background,0.8867146372795105,0.8867146372795105,0.0013744065072387457,0.11206497997045517
98,0,background,0.9265096187591553,0.9265096187591553,0.0013753008097410202,0.07221437245607376
99,0,background,0.9106168746948242,0.9106168746948242,0.0013720204588025808,0.08813200145959854
100,0,background,0.9093790650367737,0.9093790650367737,0.0013692054199054837,0.08937413990497589
101,0,background,0.9113326668739319,0.9113326668739319,0.001385555020533502,0.08740288019180298
102,0,background,0.903189480304718,0.903189480304718,0.001385561772622168,0.09555735439062119
103,0,background,0.9149730205535889,0.9149730205535889,0.0013797336723655462,0.08376283198595047
104,0,background,0.9226740002632141,0.9226740002632141,0.001382157439365983,0.07604892551898956
105,0,background,0.9099581837654114,0.9099581837654114,0.0013874955475330353,0.08877753466367722
106,0,background,0.9068956971168518,0.9068956971168518,0.0013832200784236193,0.09184812009334564
107,0,background,0.8960645198822021,0.8960645198822021,0.0013781210873275995,0.1026989072561264
108,0,background,0.9109377861022949,0.9109377861022949,0.00138719636015594,0.08779683709144592
109,0,background,0.8819257616996765,0.8819257616996765,0.0013861213810741901,0.11685008555650711
110,0,background,0.9198165535926819,0.9198165535926819,0.0014093461213633418,0.0788852646946907
111,0,background,0.9172385931015015,0.9172385931015015,0.0013897080207243562,0.08148496598005295
112,0,background,0.9172309041023254,0.9172309041023254,0.0013896337477490306,0.08149271458387375
113,0,background,0.9198086857795715,0.9198086857795715,0.0014092702185735106,0.07889319956302643
114,0,background,0.8820371031761169,0.8820371031761169,0.0013860698090866208,0.11673867702484131
115,0,background,0.9109686017036438,0.9109686017036438,0.0013871063711121678,0.08776600658893585
116,0,background,0.8961986899375916,0.8961986899375916,0.0013781236484646797,0.10256451368331909
117,0,background,0.9069725871086121,0.9069725871086121,0.0013832030817866325,0.0917712077498436
118,0,background,0.9094382524490356,0.9094382524490356,0.0013872591080144048,0.08929833769798279
119,0,background,0.9227010011672974,0.9227010011672974,0.0013821844477206469,0.07602190226316452
120,0,background,0.9149718880653381,0.9149718880653381,0.0013797414721921086,0.0837639644742012
121,0,background,0.9031941890716553,0.9031941890716553,0.0013855643337592483,0.09555261582136154
122,0,background,0.911929190158844,0.911929190158844,0.0013855511788278818,0.08680551499128342
123,0,background,0.9275233149528503,0.9275233149528503,0.0013991852756589651,0.07117709517478943
124,0,background,0.8977616429328918,0.8977616429328918,0.0014074991922825575,0.10097295045852661
125,0,background,0.9085094928741455,0.9085094928741455,0.0013984751421958208,0.09021821618080139
126,0,background,0.9072275757789612,0.9072275757789612,0.0014024884440004826,0.0914982482790947
127,0,background,0.8983315825462341,0.8983315825462341,0.0014059437671676278,0.10040360689163208
128,0,background,0.9286816716194153,0.9286816716194153,0.0013998529175296426,0.07001644372940063
129,1,rivet,0.9988061189651489,0.0011129670310765505,0.9988061189651489,0.0677739605307579
130,1,rivet,0.9988160133361816,0.0011043072445318103,0.9988160133361816,0.06729760020971298
131,0,background,0.9064443111419678,0.9064443111419678,0.0013622845290228724,0.09231919795274734
132,0,background,0.9061288237571716,0.9061288237571716,0.0013627840671688318,0.09263461083173752
133,0,background,0.9152169823646545,0.9152169823646545,0.0013659961987286806,0.08353110402822495
134,0,background,0.9110162258148193,0.9110162258148193,0.0013655247166752815,0.0877380296587944
135,1,rivet,0.9988418221473694,0.001029564649797976,0.9988418221473694,0.11104787141084671
136,1,rivet,0.9988182187080383,0.0011050719767808914,0.9988182187080383,0.06490985304117203
137,1,rivet,0.9988225102424622,0.0011010521557182074,0.9988225102424622,0.0649157240986824
138,1,rivet,0.9988402724266052,0.0010250891791656613,0.9988402724266052,0.11609481275081635
139,1,rivet,0.998815655708313,0.0011074045905843377,0.998815655708313,0.06496398895978928
140,0,background,0.635367751121521,0.635367751121521,0.0013910009292885661,0.3637472689151764
141,0,background,0.9086695313453674,0.9086695313453674,0.0016727421898394823,0.08980793505907059
142,0,background,0.9037829041481018,0.9037829041481018,0.0013912777649238706,0.09495791792869568
143,0,background,0.9337140917778015,0.9337140917778015,0.0014468954177573323,0.0649329349398613
144,0,background,0.9387909173965454,0.9387909173965454,0.0013890834525227547,0.05990319699048996
145,0,background,0.9338738918304443,0.9338738918304443,0.0014710852410644293,0.06475026905536652
146,0,background,0.8969048857688904,0.8969048857688904,0.0014238463481888175,0.10181623697280884
147,0,background,0.9335767030715942,0.9335767030715942,0.0014482199912890792,0.06506931781768799
148,0,background,0.9038402438163757,0.9038402438163757,0.0013912897557020187,0.0949004665017128
149,0,background,0.9389630556106567,0.9389630556106567,0.0013907637912780046,0.05972929671406746
150,0,background,0.9339075684547424,0.9339075684547424,0.0014715715078637004,0.06471609324216843
151,0,background,0.9045369625091553,0.9045369625091553,0.0014057853259146214,0.09418967366218567
152,0,background,0.9104117751121521,0.9104117751121521,0.0013819495216012,0.08832836896181107
153,0,background,0.8885066509246826,0.8885066509246826,0.0014126946916803718,0.11023642122745514
154,0,background,0.9030933976173401,0.9030933976173401,0.0014056332875043154,0.09563537687063217
155,0,background,0.9091889262199402,0.9091889262199402,0.0013771108351647854,0.08955730497837067
156,0,background,0.9025372266769409,0.9025372266769409,0.001415356993675232,0.09618350863456726
157,0,background,0.9291558861732483,0.9291558861732483,0.0014179082354530692,0.06952477246522903
158,0,background,0.8613054752349854,0.8613054752349854,0.0013797153951600194,0.13750451803207397
159,0,background,0.9379848837852478,0.9379848837852478,0.0013811731478199363,0.06071781367063522
160,0,background,0.9373946189880371,0.9373946189880371,0.0013828777009621263,0.06130724027752876
161,0,background,0.9295786619186401,0.9295786619186401,0.00140072510112077,0.06911740452051163
162,0,background,0.8450806736946106,0.8450806736946106,0.0013859760947525501,0.15374644100666046
163,0,background,0.9099715948104858,0.9099715948104858,0.001381319249048829,0.08876965194940567
164,0,background,0.9239683151245117,0.9239683151245117,0.0013961836230009794,0.07473986595869064
165,0,background,0.9249569773674011,0.9249569773674011,0.0013990546576678753,0.07374712824821472
166,0,background,0.92527836561203,0.92527836561203,0.0013973568566143513,0.07342687249183655
167,0,background,0.9240347743034363,0.9240347743034363,0.0013956278562545776,0.07467374205589294
168,0,background,0.9104273915290833,0.9104273915290833,0.001379893976263702,0.08831457048654556
169,0,background,0.8449353575706482,0.8449353575706482,0.0013863311614841223,0.15389162302017212
170,0,background,0.9037556052207947,0.9037556052207947,0.00138464430347085,0.09499132633209229
171,0,background,0.9052034020423889,0.9052034020423889,0.0013802554458379745,0.09354545921087265
172,0,background,0.8948299288749695,0.8948299288749695,0.0013891805429011583,0.10392523556947708
173,0,background,0.8988151550292969,0.8988151550292969,0.0013850940158590674,0.09993812441825867
174,0,background,0.8910689353942871,0.8910689353942871,0.001374075305648148,0.1077050194144249
175,0,background,0.8980312347412109,0.8980312347412109,0.0013810055097565055,0.10072691738605499
176,0,background,0.8974888920783997,0.8974888920783997,0.0013778101420029998,0.1012728363275528
177,0,background,0.897484302520752,0.897484302520752,0.0013778101420029998,0.1012774109840393
178,0,background,0.8979169726371765,0.8979169726371765,0.0013810357777401805,0.1008412167429924
179,0,background,0.8910709619522095,0.8910709619522095,0.0013740924187004566,0.10770296305418015
180,0,background,0.8984947800636292,0.8984947800636292,0.0013852647971361876,0.10025883466005325
181,0,background,0.8947444558143616,0.8947444558143616,0.0013892032438889146,0.10401082783937454
182,0,background,0.862573504447937,0.862573504447937,0.0014004303375259042,0.13621681928634644
183,0,background,0.8993118405342102,0.8993118405342102,0.0013890867121517658,0.09943719953298569
184,0,background,0.9375713467597961,0.9375713467597961,0.0013713372172787786,0.06114117428660393
185,0,background,0.8542276620864868,0.8542276620864868,0.0014008318539708853,0.14457404613494873
186,0,background,0.8974138498306274,0.8974138498306274,0.001388430711813271,0.10133843123912811
187,0,background,0.9374774098396301,0.9374774098396301,0.0013715103268623352,0.061235055327415466
188,0,background,0.930834949016571,0.930834949016571,0.0013991858577355742,0.06786084920167923
189,0,background,0.8721053600311279,0.8721053600311279,0.00141848623752594,0.12665581703186035
190,0,background,0.860515832901001,0.860515832901001,0.0014167784247547388,0.1382632851600647
191,0,background,0.8364635705947876,0.8364635705947876,0.0014214017428457737,0.162345752120018
192,0,background,0.9125239253044128,0.9125239253044128,0.0013851514086127281,0.08621030300855637
193,0,background,0.9125692844390869,0.9125692844390869,0.0013849535025656223,0.08616508543491364
194,0,background,0.8396250605583191,0.8396250605583191,0.0014214504044502974,0.15917973220348358
195,0,background,0.9353312849998474,0.9353312849998474,0.0013814028352499008,0.06337490677833557
196,0,background,0.88687664270401,0.88687664270401,0.0014139614067971706,0.11186758428812027
197,0,background,0.84183669090271,0.84183669090271,0.0014049815945327282,0.15697883069515228
198,0,background,0.9411961436271667,0.9411961436271667,0.0013651573099195957,0.057517159730196
199,0,background,0.8847465515136719,0.8847465515136719,0.0014148288173601031,0.1139998808503151
200,0,background,0.8526099324226379,0.8526099324226379,0.0014034716878086329,0.1461917906999588
201,0,background,0.9413933157920837,0.9413933157920837,0.0013650150503963232,0.05731995031237602
202,0,background,0.934873104095459,0.934873104095459,0.0013802193570882082,0.0638347715139389
203,0,background,0.8645545840263367,0.8645545840263367,0.0014183835592120886,0.13421738147735596
204,0,background,0.7815662622451782,0.7815662622451782,0.0014420190127566457,0.21730506420135498
205,0,background,0.8020537495613098,0.8020537495613098,0.0014422512613236904,0.19678781926631927
206,0,background,0.8915479183197021,0.8915479183197021,0.0014097918756306171,0.10719341039657593
207,0,background,0.8924737572669983,0.8924737572669983,0.0014100824482738972,0.10626605153083801
208,0,background,0.8811041116714478,0.8811041116714478,0.0014110315823927522,0.1176508367061615
209,0,background,0.8901365995407104,0.8901365995407104,0.0014099630061537027,0.10860659927129745
210,0,background,0.9203376173973083,0.9203376173973083,0.0014461680548265576,0.07832948863506317
211,0,background,0.8837887644767761,0.8837887644767761,0.0014089972246438265,0.11496426910161972
212,0,background,0.8908566236495972,0.8908566236495972,0.001408012816682458,0.10788729041814804
213,0,background,0.8816171884536743,0.8816171884536743,0.001409446820616722,0.11713846772909164
214,0,background,0.9410670399665833,0.9410670399665833,0.0013743947492912412,0.0576377734541893
215,0,background,0.8319963812828064,0.8319963812828064,0.0013820871245115995,0.16685213148593903
216,0,background,0.9358997941017151,0.9358997941017151,0.001397276297211647,0.06279066950082779
217,0,background,0.8398792147636414,0.8398792147636414,0.001410933444276452,0.15893405675888062
218,0,background,0.8442061543464661,0.8442061543464661,0.0014016658533364534,0.15460890531539917
219,0,background,0.8946821689605713,0.8946821689605713,0.001410429715178907,0.10405415296554565
220,0,background,0.8443715572357178,0.8443715572357178,0.0014016577042639256,0.15444329380989075
221,0,background,0.9022619724273682,0.9022619724273682,0.0013845039065927267,0.09648708254098892
222,0,background,0.9071270227432251,0.9071270227432251,0.0013942477526143193,0.09160646051168442
223,0,background,0.9275882244110107,0.9275882244110107,0.0013934026937931776,0.07111749053001404
224,0,background,0.9275983572006226,0.9275983572006226,0.00139308487996459,0.07110762596130371
225,0,background,0.8972796201705933,0.8972796201705933,0.0014099086401984096,0.10145357251167297
226,0,background,0.913631796836853,0.913631796836853,0.0013905685627833009,0.08509592711925507
227,0,background,0.913583517074585,0.913583517074585,0.0013912513386458158,0.08514367789030075
228,0,background,0.8524463176727295,0.8524463176727295,0.00141152401920408,0.14634878933429718
229,0,background,0.8393909335136414,0.8393909335136414,0.0014125386951491237,0.15942175686359406
230,0,background,0.902564525604248,0.902564525604248,0.001397967804223299,0.09617194533348083
231,0,background,0.8601434230804443,0.8601434230804443,0.001417212886735797,0.13863582909107208
232,0,background,0.9025710821151733,0.9025710821151733,0.0013979723444208503,0.09616533666849136
233,0,background,0.8394326567649841,0.8394326567649841,0.0014125360175967216,0.1593799740076065
234,0,background,0.8969923257827759,0.8969923257827759,0.0013922586804255843,0.10175710171461105
235,0,background,0.8763067126274109,0.8763067126274109,0.001383982365950942,0.12247885018587112
236,0,background,0.8931030631065369,0.8931030631065369,0.0013921339996159077,0.10565190017223358
237,0,background,0.8756279945373535,0.8756279945373535,0.001384710893034935,0.1231578141450882
238,0,background,0.8289164304733276,0.8289164304733276,0.0014215423725545406,0.16990354657173157
239,0,background,0.9000142216682434,0.9000142216682434,0.0014061641413718462,0.09871837496757507
240,0,background,0.8314897418022156,0.8314897418022156,0.0014029692392796278,0.16734206676483154
241,0,background,0.8358670473098755,0.8358670473098755,0.0014227402862161398,0.16294197738170624
242,0,background,0.8993428945541382,0.8993428945541382,0.0014065203722566366,0.09939035773277283
243,0,background,0.821330189704895,0.821330189704895,0.001406139344908297,0.17751328647136688
244,0,background,0.9149309992790222,0.9149309992790222,0.0013909413246437907,0.08379460126161575
245,0,background,0.8677648305892944,0.8677648305892944,0.0014120322884991765,0.13100813329219818
246,0,background,0.9054422974586487,0.9054422974586487,0.0014182120794430375,0.09327174723148346
247,0,background,0.8072535395622253,0.8072535395622253,0.0014015736524015665,0.19161343574523926
248,0,background,0.817918062210083,0.817918062210083,0.0014066878939047456,0.18092979490756989
249,0,background,0.9150652289390564,0.9150652289390564,0.0013909810222685337,0.08366009593009949
250,0,background,0.867656409740448,0.867656409740448,0.0014122764114290476,0.13111647963523865
251,0,background,0.8502050638198853,0.8502050638198853,0.0014050898607820272,0.14859868586063385
252,0,background,0.9098572134971619,0.9098572134971619,0.0013866613153368235,0.08887939900159836
253,0,background,0.8228952288627625,0.8228952288627625,0.0014116921229287982,0.17594146728515625
254,0,background,0.9099650382995605,0.9099650382995605,0.001387562369927764,0.0887705609202385
255,0,background,0.9238258004188538,0.9238258004188538,0.0013881807681173086,0.07488995790481567
256,0,background,0.9297932982444763,0.9297932982444763,0.0013939309865236282,0.06890889257192612
257,0,background,0.9238060712814331,0.9238060712814331,0.0013881345512345433,0.07490977644920349
258,0,background,0.9280465245246887,0.9280465245246887,0.0014417966594919562,0.07061349600553513
259,0,background,0.8599444031715393,0.8599444031715393,0.0013941135257482529,0.13885511457920074
260,0,background,0.9237529039382935,0.9237529039382935,0.0013927009422332048,0.07495876401662827
261,0,background,0.9148234128952026,0.9148234128952026,0.0014005230041220784,0.0838935375213623
262,0,background,0.8683299422264099,0.8683299422264099,0.001395113649778068,0.13045690953731537
263,0,background,0.9137806296348572,0.9137806296348572,0.0013993658358231187,0.08493885397911072
264,0,background,0.9218010306358337,0.9218010306358337,0.0013919842895120382,0.07691403478384018
265,0,background,0.8683480024337769,0.8683480024337769,0.0013951283181086183,0.13043884932994843
266,0,background,0.859968900680542,0.859968900680542,0.001394129591062665,0.13883048295974731
267,0,background,0.9045608639717102,0.9045608639717102,0.0014013302279636264,0.09416978061199188
268,0,background,0.9399813413619995,0.9399813413619995,0.0014008611906319857,0.05870003625750542
269,0,background,0.895356297492981,0.895356297492981,0.0014048678567633033,0.10338407009840012
270,0,background,0.8910448551177979,0.8910448551177979,0.0014058428350836039,0.10770073533058167
271,0,background,0.9392381310462952,0.9392381310462952,0.0014034289633855224,0.05944187194108963
272,0,background,0.9001376628875732,0.9001376628875732,0.001402141759172082,0.09859844297170639
273,0,background,0.9392459392547607,0.9392459392547607,0.0013718041591346264,0.05946384370326996
274,0,background,0.8621109127998352,0.8621109127998352,0.0013957582414150238,0.1366841048002243
275,0,background,0.876654863357544,0.876654863357544,0.0014123766450211406,0.122105173766613
276,0,background,0.9052810072898865,0.9052810072898865,0.0014052778715267777,0.09344499558210373
277,0,background,0.8759296536445618,0.8759296536445618,0.0014143222942948341,0.12282977253198624
278,0,background,0.9167813062667847,0.9167813062667847,0.0014178595738485456,0.08191700279712677
279,0,background,0.9185410737991333,0.9185410737991333,0.0013937372714281082,0.0801769495010376
280,0,background,0.839386522769928,0.839386522769928,0.001388014294207096,0.15944677591323853
281,0,background,0.8475725054740906,0.8475725054740906,0.0013634811621159315,0.15127024054527283
282,0,background,0.9179116487503052,0.9179116487503052,0.001391796744428575,0.08080907166004181
283,0,background,0.8848453760147095,0.8848453760147095,0.0013708441983908415,0.11394000798463821
284,0,background,0.9402767419815063,0.9402767419815063,0.0013610038440674543,0.05844174325466156
285,0,background,0.9373615384101868,0.9373615384101868,0.001363170798867941,0.061358943581581116
286,0,background,0.8453044891357422,0.8453044891357422,0.0014106391463428736,0.15350142121315002
287,0,background,0.8770625591278076,0.8770625591278076,0.001400116947479546,0.12170775979757309
288,0,background,0.8462066054344177,0.8462066054344177,0.001410402823239565,0.15259820222854614
289,0,background,0.8646660447120667,0.8646660447120667,0.0014028262812644243,0.13411925733089447
290,0,background,0.865969181060791,0.865969181060791,0.0014130688505247235,0.13280542194843292
291,0,background,0.875845730304718,0.875845730304718,0.0013998989015817642,0.1229265034198761
292,0,background,0.862159788608551,0.862159788608551,0.0014155396493151784,0.13661809265613556
293,0,background,0.8741317391395569,0.8741317391395569,0.0014002809766680002,0.1246425062417984
294,0,background,0.844637930393219,0.844637930393219,0.0014172311639413238,0.15416333079338074
295,0,background,0.8654043078422546,0.8654043078422546,0.001407059608027339,0.1333763152360916
296,0,background,0.8506962060928345,0.8506962060928345,0.0014176111435517669,0.14809611439704895
297,0,background,0.8805119395256042,0.8805119395256042,0.0014015149790793657,0.11825224757194519
298,0,background,0.851938009262085,0.851938009262085,0.0014130661729723215,0.14685650169849396
299,0,background,0.8661154508590698,0.8661154508590698,0.001404573442414403,0.13266627490520477
300,0,background,0.863299548625946,0.863299548625946,0.0014060416724532843,0.1354849487543106
301,0,background,0.890653133392334,0.890653133392334,0.0013862454798072577,0.10811049491167068
302,0,background,0.9329382181167603,0.9329382181167603,0.0013912513386458158,0.06576202064752579
303,0,background,0.8628053069114685,0.8628053069114685,0.0014029939193278551,0.13598254323005676
304,0,background,0.8993712067604065,0.8993712067604065,0.0014017171924933791,0.09936638176441193
305,0,background,0.9068782329559326,0.9068782329559326,0.0013905459782108665,0.09185896068811417
306,0,background,0.9375929236412048,0.9375929236412048,0.0013667248422279954,0.061123915016651154
307,0,background,0.8399718999862671,0.8399718999862671,0.0014215614646673203,0.15883229672908783
308,0,background,0.8918004035949707,0.8918004035949707,0.0013992266030982137,0.1069500595331192
309,0,background,0.8582807779312134,0.8582807779312134,0.0013979877112433314,0.1405176967382431
310,0,background,0.845160186290741,0.845160186290741,0.0014059264212846756,0.15364986658096313
311,0,background,0.8646280765533447,0.8646280765533447,0.0014129469636827707,0.13414855301380157
312,0,background,0.8442935943603516,0.8442935943603516,0.0014072539051994681,0.15451660752296448
313,0,background,0.9393283724784851,0.9393283724784851,0.0013751174556091428,0.05937813222408295
314,0,background,0.9296359419822693,0.9296359419822693,0.0013975710608065128,0.06906300783157349
315,0,background,0.9271037578582764,0.9271037578582764,0.0013988413847982883,0.07159753888845444
316,0,background,0.9314253926277161,0.9314253926277161,0.0013837768929079175,0.06728392094373703
317,0,background,0.8991889953613281,0.8991889953613281,0.0013663552235811949,0.09958069026470184
318,0,background,0.9392477869987488,0.9392477869987488,0.0013715310487896204,0.05946227163076401
319,0,background,0.9347699284553528,0.9347699284553528,0.001381228561513126,0.06393717229366302
320,0,background,0.9358330965042114,0.9358330965042114,0.0013783612521365285,0.06287521123886108
321,0,background,0.9329793453216553,0.9329793453216553,0.0013854014687240124,0.06572636216878891
322,0,background,0.9057607650756836,0.9057607650756836,0.0013715103268623352,0.09299527853727341
323,0,background,0.9392403364181519,0.9392403364181519,0.0013717924011871219,0.059469468891620636
324,0,background,0.9296385049819946,0.9296385049819946,0.0013975710608065128,0.06906042248010635
325,0,background,0.8475969433784485,0.8475969433784485,0.0013634688220918179,0.1512458175420761
326,0,background,0.8398370146751404,0.8398370146751404,0.0013882204657420516,0.15899550914764404
327,0,background,0.9185256361961365,0.9185256361961365,0.0013939270284026861,0.0801922157406807
328,0,background,0.9271045327186584,0.9271045327186584,0.0013988360296934843,0.07159674167633057
329,0,background,0.9314246773719788,0.9314246773719788,0.0013837761944159865,0.06728462874889374
330,0,background,0.9393242001533508,0.9393242001533508,0.0013751069782301784,0.0593823678791523
331,0,background,0.8991880416870117,0.8991880416870117,0.0013663566205650568,0.09958166629076004
332,0,background,0.9168556332588196,0.9168556332588196,0.0014182269806042314,0.08184219896793365
333,0,background,0.8623723983764648,0.8623723983764648,0.001395926927216351,0.13642209768295288
334,0,background,0.8768858909606934,0.8768858909606934,0.0014123598812147975,0.1218739002943039
335,0,background,0.9178902506828308,0.9178902506828308,0.0013919550692662597,0.08083036541938782
336,0,background,0.9053587913513184,0.9053587913513184,0.0014056654181331396,0.09336681663990021
337,0,background,0.8647447824478149,0.8647447824478149,0.0014129442861303687,0.13403168320655823
338,0,background,0.8627910614013672,0.8627910614013672,0.001402993337251246,0.1359967440366745
339,0,background,0.845304012298584,0.845304012298584,0.0014106399612501264,0.15350183844566345
340,0,background,0.8770602345466614,0.8770602345466614,0.001400116947479546,0.12171004712581635
341,0,background,0.8462064266204834,0.8462064266204834,0.0014104035217314959,0.15259836614131927
342,0,background,0.8646628260612488,0.8646628260612488,0.0014028262812644243,0.13412250578403473
343,0,background,0.8659717440605164,0.8659717440605164,0.0014130674535408616,0.132802814245224
344,0,background,0.8994547128677368,0.8994547128677368,0.001401711255311966,0.09928275644779205
345,0,background,0.876162052154541,0.876162052154541,0.0014143073931336403,0.12259702384471893
346,0,background,0.8432685732841492,0.8432685732841492,0.001405717572197318,0.15554432570934296
347,0,background,0.840157151222229,0.840157151222229,0.0014215749688446522,0.1586468517780304
348,0,background,0.8740670680999756,0.8740670680999756,0.0014002876123413444,0.12470728158950806
349,0,background,0.8621007204055786,0.8621007204055786,0.0014155579265207052,0.13667720556259155
350,0,background,0.8757917284965515,0.8757917284965515,0.0013999035581946373,0.1229805275797844
351,0,background,0.844575822353363,0.844575822353363,0.0014172506053000689,0.1542254388332367
352,0,background,0.8652483820915222,0.8652483820915222,0.001407058211043477,0.13353238999843597
353,0,background,0.8902674317359924,0.8902674317359924,0.0013990693259984255,0.10848529636859894
354,0,background,0.8457098007202148,0.8457098007202148,0.0014071721816435456,0.153098464012146
355,0,background,0.9063963294029236,0.9063963294029236,0.0013905293308198452,0.09234152734279633
356,0,background,0.8506259322166443,0.8506259322166443,0.0014180114958435297,0.14816614985466003
357,0,background,0.8803315758705139,0.8803315758705139,0.0014019449008628726,0.11843252927064896
358,0,background,0.8518139719963074,0.8518139719963074,0.0014134328812360764,0.14698033034801483
359,0,background,0.8657636642456055,0.8657636642456055,0.0014050282770767808,0.13301822543144226
360,0,background,0.8646858334541321,0.8646858334541321,0.0014066363219171762,0.1340962052345276
361,0,background,0.8577990531921387,0.8577990531921387,0.0013974792091175914,0.14100050926208496
362,0,background,0.9333001375198364,0.9333001375198364,0.0013930770801380277,0.06539786607027054
363,0,background,0.93748539686203,0.93748539686203,0.0013676643138751388,0.06123067066073418
364,0,background,0.932961106300354,0.932961106300354,0.0013854732969775796,0.06574451923370361
365,0,background,0.8888524174690247,0.8888524174690247,0.001386720105074346,0.10991328954696655
366,0,background,0.9347842931747437,0.9347842931747437,0.0013813127297908068,0.06392265111207962
367,0,background,0.8849299550056458,0.8849299550056458,0.0013708110200241208,0.11385530233383179
368,0,background,0.9402889609336853,0.9402889609336853,0.0013609669404104352,0.058429621160030365
369,0,background,0.9373823404312134,0.9373823404312134,0.0013631677720695734,0.06133812665939331
370,0,background,0.9358381628990173,0.9358381628990173,0.001378531800583005,0.06286994367837906
371,0,background,0.9057972431182861,0.9057972431182861,0.0013718021800741553,0.09295842796564102
372,0,background,0.9392558932304382,0.9392558932304382,0.0013715310487896204,0.05945413187146187
373,0,background,0.93892902135849,0.93892902135849,0.0013562131207436323,0.05979589372873306
374,0,background,0.938897967338562,0.938897967338562,0.0013558450154960155,0.059827301651239395
375,0,background,0.861391007900238,0.861391007900238,0.0013638610253110528,0.13743259012699127
376,0,background,0.9317882657051086,0.9317882657051086,0.0013611846370622516,0.06694167852401733
377,0,background,0.8816271424293518,0.8816271424293518,0.0013738084817305207,0.11715993285179138
378,0,background,0.9055593609809875,0.9055593609809875,0.001427299459464848,0.09314624220132828
379,0,background,0.9294368624687195,0.9294368624687195,0.0014578410191461444,0.06920617073774338
380,0,background,0.9398075938224792,0.9398075938224792,0.0014069630997255445,0.058868296444416046
381,0,background,0.9053900837898254,0.9053900837898254,0.0014269337989389896,0.09331613034009933
382,0,background,0.9398375153541565,0.9398375153541565,0.001407224452123046,0.05883809179067612
383,0,background,0.9291357398033142,0.9291357398033142,0.0014572220388799906,0.06950829178094864
384,0,background,0.9358616471290588,0.9358616471290588,0.0013954631285741925,0.06283058226108551
385,0,background,0.9346794486045837,0.9346794486045837,0.0014474348863586783,0.06396567821502686
386,0,background,0.9348529577255249,0.9348529577255249,0.0014484724961221218,0.06379098445177078
387,0,background,0.9359695315361023,0.9359695315361023,0.00139587779995054,0.06272212415933609
388,0,background,0.939009964466095,0.939009964466095,0.0013558464124798775,0.05971512570977211
389,0,background,0.9388775825500488,0.9388775825500488,0.0013564559631049633,0.059847138822078705
390,0,background,0.8623826503753662,0.8623826503753662,0.0013638981617987156,0.13643954694271088
391,0,background,0.9316917657852173,0.9316917657852173,0.0013616131618618965,0.0670379027724266
392,0,background,0.8814699053764343,0.8814699053764343,0.0013739863643422723,0.11731725931167603
393,0,background,0.93803471326828,0.93803471326828,0.0013509426498785615,0.06069633364677429
394,0,background,0.9382181763648987,0.9382181763648987,0.0013514457968994975,0.06051218882203102
395,0,background,0.8436505794525146,0.8436505794525146,0.0013611199101433158,0.1551995575428009
396,0,background,0.8667607307434082,0.8667607307434082,0.0013737848494201899,0.1320468634366989
397,0,background,0.9269031882286072,0.9269031882286072,0.0013576644705608487,0.07183663547039032
398,0,background,0.9045920968055725,0.9045920968055725,0.001427247072570026,0.0941150113940239
399,0,background,0.9283547401428223,0.9283547401428223,0.0014570999192073941,0.07029057294130325
400,0,background,0.9391729831695557,0.9391729831695557,0.001406000112183392,0.0595046803355217
401,0,background,0.9044075012207031,0.9044075012207031,0.001426755916327238,0.0943002924323082
402,0,background,0.9391738772392273,0.9391738772392273,0.0014062076807022095,0.05950361117720604
403,0,background,0.9279204607009888,0.9279204607009888,0.0014563542790710926,0.0707261860370636
404,0,background,0.9351601600646973,0.9351601600646973,0.0014485953142866492,0.06348323822021484
405,0,background,0.9365603923797607,0.9365603923797607,0.0013960060896351933,0.06213032454252243
406,0,background,0.9364439845085144,0.9364439845085144,0.0013953588204458356,0.06224753335118294
407,0,background,0.9350628852844238,0.9350628852844238,0.0014481028774753213,0.06358108669519424
408,0,background,0.938141405582428,0.938141405582428,0.0013514425372704864,0.06058909744024277
409,0,background,0.9381113052368164,0.9381113052368164,0.0013507644180208445,0.06061980128288269
410,0,background,0.8437373638153076,0.8437373638153076,0.0013611976755782962,0.15511254966259003
411,0,background,0.8692799806594849,0.8692799806594849,0.0013740321155637503,0.12952400743961334
412,0,background,0.9272140264511108,0.9272140264511108,0.001357420114800334,0.07152561843395233
413,0,background,0.7776857614517212,0.7776857614517212,0.0013983212411403656,0.2212252914905548
414,0,background,0.6183280944824219,0.6183280944824219,0.0013669891050085425,0.3808255195617676
415,0,background,0.7786201238632202,0.7786201238632202,0.0013981143711134791,0.22028976678848267
416,0,background,0.8268325328826904,0.8268325328826904,0.001390822813846171,0.17201590538024902
417,0,background,0.5682175159454346,0.5682175159454346,0.0013802717439830303,0.4309971034526825
418,0,background,0.8258677124977112,0.8258677124977112,0.001391079043969512,0.1729818731546402
419,0,background,0.8250350952148438,0.8250350952148438,0.0013796783750876784,0.17382508516311646
420,0,background,0.8635585308074951,0.8635585308074951,0.0013818343868479133,0.13524651527404785
421,0,background,0.5939032435417175,0.5939032435417175,0.0013713352382183075,0.4052811563014984
422,0,background,0.8636754155158997,0.8636754155158997,0.001381710055284202,0.13512960076332092
423,0,background,0.8254474997520447,0.8254474997520447,0.0013795747654512525,0.17341220378875732
424,0,background,0.7082638740539551,0.7082638740539551,0.0013752083759754896,0.29076075553894043
425,0,background,0.7607985734939575,0.7607985734939575,0.001399101223796606,0.23813553154468536
426,0,background,0.8508710861206055,0.8508710861206055,0.00138454744592309,0.14794921875
427,0,background,0.8108675479888916,0.8108675479888916,0.0013810055097565055,0.18801112473011017
428,0,background,0.8054830431938171,0.8054830431938171,0.001392940990626812,0.19339340925216675
429,0,background,0.6114884614944458,0.6114884614944458,0.001381163951009512,0.3876658082008362
430,0,background,0.8064901232719421,0.8064901232719421,0.0013927300460636616,0.19238507747650146
431,0,background,0.8110889196395874,0.8110889196395874,0.0013809798983857036,0.1877894252538681
432,0,background,0.7196987867355347,0.7196987867355347,0.0013766046613454819,0.27930909395217896
433,0,background,0.6272556781768799,0.6272556781768799,0.001372132683172822,0.3718824088573456
434,0,background,0.8508999943733215,0.8508999943733215,0.0013844253262504935,0.14792035520076752
435,0,background,0.7617965340614319,0.7617965340614319,0.0013989367289468646,0.23713628947734833
436,0,background,0.6495159268379211,0.6495159268379211,0.001370023237541318,0.34959298372268677
437,0,background,0.9004857540130615,0.9004857540130615,0.0013825655914843082,0.09826748818159103
438,0,background,0.9164700508117676,0.9164700508117676,0.0013777633430436254,0.08226557821035385
439,0,background,0.9206649661064148,0.9206649661064148,0.0013816534774377942,0.07806124538183212
440,0,background,0.8640695810317993,0.8640695810317993,0.0013933628797531128,0.1347247064113617
441,0,background,0.6520363688468933,0.6520363688468933,0.0013721223222091794,0.34706777334213257
442,0,background,0.8671270608901978,0.8671270608901978,0.0013931712601333857,0.13166315853595734
443,0,background,0.9212211966514587,0.9212211966514587,0.0013818428851664066,0.07750412076711655
444,0,background,0.5138401389122009,0.5138401389122009,0.0013692367356270552,0.48545533418655396
445,0,background,0.5651953816413879,0.5651953816413879,0.001370180631056428,0.43402910232543945
446,0,background,0.9173658490180969,0.9173658490180969,0.0013780081644654274,0.08136824518442154
447,0,background,0.9022805094718933,0.9022805094718933,0.00138224964030087,0.09647056460380554
448,0,background,0.5260424613952637,0.5260424613952637,0.0013799570733681321,0.4732305705547333
449,0,background,0.892702043056488,0.892702043056488,0.001382065354846418,0.10606245696544647
450,0,background,0.9236452579498291,0.9236452579498291,0.0013711327919736505,0.0750865563750267
451,0,background,0.9142466187477112,0.9142466187477112,0.0013822574401274323,0.08448789268732071
452,0,background,0.8889837265014648,0.8889837265014648,0.0013857735320925713,0.1097826212644577
453,0,background,0.6027030348777771,0.6027030348777771,0.0013667697785422206,0.39647212624549866
454,0,background,0.8913668394088745,0.8913668394088745,0.001385561772622168,0.10739641636610031
455,0,background,0.9151366353034973,0.9151366353034973,0.001382458838634193,0.08359643816947937
456,0,background,0.6024541258811951,0.6024541258811951,0.001359444810077548,0.39672577381134033
457,0,background,0.5017804503440857,0.5017804503440857,0.0013781229499727488,0.4975270628929138
458,0,background,0.9242581725120544,0.9242581725120544,0.0013713182415813208,0.07447259873151779
459,0,background,0.8949328660964966,0.8949328660964966,0.0013818350853398442,0.10382877290248871
460,0,background,0.5810393691062927,0.5810393691062927,0.0013774702092632651,0.4181591868400574
461,0,background,0.8803916573524475,0.8803916573524475,0.0014030026504769921,0.11837142705917358
462,0,background,0.9203100800514221,0.9203100800514221,0.001393040525726974,0.07840611785650253
463,0,background,0.9140198826789856,0.9140198826789856,0.0013871367555111647,0.08471046388149261
464,0,background,0.899044394493103,0.899044394493103,0.0013925371458753943,0.09970185160636902
465,0,background,0.6355032920837402,0.6355032920837402,0.001389139681123197,0.3636126220226288
466,0,background,0.9007889628410339,0.9007889628410339,0.0013922890648245811,0.097955122590065
467,0,background,0.9146362543106079,0.9146362543106079,0.0013874908909201622,0.08409298956394196
468,0,background,0.6358301043510437,0.6358301043510437,0.0013779536820948124,0.36329254508018494
469,0,background,0.5753626227378845,0.5753626227378845,0.0013732577208429575,0.42384618520736694
470,0,background,0.9208428859710693,0.9208428859710693,0.001393137383274734,0.07787244021892548
471,0,background,0.882687509059906,0.882687509059906,0.0014027621364220977,0.11607260257005692
472,0,background,0.7057856917381287,0.7057856917381287,0.0013809438096359372,0.2932383418083191
473,0,background,0.8779394030570984,0.8779394030570984,0.0013920955825597048,0.1208367645740509
474,0,background,0.921332597732544,0.921332597732544,0.0013817574363201857,0.0773925706744194
475,0,background,0.9110977053642273,0.9110977053642273,0.0013933914015069604,0.08763106912374496
476,0,background,0.8965656161308289,0.8965656161308289,0.0013963804813101888,0.10218071192502975
477,0,background,0.6649953126907349,0.6649953126907349,0.0013755339896306396,0.33408868312835693
478,0,background,0.8981721997261047,0.8981721997261047,0.001396161038428545,0.10057205706834793
479,0,background,0.9118244051933289,0.9118244051933289,0.0013934856979176402,0.08690320700407028
480,0,background,0.6615908741950989,0.6615908741950989,0.001366579788736999,0.3375037908554077
481,0,background,0.5556493401527405,0.5556493401527405,0.001384839415550232,0.44358009099960327
482,0,background,0.9218162894248962,0.9218162894248962,0.001382071990519762,0.0769079402089119
483,0,background,0.8798518776893616,0.8798518776893616,0.001391959609463811,0.11892169713973999
484,0,background,0.7230622172355652,0.7230622172355652,0.0013884862419217825,0.2759324610233307
485,0,background,0.7572631239891052,0.7572631239891052,0.001399025204591453,0.2416759431362152
486,0,background,0.8492979407310486,0.8492979407310486,0.0013844035565853119,0.1495247185230255
487,0,background,0.810115396976471,0.810115396976471,0.001380731351673603,0.1887645125389099
488,0,background,0.8025164604187012,0.8025164604187012,0.001392839476466179,0.19636423885822296
489,0,background,0.6119763851165771,0.6119763851165771,0.0013810488162562251,0.3871772885322571
490,0,background,0.8037532567977905,0.8037532567977905,0.0013926386600360274,0.19512583315372467
491,0,background,0.8105736970901489,0.8105736970901489,0.0013806879287585616,0.18830561637878418
492,0,background,0.7180933356285095,0.7180933356285095,0.0013765706680715084,0.28091683983802795
493,0,background,0.6282737255096436,0.6282737255096436,0.001371817197650671,0.3708631694316864
494,0,background,0.8495268821716309,0.8495268821716309,0.0013842862099409103,0.14929550886154175
495,0,background,0.7586986422538757,0.7586986422538757,0.0013988680439069867,0.24023856222629547
496,0,background,0.6498053073883057,0.6498053073883057,0.0013698001857846975,0.34930339455604553
497,0,background,0.7742323279380798,0.7742323279380798,0.0013982340460643172,0.22468362748622894
498,0,background,0.6177118420600891,0.6177118420600891,0.0013667510356754065,0.38144272565841675
499,0,background,0.7755011320114136,0.7755011320114136,0.0013980451039969921,0.22341316938400269
500,0,background,0.8242400884628296,0.8242400884628296,0.0013907274696975946,0.17461198568344116
501,0,background,0.569080114364624,0.569080114364624,0.001380156958475709,0.4301334023475647
502,0,background,0.8230271935462952,0.8230271935462952,0.0013909743865951896,0.17582638561725616
503,0,background,0.8207702040672302,0.8207702040672302,0.0013796179555356503,0.17809586226940155
504,0,background,0.8624078035354614,0.8624078035354614,0.0013817481230944395,0.13639892637729645
505,0,background,0.5937818288803101,0.5937818288803101,0.0013713117223232985,0.405402809381485
506,0,background,0.8626720905303955,0.8626720905303955,0.0013816270511597395,0.13613435626029968
507,0,background,0.821421205997467,0.821421205997467,0.001379526685923338,0.17744404077529907
508,0,background,0.7116182446479797,0.7116182446479797,0.0013752967352047563,0.2874017357826233
509,0,background,0.9002984166145325,0.9002984166145325,0.001382498536258936,0.09845525026321411
510,0,background,0.9162992238998413,0.9162992238998413,0.0013776820851489902,0.08243664354085922
511,0,background,0.9205928444862366,0.9205928444862366,0.0013815942220389843,0.07813352346420288
512,0,background,0.863518476486206,0.863518476486206,0.00139332574326545,0.1352766752243042
513,0,background,0.6524002552032471,0.6524002552032471,0.0013720105635002255,0.3467033803462982
514,0,background,0.8666383624076843,0.8666383624076843,0.0013931368011981249,0.13215261697769165
515,0,background,0.9211550951004028,0.9211550951004028,0.0013817877043038607,0.07757028192281723
516,0,background,0.5138006806373596,0.5138006806373596,0.0013691630447283387,0.48549485206604004
517,0,background,0.5652773380279541,0.5652773380279541,0.001370132900774479,0.4339471161365509
518,0,background,0.9172120690345764,0.9172120690345764,0.0013779307482764125,0.08152236044406891
519,0,background,0.9021151065826416,0.9021151065826416,0.001382186426781118,0.09663629531860352
520,0,background,0.5258545279502869,0.5258545279502869,0.0013798867585137486,0.47341880202293396
521,0,background,0.8923253417015076,0.8923253417015076,0.0013820140156894922,0.10643976181745529
522,0,background,0.9235959053039551,0.9235959053039551,0.0013710388448089361,0.07513609528541565
523,0,background,0.9140458106994629,0.9140458106994629,0.0013822087785229087,0.08468899875879288
524,0,background,0.8885954022407532,0.8885954022407532,0.0013856897130608559,0.11017152667045593
525,0,background,0.6031693816184998,0.6031693816184998,0.0013666781596839428,0.39600512385368347
526,0,background,0.8910177946090698,0.8910177946090698,0.001385482493788004,0.10774601995944977
527,0,background,0.9149548411369324,0.9149548411369324,0.0013824128545820713,0.08377853780984879
528,0,background,0.6026985049247742,0.6026985049247742,0.0013594086049124599,0.39648109674453735
529,0,background,0.5015841126441956,0.5015841126441956,0.0013780855806544423,0.4977237284183502
530,0,background,0.9242140650749207,0.9242140650749207,0.0013712308136746287,0.07451686263084412
531,0,background,0.8946425318717957,0.8946425318717957,0.0013817870058119297,0.10411954671144485
532,0,background,0.5814881324768066,0.5814881324768066,0.00137741316575557,0.4177098572254181
533,0,background,0.8800577521324158,0.8800577521324158,0.0014029158046469092,0.11870584636926651
534,0,background,0.920258641242981,0.920258641242981,0.0013929522829130292,0.07845769822597504
535,0,background,0.9139123558998108,0.9139123558998108,0.0013870628317818046,0.08481823652982712
536,0,background,0.8988961577415466,0.8988961577415466,0.001392478821799159,0.09985040128231049
537,0,background,0.6357892751693726,0.6357892751693726,0.0013890430564060807,0.36332637071609497
538,0,background,0.9006549119949341,0.9006549119949341,0.0013922341167926788,0.09808941930532455
539,0,background,0.9145363569259644,0.9145363569259644,0.0013874220894649625,0.08419302850961685
540,0,background,0.6367254257202148,0.6367254257202148,0.0013779019936919212,0.3623960614204407
541,0,background,0.5753896236419678,0.5753896236419678,0.0013732342049479485,0.4238191246986389
542,0,background,0.9207965731620789,0.9207965731620789,0.0013930543791502714,0.0779189020395279
543,0,background,0.8823838829994202,0.8823838829994202,0.0014026793651282787,0.11637669056653976
544,0,background,0.7060709595680237,0.7060709595680237,0.001380852423608303,0.2929527163505554
545,0,background,0.8777145743370056,0.8777145743370056,0.0013920345809310675,0.12106190621852875
546,0,background,0.9213146567344666,0.9213146567344666,0.0013816929422318935,0.07741058617830276
547,0,background,0.9109867811203003,0.9109867811203003,0.0013933103764429688,0.08774217218160629
548,0,background,0.896290123462677,0.896290123462677,0.0013962872326374054,0.10245661437511444
549,0,background,0.6655464768409729,0.6655464768409729,0.0013754338724538684,0.33353686332702637
550,0,background,0.8979295492172241,0.8979295492172241,0.0013960725627839565,0.10081513226032257
551,0,background,0.9117213487625122,0.9117213487625122,0.0013934114249423146,0.08700641989707947
552,0,background,0.662361204624176,0.662361204624176,0.0013665308943018317,0.3367323577404022
553,0,background,0.5554792881011963,0.5554792881011963,0.0013847958762198687,0.44375044107437134
554,0,background,0.9218048453330994,0.9218048453330994,0.0013820113381370902,0.07691942155361176
555,0,background,0.8796480298042297,0.8796480298042297,0.0013919019838795066,0.11912588030099869
556,0,background,0.7232314348220825,0.7232314348220825,0.0013883942738175392,0.27576306462287903
557,0,background,0.8861868381500244,0.8861868381500244,0.0013934491435065866,0.11257661879062653
558,0,background,0.8862791657447815,0.8862791657447815,0.0013935036258772016,0.11248406767845154
559,0,background,0.8861345648765564,0.8861345648765564,0.001394907128997147,0.11262764781713486
560,0,background,0.8860391974449158,0.8860391974449158,0.0013948518317192793,0.11272314935922623
561,0,background,0.8984751105308533,0.8984751105308533,0.0014105344889685512,0.1002558097243309
562,0,background,0.8984794616699219,0.8984794616699219,0.0014103638241067529,0.10025157779455185
563,0,background,0.9358426928520203,0.9358426928520203,0.0014085068833082914,0.06283731758594513
564,0,background,0.9122853875160217,0.9122853875160217,0.0014060563407838345,0.08643009513616562
565,0,background,0.9123146533966064,0.9123146533966064,0.0014060845132917166,0.08640075474977493
566,0,background,0.9358826279640198,0.9358826279640198,0.0014110066695138812,0.0627950057387352
567,0,background,0.9290330410003662,0.9290330410003662,0.0014120625564828515,0.06965327262878418
568,0,background,0.9290539026260376,0.9290539026260376,0.0014120436972007155,0.069632388651371
569,0,background,0.9117188453674316,0.9117188453674316,0.0014062926638871431,0.08699722588062286
570,0,background,0.9117431044578552,0.9117431044578552,0.0014063222333788872,0.08697288483381271
571,0,background,0.8862178921699524,0.8862178921699524,0.0013936808099970222,0.11254532635211945
572,0,background,0.8861389756202698,0.8861389756202698,0.0013936382019892335,0.11262435466051102
573,0,background,0.898604691028595,0.898604691028595,0.0014085222501307726,0.10012782365083694
574,0,background,0.8985916376113892,0.8985916376113892,0.0014086905866861343,0.1001407578587532
575,0,background,0.8856434226036072,0.8856434226036072,0.0013936097966507077,0.11312060803174973
576,0,background,0.885564923286438,0.885564923286438,0.0013935626484453678,0.11319927871227264
577,0,background,0.9357176423072815,0.9357176423072815,0.0014082420384511352,0.0629628449678421
578,0,background,0.9117181301116943,0.9117181301116943,0.0014062438858672976,0.08699795603752136
579,0,background,0.9117410182952881,0.9117410182952881,0.0014062706613913178,0.08697505295276642
580,0,background,0.9356740713119507,0.9356740713119507,0.001408886513672769,0.06300580501556396
581,0,background,0.9291146993637085,0.9291146993637085,0.0014121810672804713,0.06957139819860458
582,0,background,0.9291346073150635,0.9291346073150635,0.0014121622079983354,0.06955146789550781
583,0,background,0.9120296239852905,0.9120296239852905,0.0014062009286135435,0.08668609708547592
584,0,background,0.9120008945465088,0.9120008945465088,0.0014061714755371213,0.08671486377716064
585,0,background,0.6272530555725098,0.6272530555725098,0.0013787668431177735,0.3718808889389038
586,0,background,0.647511899471283,0.647511899471283,0.0013798335567116737,0.35159334540367126
587,0,background,0.9237127900123596,0.9237127900123596,0.0014058741508051753,0.07498674839735031
588,0,background,0.9407750964164734,0.9407750964164734,0.0013973714085295796,0.05790850147604942
589,2,surface_feature,0.5026525259017944,0.4966617822647095,0.0013786946656182408,0.5026525259017944
590,0,background,0.656821608543396,0.656821608543396,0.0013857570011168718,0.34226688742637634
591,0,background,0.5813801288604736,0.5813801288604736,0.0013872676063328981,0.41781219840049744
592,0,background,0.5198414325714111,0.5198414325714111,0.0013870232505723834,0.4794364869594574
593,0,background,0.9411681294441223,0.9411681294441223,0.0013967601116746664,0.05751543119549751
594,0,background,0.9243670701980591,0.9243670701980591,0.0014051694888621569,0.07433216273784637
595,0,background,0.6811292171478271,0.6811292171478271,0.001371256890706718,0.3179354667663574
596,0,background,0.5099877715110779,0.5099877715110779,0.0013670555781573057,0.4893140494823456
597,0,background,0.5395493507385254,0.5395493507385254,0.001392890582792461,0.4596981108188629
598,0,background,0.9315759539604187,0.9315759539604187,0.0014166731853038073,0.06710241734981537
599,0,background,0.5343517065048218,0.5343517065048218,0.0013929158449172974,0.46490293741226196
600,0,background,0.5759984254837036,0.5759984254837036,0.001383532420732081,0.4232035279273987
601,0,background,0.9272392392158508,0.9272392392158508,0.0014166299952194095,0.07144536823034286
602,0,background,0.5931068062782288,0.5931068062782288,0.0013888294342905283,0.4060683250427246
603,0,background,0.9271216988563538,0.9271216988563538,0.0014168836642056704,0.07156280428171158
604,0,background,0.5314310789108276,0.5314310789108276,0.001374804531224072,0.4678373336791992
605,2,surface_feature,0.5186149477958679,0.48072049021720886,0.0013805025955662131,0.5186149477958679
606,0,background,0.931094229221344,0.931094229221344,0.0014168067136779428,0.06758469343185425
607,0,background,0.5441690683364868,0.5441690683364868,0.0013886952074244618,0.45507416129112244
608,0,background,0.5751395225524902,0.5751395225524902,0.0013908578548580408,0.4240594208240509
609,0,background,0.5295506715774536,0.5295506715774536,0.0013885933440178633,0.4697129726409912
610,0,background,0.5182964205741882,0.5182964205741882,0.0013861239422112703,0.4809841513633728
611,0,background,0.9390389919281006,0.9390389919281006,0.0013948646374046803,0.05964934825897217
612,0,background,0.9394249320030212,0.9394249320030212,0.0013906314270570874,0.05926685407757759
613,2,surface_feature,0.5540119409561157,0.4453740119934082,0.0013767960481345654,0.5540119409561157
614,0,background,0.9401614665985107,0.9401614665985107,0.0013893552822992206,0.058530427515506744
615,0,background,0.5140976905822754,0.5140976905822754,0.0013851718977093697,0.48518919944763184
616,0,background,0.6262453198432922,0.6262453198432922,0.0013775541447103024,0.37289077043533325
617,0,background,0.9398407936096191,0.9398407936096191,0.0013941434444859624,0.0588470883667469
618,2,surface_feature,0.5561797618865967,0.4432116746902466,0.0013711993815377355,0.5561797618865967
619,0,background,0.5939933657646179,0.5939933657646179,0.001389333396218717,0.4051802158355713
620,0,background,0.9260504841804504,0.9260504841804504,0.0014172979863360524,0.07263515144586563
621,0,background,0.5892594456672668,0.5892594456672668,0.0013837022706866264,0.4099240303039551
622,0,background,0.5287870764732361,0.5287870764732361,0.0013932004803791642,0.4704751670360565
623,0,background,0.9309783577919006,0.9309783577919006,0.0014175066025927663,0.06770008057355881
624,0,background,0.5294987559318542,0.5294987559318542,0.0013904732186347246,0.46976402401924133
625,0,background,0.9320709109306335,0.9320709109306335,0.00141649111174047,0.06660694628953934
626,2,surface_feature,0.5261322259902954,0.4732133150100708,0.0013811048120260239,0.5261322259902954
627,0,background,0.5429327487945557,0.5429327487945557,0.0013764441246166825,0.4563189148902893
628,0,background,0.9279962778091431,0.9279962778091431,0.0014158484991639853,0.07068797200918198
629,0,background,0.573383629322052,0.573383629322052,0.0013890773989260197,0.4258188009262085
630,0,background,0.5356030464172363,0.5356030464172363,0.0013870139373466372,0.463653028011322
631,0,background,0.9348475337028503,0.9348475337028503,0.0014233028050512075,0.0638200119137764
632,0,background,0.9010869264602661,0.9010869264602661,0.0014169247588142753,0.09763449430465698
633,0,background,0.9096232652664185,0.9096232652664185,0.0013989533763378859,0.08910240232944489
634,0,background,0.9224216938018799,0.9224216938018799,0.0013916157186031342,0.07629287987947464
635,0,background,0.5917553305625916,0.5917553305625916,0.0013869405956938863,0.4074227511882782
636,0,background,0.6128355264663696,0.6128355264663696,0.0013896411983296275,0.38631168007850647
637,0,background,0.9147331118583679,0.9147331118583679,0.0014345761155709624,0.08395277708768845
638,0,background,0.9363745450973511,0.9363745450973511,0.001399663626216352,0.06231304630637169
639,2,surface_feature,0.5416094660758972,0.45775195956230164,0.0013931075809523463,0.5416094660758972
640,0,background,0.6169347167015076,0.6169347167015076,0.001389132346957922,0.38220709562301636
641,0,background,0.916150689125061,0.916150689125061,0.0014325979864224792,0.08253494650125504
642,0,background,0.9383890628814697,0.9383890628814697,0.0013894749572500587,0.06030525639653206
643,0,background,0.9307829141616821,0.9307829141616821,0.00139073864556849,0.06792079657316208
644,0,background,0.9374266862869263,0.9374266862869263,0.001398031716234982,0.06126093491911888
645,0,background,0.5000775456428528,0.5000775456428528,0.0013886793749406934,0.49922704696655273
646,2,surface_feature,0.5263932347297668,0.4729514420032501,0.0013836357975378633,0.5263932347297668
647,0,background,0.9249466061592102,0.9249466061592102,0.0014112519565969706,0.07374618947505951
648,0,background,0.9253682494163513,0.9253682494163513,0.0013997356873005629,0.07333464175462723
649,0,background,0.9337784647941589,0.9337784647941589,0.0013961257645860314,0.06491605937480927
650,0,background,0.93181973695755,0.93181973695755,0.001392020145431161,0.06688135862350464
651,0,background,0.9296169877052307,0.9296169877052307,0.0014044598210602999,0.06907561421394348
652,0,background,0.93181973695755,0.93181973695755,0.001392020145431161,0.06688135862350464
653,0,background,0.9337784647941589,0.9337784647941589,0.0013961257645860314,0.06491605937480927
654,0,background,0.9321672916412354,0.9321672916412354,0.0013931653229519725,0.06653224676847458
655,2,surface_feature,0.5170773863792419,0.4822538197040558,0.0013849047245457768,0.5170773863792419
656,0,background,0.5039930939674377,0.5039930939674377,0.0013887453824281693,0.4953060448169708
657,0,background,0.941701352596283,0.941701352596283,0.001377469627186656,0.056999702006578445
658,0,background,0.9420543909072876,0.9420543909072876,0.0013776709092780948,0.056645993143320084
659,0,background,0.9291178584098816,0.9291178584098816,0.001388269360177219,0.06959051638841629
660,0,background,0.932982861995697,0.932982861995697,0.001443652668967843,0.06566829979419708
661,0,background,0.9290845394134521,0.9290845394134521,0.0013882905477657914,0.06962385028600693
662,0,background,0.9358943104743958,0.9358943104743958,0.0014142420841380954,0.06278025358915329
663,0,background,0.9145432710647583,0.9145432710647583,0.0014118769904598594,0.08416373282670975
664,0,background,0.9069802761077881,0.9069802761077881,0.0014210239751264453,0.09172901511192322
665,0,background,0.9221375584602356,0.9221375584602356,0.0013863153290003538,0.07658223807811737
666,0,background,0.922128438949585,0.922128438949585,0.0013863088097423315,0.07659141719341278
667,0,background,0.8944556713104248,0.8944556713104248,0.0013865332584828138,0.10430240631103516
668,0,background,0.8962479829788208,0.8962479829788208,0.0014303213683888316,0.10246825218200684
669,0,background,0.8981504440307617,0.8981504440307617,0.0014236979186534882,0.10056902468204498
670,0,background,0.9040857553482056,0.9040857553482056,0.0013952577719464898,0.09465105831623077
671,0,background,0.9149543642997742,0.9149543642997742,0.0014057168737053871,0.08375763893127441
672,0,background,0.9149328470230103,0.9149328470230103,0.0014057832304388285,0.08377917855978012
673,0,background,0.8979883790016174,0.8979883790016174,0.0014094616053625941,0.1007441058754921
674,0,background,0.8960503339767456,0.8960503339767456,0.0014113903744146228,0.10268320888280869
675,0,background,0.9325345158576965,0.9325345158576965,0.0013817797880619764,0.066175177693367
676,0,background,0.9325286746025085,0.9325286746025085,0.0013817574363201857,0.06618098169565201
677,0,background,0.8981818556785583,0.8981818556785583,0.0014182796003296971,0.10054241865873337
678,0,background,0.9353706240653992,0.9353706240653992,0.001389942830428481,0.06332746893167496
679,0,background,0.9365985989570618,0.9365985989570618,0.0013756192056462169,0.062111202627420425
680,0,background,0.936606764793396,0.936606764793396,0.0013756788102909923,0.06210297718644142
681,0,background,0.9234777688980103,0.9234777688980103,0.0013908863766118884,0.0752360001206398
682,0,background,0.9234983325004578,0.9234983325004578,0.0013908048858866096,0.07521548122167587
683,0,background,0.9290386438369751,0.9290386438369751,0.0013814264675602317,0.0696762278676033
684,0,background,0.9290467500686646,0.9290467500686646,0.0013814829289913177,0.06966807693243027
685,0,background,0.9347770810127258,0.9347770810127258,0.001410045544616878,0.06390298157930374
686,0,background,0.9312399625778198,0.9312399625778198,0.001376246684230864,0.06747660785913467
687,0,background,0.9312318563461304,0.9312318563461304,0.001376273692585528,0.06748475879430771
688,0,background,0.9391111731529236,0.9391111731529236,0.001407783362083137,0.05956488847732544
689,0,background,0.9329978823661804,0.9329978823661804,0.0014206223422661424,0.06567475944757462
690,0,background,0.9372723698616028,0.9372723698616028,0.0013720747083425522,0.06143982335925102
691,0,background,0.9372716546058655,0.9372716546058655,0.001372090307995677,0.06144054979085922
692,0,background,0.926073431968689,0.926073431968689,0.0014752110000699759,0.07255837321281433
693,0,background,0.9437124729156494,0.9437124729156494,0.0013779090950265527,0.054985374212265015
694,0,background,0.9437198042869568,0.9437198042869568,0.0013777798740193248,0.054978176951408386
695,0,background,0.9449993371963501,0.9449993371963501,0.0013740138383582234,0.05370047688484192
696,0,background,0.9450017809867859,0.9450017809867859,0.0013738477136939764,0.05369817838072777
697,0,background,0.9236257076263428,0.9236257076263428,0.0014057838125154376,0.07507409155368805
698,0,background,0.9236257672309875,0.9236257672309875,0.0014057838125154376,0.07507399469614029
699,0,background,0.9450010657310486,0.9450010657310486,0.0013740046415477991,0.05369871109724045
700,0,background,0.9450035691261292,0.9450035691261292,0.001373838516883552,0.05369638279080391
701,0,background,0.9437156319618225,0.9437156319618225,0.0013778965221717954,0.054982252418994904
702,0,background,0.9437223672866821,0.9437223672866821,0.0013777679996564984,0.05497560650110245
703,0,background,0.9236194491386414,0.9236194491386414,0.0014057671651244164,0.07508035004138947
704,0,background,0.9236193299293518,0.9236193299293518,0.0014057671651244164,0.07508047670125961
705,0,background,0.9450028538703918,0.9450028538703918,0.0013739968417212367,0.05369693785905838
706,0,background,0.9450053572654724,0.9450053572654724,0.0013738287379965186,0.05369463562965393
707,0,background,0.943718671798706,0.943718671798706,0.0013778836000710726,0.054979220032691956
708,0,background,0.9437249302864075,0.9437249302864075,0.0013777549611404538,0.0549730621278286
709,0,background,0.9236132502555847,0.9236132502555847,0.0014057498192414641,0.07508654147386551
710,0,background,0.9236131310462952,0.9236131310462952,0.0014057498192414641,0.07508667558431625
711,0,background,0.9450045228004456,0.9450045228004456,0.0013739877613261342,0.05369524657726288
712,0,background,0.9450070261955261,0.9450070261955261,0.0013738202396780252,0.05369291827082634
713,0,background,0.9437215924263,0.9437215924263,0.0013778723077848554,0.05497627332806587
714,0,background,0.943727433681488,0.943727433681488,0.0013777423882856965,0.05497058480978012
715,0,background,0.9236072301864624,0.9236072301864624,0.0014057336375117302,0.07509263604879379
716,0,background,0.9236071109771729,0.9236071109771729,0.00140573235694319,0.07509273290634155
717,0,background,0.9450061917304993,0.9450061917304993,0.001373977866023779,0.053693607449531555
718,0,background,0.9450086951255798,0.9450086951255798,0.001373812323436141,0.05369129031896591
719,0,background,0.9437239766120911,0.9437239766120911,0.0013778612483292818,0.054973892867565155
720,0,background,0.943729817867279,0.943729817867279,0.0013777300482615829,0.05496824532747269
721,0,background,0.9236014485359192,0.9236014485359192,0.0014057168737053871,0.07509836554527283
722,0,background,0.9236013293266296,0.9236013293266296,0.001405717572197318,0.07509849965572357
723,0,background,0.9450078010559082,0.9450078010559082,0.0013739692512899637,0.05369201675057411
724,0,background,0.9450101852416992,0.9450101852416992,0.0013738038251176476,0.05368969216942787
725,0,background,0.9437263011932373,0.9437263011932373,0.0013778493739664555,0.05497162789106369
726,0,background,0.9437320232391357,0.9437320232391357,0.0013777194544672966,0.054965950548648834
727,0,background,0.9235958456993103,0.9235958456993103,0.0014057016232982278,0.07510397583246231
728,0,background,0.9235957860946655,0.9235957860946655,0.0014057016232982278,0.07510405778884888
729,0,background,0.9450093507766724,0.9450093507766724,0.0013739614514634013,0.05369047075510025
730,0,background,0.9450117945671082,0.9450117945671082,0.0013737960252910852,0.05368814617395401
731,0,background,0.943728506565094,0.943728506565094,0.001377838896587491,0.054969433695077896
732,0,background,0.9437342286109924,0.9437342286109924,0.001377707696519792,0.05496376007795334
733,0,background,0.9235904216766357,0.9235904216766357,0.0014056862564757466,0.07510941475629807
734,0,background,0.923590362071991,0.923590362071991,0.0014056862564757466,0.07510949671268463
735,0,background,0.9450108408927917,0.9450108408927917,0.0013739537680521607,0.053688980638980865
736,0,background,0.9450133442878723,0.9450133442878723,0.0013737889239564538,0.05368664115667343
737,0,background,0.9437306523323059,0.9437306523323059,0.0013778271386399865,0.05496727675199509
738,0,background,0.9437363743782043,0.9437363743782043,0.0013776971027255058,0.05496160686016083
739,0,background,0.9235852360725403,0.9235852360725403,0.0014056720538064837,0.07511468976736069
740,0,background,0.9235851168632507,0.9235851168632507,0.0014056720538064837,0.07511477917432785
741,0,background,0.9450123310089111,0.9450123310089111,0.0013739464338868856,0.05368751287460327
742,0,background,0.9450147747993469,0.9450147747993469,0.0013737808912992477,0.05368518829345703
743,0,background,0.943732738494873,0.943732738494873,0.0013778178254142404,0.054965198040008545
744,0,background,0.9437384605407715,0.9437384605407715,0.0013776860432699323,0.054959528148174286
745,0,background,0.9235801696777344,0.9235801696777344,0.0014056566869840026,0.07511981576681137
746,0,background,0.9235800504684448,0.9235800504684448,0.0014056566869840026,0.07511989772319794
747,0,background,0.9450137615203857,0.9450137615203857,0.0013739393325522542,0.05368610844016075
748,0,background,0.9450162053108215,0.9450162053108215,0.0013737718109041452,0.05368378013372421
749,0,background,0.9437347650527954,0.9437347650527954,0.0013778074644505978,0.054963190108537674
750,0,background,0.9437404870986938,0.9437404870986938,0.001377676147967577,0.054957494139671326
751,0,background,0.923575222492218,0.923575222492218,0.0014056427171453834,0.07512474805116653
752,0,background,0.9235751032829285,0.9235751032829285,0.0014056427171453834,0.07512486726045609
753,0,background,0.945015013217926,0.945015013217926,0.001373933395370841,0.05368475615978241
754,0,background,0.9450175762176514,0.9450175762176514,0.001373763894662261,0.05368241295218468
755,0,background,0.9437366127967834,0.9437366127967834,0.0013777968706563115,0.054961249232292175
756,0,background,0.9437425136566162,0.9437425136566162,0.0013776670675724745,0.05495556443929672
757,0,background,0.923570454120636,0.923570454120636,0.0014056292129680514,0.07512953877449036
758,0,background,0.9235702753067017,0.9235702753067017,0.0014056286308914423,0.0751296654343605
759,0,background,0.9450163841247559,0.9450163841247559,0.0013739274581894279,0.05368341878056526
760,0,background,0.9450188279151917,0.9450188279151917,0.0013737560948356986,0.05368110537528992
761,0,background,0.943738579750061,0.943738579750061,0.0013777875574305654,0.05495937541127205
762,0,background,0.9437443614006042,0.9437443614006042,0.0013776578707620502,0.054953668266534805
763,0,background,0.9235658645629883,0.9235658645629883,0.0014056159416213632,0.07513418048620224
764,0,background,0.9235657453536987,0.9235657453536987,0.0014056159416213632,0.07513427734375
765,0,background,0.9441301226615906,0.9441301226615906,0.0013776093255728483,0.054567478597164154
766,0,background,0.9441397786140442,0.9441397786140442,0.001377468928694725,0.05455793812870979
767,0,background,0.9453701972961426,0.9453701972961426,0.0013737076660618186,0.05332935228943825
768,0,background,0.945377767086029,0.945377767086029,0.001373525825329125,0.05332197621464729
769,0,background,0.9232313632965088,0.9232313632965088,0.0014049452729523182,0.07546976208686829
770,0,background,0.9232319593429565,0.9232319593429565,0.0014049459714442492,0.07546910643577576
771,0,background,0.9452661275863647,0.9452661275863647,0.0013736082473769784,0.05343363434076309
772,0,background,0.9452735781669617,0.9452735781669617,0.0013734276872128248,0.0534263551235199
773,0,background,0.9436973929405212,0.9436973929405212,0.001376915373839438,0.05500141903758049
774,0,background,0.9437031149864197,0.9437031149864197,0.001376811764203012,0.05499577149748802
775,0,background,0.9232612252235413,0.9232612252235413,0.0014059063978493214,0.07543891668319702
776,0,background,0.923260509967804,0.923260509967804,0.0014059056993573904,0.07543962448835373
777,0,background,0.9452492594718933,0.9452492594718933,0.0013736134860664606,0.0534505732357502
778,0,background,0.9452565908432007,0.9452565908432007,0.0013734350213781,0.053443390876054764
779,0,background,0.9436795711517334,0.9436795711517334,0.0013769206125289202,0.05501926690340042
780,0,background,0.9436869621276855,0.9436869621276855,0.0013768150238320231,0.05501198023557663
781,0,background,0.9232779145240784,0.9232779145240784,0.0014059285167604685,0.07542219758033752
782,0,background,0.9232771992683411,0.9232771992683411,0.0014059285167604685,0.07542289793491364
783,0,background,0.9452325701713562,0.9452325701713562,0.001373620005324483,0.05346722900867462
784,0,background,0.9452398419380188,0.9452398419380188,0.0013734394451603293,0.053460173308849335
785,0,background,0.9436625838279724,0.9436625838279724,0.001376923406496644,0.05503625422716141
786,0,background,0.9436701536178589,0.9436701536178589,0.001376817119307816,0.0550287663936615
787,0,background,0.9232921004295349,0.9232921004295349,0.0014059505192562938,0.0754079595208168
788,0,background,0.9232914447784424,0.9232914447784424,0.0014059505192562938,0.07540864497423172
789,0,background,0.9452160000801086,0.9452160000801086,0.001373623963445425,0.05348384752869606
790,0,background,0.9452230334281921,0.9452230334281921,0.0013734466629102826,0.05347689986228943
791,0,background,0.9436457753181458,0.9436457753181458,0.0013769271317869425,0.055053092539310455
792,0,background,0.9436532855033875,0.9436532855033875,0.0013768209610134363,0.05504565313458443
793,0,background,0.923305869102478,0.923305869102478,0.0014059727545827627,0.07539413124322891
794,0,background,0.9233052134513855,0.9233052134513855,0.0014059720560908318,0.07539483159780502
795,0,background,0.9451993703842163,0.9451993703842163,0.0013736292021349072,0.05350048467516899
796,0,background,0.9452064037322998,0.9452064037322998,0.0013734526000916958,0.053493648767471313
797,0,background,0.9436289668083191,0.9436289668083191,0.0013769298093393445,0.0550699308514595
798,0,background,0.9436364769935608,0.9436364769935608,0.0013768249191343784,0.05506254732608795
799,0,background,0.9233196377754211,0.9233196377754211,0.0014059948734939098,0.0753803551197052
800,0,background,0.9233189225196838,0.9233189225196838,0.001405993360094726,0.0753810703754425
801,0,background,0.945182740688324,0.945182740688324,0.0013736357213929296,0.05351710319519043
802,0,background,0.9451896548271179,0.9451896548271179,0.001373458537273109,0.05351036787033081
803,0,background,0.9436121582984924,0.9436121582984924,0.0013769323704764247,0.055086780339479446
804,0,background,0.9436195492744446,0.9436195492744446,0.0013768282951787114,0.055079441517591476
805,0,background,0.9233332872390747,0.9233332872390747,0.0014060174580663443,0.07536665350198746
806,0,background,0.9233326315879822,0.9233326315879822,0.0014060161774978042,0.07536730915307999
807,0,background,0.9451661705970764,0.9451661705970764,0.0013736396795138717,0.05353374034166336
808,0,background,0.945172905921936,0.945172905921936,0.0013734650565311313,0.05352713540196419
809,0,background,0.9435953497886658,0.9435953497886658,0.0013769357465207577,0.0551036112010479
810,0,background,0.9436027407646179,0.9436027407646179,0.0013768301578238606,0.05509630963206291
811,0,background,0.923346996307373,0.923346996307373,0.0014060396933928132,0.07535292208194733
812,0,background,0.9233463406562805,0.9233463406562805,0.0014060389949008822,0.07535362243652344
813,0,background,0.9451495409011841,0.9451495409011841,0.0013736463151872158,0.053550370037555695
814,0,background,0.9451562166213989,0.9451562166213989,0.0013734708772972226,0.05354388803243637
815,0,background,0.9435785412788391,0.9435785412788391,0.0013769390061497688,0.05512043088674545
816,0,background,0.9435858726501465,0.9435858726501465,0.0013768341159448028,0.05511322245001793
817,0,background,0.9233605861663818,0.9233605861663818,0.0014060623943805695,0.07533924281597137
818,0,background,0.9233599305152893,0.9233599305152893,0.0014060616958886385,0.07533993571996689
819,0,background,0.9451329708099365,0.9451329708099365,0.0013736500404775143,0.053567007184028625
820,0,background,0.945139467716217,0.945139467716217,0.0013734761159867048,0.053560636937618256
821,0,background,0.9435617327690125,0.9435617327690125,0.0013769423821941018,0.0551372766494751
822,0,background,0.9435689449310303,0.9435689449310303,0.001376837957650423,0.05513010919094086
823,0,background,0.9233742356300354,0.9233742356300354,0.0014060852117836475,0.07532563805580139
824,0,background,0.9233735203742981,0.9233735203742981,0.0014060852117836475,0.07532631605863571
825,0,background,0.9451163411140442,0.9451163411140442,0.0013736552791669965,0.05358364060521126
826,0,background,0.9451227188110352,0.9451227188110352,0.0013734826352447271,0.05357739329338074
827,0,background,0.943544864654541,0.943544864654541,0.001376946223899722,0.055154118686914444
828,0,background,0.9435520768165588,0.9435520768165588,0.001376842032186687,0.05514701455831528
829,0,background,0.9233877658843994,0.9233877658843994,0.0014061079127714038,0.075312040746212
830,0,background,0.9233870506286621,0.9233870506286621,0.0014061065157875419,0.07531271874904633
831,0,background,0.9451817870140076,0.9451817870140076,0.001373766572214663,0.05351792275905609
832,0,background,0.9451881051063538,0.9451881051063538,0.0013735939282923937,0.05351182073354721
833,0,background,0.943926215171814,0.943926215171814,0.001377651933580637,0.054771583527326584
834,0,background,0.9439350962638855,0.9439350962638855,0.0013775122351944447,0.054762840270996094
835,0,background,0.9233922362327576,0.9233922362327576,0.001405197661370039,0.07530838996171951
836,0,background,0.9233915209770203,0.9233915209770203,0.0014051968464627862,0.07530908286571503
837,0,background,0.9437310695648193,0.9437310695648193,0.0013768209610134363,0.054967835545539856
838,0,background,0.9437313675880432,0.9437313675880432,0.0013767174677923322,0.05496762692928314
839,0,background,0.9452983736991882,0.9452983736991882,0.0013735207030549645,0.05340149626135826
840,0,background,0.9452983140945435,0.9452983140945435,0.0013733368832617998,0.053401656448841095
841,0,background,0.9231970906257629,0.9231970906257629,0.0014056968502700329,0.0755033791065216
842,0,background,0.9231976866722107,0.9231976866722107,0.0014056968502700329,0.07550273835659027
843,0,background,0.9456802010536194,0.9456802010536194,0.0013737404951825738,0.05301888287067413
844,0,background,0.9456818103790283,0.9456818103790283,0.0013735964894294739,0.05301741883158684
845,0,background,0.9441894292831421,0.9441894292831421,0.0013775896513834596,0.05450809374451637
846,0,background,0.944189727306366,0.944189727306366,0.0013774530962109566,0.05450788512825966
847,0,background,0.9234707355499268,0.9234707355499268,0.0014041910180822015,0.0752306878566742
848,0,background,0.923470139503479,0.923470139503479,0.0014041916001588106,0.07523128390312195
849,0,background,0.9455698132514954,0.9455698132514954,0.001373624661937356,0.05312950536608696
850,0,background,0.9455710053443909,0.9455710053443909,0.0013734839158132672,0.05312850698828697
851,0,background,0.943740725517273,0.943740725517273,0.0013769246870651841,0.0549580417573452
852,0,background,0.9437406063079834,0.9437406063079834,0.0013768182834610343,0.054958242923021317
853,0,background,0.9235600829124451,0.9235600829124451,0.0014051836915314198,0.0751403197646141
854,0,background,0.9235594272613525,0.9235594272613525,0.0014051836915314198,0.07514096796512604
855,0,background,0.9452452063560486,0.9452452063560486,0.001373549341224134,0.053454697132110596
856,0,background,0.9452449083328247,0.9452449083328247,0.001373365055769682,0.0534551776945591
857,0,background,0.9436773657798767,0.9436773657798767,0.0013768445933237672,0.0550215020775795
858,0,background,0.9436772465705872,0.9436772465705872,0.0013767397031188011,0.0550217479467392
859,0,background,0.9232537150382996,0.9232537150382996,0.0014057905646041036,0.07544656842947006
860,0,background,0.923253059387207,0.923253059387207,0.0014057898661121726,0.0754472017288208
861,0,background,0.9452276825904846,0.9452276825904846,0.0013735599350184202,0.05347215384244919
862,0,background,0.945227324962616,0.945227324962616,0.0013733754167333245,0.053472768515348434
863,0,background,0.9436595439910889,0.9436595439910889,0.0013768530916422606,0.05503932014107704
864,0,background,0.9436594247817993,0.9436594247817993,0.0013767462223768234,0.055039603263139725
865,0,background,0.9232699275016785,0.9232699275016785,0.0014058221131563187,0.07543030381202698
866,0,background,0.9232692122459412,0.9232692122459412,0.0014058221131563187,0.0754309743642807
867,0,background,0.9452959895133972,0.9452959895133972,0.0013736722758039832,0.05340375006198883
868,0,background,0.9452953934669495,0.9452953934669495,0.0013734886888414621,0.05340448394417763
869,0,background,0.9440550804138184,0.9440550804138184,0.0013775378465652466,0.0546426884829998
870,0,background,0.9440551400184631,0.9440551400184631,0.0013773993123322725,0.05464271083474159
871,0,background,0.9232664704322815,0.9232664704322815,0.0014049119781702757,0.07543453574180603
872,0,background,0.923265814781189,0.923265814781189,0.0014049119781702757,0.07543519884347916
873,0,background,0.945496141910553,0.945496141910553,0.0013736644759774208,0.0532032735645771
874,0,background,0.9454953074455261,0.9454953074455261,0.0013735402608290315,0.053204212337732315
875,0,background,0.9436659812927246,0.9436659812927246,0.0013769541401416063,0.05503285676240921
876,0,background,0.9436656832695007,0.9436656832695007,0.0013768472708761692,0.05503321439027786
877,0,background,0.9236288666725159,0.9236288666725159,0.001405310002155602,0.07507135719060898
878,0,background,0.9236282110214233,0.9236282110214233,0.001405310700647533,0.07507200539112091
879,0,background,0.9454782605171204,0.9454782605171204,0.0013736736727878451,0.05322125554084778
880,0,background,0.9454763531684875,0.9454763531684875,0.001373553415760398,0.05322321504354477
881,0,background,0.9436478018760681,0.9436478018760681,0.0013769613578915596,0.055051036179065704
882,0,background,0.9436475038528442,0.9436475038528442,0.0013768550707027316,0.05505143478512764
883,0,background,0.923642098903656,0.923642098903656,0.0014053428312763572,0.07505806535482407
884,0,background,0.9236414432525635,0.9236414432525635,0.0014053421327844262,0.075058713555336
885,0,background,0.9455472826957703,0.9455472826957703,0.0013738148845732212,0.05315189063549042
886,0,background,0.945544958114624,0.945544958114624,0.0013736984692513943,0.053154345601797104
887,0,background,0.9440450668334961,0.9440450668334961,0.0013776591513305902,0.054652564227581024
888,0,background,0.9440450072288513,0.9440450072288513,0.001377519336529076,0.05465277284383774
889,0,background,0.9235832095146179,0.9235832095146179,0.001404458424076438,0.07511782646179199
890,0,background,0.9235825538635254,0.9235825538635254,0.001404458424076438,0.07511848211288452
891,0,background,0.945140540599823,0.945140540599823,0.0013736095279455185,0.05355941876769066
892,0,background,0.945139467716217,0.945139467716217,0.0013734238455072045,0.05356064811348915
893,0,background,0.9435707330703735,0.9435707330703735,0.001376893138512969,0.05512825399637222
894,0,background,0.9435703158378601,0.9435703158378601,0.0013767842901870608,0.055128730833530426
895,0,background,0.9233499765396118,0.9233499765396118,0.0014059814857318997,0.07534997165203094
896,0,background,0.9233493804931641,0.9233493804931641,0.001405979972332716,0.07535059750080109
897,0,background,0.9451231360435486,0.9451231360435486,0.001373620005324483,0.05357684940099716
898,0,background,0.9451220035552979,0.9451220035552979,0.001373434322886169,0.053578175604343414
899,0,background,0.9435530304908752,0.9435530304908752,0.0013769009383395314,0.0551459975540638
900,0,background,0.9435526132583618,0.9435526132583618,0.0013767927885055542,0.05514651536941528
901,0,background,0.9233658313751221,0.9233658313751221,0.001406012219376862,0.07533406466245651
902,0,background,0.9233652353286743,0.9233652353286743,0.001406012219376862,0.07533469051122665
903,0,background,0.9451057314872742,0.9451057314872742,0.0013736297842115164,0.05359425023198128
904,0,background,0.9451044201850891,0.9451044201850891,0.0013734435196965933,0.05359574407339096
905,0,background,0.9435352683067322,0.9435352683067322,0.0013769088545814157,0.055163733661174774
906,0,background,0.9435348510742188,0.9435348510742188,0.0013767993077635765,0.05516427010297775
907,0,background,0.9233816266059875,0.9233816266059875,0.0014060442335903645,0.07531819492578506
908,0,background,0.9233810305595398,0.9233810305595398,0.0014060442335903645,0.0753188282251358
909,0,background,0.9437611103057861,0.9437611103057861,0.0013776748673990369,0.05493690446019173
910,0,background,0.9437670707702637,0.9437670707702637,0.0013775411061942577,0.05493110418319702
911,0,background,0.9450320601463318,0.9450320601463318,0.0013738516718149185,0.05366784706711769
912,0,background,0.9450348019599915,0.9450348019599915,0.0013736607506871223,0.05366528034210205
913,0,background,0.9235109686851501,0.9235109686851501,0.001405454589985311,0.0751892477273941
914,0,background,0.9235109686851501,0.9235109686851501,0.001405455288477242,0.07518923282623291
915,0,background,0.9450322985649109,0.9450322985649109,0.0013738516718149185,0.05366760492324829
916,0,background,0.9450350403785706,0.9450350403785706,0.0013736593537032604,0.05366501212120056
917,0,background,0.9437614679336548,0.9437614679336548,0.0013776728883385658,0.054936543107032776
918,0,background,0.9437674283981323,0.9437674283981323,0.0013775397092103958,0.054930731654167175
919,0,background,0.9235101342201233,0.9235101342201233,0.00140545261092484,0.07519008964300156
920,0,background,0.9235100746154785,0.9235100746154785,0.00140545261092484,0.07519011199474335
921,0,background,0.9450324773788452,0.9450324773788452,0.0013738502748310566,0.05366739630699158
922,0,background,0.9450352787971497,0.9450352787971497,0.0013736586552113295,0.05366481840610504
923,0,background,0.9437618255615234,0.9437618255615234,0.0013776716077700257,0.0549362488090992
924,0,background,0.9437676668167114,0.9437676668167114,0.0013775378465652466,0.054930429905653
925,0,background,0.923509418964386,0.923509418964386,0.001405449933372438,0.07519078999757767
926,0,background,0.923509418964386,0.923509418964386,0.001405451213940978,0.07519078999757767
927,0,background,0.9450326561927795,0.9450326561927795,0.0013738488778471947,0.05366726219654083
928,0,background,0.9450353980064392,0.9450353980064392,0.0013736566761508584,0.0536646768450737
929,0,background,0.9437620043754578,0.9437620043754578,0.0013776702107861638,0.05493604391813278
930,0,background,0.9437679052352905,0.9437679052352905,0.0013775364495813847,0.054930225014686584
931,0,background,0.923508882522583,0.923508882522583,0.0014054493512958288,0.07519131898880005
932,0,background,0.923508882522583,0.923508882522583,0.0014054493512958288,0.07519131898880005
933,0,background,0.9450327754020691,0.9450327754020691,0.0013738488778471947,0.05366715416312218
934,0,background,0.9450355172157288,0.9450355172157288,0.0013736566761508584,0.05366455018520355
935,0,background,0.9437621831893921,0.9437621831893921,0.0013776696287095547,0.05493588000535965
936,0,background,0.9437680244445801,0.9437680244445801,0.0013775357510894537,0.05493008717894554
937,0,background,0.9235085248947144,0.9235085248947144,0.001405448536388576,0.0751916691660881
938,0,background,0.9235085248947144,0.9235085248947144,0.001405448536388576,0.0751916840672493
939,0,background,0.9450328350067139,0.9450328350067139,0.0013738488778471947,0.0536670945584774
940,0,background,0.9450355768203735,0.9450355768203735,0.0013736559776589274,0.05366450175642967
941,0,background,0.9437622427940369,0.9437622427940369,0.0013776682317256927,0.05493580549955368
942,0,background,0.9437681436538696,0.9437681436538696,0.0013775344705209136,0.05492998659610748
943,0,background,0.9235084056854248,0.9235084056854248,0.001405447139404714,0.07519188523292542
944,0,background,0.9235084056854248,0.9235084056854248,0.001405447139404714,0.07519188523292542
945,0,background,0.9450328350067139,0.9450328350067139,0.0013738482957705855,0.0536670945584774
946,0,background,0.9450355768203735,0.9450355768203735,0.0013736559776589274,0.05366450175642967
947,0,background,0.9437623023986816,0.9437623023986816,0.0013776682317256927,0.05493577942252159
948,0,background,0.9437681436538696,0.9437681436538696,0.0013775344705209136,0.05492997542023659
949,0,background,0.9235082864761353,0.9235082864761353,0.001405447837896645,0.0751919075846672
950,0,background,0.92350834608078,0.92350834608078,0.001405447139404714,0.0751919150352478
951,0,background,0.9450327754020691,0.9450327754020691,0.0013738488778471947,0.05366712063550949
952,0,background,0.9450355768203735,0.9450355768203735,0.0013736566761508584,0.053664516657590866
953,0,background,0.9437622427940369,0.9437622427940369,0.0013776689302176237,0.054935842752456665
954,0,background,0.9437680840492249,0.9437680840492249,0.0013775357510894537,0.054930027574300766
955,0,background,0.9235084652900696,0.9235084652900696,0.001405447139404714,0.07519178092479706
956,0,background,0.9235085248947144,0.9235085248947144,0.001405447139404714,0.07519176602363586
957,0,background,0.9450327157974243,0.9450327157974243,0.0013738495763391256,0.05366719141602516
958,0,background,0.945035457611084,0.945035457611084,0.0013736566761508584,0.05366462096571922
959,0,background,0.9437620639801025,0.9437620639801025,0.0013776696287095547,0.05493598058819771
960,0,background,0.9437679648399353,0.9437679648399353,0.0013775371480733156,0.05493016168475151
961,0,background,0.9235087633132935,0.9235087633132935,0.001405448536388576,0.07519146054983139
962,0,background,0.9235087037086487,0.9235087037086487,0.001405448536388576,0.07519148290157318
963,0,background,0.94503253698349,0.94503253698349,0.0013738502748310566,0.0536673404276371
964,0,background,0.9450353384017944,0.9450353384017944,0.0013736573746427894,0.05366476997733116
965,0,background,0.9437618851661682,0.9437618851661682,0.0013776709092780948,0.05493615195155144
966,0,background,0.943767786026001,0.943767786026001,0.0013775371480733156,0.05493033304810524
967,0,background,0.9235091805458069,0.9235091805458069,0.001405449933372438,0.07519102841615677
968,0,background,0.9235091805458069,0.9235091805458069,0.001405449933372438,0.07519102841615677
969,0,background,0.9450324177742004,0.9450324177742004,0.0013738509733229876,0.05366750434041023
970,0,background,0.9450351595878601,0.9450351595878601,0.0013736593537032604,0.05366494134068489
971,0,background,0.9437615871429443,0.9437615871429443,0.0013776728883385658,0.054936423897743225
972,0,background,0.9437675476074219,0.9437675476074219,0.0013775378465652466,0.05493061617016792
973,0,background,0.9235097765922546,0.9235097765922546,0.00140545261092484,0.07519039511680603
974,0,background,0.9235098361968994,0.9235098361968994,0.00140545261092484,0.07519035786390305
975,0,background,0.9450321197509766,0.9450321197509766,0.0013738516718149185,0.05366775393486023
976,0,background,0.945034921169281,0.945034921169281,0.0013736607506871223,0.0536651685833931
977,0,background,0.9437612295150757,0.9437612295150757,0.0013776748673990369,0.05493675172328949
978,0,background,0.943767249584198,0.943767249584198,0.0013775397092103958,0.05493095517158508
979,0,background,0.9235105514526367,0.9235105514526367,0.00140545389149338,0.07518962770700455
980,0,background,0.9235106110572815,0.9235106110572815,0.00140545389149338,0.07518958300352097
981,0,background,0.9441561698913574,0.9441561698913574,0.0013774845283478498,0.054541487246751785
982,0,background,0.9441655278205872,0.9441655278205872,0.0013773547252640128,0.0545322448015213
983,0,background,0.9453880786895752,0.9453880786895752,0.0013736082473769784,0.05331158638000488
984,0,background,0.9453958868980408,0.9453958868980408,0.0013734480598941445,0.05330381542444229
985,0,background,0.9231757521629333,0.9231757521629333,0.0014047473669052124,0.07552560418844223
986,0,background,0.9231763482093811,0.9231763482093811,0.0014047473669052124,0.07552500069141388
987,0,background,0.945281982421875,0.945281982421875,0.0013735153479501605,0.0534178800880909
988,0,background,0.9452897906303406,0.9452897906303406,0.0013733557425439358,0.05341022461652756
989,0,background,0.9437162280082703,0.9437162280082703,0.0013768236385658383,0.05498265102505684
990,0,background,0.943720817565918,0.943720817565918,0.0013767279451712966,0.054978154599666595
991,0,background,0.9232127070426941,0.9232127070426941,0.00140572024974972,0.0754876583814621
992,0,background,0.9232120513916016,0.9232120513916016,0.00140571896918118,0.07548832148313522
993,0,background,0.9455717206001282,0.9455717206001282,0.0013736180262640119,0.053127650171518326
994,0,background,0.9455816149711609,0.9455816149711609,0.0013734780950471759,0.05311788246035576
995,0,background,0.9437437653541565,0.9437437653541565,0.00137691805139184,0.05495501682162285
996,0,background,0.9437500238418579,0.9437500238418579,0.0013768216595053673,0.0549488291144371
997,0,background,0.9235531687736511,0.9235531687736511,0.0014051742618903518,0.07514729350805283
998,0,background,0.9235525131225586,0.9235525131225586,0.001405172748491168,0.07514794170856476
999,0,background,0.9455530643463135,0.9455530643463135,0.0013736279215663671,0.05314630642533302
1000,0,background,0.9455624222755432,0.9455624222755432,0.0013734918320551515,0.05313704162836075
1001,0,background,0.9437243938446045,0.9437243938446045,0.0013769258512184024,0.054974399507045746
1002,0,background,0.9437317252159119,0.9437317252159119,0.0013768294593319297,0.05496717989444733
1003,0,background,0.9235722422599792,0.9235722422599792,0.0014052055776119232,0.07512811571359634
1004,0,background,0.9235716462135315,0.9235716462135315,0.001405204995535314,0.07512874156236649
1005,0,background,0.9452291131019592,0.9452291131019592,0.0013735441025346518,0.05347081646323204
1006,0,background,0.9452363848686218,0.9452363848686218,0.0013733860105276108,0.05346361920237541
1007,0,background,0.9436609745025635,0.9436609745025635,0.0013768465723842382,0.05503789335489273
1008,0,background,0.9436683058738708,0.9436683058738708,0.0013767501804977655,0.05503068491816521
1009,0,background,0.9232664108276367,0.9232664108276367,0.0014058139640837908,0.07543379813432693
1010,0,background,0.9232657551765442,0.9232657551765442,0.0014058139640837908,0.07543446123600006
1011,0,background,0.94521164894104,0.94521164894104,0.001373553415760398,0.05348830297589302
1012,0,background,0.9452188014984131,0.9452188014984131,0.0013733963714912534,0.05348123982548714
1013,0,background,0.9436432719230652,0.9436432719230652,0.0013768544886261225,0.05505570024251938
1014,0,background,0.943650484085083,0.943650484085083,0.001376757980324328,0.05504855513572693
1015,0,background,0.9232826232910156,0.9232826232910156,0.0014058462111279368,0.07541759312152863
1016,0,background,0.9232819676399231,0.9232819676399231,0.0014058462111279368,0.07541823387145996
1017,0,background,0.9451941251754761,0.9451941251754761,0.0013735644752159715,0.05350574851036072
1018,0,background,0.9452012181282043,0.9452012181282043,0.001373407430946827,0.05349884182214737
1019,0,background,0.9436254501342773,0.9436254501342773,0.0013768629869446158,0.05507349967956543
1020,0,background,0.9436326622962952,0.9436326622962952,0.001376766012981534,0.055066414177417755
1021,0,background,0.9232986569404602,0.9232986569404602,0.0014058775268495083,0.07540144771337509
1022,0,background,0.9232980608940125,0.9232980608940125,0.0014058782253414392,0.07540209591388702
1023,0,background,0.9454780220985413,0.9454780220985413,0.0013736664550378919,0.0532214380800724
1024,0,background,0.9454885721206665,0.9454885721206665,0.001373549341224134,0.05321098491549492
1025,0,background,0.9436503052711487,0.9436503052711487,0.0013769561192020774,0.05504855513572693
1026,0,background,0.9436573386192322,0.9436573386192322,0.0013768590288236737,0.055041562765836716
1027,0,background,0.923634946346283,0.923634946346283,0.00140533281955868,0.07506518065929413
1028,0,background,0.9236342906951904,0.9236342906951904,0.00140533281955868,0.07506583631038666
1029,0,background,0.9454587697982788,0.9454587697982788,0.0013736756518483162,0.05324069783091545
1030,0,background,0.9454705119132996,0.9454705119132996,0.0013735631946474314,0.05322903022170067
1031,0,background,0.9436318278312683,0.9436318278312683,0.0013769626384600997,0.05506698787212372
1032,0,background,0.9436389207839966,0.9436389207839966,0.001376867527142167,0.055060043931007385
1033,0,background,0.923649251461029,0.923649251461029,0.0014053662307560444,0.07505088299512863
1034,0,background,0.9236485958099365,0.9236485958099365,0.0014053655322641134,0.07505153119564056
1035,0,background,0.9451419115066528,0.9451419115066528,0.0013735939282923937,0.05355807766318321
1036,0,background,0.9451485276222229,0.9451485276222229,0.001373437000438571,0.05355162173509598
1037,0,background,0.9435722231864929,0.9435722231864929,0.0013768860371783376,0.05512681603431702
1038,0,background,0.9435791373252869,0.9435791373252869,0.001376790925860405,0.05511993542313576
1039,0,background,0.9233466386795044,0.9233466386795044,0.001405974617227912,0.07535333186388016
1040,0,background,0.9233460426330566,0.9233460426330566,0.001405973918735981,0.07535392045974731
1041,0,background,0.9451245069503784,0.9451245069503784,0.0013736044056713581,0.05357551574707031
1042,0,background,0.9451308846473694,0.9451308846473694,0.0013734473614022136,0.05356919765472412
1043,0,background,0.9435545206069946,0.9435545206069946,0.001376893138512969,0.05514457821846008
1044,0,background,0.9435613751411438,0.9435613751411438,0.0013767980271950364,0.055137746036052704
1045,0,background,0.9233625531196594,0.9233625531196594,0.001406006864272058,0.07533732801675797
1046,0,background,0.9233619570732117,0.9233619570732117,0.001406006864272058,0.0753379613161087
1047,0,background,0.9451896548271179,0.9451896548271179,0.001373719540424645,0.0535101555287838
1048,0,background,0.9451959133148193,0.9451959133148193,0.0013735650572925806,0.053504012525081635
1049,0,background,0.9439377188682556,0.9439377188682556,0.0013775909319519997,0.0547601543366909
1050,0,background,0.9439461827278137,0.9439461827278137,0.0013774629915133119,0.05475173518061638
1051,0,background,0.9233657717704773,0.9233657717704773,0.0014051221078261733,0.07533495128154755
1052,0,background,0.9233651757240295,0.9233651757240295,0.0014051221078261733,0.07533558458089828
1053,0,background,0.9437113404273987,0.9437113404273987,0.00137691933196038,0.05498741939663887
1054,0,background,0.9437114596366882,0.9437114596366882,0.0013768196804448962,0.054987408220767975
1055,0,background,0.9452812671661377,0.9452812671661377,0.001373603125102818,0.05341853201389313
1056,0,background,0.9452803730964661,0.9452803730964661,0.001373435603454709,0.053419604897499084
1057,0,background,0.9232503175735474,0.9232503175735474,0.0014059037202969193,0.07544989883899689
1058,0,background,0.9232510328292847,0.9232510328292847,0.0014059037202969193,0.07544916868209839
1059,0,background,0.9452642202377319,0.9452642202377319,0.0013736089458689094,0.05343557894229889
1060,0,background,0.945263147354126,0.945263147354126,0.0013734401436522603,0.05343674123287201
1061,0,background,0.9436946511268616,0.9436946511268616,0.0013769167708232999,0.05500418320298195
1062,0,background,0.9436941742897034,0.9436941742897034,0.0013768236385658383,0.05500476807355881
1063,0,background,0.9232687950134277,0.9232687950134277,0.0014059237437322736,0.07543133944272995
1064,0,background,0.9232680797576904,0.9232680797576904,0.0014059224631637335,0.07543205469846725
1065,0,background,0.9452476501464844,0.9452476501464844,0.0013736148830503225,0.05345219001173973
1066,0,background,0.9452465176582336,0.9452465176582336,0.0013734460808336735,0.05345344543457031
1067,0,background,0.9436777830123901,0.9436777830123901,0.00137691933196038,0.0550210177898407
1068,0,background,0.9436773061752319,0.9436773061752319,0.0013768261997029185,0.05502162128686905
1069,0,background,0.9232825636863708,0.9232825636863708,0.0014059452805668116,0.07541748881340027
1070,0,background,0.9232819080352783,0.9232819080352783,0.0014059459790587425,0.07541818916797638
1071,0,background,0.9452309608459473,0.9452309608459473,0.001373620005324483,0.05346880108118057
1072,0,background,0.9452298283576965,0.9452298283576965,0.0013734513195231557,0.05347011983394623
1073,0,background,0.9436609745025635,0.9436609745025635,0.001376923406496644,0.05503786355257034
1074,0,background,0.9436604976654053,0.9436604976654053,0.0013768289936706424,0.05503848195075989
1075,0,background,0.9232963919639587,0.9232963919639587,0.0014059667009860277,0.07540367543697357
1076,0,background,0.9232956767082214,0.9232956767082214,0.0014059667009860277,0.07540437579154968
1077,0,background,0.9452143907546997,0.9452143907546997,0.001373625360429287,0.053485430777072906
1078,0,background,0.9452131390571594,0.9452131390571594,0.0013734579551964998,0.053486816585063934
1079,0,background,0.9436442255973816,0.9436442255973816,0.0013769264332950115,0.055054672062397
1080,0,background,0.9436436891555786,0.9436436891555786,0.0013768314383924007,0.05505533143877983
1081,0,background,0.9233100414276123,0.9233100414276123,0.001405989401973784,0.07538990676403046
1082,0,background,0.923309326171875,0.923309326171875,0.001405988703481853,0.07539061456918716
1083,0,background,0.9451978206634521,0.9451978206634521,0.0013736304827034473,0.05350203067064285
1084,0,background,0.9451964497566223,0.9451964497566223,0.0013734630774706602,0.05350354686379433
1085,0,background,0.9436273574829102,0.9436273574829102,0.0013769305078312755,0.05507152900099754
1086,0,background,0.9436268210411072,0.9436268210411072,0.0013768341159448028,0.055072199553251266
1087,0,background,0.9233237504959106,0.9233237504959106,0.001406012219376862,0.07537619024515152
1088,0,background,0.9233230948448181,0.9233230948448181,0.0014060107059776783,0.07537688314914703
1089,0,background,0.9451811909675598,0.9451811909675598,0.0013736364198848605,0.05351867154240608
1090,0,background,0.9451797604560852,0.9451797604560852,0.0013734683161601424,0.05352025479078293
1091,0,background,0.9436106085777283,0.9436106085777283,0.0013769323704764247,0.055088356137275696
1092,0,background,0.9436100125312805,0.9436100125312805,0.001376837375573814,0.05508904904127121
1093,0,background,0.923337459564209,0.923337459564209,0.0014060336397960782,0.07536248862743378
1094,0,background,0.9233368039131165,0.9233368039131165,0.0014060322428122163,0.0753631666302681
1095,0,background,0.9454644918441772,0.9454644918441772,0.0013737292028963566,0.05323495715856552
1096,0,background,0.9454628229141235,0.9454628229141235,0.0013736044056713581,0.05323674902319908
1097,0,background,0.9436350464820862,0.9436350464820862,0.001377021661028266,0.05506373569369316
1098,0,background,0.9436343908309937,0.9436343908309937,0.0013769271317869425,0.05506448447704315
1099,0,background,0.9236745238304138,0.9236745238304138,0.0014054753119125962,0.07502546161413193
1100,0,background,0.9236738085746765,0.9236738085746765,0.0014054746134206653,0.07502616196870804
1101,0,background,0.9451479315757751,0.9451479315757751,0.001373647595755756,0.05355196073651314
1102,0,background,0.945146381855011,0.945146381855011,0.001373480074107647,0.05355370044708252
1103,0,background,0.9435769319534302,0.9435769319534302,0.0013769404031336308,0.055122025310993195
1104,0,background,0.9435762166976929,0.9435762166976929,0.0013768445933237672,0.05512279272079468
1105,0,background,0.9233646392822266,0.9233646392822266,0.0014060778776183724,0.07533518970012665
1106,0,background,0.923363983631134,0.923363983631134,0.0014060778776183724,0.07533586770296097
1107,0,background,0.9451314210891724,0.9451314210891724,0.0013736534165218472,0.05356856808066368
1108,0,background,0.9451296329498291,0.9451296329498291,0.0013734853127971292,0.053570427000522614
1109,0,background,0.9435601830482483,0.9435601830482483,0.0013769441284239292,0.05513884499669075
1110,0,background,0.9435594081878662,0.9435594081878662,0.0013768485514447093,0.05513967201113701
1111,0,background,0.9233782291412354,0.9233782291412354,0.0014061005786061287,0.07532160729169846
1112,0,background,0.9233775734901428,0.9233775734901428,0.0014061005786061287,0.07532226294279099
1113,0,background,0.9451147317886353,0.9451147317886353,0.0013736593537032604,0.05358520522713661
1114,0,background,0.9451130032539368,0.9451130032539368,0.0013734905514866114,0.053587161004543304
1115,0,background,0.9435433149337769,0.9435433149337769,0.0013769468059763312,0.055155687034130096
1116,0,background,0.9435425400733948,0.9435425400733948,0.0013768511125817895,0.05515652894973755
1117,0,background,0.9233917593955994,0.9233917593955994,0.001406122581101954,0.07530800253152847
1118,0,background,0.9233911037445068,0.9233911037445068,0.001406121882610023,0.07530870288610458
1119,0,background,0.9450981020927429,0.9450981020927429,0.0013736644759774208,0.053601883351802826
1120,0,background,0.9450961947441101,0.9450961947441101,0.0013734970707446337,0.053603921085596085
1121,0,background,0.9435253143310547,0.9435253143310547,0.0013769507640972733,0.055173732340335846
1122,0,background,0.9435256123542786,0.9435256123542786,0.0013768537901341915,0.05517350509762764
1123,0,background,0.9234055280685425,0.9234055280685425,0.0014061452820897102,0.07529417425394058
1124,0,background,0.92340487241745,0.92340487241745,0.0014061459805816412,0.0752948522567749
1125,0,background,0.937379002571106,0.937379002571106,0.001371418940834701,0.061333633959293365
1126,0,background,0.9373777508735657,0.9373777508735657,0.0013714332599192858,0.06133493408560753
1127,0,background,0.9280552864074707,0.9280552864074707,0.0014256677823141217,0.07061971724033356
1128,0,background,0.9338315725326538,0.9338315725326538,0.001379007357172668,0.06487887352705002
1129,0,background,0.9300121068954468,0.9300121068954468,0.0014052732149139047,0.06867911666631699
1130,0,background,0.9396898746490479,0.9396898746490479,0.0013832985423505306,0.0590084083378315
1131,0,background,0.9396897554397583,0.9396897554397583,0.0013832893455401063,0.05900854244828224
1132,0,background,0.9333644509315491,0.9333644509315491,0.0013894254807382822,0.06533689051866531
1133,0,background,0.9333634972572327,0.9333634972572327,0.0013894345611333847,0.06533782929182053
1134,0,background,0.9351415634155273,0.9351415634155273,0.0014155679382383823,0.06353282928466797
1135,0,background,0.9351364374160767,0.9351364374160767,0.0014155362732708454,0.06353797763586044
1136,0,background,0.9349216222763062,0.9349216222763062,0.0013801837339997292,0.06378620117902756
1137,0,background,0.9348892569541931,0.9348892569541931,0.0013801654567942023,0.06381868571043015
1138,0,background,0.7181422710418701,0.7181422710418701,0.0013977554626762867,0.2808525860309601
1139,0,background,0.9420416951179504,0.9420416951179504,0.0014131859643384814,0.056625161319971085
1140,0,background,0.9399794340133667,0.9399794340133667,0.0013809122610837221,0.05872070789337158
1141,2,surface_feature,0.5462908744812012,0.45307454466819763,0.0013985943514853716,0.5462908744812012
1142,0,background,0.9128687381744385,0.9128687381744385,0.0013657280942425132,0.08588285744190216
1143,0,background,0.9126040935516357,0.9126040935516357,0.001364548341371119,0.08614891022443771
1144,0,background,0.9015578031539917,0.9015578031539917,0.0013614692725241184,0.09721311181783676
1145,0,background,0.9356498718261719,0.9356498718261719,0.0014013168402016163,0.06303715705871582
1146,2,surface_feature,0.546291172504425,0.453074187040329,0.001398809370584786,0.546291172504425
1147,0,background,0.9420421719551086,0.9420421719551086,0.0014131017960608006,0.05662468448281288
1148,0,background,0.9399837255477905,0.9399837255477905,0.0013810364762321115,0.058716293424367905
1149,0,background,0.7174040675163269,0.7174040675163269,0.0013978759525343776,0.2815917134284973
1150,0,background,0.9118898510932922,0.9118898510932922,0.0013661034172400832,0.0868627279996872
1151,0,background,0.900580883026123,0.900580883026123,0.0013619044329971075,0.09819097071886063
1152,0,background,0.9121251106262207,0.9121251106262207,0.0013649084139615297,0.0866282507777214
1153,0,background,0.935855507850647,0.935855507850647,0.0014015097403898835,0.06283105164766312
1154,0,background,0.9088782668113708,0.9088782668113708,0.001388895558193326,0.08985763788223267
1155,0,background,0.9085158705711365,0.9085158705711365,0.0013888756511732936,0.09022058546543121
1156,0,background,0.9341703653335571,0.9341703653335571,0.0013917192118242383,0.0645277351140976
1157,0,background,0.9349035620689392,0.9349035620689392,0.001391169149428606,0.06379403918981552
1158,0,background,0.8937909603118896,0.8937909603118896,0.001388467731885612,0.10496631264686584
1159,0,background,0.8917519450187683,0.8917519450187683,0.001389171346090734,0.10700756311416626
1160,0,background,0.9276993274688721,0.9276993274688721,0.0013981967931613326,0.07100175321102142
1161,0,background,0.9280479550361633,0.9280479550361633,0.0013982420787215233,0.0706525593996048
1162,0,background,0.9233781695365906,0.9233781695365906,0.001484292559325695,0.07524924725294113
1163,0,background,0.9419424533843994,0.9419424533843994,0.0013607991859316826,0.05677402764558792
1164,0,background,0.9419423937797546,0.9419423937797546,0.001360802329145372,0.056774064898490906
1165,0,background,0.9333478212356567,0.9333478212356567,0.0013715814566239715,0.06537027657032013
1166,0,background,0.9333478212356567,0.9333478212356567,0.0013715814566239715,0.06537027657032013
1167,0,background,0.9300189018249512,0.9300189018249512,0.0014173289528116584,0.06866109371185303
1168,0,background,0.8911139965057373,0.8911139965057373,0.001387329655699432,0.10764800012111664
1169,0,background,0.891026496887207,0.891026496887207,0.0013871367555111647,0.10773579776287079
1170,0,background,0.9028027653694153,0.9028027653694153,0.0013880935730412602,0.09594230353832245
1171,0,background,0.9031153321266174,0.9031153321266174,0.0013883421197533607,0.09562904387712479
1172,0,background,0.9108092784881592,0.9108092784881592,0.0013970608124509454,0.08791647851467133
1173,0,background,0.9086180329322815,0.9086180329322815,0.0013871222035959363,0.09011980891227722
1174,0,background,0.9088127613067627,0.9088127613067627,0.0013862031046301126,0.08992563933134079
1175,0,background,0.904135525226593,0.904135525226593,0.0013806236675009131,0.09461451321840286
1176,0,background,0.9043169021606445,0.9043169021606445,0.0013810981763526797,0.09443241357803345
1177,0,background,0.9301448464393616,0.9301448464393616,0.0014180365251377225,0.06853426247835159
1178,0,background,0.9108766317367554,0.9108766317367554,0.0013959150528535247,0.08785001188516617
1179,0,background,0.9045624732971191,0.9045624732971191,0.001380179193802178,0.09418731182813644
1180,0,background,0.9047174453735352,0.9047174453735352,0.001380670815706253,0.09403171390295029
1181,0,background,0.891344428062439,0.891344428062439,0.0013870482798665762,0.1074175238609314
1182,0,background,0.8912377953529358,0.8912377953529358,0.0013868851820006967,0.10752447694540024
1183,0,background,0.9086140990257263,0.9086140990257263,0.0013854429125785828,0.09012532979249954
1184,0,background,0.9087774753570557,0.9087774753570557,0.0013845110079273582,0.08996260166168213
1185,0,background,0.9028028249740601,0.9028028249740601,0.0013870734255760908,0.09594322741031647
1186,0,background,0.9031355977058411,0.9031355977058411,0.0013873218558728695,0.09560970962047577
1187,0,background,0.9248421788215637,0.9248421788215637,0.0013938997872173786,0.07386685907840729
1188,0,background,0.9248420000076294,0.9248420000076294,0.001393524231389165,0.07386742532253265
1189,0,background,0.9019225239753723,0.9019225239753723,0.0013951787259429693,0.09681737422943115
1190,0,background,0.9022010564804077,0.9022010564804077,0.0013956889742985368,0.09653802216053009
1191,0,background,0.9248396754264832,0.9248396754264832,0.0013936834875494242,0.07386960089206696
1192,0,background,0.9248371124267578,0.9248371124267578,0.0013933031586930156,0.07387249916791916
1193,0,background,0.9370834827423096,0.9370834827423096,0.001409147516824305,0.061594121158123016
1194,0,background,0.937153697013855,0.937153697013855,0.0014092320343479514,0.061523810029029846
1195,0,background,0.9296706318855286,0.9296706318855286,0.0014049648307263851,0.06902139633893967
1196,0,background,0.9296818375587463,0.9296818375587463,0.0014050953323021531,0.06901001185178757
1197,0,background,0.9114843010902405,0.9114843010902405,0.0013916085008531809,0.08724552392959595
1198,0,background,0.9115790724754333,0.9115790724754333,0.001391302328556776,0.08715087175369263
1199,0,background,0.8959118723869324,0.8959118723869324,0.0013884016079828143,0.10284251719713211
1200,0,background,0.8960108757019043,0.8960108757019043,0.0013888420071452856,0.10274297744035721
1201,0,background,0.9115509986877441,0.9115509986877441,0.0013915887102484703,0.08717871457338333
1202,0,background,0.9116389155387878,0.9116389155387878,0.0013912884751334786,0.08709094673395157
1203,0,background,0.9296767711639404,0.9296767711639404,0.0014039970701560378,0.06901617348194122
1204,0,background,0.9296902418136597,0.9296902418136597,0.001404104637913406,0.06900249421596527
1205,0,background,0.9370880722999573,0.9370880722999573,0.0014091245830059052,0.06158962845802307
1206,0,background,0.9371550679206848,0.9371550679206848,0.0014092093333601952,0.06152244657278061
1207,0,background,0.9258502125740051,0.9258502125740051,0.0013957507908344269,0.07285573333501816
1208,0,background,0.925786554813385,0.925786554813385,0.0013961130753159523,0.07291915267705917
1209,0,background,0.9030835628509521,0.9030835628509521,0.001393382204696536,0.09565631300210953
1210,0,background,0.9027494788169861,0.9027494788169861,0.0013926405226811767,0.09599153697490692
1211,0,background,0.9257734417915344,0.9257734417915344,0.0013958851341158152,0.07293245941400528
1212,0,background,0.9257420897483826,0.9257420897483826,0.0013963099336251616,0.07296349108219147
1213,0,background,0.9372172355651855,0.9372172355651855,0.001410062424838543,0.06145935505628586
1214,0,background,0.9371416568756104,0.9371416568756104,0.0014097366947680712,0.06153533235192299
1215,0,background,0.9257391095161438,0.9257391095161438,0.0013957256451249123,0.07296702265739441
1216,0,background,0.9256979823112488,0.9256979823112488,0.001396150328218937,0.07300776243209839
1217,0,background,0.902934193611145,0.902934193611145,0.001393128652125597,0.09580613672733307
1218,0,background,0.9026294946670532,0.9026294946670532,0.0013923911610618234,0.0961119532585144
1219,0,background,0.9258146286010742,0.9258146286010742,0.0013955840840935707,0.07289154082536697
1220,0,background,0.9257414937019348,0.9257414937019348,0.0013959469506517053,0.07296440005302429
1221,0,background,0.9372501373291016,0.9372501373291016,0.0014098180690780282,0.06142663583159447
1222,0,background,0.9372217059135437,0.9372217059135437,0.0014095515944063663,0.061455365270376205
1223,0,background,0.9069583415985107,0.9069583415985107,0.0014057905646041036,0.09176487475633621
1224,0,background,0.9069587588310242,0.9069587588310242,0.0014057939406484365,0.09176447242498398
1225,0,background,0.937567412853241,0.937567412853241,0.0014035867061465979,0.06111477315425873
1226,0,background,0.8587527275085449,0.8587527275085449,0.0014230093220248818,0.14002354443073273
1227,0,background,0.8587570190429688,0.8587570190429688,0.0014230160741135478,0.1400192528963089
1228,0,background,0.8378393650054932,0.8378393650054932,0.0014128051698207855,0.16097526252269745
1229,0,background,0.9079737663269043,0.9079737663269043,0.0014000808587297797,0.0907532349228859
1230,0,background,0.907977819442749,0.907977819442749,0.0014000742230564356,0.09074918180704117
1231,0,background,0.8525538444519043,0.8525538444519043,0.0014009131118655205,0.1462501436471939
1232,0,background,0.8525521755218506,0.8525521755218506,0.0014009037986397743,0.14625176787376404
1233,0,background,0.9378284811973572,0.9378284811973572,0.0014037330402061343,0.06085319444537163
1234,0,background,0.8647931218147278,0.8647931218147278,0.0014240883756428957,0.13397356867790222
1235,0,background,0.8648023009300232,0.8648023009300232,0.0014240966411307454,0.1339643895626068
1236,0,background,0.8495914340019226,0.8495914340019226,0.0014117794344201684,0.14920739829540253
1237,0,background,0.9106687903404236,0.9106687903404236,0.0014004476834088564,0.08805406093597412
1238,0,background,0.9106624722480774,0.9106624722480774,0.0014004575787112117,0.08806037157773972
1239,0,background,0.859015166759491,0.859015166759491,0.0013989000581204891,0.13978147506713867
1240,0,background,0.8590134382247925,0.8590134382247925,0.0013988894643262029,0.13978324830532074
1241,0,background,0.884689450263977,0.884689450263977,0.0013952439185231924,0.1140744760632515
1242,0,background,0.884691596031189,0.884691596031189,0.0013952311128377914,0.11407231539487839
1243,0,background,0.8713753819465637,0.8713753819465637,0.001393278711475432,0.12740884721279144
1244,0,background,0.8712466955184937,0.8712466955184937,0.0013931036228314042,0.12753790616989136
