face_id,pred_label,pred_name,pred_confidence,prob_background,prob_rivet,prob_surface_feature
1,0,background,0.9368611574172974,0.9368611574172974,0.0016319777350872755,0.06160740181803703
2,0,background,0.9364821910858154,0.9364821910858154,0.001645831041969359,0.06197396293282509
3,0,background,0.93499755859375,0.93499755859375,0.0016470514237880707,0.06345995515584946
4,0,background,0.9368622899055481,0.9368622899055481,0.0016319871647283435,0.06160630285739899
5,0,background,0.9364908337593079,0.9364908337593079,0.001645849784836173,0.06196528300642967
6,0,background,0.9349303245544434,0.9349303245544434,0.0016457902966067195,0.06352844089269638
7,0,background,0.948827862739563,0.948827862739563,0.0015985576901584864,0.04965296760201454
8,0,background,0.9406417608261108,0.9406417608261108,0.0015866222092881799,0.057863399386405945
9,0,background,0.7491307258605957,0.7491307258605957,0.0015902490122243762,0.24967604875564575
10,0,background,0.7490985989570618,0.7490985989570618,0.0015902476152405143,0.24970822036266327
11,0,background,0.9477226138114929,0.9477226138114929,0.0015925264451652765,0.05076569691300392
12,0,background,0.9391961693763733,0.9391961693763733,0.0016011862317100167,0.05929763615131378
13,0,background,0.9431573748588562,0.9431573748588562,0.0015898887068033218,0.0553407184779644
14,0,background,0.9479278922080994,0.9479278922080994,0.0018482236191630363,0.05031684413552284
15,0,background,0.9115573763847351,0.9115573763847351,0.001624537049792707,0.08695933222770691
16,0,background,0.9132596850395203,0.9132596850395203,0.00161450426094234,0.08526352047920227
17,0,background,0.8974686861038208,0.8974686861038208,0.001843263627961278,0.10087401419878006
18,0,background,0.9287230372428894,0.9287230372428894,0.0016420298488810658,0.06974948197603226
19,0,background,0.9439136385917664,0.9439136385917664,0.0017280984902754426,0.05445238575339317
20,0,background,0.9385060667991638,0.9385060667991638,0.001628944301046431,0.0599626787006855
21,0,background,0.9142509698867798,0.9142509698867798,0.0016156474594026804,0.08426953107118607
22,0,background,0.9255509376525879,0.9255509376525879,0.0016147209098562598,0.07295211404561996
23,0,background,0.921592116355896,0.921592116355896,0.0016275722300633788,0.0769055113196373
24,0,background,0.7140063643455505,0.7140063643455505,0.0015866976464167237,0.28485897183418274
25,0,background,0.7596743702888489,0.7596743702888489,0.0015920359874144197,0.23911425471305847
26,0,background,0.7203470468521118,0.7203470468521118,0.001599692739546299,0.27849873900413513
27,0,background,0.926164984703064,0.926164984703064,0.001594381988979876,0.0723559632897377
28,0,background,0.7138714790344238,0.7138714790344238,0.0015867521287873387,0.2849940061569214
29,0,background,0.760059118270874,0.760059118270874,0.0015920238802209496,0.2387288510799408
30,0,background,0.8314524292945862,0.8314524292945862,0.001598843839019537,0.16721606254577637
31,0,background,0.8462393283843994,0.8462393283843994,0.0016032044077292085,0.15240183472633362
32,0,background,0.8987056016921997,0.8987056016921997,0.0015912031522020698,0.09986212849617004
33,0,background,0.7959648966789246,0.7959648966789246,0.0015957776922732592,0.2027629017829895
34,0,background,0.6720027923583984,0.6720027923583984,0.001595107838511467,0.32692357897758484
35,0,background,0.8981219530105591,0.8981219530105591,0.0015974149573594332,0.1004410833120346
36,0,background,0.9116250872612,0.9116250872612,0.0015978091396391392,0.0869159996509552
37,0,background,0.8729531764984131,0.8729531764984131,0.0015963515033945441,0.12565107643604279
38,0,background,0.6400704979896545,0.6400704979896545,0.0015947737265378237,0.3589071035385132
39,0,background,0.8169874548912048,0.8169874548912048,0.001596124260686338,0.18170645833015442
40,0,background,0.9410701990127563,0.9410701990127563,0.0015898689161986113,0.05743123218417168
41,0,background,0.9447726607322693,0.9447726607322693,0.0015940298326313496,0.053718969225883484
42,0,background,0.7777301669120789,0.7777301669120789,0.001590454950928688,0.22103092074394226
43,0,background,0.7780463099479675,0.7780463099479675,0.0015903670573607087,0.22071431577205658
44,0,background,0.9441415667533875,0.9441415667533875,0.0015942498575896025,0.05435086786746979
45,1,rivet,0.9531893730163574,0.04438525065779686,0.9531893730163574,0.051812510937452316
46,0,background,0.9007070064544678,0.9007070064544678,0.00225422577932477,0.09725794941186905
47,1,rivet,0.9968860745429993,0.002929751295596361,0.9968860745429993,0.05914531275629997
48,0,background,0.9472439885139465,0.9472439885139465,0.0015944646438583732,0.05124324560165405
49,0,background,0.9482043385505676,0.9482043385505676,0.0016065440140664577,0.05026992782950401
50,0,background,0.9512276649475098,0.9512276649475098,0.0015757768414914608,0.04727105423808098
51,0,background,0.9233977794647217,0.9233977794647217,0.001576496521010995,0.07514417171478271
52,0,background,0.9415133595466614,0.9415133595466614,0.0016355087282136083,0.05694423243403435
53,0,background,0.9333251118659973,0.9333251118659973,0.0015989320818334818,0.06518017500638962
54,1,rivet,0.979744553565979,0.019204404205083847,0.979744553565979,0.051889341324567795
55,1,rivet,0.9625318050384521,0.03549780324101448,0.9625318050384521,0.0525883212685585
56,1,rivet,0.9880896210670471,0.011294994503259659,0.9880896210670471,0.05166790261864662
57,1,rivet,0.9984751343727112,0.0014393694000318646,0.9984751343727112,0.0560680590569973
58,1,rivet,0.9984788298606873,0.0014364270027726889,0.9984788298606873,0.05570918694138527
59,1,rivet,0.9984778761863708,0.0014372856821864843,0.9984778761863708,0.05573663488030434
60,1,rivet,0.9984779953956604,0.0014371571596711874,0.9984779953956604,0.055747147649526596
61,1,rivet,0.9984788298606873,0.0014364438829943538,0.9984788298606873,0.05569811165332794
62,1,rivet,0.9984751343727112,0.0014393706806004047,0.9984751343727112,0.056067150086164474
63,0,background,0.1320381760597229,0.1320381760597229,0.8606495261192322,0.052474163472652435
64,1,rivet,0.9984880685806274,0.001425124821253121,0.9984880685806274,0.05741433799266815
65,1,rivet,0.9984880685806274,0.0014251366956159472,0.9984880685806274,0.0574064739048481
66,1,rivet,0.9984880685806274,0.001425058231689036,0.9984880685806274,0.05745837837457657
67,1,rivet,0.9984880685806274,0.001425056834705174,0.9984880685806274,0.05745934695005417
68,1,rivet,0.9984880685806274,0.0014251384418457747,0.9984880685806274,0.05740532651543617
69,1,rivet,0.9984880685806274,0.0014251251704990864,0.9984880685806274,0.05741417035460472
70,1,rivet,0.9433614015579224,0.053707852959632874,0.9433614015579224,0.051744673401117325
71,0,background,0.9441701769828796,0.9441701769828796,0.0015858911210671067,0.054330114275217056
72,0,background,0.9467689394950867,0.9467689394950867,0.0015936261042952538,0.05171982944011688
73,1,rivet,0.9977107048034668,0.002151696477085352,0.9977107048034668,0.06010532006621361
74,1,rivet,0.9972527623176575,0.0025814140681177378,0.9972527623176575,0.06036011129617691
75,1,rivet,0.997962236404419,0.001917100278660655,0.997962236404419,0.05921357497572899
76,1,rivet,0.9983847141265869,0.0014675166457891464,0.9983847141265869,0.09148173034191132
77,1,rivet,0.9950854182243347,0.004620154853910208,0.9950854182243347,0.059908781200647354
78,1,rivet,0.9983834028244019,0.0014651325764134526,0.9983834028244019,0.09369349479675293
79,1,rivet,0.996606707572937,0.0031928964890539646,0.996606707572937,0.05905645713210106
80,1,rivet,0.9503026008605957,0.04709753766655922,0.9503026008605957,0.05231386795639992
81,1,rivet,0.978980302810669,0.0199133213609457,0.978980302810669,0.052635177969932556
82,1,rivet,0.9645016193389893,0.03365170955657959,0.9645016193389893,0.0520213358104229
83,1,rivet,0.9877413511276245,0.011617478914558887,0.9877413511276245,0.05230347439646721
84,0,background,0.10813890397548676,0.10813890397548676,0.8858789205551147,0.052419520914554596
85,1,rivet,0.9392512440681458,0.05757494270801544,0.9392512440681458,0.052244883030653
86,0,background,0.9464693665504456,0.9464693665504456,0.0015953287947922945,0.05201828107237816
87,0,background,0.9385937452316284,0.9385937452316284,0.0015850185882300138,0.059916216880083084
88,0,background,0.8116744160652161,0.8116744160652161,0.001588413375429809,0.1870342195034027
89,0,background,0.8137117624282837,0.8137117624282837,0.0015886538894847035,0.18499352037906647
90,0,background,0.9388170838356018,0.9388170838356018,0.0016062089707702398,0.0596725195646286
91,0,background,0.9410701990127563,0.9410701990127563,0.001589869731105864,0.05743123218417168
92,0,background,0.9447726607322693,0.9447726607322693,0.0015940298326313496,0.053718991577625275
93,0,background,0.7777303457260132,0.7777303457260132,0.0015904557658359408,0.22103078663349152
94,0,background,0.7780465483665466,0.7780465483665466,0.0015903670573607087,0.22071410715579987
95,0,background,0.9441415071487427,0.9441415071487427,0.0015942498575896025,0.05435089394450188
96,0,background,0.9529497623443604,0.9529497623443604,0.0015789316967129707,0.04554320499300957
97,0,background,0.949211835861206,0.949211835861206,0.0015988133382052183,0.049268126487731934
98,0,background,0.951519250869751,0.951519250869751,0.0015982305631041527,0.046957533806562424
99,0,background,0.8666685223579407,0.8666685223579407,0.0015794684877619147,0.1319604367017746
100,0,background,0.9407976865768433,0.9407976865768433,0.0016179512022063136,0.05767769366502762
101,0,background,0.9192255735397339,0.9192255735397339,0.001577355433255434,0.07932214438915253
102,0,background,0.916053831577301,0.916053831577301,0.001588274259120226,0.08248890191316605
103,0,background,0.9437829256057739,0.9437829256057739,0.001586706843227148,0.05471717193722725
104,0,background,0.9455932378768921,0.9455932378768921,0.0015884594758972526,0.05290237069129944
105,0,background,0.9464693665504456,0.9464693665504456,0.001595331123098731,0.05201828107237816
106,0,background,0.9385936260223389,0.9385936260223389,0.0015850185882300138,0.05991629883646965
107,0,background,0.8116737008094788,0.8116737008094788,0.001588413375429809,0.18703493475914001
108,0,background,0.8137111067771912,0.8137111067771912,0.0015886530745774508,0.184994176030159
109,0,background,0.9388171434402466,0.9388171434402466,0.0016062089707702398,0.05967250466346741
110,0,background,0.9124058485031128,0.9124058485031128,0.0015927843051031232,0.08613858371973038
111,0,background,0.7290481925010681,0.7290481925010681,0.0015913305105641484,0.26978984475135803
112,0,background,0.7289797067642212,0.7289797067642212,0.0015913266688585281,0.2698584198951721
113,0,background,0.9097377061843872,0.9097377061843872,0.0015936276176944375,0.08881018310785294
114,0,background,0.8824464678764343,0.8824464678764343,0.0015932180685922503,0.11614540219306946
115,0,background,0.9509660005569458,0.9509660005569458,0.0015860195271670818,0.04752335697412491
116,0,background,0.9509143829345703,0.9509143829345703,0.001600790536031127,0.047560930252075195
117,0,background,0.9536176919937134,0.9536176919937134,0.0015869244234636426,0.04486662894487381
118,0,background,0.8942266702651978,0.8942266702651978,0.001583998673595488,0.10435459017753601
119,0,background,0.9435741305351257,0.9435741305351257,0.0015914833638817072,0.054921772330999374
120,0,background,0.8449192047119141,0.8449192047119141,0.0015848434995859861,0.15373964607715607
121,0,background,0.9326074123382568,0.9326074123382568,0.0015901385340839624,0.06590726971626282
122,0,background,0.9432325959205627,0.9432325959205627,0.0015824867878109217,0.05527237057685852
123,0,background,0.9462984204292297,0.9462984204292297,0.0015983720077201724,0.05218663811683655
124,0,background,0.8555101156234741,0.8555101156234741,0.0015930708032101393,0.1431248039007187
125,0,background,0.6150810122489929,0.6150810122489929,0.0015949119115248322,0.38393640518188477
126,0,background,0.8343561887741089,0.8343561887741089,0.0015942028257995844,0.16431157290935516
127,0,background,0.6151852607727051,0.6151852607727051,0.0015949330991134048,0.3838319778442383
128,0,background,0.8605584502220154,0.8605584502220154,0.0015862203435972333,0.1380743384361267
129,0,background,0.8519981503486633,0.8519981503486633,0.0015997393056750298,0.1466367244720459
130,0,background,0.8065177202224731,0.8065177202224731,0.0015902763698250055,0.19219768047332764
131,0,background,0.9431927800178528,0.9431927800178528,0.0017249213997274637,0.05517751723527908
132,0,background,0.9428759217262268,0.9428759217262268,0.0016297432594001293,0.055584877729415894
133,0,background,0.7232716679573059,0.7232716679573059,0.0016573462635278702,0.27552759647369385
134,0,background,0.9421160221099854,0.9421160221099854,0.0016238063108175993,0.0563516840338707
135,0,background,0.9387625455856323,0.9387625455856323,0.0016317469999194145,0.05970313772559166
136,0,background,0.941326379776001,0.941326379776001,0.0016238217940554023,0.05714264512062073
137,0,background,0.9437752366065979,0.9437752366065979,0.0017201867885887623,0.054598525166511536
138,0,background,0.9423325657844543,0.9423325657844543,0.0016301933210343122,0.05612871050834656
139,0,background,0.7679681777954102,0.7679681777954102,0.0016533193411305547,0.23076005280017853
140,0,background,0.942150890827179,0.942150890827179,0.0016202372498810291,0.056320130825042725
141,0,background,0.9385835528373718,0.9385835528373718,0.0016330641228705645,0.05988123640418053
142,0,background,0.941031277179718,0.941031277179718,0.0016200044192373753,0.05744176730513573
143,0,background,0.9365878701210022,0.9365878701210022,0.001626326935365796,0.06188647821545601
144,0,background,0.8914437294006348,0.8914437294006348,0.001639499911107123,0.10709237307310104
145,0,background,0.9393560290336609,0.9393560290336609,0.00164755096193403,0.05909379571676254
146,0,background,0.9410579800605774,0.9410579800605774,0.0016404228517785668,0.05739573389291763
147,0,background,0.9424490332603455,0.9424490332603455,0.0016423168126493692,0.056000590324401855
148,0,background,0.94078528881073,0.94078528881073,0.0016403633635491133,0.05766894668340683
149,0,background,0.9095335006713867,0.9095335006713867,0.001620521885342896,0.08899014443159103
150,0,background,0.901290237903595,0.901290237903595,0.0016245640581473708,0.09724312275648117
151,0,background,0.9045571684837341,0.9045571684837341,0.0016147125279530883,0.09397987276315689
152,0,background,0.8932406306266785,0.8932406306266785,0.0016075707972049713,0.10532109439373016
153,0,background,0.9100458025932312,0.9100458025932312,0.0016177301295101643,0.08847960084676743
154,0,background,0.8910276889801025,0.8910276889801025,0.001608166261576116,0.10753701627254486
155,0,background,0.9149377942085266,0.9149377942085266,0.001619157730601728,0.08357835561037064
156,0,background,0.8857480883598328,0.8857480883598328,0.001608126563951373,0.11282522976398468
157,0,background,0.909869909286499,0.909869909286499,0.0016166899586096406,0.0886567234992981
158,0,background,0.8884747624397278,0.8884747624397278,0.0016068400582298636,0.11009532958269119
159,0,background,0.9081432819366455,0.9081432819366455,0.001615478890016675,0.0903872698545456
160,0,background,0.8884518146514893,0.8884518146514893,0.0016058016335591674,0.11011920869350433
161,0,background,0.90980064868927,0.90980064868927,0.0016174314077943563,0.08872547745704651
162,0,background,0.8871135115623474,0.8871135115623474,0.00160630838945508,0.11145926266908646
163,0,background,0.9073207974433899,0.9073207974433899,0.00161721499171108,0.0912095308303833
164,0,background,0.8889920115470886,0.8889920115470886,0.001606849953532219,0.1095772460103035
165,0,background,0.904401421546936,0.904401421546936,0.0016159359365701675,0.09413475543260574
166,0,background,0.889922559261322,0.889922559261322,0.001607739133760333,0.10864438861608505
167,0,background,0.9033414125442505,0.9033414125442505,0.001615477493032813,0.0951969102025032
168,0,background,0.8900100588798523,0.8900100588798523,0.0016083231894299388,0.10855621099472046
169,0,background,0.9016886949539185,0.9016886949539185,0.0016017298912629485,0.09686469286680222
170,0,background,0.8735286593437195,0.8735286593437195,0.001607538666576147,0.12506486475467682
171,0,background,0.880414605140686,0.880414605140686,0.0016081547364592552,0.11816727370023727
172,0,background,0.904542088508606,0.904542088508606,0.001603223499841988,0.09400539100170135
173,0,background,0.8715901374816895,0.8715901374816895,0.0016073663718998432,0.1270066201686859
174,0,background,0.8791325092315674,0.8791325092315674,0.0016065294621512294,0.11945290863513947
175,0,background,0.9025880694389343,0.9025880694389343,0.0016024482902139425,0.09596320986747742
176,0,background,0.8723123669624329,0.8723123669624329,0.00160729989875108,0.12628331780433655
177,0,background,0.8777154088020325,0.8777154088020325,0.0016036693705245852,0.12087476253509521
178,0,background,0.9042165875434875,0.9042165875434875,0.0016042358474805951,0.09433049708604813
179,0,background,0.8706056475639343,0.8706056475639343,0.0016079104971140623,0.12799224257469177
180,0,background,0.878507673740387,0.878507673740387,0.0016056379536166787,0.12007948756217957
181,0,background,0.9096277952194214,0.9096277952194214,0.0016067964024841785,0.08890823274850845
182,0,background,0.8649951815605164,0.8649951815605164,0.0016094468301162124,0.13361042737960815
183,0,background,0.8822848200798035,0.8822848200798035,0.0016090155113488436,0.1162932738661766
184,0,background,0.9046831727027893,0.9046831727027893,0.0016047446988523006,0.09386269003152847
185,0,background,0.871928334236145,0.871928334236145,0.0016096635954454541,0.1266659051179886
186,0,background,0.8813294768333435,0.8813294768333435,0.001607789658010006,0.11725126951932907
187,0,background,0.8982141017913818,0.8982141017913818,0.0016004507197067142,0.10034602880477905
188,0,background,0.8764206767082214,0.8764206767082214,0.0016089227283373475,0.12216701358556747
189,0,background,0.8799877762794495,0.8799877762794495,0.0016047857934609056,0.11859771609306335
190,0,background,0.9051893949508667,0.9051893949508667,0.00160339439753443,0.09335692971944809
191,0,background,0.8715383410453796,0.8715383410453796,0.001608792576007545,0.1270572692155838
192,0,background,0.8866263628005981,0.8866263628005981,0.0016064231749624014,0.11194705218076706
193,0,background,0.8918045163154602,0.8918045163154602,0.0016069714911282063,0.10676005482673645
194,0,background,0.8973215818405151,0.8973215818405151,0.0015994482673704624,0.10124091804027557
195,0,background,0.8758227229118347,0.8758227229118347,0.001608005492016673,0.1227666512131691
196,0,background,0.8809211254119873,0.8809211254119873,0.0016064239898696542,0.11766144633293152
197,0,background,0.9034591913223267,0.9034591913223267,0.0016154821496456861,0.09507892280817032
198,0,background,0.8918099403381348,0.8918099403381348,0.0016076986212283373,0.10675391554832458
199,0,background,0.8968644738197327,0.8968644738197327,0.0016000081086531281,0.10169823467731476
200,0,background,0.8761188387870789,0.8761188387870789,0.0016081739449873567,0.12246990948915482
201,0,background,0.8809506893157959,0.8809506893157959,0.0016076044412329793,0.11763082444667816
202,0,background,0.9028640389442444,0.9028640389442444,0.001615117653273046,0.09567543119192123
203,0,background,0.8915287852287292,0.8915287852287292,0.0016082582296803594,0.1070350930094719
204,0,background,0.8968349099159241,0.8968349099159241,0.001600682269781828,0.10172724723815918
205,0,background,0.8760577440261841,0.8760577440261841,0.0016084312228485942,0.12253089249134064
206,0,background,0.8809163570404053,0.8809163570404053,0.0016084862872958183,0.1176644042134285
207,0,background,0.902646005153656,0.902646005153656,0.0016152692260220647,0.09589362144470215
208,0,background,0.8910799026489258,0.8910799026489258,0.0016085996758192778,0.10748442262411118
209,0,background,0.8970165848731995,0.8970165848731995,0.0016008021775633097,0.10154517740011215
210,0,background,0.8757696747779846,0.8757696747779846,0.0016087328549474478,0.1228191927075386
211,0,background,0.8809489011764526,0.8809489011764526,0.0016089319251477718,0.1176314577460289
212,0,background,0.9026468396186829,0.9026468396186829,0.0016152175376191735,0.09589283168315887
213,0,background,0.8908094763755798,0.8908094763755798,0.0016087099211290479,0.10775511711835861
214,0,background,0.8971089720726013,0.8971089720726013,0.0016006549121811986,0.10145274549722672
215,0,background,0.8755708932876587,0.8755708932876587,0.001608880003914237,0.12301812320947647
216,0,background,0.8808385729789734,0.8808385729789734,0.0016091694124042988,0.11774177849292755
217,0,background,0.9027256965637207,0.9027256965637207,0.001615043729543686,0.09581401944160461
218,0,background,0.8978112936019897,0.8978112936019897,0.0016006000805646181,0.10074938088655472
219,0,background,0.8753593564033508,0.8753593564033508,0.0016075470484793186,0.12323125451803207
220,0,background,0.8803778886795044,0.8803778886795044,0.0016105237882584333,0.11820196360349655
221,0,background,0.8987163305282593,0.8987163305282593,0.0016003105556592345,0.09984316676855087
222,0,background,0.8749780058860779,0.8749780058860779,0.0016076823230832815,0.12361303716897964
223,0,background,0.8804082870483398,0.8804082870483398,0.0016094866441562772,0.11817241460084915
224,0,background,0.9419693946838379,0.9419693946838379,0.00173620181158185,0.056392304599285126
225,0,background,0.9363466501235962,0.9363466501235962,0.001645516837015748,0.062110062688589096
226,0,background,0.9397228956222534,0.9397228956222534,0.001641889219172299,0.05873167887330055
227,0,background,0.9395618438720703,0.9395618438720703,0.0016421549953520298,0.05889275670051575
228,0,background,0.9394335746765137,0.9394335746765137,0.0016418135492131114,0.059021513909101486
229,0,background,0.9316855669021606,0.9316855669021606,0.001698570093140006,0.06672923266887665
230,0,background,0.936213493347168,0.936213493347168,0.001628188299946487,0.0622597374022007
231,0,background,0.8894714713096619,0.8894714713096619,0.0016098461346700788,0.10909434407949448
232,0,background,0.8978027105331421,0.8978027105331421,0.001600939896889031,0.1007576733827591
233,0,background,0.8751162886619568,0.8751162886619568,0.0016079096822068095,0.12347434461116791
234,0,background,0.8806467652320862,0.8806467652320862,0.0016102730296552181,0.11793286353349686
235,0,background,0.9031046032905579,0.9031046032905579,0.0016170894959941506,0.09543261677026749
236,0,background,0.8889135718345642,0.8889135718345642,0.001608886057510972,0.10965392738580704
237,0,background,0.8992863893508911,0.8992863893508911,0.0016013067215681076,0.09927129000425339
238,0,background,0.8742688894271851,0.8742688894271851,0.0016077590407803655,0.12432321161031723
239,0,background,0.8809784054756165,0.8809784054756165,0.0016092108562588692,0.11760161817073822
240,0,background,0.9046155214309692,0.9046155214309692,0.0016179749509319663,0.09391843527555466
241,0,background,0.8875632882118225,0.8875632882118225,0.0016079987399280071,0.1110072135925293
242,0,background,0.9021728038787842,0.9021728038787842,0.0016025443328544497,0.09637908637523651
243,0,background,0.872525155544281,0.872525155544281,0.0016074017621576786,0.12607009708881378
244,0,background,0.8807207942008972,0.8807207942008972,0.0016082243528217077,0.11786048859357834
245,0,background,0.9074106812477112,0.9074106812477112,0.0016192997572943568,0.09111755341291428
246,0,background,0.8861907124519348,0.8861907124519348,0.0016075301682576537,0.11238238960504532
247,0,background,0.9035897850990295,0.9035897850990295,0.0016034265281632543,0.09495900571346283
248,0,background,0.8711885809898376,0.8711885809898376,0.0016071805730462074,0.12740899622440338
249,0,background,0.8795382976531982,0.8795382976531982,0.0016061203787103295,0.11904681473970413
250,0,background,0.9086412191390991,0.9086412191390991,0.0016189328161999583,0.08988536894321442
251,0,background,0.8879159688949585,0.8879159688949585,0.0016076886095106602,0.11065423488616943
252,0,background,0.9003245830535889,0.9003245830535889,0.0016022062627598643,0.09823063015937805
253,0,background,0.8722544312477112,0.8722544312477112,0.0016076121246442199,0.1263410896062851
254,0,background,0.8779412508010864,0.8779412508010864,0.0016034020809456706,0.1206488162279129
255,0,background,0.9060876369476318,0.9060876369476318,0.0016167123103514314,0.09244509041309357
256,0,background,0.8869834542274475,0.8869834542274475,0.0016087328549474478,0.11158736795186996
257,0,background,0.9033011198043823,0.9033011198043823,0.0016041304916143417,0.0952475368976593
258,0,background,0.8698089122772217,0.8698089122772217,0.0016083301743492484,0.12878991663455963
259,0,background,0.8789755702018738,0.8789755702018738,0.0016056784661486745,0.11961080133914948
260,0,background,0.9085628390312195,0.9085628390312195,0.0016181120881810784,0.08996465057134628
261,0,background,0.8846319913864136,0.8846319913864136,0.0016100123757496476,0.11394144594669342
262,0,background,0.9084329605102539,0.9084329605102539,0.0016072639264166355,0.09010466188192368
263,0,background,0.8652641773223877,0.8652641773223877,0.0016097427578642964,0.13334068655967712
264,0,background,0.8832116723060608,0.8832116723060608,0.0016097180778160691,0.11536431312561035
265,0,background,0.9137277007102966,0.9137277007102966,0.001621459610760212,0.08478830009698868
266,0,background,0.8891029953956604,0.8891029953956604,0.001609794795513153,0.10946337133646011
267,0,background,0.9039005637168884,0.9039005637168884,0.0016046605305746198,0.09464661777019501
268,0,background,0.8710470795631409,0.8710470795631409,0.001609663013368845,0.12754857540130615
269,0,background,0.8823014497756958,0.8823014497756958,0.0016079762717708945,0.1162775531411171
270,0,background,0.9088347554206848,0.9088347554206848,0.0016193813644349575,0.08969108015298843
271,0,background,0.8903927206993103,0.8903927206993103,0.0016088509000837803,0.10817248374223709
272,0,background,0.8971784710884094,0.8971784710884094,0.0016001809854060411,0.10138355940580368
273,0,background,0.8745473623275757,0.8745473623275757,0.00160841119941324,0.12404371052980423
274,0,background,0.8801066875457764,0.8801066875457764,0.001605216064490378,0.11847832053899765
275,0,background,0.9033527970314026,0.9033527970314026,0.0016162451356649399,0.095184825360775
276,0,background,0.8999794125556946,0.8999794125556946,0.0016257137758657336,0.0985550731420517
277,0,background,0.9045141935348511,0.9045141935348511,0.0016034074360504746,0.09403316676616669
278,0,background,0.8709160089492798,0.8709160089492798,0.0016073426231741905,0.12768185138702393
279,0,background,0.8859742879867554,0.8859742879867554,0.0016063795192167163,0.11260023713111877
280,0,background,0.9086264967918396,0.9086264967918396,0.0016217405209317803,0.08989758044481277
281,0,background,0.9316542744636536,0.9316542744636536,0.0016986681148409843,0.06676048040390015
282,0,background,0.9025062322616577,0.9025062322616577,0.0016155783087015152,0.09603334218263626
283,0,background,0.8902204036712646,0.8902204036712646,0.0016095901373773813,0.10834445804357529
284,0,background,0.9022764563560486,0.9022764563560486,0.0016155067132785916,0.09626350551843643
285,0,background,0.8902730941772461,0.8902730941772461,0.0016094024758785963,0.10829178243875504
286,0,background,0.9020797610282898,0.9020797610282898,0.0016154744662344456,0.09646061062812805
287,0,background,0.8904688358306885,0.8904688358306885,0.0016089886194095016,0.10809609293937683
288,0,background,0.9021009206771851,0.9021009206771851,0.0016156743513420224,0.0964391827583313
289,0,background,0.8905790448188782,0.8905790448188782,0.0016084365779533982,0.10798618942499161
290,0,background,0.9025505781173706,0.9025505781173706,0.0016161204548552632,0.0959884524345398
291,0,background,0.890450656414032,0.890450656414032,0.0016077383188530803,0.10811545699834824
292,0,background,0.8966254591941833,0.8966254591941833,0.001599242677912116,0.10193832218647003
293,0,background,0.8752008676528931,0.8752008676528931,0.0016067184042185545,0.12339069694280624
294,0,background,0.8803294897079468,0.8803294897079468,0.0016066572861745954,0.11825387179851532
295,0,background,0.8963186740875244,0.8963186740875244,0.0015999038005247712,0.10224497318267822
296,0,background,0.8755412101745605,0.8755412101745605,0.0016071958234533668,0.12304934859275818
297,0,background,0.8803349137306213,0.8803349137306213,0.0016077453037723899,0.11824744194746017
298,0,background,0.8964884281158447,0.8964884281158447,0.00160046829842031,0.1020745262503624
299,0,background,0.8755972981452942,0.8755972981452942,0.0016077070031315088,0.12299267202615738
300,0,background,0.8804641366004944,0.8804641366004944,0.0016085950192064047,0.11811728030443192
301,0,background,0.8968779444694519,0.8968779444694519,0.00160062441136688,0.10168422758579254
302,0,background,0.875523567199707,0.875523567199707,0.0016081295907497406,0.12306618690490723
303,0,background,0.8806355595588684,0.8806355595588684,0.0016091373981907964,0.11794506758451462
304,0,background,0.8971701860427856,0.8971701860427856,0.0016004834324121475,0.10139163583517075
305,0,background,0.8754807710647583,0.8754807710647583,0.0016083522932603955,0.12310885637998581
306,0,background,0.8806968927383423,0.8806968927383423,0.0016093694139271975,0.11788346618413925
307,0,background,0.8898444771766663,0.8898444771766663,0.0016399816377088428,0.10869381576776505
308,0,background,0.9429306387901306,0.9429306387901306,0.001716373604722321,0.05544814467430115
309,0,background,0.9435899257659912,0.9435899257659912,0.0016250174958258867,0.0548742301762104
310,0,background,0.7196969985961914,0.7196969985961914,0.0016535476315766573,0.27911096811294556
311,0,background,0.9437156319618225,0.9437156319618225,0.0016201331745833158,0.05475294217467308
312,0,background,0.9404248595237732,0.9404248595237732,0.001627457677386701,0.05804217606782913
313,0,background,0.9427597522735596,0.9427597522735596,0.0016202372498810291,0.05571025237441063
314,0,background,0.9436837434768677,0.9436837434768677,0.0017121360870078206,0.05469776690006256
315,0,background,0.9428765177726746,0.9428765177726746,0.0016254894435405731,0.055588386952877045
316,0,background,0.7672411799430847,0.7672411799430847,0.0016499832272529602,0.23149080574512482
317,0,background,0.9443634152412415,0.9443634152412415,0.0016167223220691085,0.05410738289356232
318,0,background,0.9400996565818787,0.9400996565818787,0.001628803089261055,0.05836658924818039
319,0,background,0.9430288076400757,0.9430288076400757,0.001616777735762298,0.05544408783316612
320,0,background,0.9347691535949707,0.9347691535949707,0.0016248765168711543,0.06370949745178223
321,0,background,0.8951612710952759,0.8951612710952759,0.001639474998228252,0.10336869955062866
322,0,background,0.9402680993080139,0.9402680993080139,0.0016418993473052979,0.05818558111786842
323,0,background,0.9429973363876343,0.9429973363876343,0.0016383788315579295,0.05545516684651375
324,0,background,0.9432239532470703,0.9432239532470703,0.0016361830057576299,0.05523017421364784
325,0,background,0.9426880478858948,0.9426880478858948,0.0016383625334128737,0.05576499179005623
326,0,background,0.9138293862342834,0.9138293862342834,0.0016217591473832726,0.08468618988990784
327,0,background,0.9072082042694092,0.9072082042694092,0.0016238234238699079,0.09131630510091782
328,0,background,0.9092829823493958,0.9092829823493958,0.001615799032151699,0.08924537897109985
329,0,background,0.9005239605903625,0.9005239605903625,0.0016078860498964787,0.09802576154470444
330,0,background,0.9137346744537354,0.9137346744537354,0.0016173920594155788,0.0847851112484932
331,0,background,0.8976259827613831,0.8976259827613831,0.0016086532268673182,0.1009276807308197
332,0,background,0.9172282814979553,0.9172282814979553,0.0016188480658456683,0.08128446340560913
333,0,background,0.8913370966911316,0.8913370966911316,0.0016084648668766022,0.10722693055868149
334,0,background,0.9145422577857971,0.9145422577857971,0.0016164937987923622,0.08397701382637024
335,0,background,0.8958168625831604,0.8958168625831604,0.0016072433209046721,0.10274103283882141
336,0,background,0.9134122133255005,0.9134122133255005,0.0016159567749127746,0.08510932326316833
337,0,background,0.8963938355445862,0.8963938355445862,0.0016063795192167163,0.1021638736128807
338,0,background,0.9143723845481873,0.9143723845481873,0.0016179889207705855,0.08414578437805176
339,0,background,0.8952712416648865,0.8952712416648865,0.0016070266719907522,0.10328777134418488
340,0,background,0.9124082922935486,0.9124082922935486,0.001617778674699366,0.08611323684453964
341,0,background,0.8971905708312988,0.8971905708312988,0.0016076151514425874,0.10136479884386063
342,0,background,0.9100098013877869,0.9100098013877869,0.001617550733499229,0.08851581811904907
343,0,background,0.8982621431350708,0.8982621431350708,0.0016082259826362133,0.10029086470603943
344,0,background,0.9089587330818176,0.9089587330818176,0.0016166468849405646,0.08956938236951828
345,0,background,0.8986420631408691,0.8986420631408691,0.0016087933909147978,0.09990990906953812
346,0,background,0.905336320400238,0.905336320400238,0.0016030112747102976,0.09321008622646332
347,0,background,0.8788158297538757,0.8788158297538757,0.0016090897843241692,0.11976776272058487
348,0,background,0.8755024075508118,0.8755024075508118,0.0016073854640126228,0.12308807671070099
349,0,background,0.9059622287750244,0.9059622287750244,0.0016040357295423746,0.09258224815130234
350,0,background,0.8762609362602234,0.8762609362602234,0.0016088110860437155,0.12232711166143417
351,0,background,0.8736549019813538,0.8736549019813538,0.0016064919764176011,0.12493932247161865
352,0,background,0.905218243598938,0.905218243598938,0.0016031425911933184,0.09332825988531113
353,0,background,0.877653956413269,0.877653956413269,0.0016079762717708945,0.12093253433704376
354,0,background,0.874269425868988,0.874269425868988,0.0016039380570873618,0.12432606518268585
355,0,background,0.9057358503341675,0.9057358503341675,0.0016044483054429293,0.09280862659215927
356,0,background,0.8751971125602722,0.8751971125602722,0.001608576625585556,0.12339279055595398
357,0,background,0.8745189309120178,0.8745189309120178,0.0016055239830166101,0.12407474219799042
358,0,background,0.9070931673049927,0.9070931673049927,0.001606989186257124,0.09144674241542816
359,0,background,0.8667010068893433,0.8667010068893433,0.0016099188942462206,0.13190145790576935
360,0,background,0.8707724809646606,0.8707724809646606,0.0016086118994280696,0.1278245747089386
361,0,background,0.9049844145774841,0.9049844145774841,0.0016049646073952317,0.09356074780225754
362,0,background,0.8766447305679321,0.8766447305679321,0.0016102584777399898,0.12194129824638367
363,0,background,0.8740019798278809,0.8740019798278809,0.0016075890744104981,0.12459069490432739
364,0,background,0.9020907282829285,0.9020907282829285,0.001601625233888626,0.09646210819482803
365,0,background,0.8825330138206482,0.8825330138206482,0.0016094966558739543,0.1160443052649498
366,0,background,0.8759840130805969,0.8759840130805969,0.001605041790753603,0.1226077750325203
367,0,background,0.9078356027603149,0.9078356027603149,0.0016037655295804143,0.09070610255002975
368,0,background,0.8774735331535339,0.8774735331535339,0.0016092584701254964,0.12111207842826843
369,0,background,0.8805610537528992,0.8805610537528992,0.0016051403945311904,0.11802319437265396
370,0,background,0.8997217416763306,0.8997217416763306,0.0016077834879979491,0.09882941842079163
371,0,background,0.9018295407295227,0.9018295407295227,0.0015996219590306282,0.09672555327415466
372,0,background,0.8823512196540833,0.8823512196540833,0.0016090432181954384,0.11622679978609085
373,0,background,0.8783912658691406,0.8783912658691406,0.0016047842800617218,0.12019683420658112
374,0,background,0.9083991646766663,0.9083991646766663,0.0016160559607669711,0.09013043344020844
375,0,background,0.8997478485107422,0.8997478485107422,0.001608538324944675,0.09880249947309494
376,0,background,0.9016441702842712,0.9016441702842712,0.0015990304527804255,0.09691180288791656
377,0,background,0.8824408650398254,0.8824408650398254,0.0016098354244604707,0.11613623797893524
378,0,background,0.879701554775238,0.879701554775238,0.0016059865010902286,0.11888336390256882
379,0,background,0.9080507755279541,0.9080507755279541,0.0016161914682015777,0.090479277074337
380,0,background,0.8996067643165588,0.8996067643165588,0.0016089251730591059,0.09894351661205292
381,0,background,0.9017596244812012,0.9017596244812012,0.00159890775103122,0.09679625928401947
382,0,background,0.8823452591896057,0.8823452591896057,0.0016101810615509748,0.11623174697160721
383,0,background,0.8807908296585083,0.8807908296585083,0.0016060997731983662,0.11779226362705231
384,0,background,0.907983124256134,0.907983124256134,0.0016158812213689089,0.0905473381280899
385,0,background,0.8992657661437988,0.8992657661437988,0.0016092391451820731,0.09928473830223083
386,0,background,0.9020620584487915,0.9020620584487915,0.0015987814404070377,0.0964934229850769
387,0,background,0.8820012211799622,0.8820012211799622,0.001610470935702324,0.11657604575157166
388,0,background,0.8813390731811523,0.8813390731811523,0.0016061370261013508,0.11724303662776947
389,0,background,0.9081030488014221,0.9081030488014221,0.001615671324543655,0.09042741358280182
390,0,background,0.8990259766578674,0.8990259766578674,0.001609348808415234,0.0995248556137085
391,0,background,0.9021510481834412,0.9021510481834412,0.0015986216021701694,0.09640451520681381
392,0,background,0.8817320466041565,0.8817320466041565,0.0016106640687212348,0.11684548109769821
393,0,background,0.8810675144195557,0.8810675144195557,0.00160633132327348,0.11751489341259003
394,0,background,0.9081998467445374,0.9081998467445374,0.0016156643396243453,0.09033043682575226
395,0,background,0.9030401110649109,0.9030401110649109,0.0015999403549358249,0.0955127403140068
396,0,background,0.8822410702705383,0.8822410702705383,0.001609117491170764,0.11633698642253876
397,0,background,0.8804048299789429,0.8804048299789429,0.0016074834857136011,0.11817766726016998
398,0,background,0.903709352016449,0.903709352016449,0.0016016496811062098,0.094840869307518
399,0,background,0.8809901475906372,0.8809901475906372,0.001609173370525241,0.11758993566036224
400,0,background,0.8777971267700195,0.8777971267700195,0.0016080704517662525,0.12078902125358582
401,0,background,0.941748857498169,0.941748857498169,0.001731397700496018,0.05661779269576073
402,0,background,0.9371976852416992,0.9371976852416992,0.0016403712797909975,0.061262454837560654
403,0,background,0.9407728314399719,0.9407728314399719,0.001640383736230433,0.0576813630759716
404,0,background,0.9402081370353699,0.9402081370353699,0.0016365018673241138,0.058250654488801956
405,0,background,0.940422534942627,0.940422534942627,0.0016404062043875456,0.05803229287266731
406,0,background,0.9237229824066162,0.9237229824066162,0.0017001242376863956,0.07470390945672989
407,0,background,0.9346024394035339,0.9346024394035339,0.0016264832811430097,0.06387495994567871
408,0,background,0.8978259563446045,0.8978259563446045,0.0016102883964776993,0.10072594881057739
409,0,background,0.902922511100769,0.902922511100769,0.001600083545781672,0.09563042968511581
410,0,background,0.8815533518791199,0.8815533518791199,0.0016092753503471613,0.11702574044466019
411,0,background,0.8804733157157898,0.8804733157157898,0.0016072271391749382,0.11810927093029022
412,0,background,0.9086518883705139,0.9086518883705139,0.001618304057046771,0.08987519145011902
413,0,background,0.8970297574996948,0.8970297574996948,0.0016095241298899055,0.10152409970760345
414,0,background,0.9040570259094238,0.9040570259094238,0.0016023169737309217,0.094492107629776
415,0,background,0.8799150586128235,0.8799150586128235,0.0016092269215732813,0.11866673082113266
416,0,background,0.8783851861953735,0.8783851861953735,0.0016077941982075572,0.1202002465724945
417,0,background,0.9101852178573608,0.9101852178573608,0.0016194198979064822,0.0883384495973587
418,0,background,0.8952929973602295,0.8952929973602295,0.001608792576007545,0.10326432436704636
419,0,background,0.9057009220123291,0.9057009220123291,0.0016037042951211333,0.09284424781799316
420,0,background,0.8775888681411743,0.8775888681411743,0.0016089504351839423,0.1209968626499176
421,0,background,0.8764945864677429,0.8764945864677429,0.00160711701028049,0.12209448218345642
422,0,background,0.912465512752533,0.912465512752533,0.001619794755242765,0.08605410903692245
423,0,background,0.8939492702484131,0.8939492702484131,0.001608160906471312,0.10461079329252243
424,0,background,0.9059880375862122,0.9059880375862122,0.0016042214119806886,0.09255626797676086
425,0,background,0.8758963346481323,0.8758963346481323,0.001608271966688335,0.12269267439842224
426,0,background,0.8756296038627625,0.8756296038627625,0.0016054674051702023,0.12296232581138611
427,0,background,0.913581132888794,0.913581132888794,0.0016193868359550834,0.08493705838918686
428,0,background,0.89554762840271,0.89554762840271,0.0016083248192444444,0.10300973802804947
429,0,background,0.9047048687934875,0.9047048687934875,0.0016028740210458636,0.09384270012378693
430,0,background,0.8775364756584167,0.8775364756584167,0.0016083032824099064,0.1210499107837677
431,0,background,0.8761973977088928,0.8761973977088928,0.0016033151187002659,0.12239549309015274
432,0,background,0.9120461344718933,0.9120461344718933,0.001616916386410594,0.08647681772708893
433,0,background,0.8942365646362305,0.8942365646362305,0.0016093358863145113,0.10432203859090805
434,0,background,0.9061960577964783,0.9061960577964783,0.0016044939402490854,0.0923476442694664
435,0,background,0.8742179274559021,0.8742179274559021,0.0016089642886072397,0.1243731677532196
436,0,background,0.8766623735427856,0.8766623735427856,0.0016052313148975372,0.1219281479716301
437,0,background,0.9140598773956299,0.9140598773956299,0.0016178125515580177,0.08445897698402405
438,0,background,0.8904085159301758,0.8904085159301758,0.0016107239061966538,0.1081550270318985
439,0,background,0.9078945517539978,0.9078945517539978,0.0016076334286481142,0.09064353257417679
440,0,background,0.8670690655708313,0.8670690655708313,0.001610225415788591,0.1315324753522873
441,0,background,0.8738137483596802,0.8738137483596802,0.001608973485417664,0.12477800995111465
442,0,background,0.9169472455978394,0.9169472455978394,0.0016210342291742563,0.08156396448612213
443,0,background,0.8958703875541687,0.8958703875541687,0.0016106510302051902,0.1026844009757042
444,0,background,0.9059421420097351,0.9059421420097351,0.0016053267754614353,0.09260115772485733
445,0,background,0.8756603002548218,0.8756603002548218,0.0016102154040709138,0.12292742729187012
446,0,background,0.8771216869354248,0.8771216869354248,0.0016075470484793186,0.12146604061126709
447,0,background,0.9134293794631958,0.9134293794631958,0.0016192272305488586,0.08508918434381485
448,0,background,0.8979989886283875,0.8979989886283875,0.001609569531865418,0.10055328905582428
449,0,background,0.9023005366325378,0.9023005366325378,0.0016016016015782952,0.09625201672315598
450,0,background,0.880784273147583,0.880784273147583,0.0016090989811345935,0.11779618263244629
451,0,background,0.8780274987220764,0.8780274987220764,0.001604518503881991,0.12056142836809158
452,0,background,0.9088995456695557,0.9088995456695557,0.0016173135954886675,0.08962807804346085
453,0,background,0.9063332676887512,0.9063332676887512,0.0016250908374786377,0.09219150990247726
454,0,background,0.9078860282897949,0.9078860282897949,0.001603036536835134,0.09065631031990051
455,0,background,0.8769204020500183,0.8769204020500183,0.0016080146888270974,0.12166721373796463
456,0,background,0.882611095905304,0.882611095905304,0.001604866818524897,0.11597011238336563
457,0,background,0.913352370262146,0.913352370262146,0.001622748444788158,0.08516308665275574
458,0,background,0.9234059453010559,0.9234059453010559,0.0017002002568915486,0.07502139359712601
459,0,background,0.9081706404685974,0.9081706404685974,0.001616768422536552,0.0903586894273758
460,0,background,0.898646354675293,0.898646354675293,0.00161043182015419,0.09990403056144714
461,0,background,0.9080307483673096,0.9080307483673096,0.0016166360583156347,0.09049893915653229
462,0,background,0.8986610770225525,0.8986610770225525,0.0016102369409054518,0.0998895913362503
463,0,background,0.9078347682952881,0.9078347682952881,0.0016168639995157719,0.09069503843784332
464,0,background,0.898766815662384,0.898766815662384,0.0016098653431981802,0.09978395700454712
465,0,background,0.9078316688537598,0.9078316688537598,0.0016170532908290625,0.09069795906543732
466,0,background,0.8987225294113159,0.8987225294113159,0.0016094016609713435,0.09982872009277344
467,0,background,0.9080777168273926,0.9080777168273926,0.0016167968278750777,0.09045175462961197
468,0,background,0.8984807133674622,0.8984807133674622,0.001608709222637117,0.10007154196500778
469,0,background,0.9019436836242676,0.9019436836242676,0.001598769216798246,0.09661199152469635
470,0,background,0.8815993070602417,0.8815993070602417,0.0016079563647508621,0.11698083579540253
471,0,background,0.8798232078552246,0.8798232078552246,0.001604269491508603,0.11876308172941208
472,0,background,0.9017459750175476,0.9017459750175476,0.001598917762748897,0.09680990129709244
473,0,background,0.8819833993911743,0.8819833993911743,0.001609024009667337,0.11659517884254456
474,0,background,0.8808320760726929,0.8808320760726929,0.0016056386521086097,0.1177513599395752
475,0,background,0.9018557071685791,0.9018557071685791,0.0015988614177331328,0.09670004993677139
476,0,background,0.8820934295654297,0.8820934295654297,0.0016096277395263314,0.11648444831371307
477,0,background,0.8815279603004456,0.8815279603004456,0.0016059490153566003,0.11705407500267029
478,0,background,0.9022071361541748,0.9022071361541748,0.0015986916841939092,0.09634816646575928
479,0,background,0.8819800615310669,0.8819800615310669,0.001610030885785818,0.11659765243530273
480,0,background,0.8816606998443604,0.8816606998443604,0.001606074394658208,0.11692099273204803
481,0,background,0.9024110436439514,0.9024110436439514,0.001598680973984301,0.09614399820566177
482,0,background,0.8818925619125366,0.8818925619125366,0.001610300736501813,0.11668501794338226
483,0,background,0.881232500076294,0.881232500076294,0.0016064330702647567,0.11734961718320847
484,0,background,0.8936202526092529,0.8936202526092529,0.0016398527659475803,0.10491190105676651
485,0,background,0.9431934356689453,0.9431934356689453,0.0017249213997274637,0.055176861584186554
486,0,background,0.9428751468658447,0.9428751468658447,0.0016297464026138186,0.05558569356799126
487,0,background,0.7232927680015564,0.7232927680015564,0.0016573446337133646,0.27550652623176575
488,0,background,0.9421156048774719,0.9421156048774719,0.0016238047974184155,0.056352101266384125
489,0,background,0.9387616515159607,0.9387616515159607,0.0016317478148266673,0.05970398709177971
490,0,background,0.9413259029388428,0.9413259029388428,0.001623822608962655,0.05714310705661774
491,0,background,0.9437746405601501,0.9437746405601501,0.0017201874870806932,0.0545990914106369
492,0,background,0.9423333406448364,0.9423333406448364,0.0016301918076351285,0.05612795054912567
493,0,background,0.7679522633552551,0.7679522633552551,0.0016533208545297384,0.23077598214149475
494,0,background,0.9421511292457581,0.9421511292457581,0.001620238064788282,0.056319884955883026
495,0,background,0.9385843873023987,0.9385843873023987,0.0016330626094713807,0.05988040193915367
496,0,background,0.9410315155982971,0.9410315155982971,0.0016200044192373753,0.057441532611846924
497,0,background,0.9314773082733154,0.9314773082733154,0.0016979106003418565,0.06693845987319946
498,0,background,0.9338905215263367,0.9338905215263367,0.0016283115837723017,0.06458627432584763
499,0,background,0.8884333968162537,0.8884333968162537,0.001640461734496057,0.11010675132274628
500,0,background,0.9365522265434265,0.9365522265434265,0.001646534656174481,0.061903174966573715
501,0,background,0.9406658411026001,0.9406658411026001,0.0016399855958297849,0.05778896436095238
502,0,background,0.939847469329834,0.939847469329834,0.0016421909676864743,0.05860660970211029
503,0,background,0.9395695328712463,0.9395695328712463,0.0016400041058659554,0.058886997401714325
504,0,background,0.9111880660057068,0.9111880660057068,0.0016195479547604918,0.08733382821083069
505,0,background,0.9003661870956421,0.9003661870956421,0.0016240538097918034,0.09816920757293701
506,0,background,0.9025728702545166,0.9025728702545166,0.0016156751662492752,0.09596645832061768
507,0,background,0.890261709690094,0.890261709690094,0.0016096008475869894,0.1083030104637146
508,0,background,0.9022447466850281,0.9022447466850281,0.001615934306755662,0.09629491716623306
509,0,background,0.8915517926216125,0.8915517926216125,0.0016100623179227114,0.10701046139001846
510,0,background,0.9021095037460327,0.9021095037460327,0.001616228255443275,0.09643010795116425
511,0,background,0.8923064470291138,0.8923064470291138,0.0016100277425721288,0.10625459253787994
512,0,background,0.9027913212776184,0.9027913212776184,0.0016165160341188312,0.0957469493150711
513,0,background,0.8906474709510803,0.8906474709510803,0.0016085905954241753,0.10791749507188797
514,0,background,0.9058714509010315,0.9058714509010315,0.001618103007785976,0.0926603451371193
515,0,background,0.8891149759292603,0.8891149759292603,0.0016073029255494475,0.10945367813110352
516,0,background,0.9067394137382507,0.9067394137382507,0.0016026862431317568,0.09180503338575363
517,0,background,0.8695424199104309,0.8695424199104309,0.0016081478679552674,0.12905700504779816
518,0,background,0.8851850032806396,0.8851850032806396,0.0016050785779953003,0.1133919209241867
519,0,background,0.891127347946167,0.891127347946167,0.0016067834803834558,0.10743851214647293
520,0,background,0.8991256356239319,0.8991256356239319,0.0016010429244488478,0.09943252056837082
521,0,background,0.8748330473899841,0.8748330473899841,0.0016084173694252968,0.12375760078430176
522,0,background,0.8803868889808655,0.8803868889808655,0.001606219680979848,0.1181967556476593
523,0,background,0.9054315090179443,0.9054315090179443,0.0016163622494786978,0.09310262650251389
524,0,background,0.8925117254257202,0.8925117254257202,0.0016081585781648755,0.10605067759752274
525,0,background,0.8972135186195374,0.8972135186195374,0.0016003060154616833,0.10134834051132202
526,0,background,0.876475989818573,0.876475989818573,0.0016093733720481396,0.12211114913225174
527,0,background,0.8812923431396484,0.8812923431396484,0.00160841119941324,0.11728785932064056
528,0,background,0.9033355116844177,0.9033355116844177,0.001615702174603939,0.09520263969898224
529,0,background,0.8940342664718628,0.8940342664718628,0.0016093862941488624,0.10452453047037125
530,0,background,0.8967669606208801,0.8967669606208801,0.0016006740042939782,0.10179533064365387
531,0,background,0.8777637481689453,0.8777637481689453,0.0016105889808386564,0.12082025408744812
532,0,background,0.8827371001243591,0.8827371001243591,0.0016102140070870519,0.11583920568227768
533,0,background,0.9024783372879028,0.9024783372879028,0.0016155028715729713,0.09606131911277771
534,0,background,0.8920563459396362,0.8920563459396362,0.001609067665413022,0.10650593042373657
535,0,background,0.8970674872398376,0.8970674872398376,0.0016009141691029072,0.10149404406547546
536,0,background,0.8764204382896423,0.8764204382896423,0.0016097534680739045,0.1221664771437645
537,0,background,0.8817381262779236,0.8817381262779236,0.0016100116772577167,0.11683996021747589
538,0,background,0.902697741985321,0.902697741985321,0.0016153514152392745,0.09584168344736099
539,0,background,0.8908358812332153,0.8908358812332153,0.0016087053809314966,0.1077287346124649
540,0,background,0.8971395492553711,0.8971395492553711,0.0016007449012249708,0.10142210125923157
541,0,background,0.8755539059638977,0.8755539059638977,0.0016091158613562584,0.12303495407104492
542,0,background,0.8809003233909607,0.8809003233909607,0.0016094576567411423,0.1176796704530716
543,0,background,0.9027830362319946,0.9027830362319946,0.0016150899464264512,0.09575650840997696
544,0,background,0.8894996047019958,0.8894996047019958,0.0016099504427984357,0.10906607657670975
545,0,background,0.8976684212684631,0.8976684212684631,0.001600635121576488,0.10089239478111267
546,0,background,0.8752046823501587,0.8752046823501587,0.0016079641645774245,0.12338580191135406
547,0,background,0.8805996179580688,0.8805996179580688,0.0016101504443213344,0.11798016726970673
548,0,background,0.9029644727706909,0.9029644727706909,0.0016167123103514314,0.09557332843542099
549,0,background,0.8895167708396912,0.8895167708396912,0.0016104469541460276,0.10904838144779205
550,0,background,0.89736407995224,0.89736407995224,0.001599565614014864,0.10119824856519699
551,0,background,0.8753811717033386,0.8753811717033386,0.0016083484515547752,0.12320861220359802
552,0,background,0.880170464515686,0.880170464515686,0.001609724247828126,0.11841043084859848
553,0,background,0.9029309153556824,0.9029309153556824,0.0016164591070264578,0.09560717642307281
554,0,background,0.8893989324569702,0.8893989324569702,0.0016109892167150974,0.10916594415903091
555,0,background,0.8974769711494446,0.8974769711494446,0.0015990464016795158,0.1010856106877327
556,0,background,0.8751243352890015,0.8751243352890015,0.001608735998161137,0.12346550822257996
557,0,background,0.8796812295913696,0.8796812295913696,0.0016087873373180628,0.11890125274658203
558,0,background,0.9033269882202148,0.9033269882202148,0.001616206718608737,0.0952107161283493
559,0,background,0.8889754414558411,0.8889754414558411,0.0016113988822326064,0.10958977043628693
560,0,background,0.897966206073761,0.897966206073761,0.00159910274669528,0.10059557855129242
561,0,background,0.8745803833007812,0.8745803833007812,0.0016092484584078193,0.12400989979505539
562,0,background,0.8792312145233154,0.8792312145233154,0.0016079710330814123,0.1193527802824974
563,0,background,0.9040341973304749,0.9040341973304749,0.0016157127683982253,0.09450282156467438
564,0,background,0.8887645602226257,0.8887645602226257,0.0016116535989567637,0.10980075597763062
565,0,background,0.8978806138038635,0.8978806138038635,0.0016000012401491404,0.10068044811487198
566,0,background,0.8741262555122375,0.8741262555122375,0.001609828439541161,0.12446431070566177
567,0,background,0.8784639835357666,0.8784639835357666,0.0016071958234533668,0.12012189626693726
568,0,background,0.9041242599487305,0.9041242599487305,0.001615440589375794,0.09441279619932175
569,0,background,0.8863871097564697,0.8863871097564697,0.0016116166952997446,0.11218205839395523
570,0,background,0.903957724571228,0.903957724571228,0.0016038876492530107,0.09459007531404495
571,0,background,0.8704473972320557,0.8704473972320557,0.0016101887449622154,0.12814877927303314
572,0,background,0.8791735172271729,0.8791735172271729,0.001609212369658053,0.11940942704677582
573,0,background,0.908820629119873,0.908820629119873,0.001618203823454678,0.08970628678798676
574,0,background,0.883397102355957,0.883397102355957,0.001611957442946732,0.11517661809921265
575,0,background,0.9089254140853882,0.9089254140853882,0.0016063069924712181,0.08961222320795059
576,0,background,0.8651382327079773,0.8651382327079773,0.0016108787385746837,0.13346591591835022
577,0,background,0.8819489479064941,0.8819489479064941,0.001610805164091289,0.11662813276052475
578,0,background,0.9142176508903503,0.9142176508903503,0.0016199497040361166,0.08429896086454391
579,0,background,0.8868933320045471,0.8868933320045471,0.0016109102871268988,0.11167559772729874
580,0,background,0.9040558934211731,0.9040558934211731,0.0016046277014538646,0.09449112415313721
581,0,background,0.8698561787605286,0.8698561787605286,0.0016100822249427438,0.12874099612236023
582,0,background,0.8794429898262024,0.8794429898262024,0.001608150196261704,0.11914045363664627
583,0,background,0.9092726707458496,0.9092726707458496,0.0016182021936401725,0.08925352245569229
584,0,background,0.8866564035415649,0.8866564035415649,0.0016089443815872073,0.11191471666097641
585,0,background,0.90180504322052,0.90180504322052,0.001602780888788402,0.09674729406833649
586,0,background,0.8713383078575134,0.8713383078575134,0.0016087261028587818,0.12725767493247986
587,0,background,0.8779845237731934,0.8779845237731934,0.001605299417860806,0.1206037700176239
588,0,background,0.9072167277336121,0.9072167277336121,0.0016169509617611766,0.09131395071744919
589,0,background,0.8987640738487244,0.8987640738487244,0.0016254769871011376,0.09977264702320099
590,0,background,0.9067190289497375,0.9067190289497375,0.0016022376948967576,0.09182583540678024
591,0,background,0.8685113191604614,0.8685113191604614,0.0016071749851107597,0.13009057939052582
592,0,background,0.8852518796920776,0.8852518796920776,0.0016055178130045533,0.11332457512617111
593,0,background,0.9108451008796692,0.9108451008796692,0.001620573690161109,0.08767640590667725
594,0,background,0.9001787304878235,0.9001787304878235,0.0016013531712815166,0.09837743639945984
595,0,background,0.8736550807952881,0.8736550807952881,0.0016073036240413785,0.12493844330310822
596,0,background,0.8805583715438843,0.8805583715438843,0.0016072355210781097,0.11802411079406738
597,0,background,0.8968576788902283,0.8968576788902283,0.0015998686430975795,0.10170517861843109
598,0,background,0.875409722328186,0.875409722328186,0.001608050661161542,0.12318025529384613
599,0,background,0.8803832530975342,0.8803832530975342,0.0016085375100374222,0.11819834262132645
600,0,background,0.8965925574302673,0.8965925574302673,0.0016003928612917662,0.10197024792432785
601,0,background,0.876948893070221,0.876948893070221,0.0016094722086563706,0.12163740396499634
602,0,background,0.8819704055786133,0.8819704055786133,0.0016102984081953764,0.11660704016685486
603,0,background,0.896909236907959,0.896909236907959,0.0016008698148652911,0.10165265202522278
604,0,background,0.8764138221740723,0.8764138221740723,0.0016094086458906531,0.12217343598604202
605,0,background,0.8816905617713928,0.8816905617713928,0.001610483042895794,0.11688719689846039
606,0,background,0.897218644618988,0.897218644618988,0.001600641175173223,0.10134290903806686
607,0,background,0.8754934668540955,0.8754934668540955,0.0016086410032585263,0.12309584766626358
608,0,background,0.8807786703109741,0.8807786703109741,0.0016097626648843288,0.11780116707086563
609,0,background,0.9423056244850159,0.9423056244850159,0.0017324581276625395,0.05605897679924965
610,0,background,0.9396989941596985,0.9396989941596985,0.0016456178855150938,0.05875205621123314
611,0,background,0.941776692867279,0.941776692867279,0.0016394156264141202,0.056676819920539856
612,0,background,0.9427947998046875,0.9427947998046875,0.0016401878092437983,0.055656321346759796
613,0,background,0.9404522776603699,0.9404522776603699,0.0016393244732171297,0.05800345912575722
614,0,background,0.9346864819526672,0.9346864819526672,0.0016270827036350965,0.0637902319431305
615,0,background,0.9314497113227844,0.9314497113227844,0.001698085805401206,0.06696590781211853
616,0,background,0.9099514484405518,0.9099514484405518,0.0016158698126673698,0.08857579529285431
617,0,background,0.8874433040618896,0.8874433040618896,0.001606961595825851,0.11112835258245468
618,0,background,0.9107646942138672,0.9107646942138672,0.0016167869325727224,0.08776047080755234
619,0,background,0.8886630535125732,0.8886630535125732,0.001609023311175406,0.10990478098392487
620,0,background,0.9156929850578308,0.9156929850578308,0.0016184842679649591,0.08282256871461868
621,0,background,0.8846474289894104,0.8846474289894104,0.0016101258806884289,0.11392587423324585
622,0,background,0.9100844860076904,0.9100844860076904,0.0016163360560312867,0.08844205737113953
623,0,background,0.8877851366996765,0.8877851366996765,0.0016100016655400395,0.11078322678804398
624,0,background,0.9051516652107239,0.9051516652107239,0.001613857108168304,0.09338518232107162
625,0,background,0.8901177048683167,0.8901177048683167,0.0016100353095680475,0.10844684392213821
626,0,background,0.9051026701927185,0.9051026701927185,0.0016143120592460036,0.09343383461236954
627,0,background,0.8901186585426331,0.8901186585426331,0.0016097963089123368,0.10844612866640091
628,0,background,0.9040855169296265,0.9040855169296265,0.0016148838913068175,0.09445212036371231
629,0,background,0.890381395816803,0.890381395816803,0.0016093963058665395,0.10818333923816681
630,0,background,0.9034203886985779,0.9034203886985779,0.0016150515293702483,0.09511816501617432
631,0,background,0.8903035521507263,0.8903035521507263,0.001608896884135902,0.10826167464256287
632,0,background,0.9032356142997742,0.9032356142997742,0.0016152276657521725,0.09530311822891235
633,0,background,0.8900553584098816,0.8900553584098816,0.0016084342496469617,0.10851073265075684
634,0,background,0.8980414271354675,0.8980414271354675,0.0015986497746780515,0.10052058845758438
635,0,background,0.8756714463233948,0.8756714463233948,0.0016085368115454912,0.12291772663593292
636,0,background,0.8796891570091248,0.8796891570091248,0.0016088309930637479,0.11889328807592392
637,0,background,0.8988628387451172,0.8988628387451172,0.0015990539686754346,0.099697545170784
638,0,background,0.8751482367515564,0.8751482367515564,0.0016090914141386747,0.12344126403331757
639,0,background,0.8792403936386108,0.8792403936386108,0.0016074726590886712,0.11934398859739304
640,0,background,0.8988648056983948,0.8988648056983948,0.0016000049654394388,0.0996946468949318
641,0,background,0.8748277425765991,0.8748277425765991,0.0016098032938316464,0.12376170605421066
642,0,background,0.8781731724739075,0.8781731724739075,0.0016063053626567125,0.12041398137807846
643,0,background,0.9047197699546814,0.9047197699546814,0.001603711280040443,0.0938270315527916
644,0,background,0.8711287975311279,0.8711287975311279,0.0016101066721603274,0.1274663358926773
645,0,background,0.8786855340003967,0.8786855340003967,0.0016083646332845092,0.11989892274141312
646,0,background,0.9101729989051819,0.9101729989051819,0.001606446923688054,0.08836250752210617
647,0,background,0.8649823069572449,0.8649823069572449,0.0016105942195281386,0.13362234830856323
648,0,background,0.881476879119873,0.881476879119873,0.0016105353133752942,0.11710118502378464
649,0,background,0.9050637483596802,0.9050637483596802,0.0016048606485128403,0.0934813916683197
650,0,background,0.8707042932510376,0.8707042932510376,0.0016097809420898557,0.12789174914360046
651,0,background,0.8790989518165588,0.8790989518165588,0.0016080653294920921,0.11948511004447937
652,0,background,0.9041737914085388,0.9041737914085388,0.0016031685518100858,0.09437432140111923
653,0,background,0.8714614510536194,0.8714614510536194,0.00160853227134794,0.1271345019340515
654,0,background,0.8780059814453125,0.8780059814453125,0.0016053864965215325,0.1205822229385376
655,0,background,0.8977009654045105,0.8977009654045105,0.0016003577038645744,0.10086004436016083
656,0,background,0.8754767775535583,0.8754767775535583,0.001607606653124094,0.12311351299285889
657,0,background,0.8803632259368896,0.8803632259368896,0.0016104447422549129,0.11821667850017548
658,0,background,0.8976383805274963,0.8976383805274963,0.0015993858687579632,0.10092365741729736
659,0,background,0.8758192658424377,0.8758192658424377,0.0016080635832622647,0.12277008593082428
660,0,background,0.8800490498542786,0.8800490498542786,0.0016099067870527506,0.11853189021348953
661,0,background,0.8900508880615234,0.8900508880615234,0.0016397731378674507,0.10848727822303772
662,0,background,0.942931592464447,0.942931592464447,0.001716373604722321,0.05544719472527504
663,0,background,0.9435888528823853,0.9435888528823853,0.0016250188928097486,0.05487531051039696
664,0,background,0.7197286486625671,0.7197286486625671,0.0016535461181774735,0.27907925844192505
665,0,background,0.9437150359153748,0.9437150359153748,0.001620132359676063,0.05475354939699173
666,0,background,0.9404236674308777,0.9404236674308777,0.0016274591907858849,0.05804334953427315
667,0,background,0.9427591562271118,0.9427591562271118,0.0016202372498810291,0.05571085587143898
668,0,background,0.9436829686164856,0.9436829686164856,0.001712135155685246,0.054698530584573746
669,0,background,0.9428774118423462,0.9428774118423462,0.0016254863003268838,0.055587463080883026
670,0,background,0.7672218680381775,0.7672218680381775,0.001649984042160213,0.23151016235351562
671,0,background,0.9443637132644653,0.9443637132644653,0.001616719993762672,0.05410708859562874
672,0,background,0.9401006698608398,0.9401006698608398,0.0016288008773699403,0.058365598320961
673,0,background,0.9430290460586548,0.9430290460586548,0.0016167769208550453,0.05544380098581314
674,0,background,0.9235138297080994,0.9235138297080994,0.0016996476333588362,0.0749138817191124
675,0,background,0.9319518208503723,0.9319518208503723,0.0016274901572614908,0.06652897596359253
676,0,background,0.8920088410377502,0.8920088410377502,0.0016404336784034967,0.10652545839548111
677,0,background,0.937558650970459,0.937558650970459,0.0016412812983617187,0.06090003252029419
678,0,background,0.9417782425880432,0.9417782425880432,0.001638268819078803,0.05667630210518837
679,0,background,0.9406228065490723,0.9406228065490723,0.0016364214243367314,0.057835403829813004
680,0,background,0.94056636095047,0.94056636095047,0.0016385286580771208,0.05788996443152428
681,0,background,0.9154943823814392,0.9154943823814392,0.001620798953808844,0.08301939070224762
682,0,background,0.9063262343406677,0.9063262343406677,0.0016233217902481556,0.09220010787248611
683,0,background,0.9082661867141724,0.9082661867141724,0.0016168286092579365,0.09026286005973816
684,0,background,0.89870685338974,0.89870685338974,0.0016104868846014142,0.09984347969293594
685,0,background,0.9077589511871338,0.9077589511871338,0.0016170270973816514,0.09077086299657822
686,0,background,0.8996486663818359,0.8996486663818359,0.0016108658164739609,0.09889976680278778
687,0,background,0.9075243473052979,0.9075243473052979,0.0016176237259060144,0.09100526571273804
688,0,background,0.9001369476318359,0.9001369476318359,0.0016106012044474483,0.0984109416604042
689,0,background,0.9085291028022766,0.9085291028022766,0.0016180960228666663,0.08999840170145035
690,0,background,0.8986110091209412,0.8986110091209412,0.0016094199381768703,0.09994044899940491
691,0,background,0.9113106727600098,0.9113106727600098,0.001618526759557426,0.08721194416284561
692,0,background,0.8968870043754578,0.8968870043754578,0.0016080796485766768,0.10166839510202408
693,0,background,0.9093330502510071,0.9093330502510071,0.0016034891596063972,0.08920649439096451
694,0,background,0.875059962272644,0.875059962272644,0.00160860491450876,0.12353015691041946
695,0,background,0.879036009311676,0.879036009311676,0.0016039946349337697,0.11955169588327408
696,0,background,0.8988447785377502,0.8988447785377502,0.0016074421582743526,0.09970808029174805
697,0,background,0.9030225276947021,0.9030225276947021,0.0016020972980186343,0.09552843868732452
698,0,background,0.880794107913971,0.880794107913971,0.0016094177262857556,0.1177859753370285
699,0,background,0.875956654548645,0.875956654548645,0.0016056632157415152,0.12263458967208862
700,0,background,0.9102855920791626,0.9102855920791626,0.001616794615983963,0.08824032545089722
701,0,background,0.9001117944717407,0.9001117944717407,0.001608792576007545,0.09843776375055313
702,0,background,0.9017055630683899,0.9017055630683899,0.0016010977560654283,0.09684844315052032
703,0,background,0.882495105266571,0.882495105266571,0.0016108518466353416,0.11608102172613144
704,0,background,0.8775013089179993,0.8775013089179993,0.0016074575250968337,0.12108589708805084
705,0,background,0.9084608554840088,0.9084608554840088,0.0016169733135029674,0.0900677815079689
706,0,background,0.9015836715698242,0.9015836715698242,0.0016097855987027287,0.09696263074874878
707,0,background,0.9012871980667114,0.9012871980667114,0.001599698793143034,0.09726867824792862
708,0,background,0.8840226531028748,0.8840226531028748,0.001612093998119235,0.11454995721578598
709,0,background,0.879775881767273,0.879775881767273,0.0016078639309853315,0.1188073381781578
710,0,background,0.9073444604873657,0.9073444604873657,0.0016164452536031604,0.0911865085363388
711,0,background,0.8999993801116943,0.8999993801116943,0.0016097394982352853,0.09854954481124878
712,0,background,0.9019808769226074,0.9019808769226074,0.001599011244252324,0.09657452255487442
713,0,background,0.8826762437820435,0.8826762437820435,0.0016116013284772635,0.1158989667892456
714,0,background,0.880804181098938,0.880804181098938,0.0016073044389486313,0.11777783930301666
715,0,background,0.9079632759094238,0.9079632759094238,0.0016159298829734325,0.09056708961725235
716,0,background,0.8990961909294128,0.8990961909294128,0.0016093795420601964,0.09945445507764816
717,0,background,0.9022403359413147,0.9022403359413147,0.0015987282386049628,0.0963149219751358
718,0,background,0.8818357586860657,0.8818357586860657,0.0016109278658404946,0.11674134433269501
719,0,background,0.8809698224067688,0.8809698224067688,0.0016066404059529305,0.11761245876550674
720,0,background,0.9082850813865662,0.9082850813865662,0.0016156983328983188,0.09024503082036972
721,0,background,0.8979296684265137,0.8979296684265137,0.0016104187816381454,0.1006220132112503
722,0,background,0.9028927087783813,0.9028927087783813,0.001599530573002994,0.0956607237458229
723,0,background,0.8819423913955688,0.8819423913955688,0.0016093840822577477,0.11663594096899033
724,0,background,0.8808001279830933,0.8808001279830933,0.0016070067649707198,0.11778219044208527
725,0,background,0.9086262583732605,0.9086262583732605,0.0016178988153114915,0.08990129083395004
726,0,background,0.897747278213501,0.897747278213501,0.0016110099386423826,0.1008041724562645
727,0,background,0.9028372764587402,0.9028372764587402,0.0016000574687495828,0.09571576863527298
728,0,background,0.8821790218353271,0.8821790218353271,0.0016098469495773315,0.11639853566884995
729,0,background,0.8798967599868774,0.8798967599868774,0.0016074191080406308,0.11868662387132645
730,0,background,0.9088605046272278,0.9088605046272278,0.0016178542282432318,0.08966675400733948
731,0,background,0.8972616791725159,0.8972616791725159,0.001611499348655343,0.10129003971815109
732,0,background,0.9029883146286011,0.9029883146286011,0.001599710201844573,0.0955648347735405
733,0,background,0.881592869758606,0.881592869758606,0.0016101980581879616,0.1169852614402771
734,0,background,0.8782951831817627,0.8782951831817627,0.0016065530944615602,0.12029153108596802
735,0,background,0.9094520211219788,0.9094520211219788,0.0016167269786819816,0.08907528221607208
736,0,background,0.8967955112457275,0.8967955112457275,0.0016118531348183751,0.10175668448209763
737,0,background,0.9033492207527161,0.9033492207527161,0.0016000797040760517,0.09520307183265686
738,0,background,0.8808572888374329,0.8808572888374329,0.0016105336835607886,0.11772181838750839
739,0,background,0.8770909309387207,0.8770909309387207,0.0016061003552749753,0.12149808555841446
740,0,background,0.9099394679069519,0.9099394679069519,0.0016161312814801931,0.08858759701251984
741,0,background,0.8964681029319763,0.8964681029319763,0.0016121708322316408,0.10208427906036377
742,0,background,0.9036146998405457,0.9036146998405457,0.0016008950769901276,0.09493637084960938
743,0,background,0.8799566626548767,0.8799566626548767,0.0016110091237351298,0.11862343549728394
744,0,background,0.8763486742973328,0.8763486742973328,0.0016060025664046407,0.12224166095256805
745,0,background,0.9103459119796753,0.9103459119796753,0.0016158389626070857,0.08818070590496063
746,0,background,0.893524706363678,0.893524706363678,0.0016122597735375166,0.10503240674734116
747,0,background,0.9069696068763733,0.9069696068763733,0.0016043796204030514,0.09157296270132065
748,0,background,0.8746030926704407,0.8746030926704407,0.0016113636083900928,0.12398532778024673
749,0,background,0.8760609030723572,0.8760609030723572,0.0016084236558526754,0.12252771109342575
750,0,background,0.9146562218666077,0.9146562218666077,0.001617865520529449,0.0838615894317627
751,0,background,0.8893044590950012,0.8893044590950012,0.0016125928377732635,0.10925910621881485
752,0,background,0.9090762138366699,0.9090762138366699,0.0016069248085841537,0.08946064114570618
753,0,background,0.8656848669052124,0.8656848669052124,0.0016120555810630322,0.1329173594713211
754,0,background,0.8733364939689636,0.8733364939689636,0.0016105367103591561,0.12525470554828644
755,0,background,0.9179285764694214,0.9179285764694214,0.0016197777586057782,0.08058222383260727
756,0,background,0.8937733173370361,0.8937733173370361,0.0016114418394863605,0.10478408634662628
757,0,background,0.9067868590354919,0.9067868590354919,0.0016050684498623013,0.09175530821084976
758,0,background,0.8729240298271179,0.8729240298271179,0.001611309009604156,0.12566713988780975
759,0,background,0.8758765459060669,0.8758765459060669,0.0016081684734672308,0.1227126196026802
760,0,background,0.914718508720398,0.914718508720398,0.0016181267565116286,0.08379895985126495
761,0,background,0.8943852186203003,0.8943852186203003,0.0016096506733447313,0.10417283326387405
762,0,background,0.905703067779541,0.905703067779541,0.0016035166336223483,0.09284225851297379
763,0,background,0.8759102821350098,0.8759102821350098,0.0016100797802209854,0.12267716974020004
764,0,background,0.8757839798927307,0.8757839798927307,0.001605602097697556,0.1228075698018074
765,0,background,0.9132277965545654,0.9132277965545654,0.0016173750627785921,0.0852927416563034
766,0,background,0.9050186276435852,0.9050186276435852,0.0016249415930360556,0.09350833296775818
767,0,background,0.910099446773529,0.910099446773529,0.001602991484105587,0.08843928575515747
768,0,background,0.8735709190368652,0.8735709190368652,0.0016079412307590246,0.12502220273017883
769,0,background,0.8803574442863464,0.8803574442863464,0.0016045017400756478,0.1182277649641037
770,0,background,0.9157013893127441,0.9157013893127441,0.0016218918608501554,0.08281102776527405
771,0,background,0.9045466184616089,0.9045466184616089,0.001602503121830523,0.09400144964456558
772,0,background,0.8791400194168091,0.8791400194168091,0.0016084136441349983,0.11944365501403809
773,0,background,0.8770493865013123,0.8770493865013123,0.0016058634500950575,0.12153997272253036
774,0,background,0.902084231376648,0.902084231376648,0.001600882038474083,0.09646934270858765
775,0,background,0.881592869758606,0.881592869758606,0.0016098245978355408,0.11698567867279053
776,0,background,0.8785899877548218,0.8785899877548218,0.001607338199391961,0.11999551206827164
777,0,background,0.9016810059547424,0.9016810059547424,0.0015998290618881583,0.09687412530183792
778,0,background,0.8832725882530212,0.8832725882530212,0.0016111264703795314,0.11530211567878723
779,0,background,0.8804939389228821,0.8804939389228821,0.00160784472245723,0.11808805912733078
780,0,background,0.9020907878875732,0.9020907878875732,0.001599213806912303,0.09646426141262054
781,0,background,0.8829210996627808,0.8829210996627808,0.0016112892189994454,0.11565393954515457
782,0,background,0.8813319802284241,0.8813319802284241,0.001607466721907258,0.11724904179573059
783,0,background,0.9024927020072937,0.9024927020072937,0.0015988614177331328,0.09606204181909561
784,0,background,0.8819859623908997,0.8819859623908997,0.0016106219263747334,0.11659122258424759
785,0,background,0.8811668753623962,0.8811668753623962,0.0016068253898993134,0.11741495132446289
786,0,background,0.9422177076339722,0.9422177076339722,0.0017277119914069772,0.0561516135931015
787,0,background,0.9406856894493103,0.9406856894493103,0.001640169764868915,0.057768937200307846
788,0,background,0.9437901973724365,0.9437901973724365,0.0016371920937672257,0.054662074893713
789,0,background,0.9436541199684143,0.9436541199684143,0.0016342635499313474,0.05480121076107025
790,0,background,0.9423788189888,0.9423788189888,0.001637146924622357,0.05607578530907631
791,0,background,0.9328519701957703,0.9328519701957703,0.0016265955055132508,0.06562816351652145
792,0,background,0.9229181408882141,0.9229181408882141,0.001699772197753191,0.07551045715808868
793,0,background,0.9146421551704407,0.9146421551704407,0.0016165737761184573,0.0838768258690834
794,0,background,0.895266592502594,0.895266592502594,0.0016076870961114764,0.10329172015190125
795,0,background,0.9150350689888,0.9150350689888,0.0016167792491614819,0.08348310738801956
796,0,background,0.8954409956932068,0.8954409956932068,0.0016094337916001678,0.1031155213713646
797,0,background,0.9181042313575745,0.9181042313575745,0.0016183331608772278,0.08040757477283478
798,0,background,0.8903835415840149,0.8903835415840149,0.0016106502152979374,0.10818002372980118
799,0,background,0.9152454137802124,0.9152454137802124,0.0016161990351974964,0.08327297866344452
800,0,background,0.8951213359832764,0.8951213359832764,0.0016104684909805655,0.10343479365110397
801,0,background,0.9113786220550537,0.9113786220550537,0.0016143165994435549,0.08714768290519714
802,0,background,0.8977733254432678,0.8977733254432678,0.0016104555688798428,0.10077852755784988
803,0,background,0.9106571674346924,0.9106571674346924,0.0016145763220265508,0.08787013590335846
804,0,background,0.8980358839035034,0.8980358839035034,0.0016101121436804533,0.10051582008600235
805,0,background,0.9099918603897095,0.9099918603897095,0.0016153451288118958,0.08853576332330704
806,0,background,0.8983798623085022,0.8983798623085022,0.0016097710467875004,0.10017161816358566
807,0,background,0.9092832803726196,0.9092832803726196,0.001616351306438446,0.08924462646245956
808,0,background,0.8986994624137878,0.8986994624137878,0.0016094667371362448,0.09985177963972092
809,0,background,0.9089391231536865,0.9089391231536865,0.001616314402781427,0.08958934992551804
810,0,background,0.898726224899292,0.898726224899292,0.001608941238373518,0.099825419485569
811,0,background,0.9032832980155945,0.9032832980155945,0.0015996677102521062,0.09526942670345306
812,0,background,0.882212221622467,0.882212221622467,0.0016099588247016072,0.11636514961719513
813,0,background,0.8772961497306824,0.8772961497306824,0.0016068561235442758,0.12129189819097519
814,0,background,0.9036960601806641,0.9036960601806641,0.00159986421931535,0.09485584497451782
815,0,background,0.8812944889068604,0.8812944889068604,0.0016103420639410615,0.11728406697511673
816,0,background,0.8755952715873718,0.8755952715873718,0.001606140984222293,0.12299612164497375
817,0,background,0.9041255116462708,0.9041255116462708,0.0016008324455469847,0.0944247841835022
818,0,background,0.8803106546401978,0.8803106546401978,0.0016109325224533677,0.11826889216899872
819,0,background,0.8749296069145203,0.8749296069145203,0.0016059911577031016,0.12366300821304321
820,0,background,0.9066266417503357,0.9066266417503357,0.001604111515916884,0.09191670268774033
821,0,background,0.8748146891593933,0.8748146891593933,0.0016112085431814194,0.12377350777387619
822,0,background,0.8738871812820435,0.8738871812820435,0.0016083745285868645,0.12470503151416779
823,0,background,0.9080548882484436,0.9080548882484436,0.0016068146796897054,0.09048367291688919
824,0,background,0.8655913472175598,0.8655913472175598,0.0016117655904963613,0.13301128149032593
825,0,background,0.870092511177063,0.870092511177063,0.0016107538249343634,0.12850375473499298
826,0,background,0.9059317111968994,0.9059317111968994,0.0016049867263063788,0.09261197596788406
827,0,background,0.8738215565681458,0.8738215565681458,0.001610886538401246,0.12476857006549835
828,0,background,0.8729714155197144,0.8729714155197144,0.0016083363443613052,0.12562234699726105
829,0,background,0.9057931303977966,0.9057931303977966,0.0016039104666560888,0.09275176376104355
830,0,background,0.8759329915046692,0.8759329915046692,0.0016094943275675178,0.12265489995479584
831,0,background,0.8734568953514099,0.8734568953514099,0.001605972065590322,0.1251380890607834
832,0,background,0.9030008316040039,0.9030008316040039,0.0015995594440028071,0.0955524742603302
833,0,background,0.8826125264167786,0.8826125264167786,0.0016092377481982112,0.1159648522734642
834,0,background,0.8807477951049805,0.8807477951049805,0.0016073219012469053,0.11783431470394135
835,0,background,0.9030269384384155,0.9030269384384155,0.0015998450107872486,0.09552603960037231
836,0,background,0.8828421235084534,0.8828421235084534,0.0016097103944048285,0.1157345175743103
837,0,background,0.8793866634368896,0.8793866634368896,0.0016077543841674924,0.11919721215963364
838,0,background,0.893726110458374,0.893726110458374,0.00163982470985502,0.10480590909719467
839,0,background,0.8239266872406006,0.8239266872406006,0.0015892976662144065,0.17476174235343933
840,0,background,0.8828226923942566,0.8828226923942566,0.0015940367011353374,0.11576786637306213
841,0,background,0.8161153793334961,0.8161153793334961,0.0015895996475592256,0.18258526921272278
842,0,background,0.9503961801528931,0.9503961801528931,0.001608183840289712,0.04807295650243759
843,0,background,0.950623631477356,0.950623631477356,0.0015810527838766575,0.04787101596593857
844,0,background,0.9506925940513611,0.9506925940513611,0.0016040113987401128,0.04778003692626953
845,0,background,0.934147834777832,0.934147834777832,0.001586400205269456,0.06436792016029358
846,0,background,0.9265674352645874,0.9265674352645874,0.0016085392562672496,0.07193972170352936
847,0,background,0.9299963712692261,0.9299963712692261,0.0015879339771345258,0.06852453947067261
848,0,background,0.9092808961868286,0.9092808961868286,0.0016316808760166168,0.08923304080963135
849,0,background,0.9305291771888733,0.9305291771888733,0.0015870294300839305,0.06799166649580002
850,0,background,0.9230362772941589,0.9230362772941589,0.0016075829043984413,0.07547751069068909
851,0,background,0.9417471289634705,0.9417471289634705,0.0016521362122148275,0.056694358587265015
852,0,background,0.950539767742157,0.950539767742157,0.0015807700110599399,0.04795525223016739
853,0,background,0.9463903307914734,0.9463903307914734,0.0016214302740991116,0.05207272246479988
854,0,background,0.8960332870483398,0.8960332870483398,0.0015869287308305502,0.10254251956939697
855,0,background,0.8974285125732422,0.8974285125732422,0.0015924338949844241,0.10114006698131561
856,0,background,0.8769896030426025,0.8769896030426025,0.001586639555171132,0.12161669880151749
857,0,background,0.9491101503372192,0.9491101503372192,0.0016076258616521955,0.04936159402132034
858,0,background,0.950972855091095,0.950972855091095,0.0015859379200264812,0.04751653969287872
859,0,background,0.9489688873291016,0.9489688873291016,0.001602968666702509,0.04950752109289169
860,0,background,0.8574057221412659,0.8574057221412659,0.0015831529162824154,0.14123469591140747
861,0,background,0.9481722116470337,0.9481722116470337,0.0015862641157582402,0.05032135546207428
862,0,background,0.9488106966018677,0.9488106966018677,0.0016071345889940858,0.0496620237827301
863,0,background,0.9476296305656433,0.9476296305656433,0.0015862173167988658,0.050864867866039276
864,0,background,0.9489729404449463,0.9489729404449463,0.001607212470844388,0.04949938505887985
865,0,background,0.8582149744033813,0.8582149744033813,0.0015832267235964537,0.14042411744594574
866,0,background,0.8045117259025574,0.8045117259025574,0.0015838261460885406,0.19421206414699554
867,0,background,0.9496810436248779,0.9496810436248779,0.0016059643821790814,0.048791322857141495
868,0,background,0.9497873187065125,0.9497873187065125,0.001584203913807869,0.048705652356147766
869,0,background,0.9493725299835205,0.9493725299835205,0.0016084166709333658,0.04909801855683327
870,0,background,0.9495581984519958,0.9495581984519958,0.001583611941896379,0.0489356592297554
871,0,background,0.8044482469558716,0.8044482469558716,0.0015840003034099936,0.19427549839019775
872,0,background,0.7289990186691284,0.7289990186691284,0.0015891985967755318,0.2698405683040619
873,0,background,0.9495809674263,0.9495809674263,0.0015830164775252342,0.048913441598415375
874,0,background,0.9498656988143921,0.9498656988143921,0.0016020882176235318,0.04861006140708923
875,0,background,0.9497418403625488,0.9497418403625488,0.0015810258919373155,0.04875421151518822
876,0,background,0.9500858187675476,0.9500858187675476,0.0016050669364631176,0.04838674142956734
877,0,background,0.7306610941886902,0.7306610941886902,0.0015894080279394984,0.2681756913661957
878,0,background,0.8479266166687012,0.8479266166687012,0.0015841268468648195,0.1507280319929123
879,0,background,0.9501092433929443,0.9501092433929443,0.00159653986338526,0.048371508717536926
880,0,background,0.9497433304786682,0.9497433304786682,0.0015875159297138453,0.04874651879072189
881,0,background,0.9501232504844666,0.9501232504844666,0.0015977983130142093,0.048356153070926666
882,0,background,0.9497721791267395,0.9497721791267395,0.0015876905526965857,0.04871750622987747
883,0,background,0.8457948565483093,0.8457948565483093,0.0015842273132875562,0.15286308526992798
884,0,background,0.9321523308753967,0.9321523308753967,0.0015864484012126923,0.06636650860309601
885,0,background,0.9482333064079285,0.9482333064079285,0.001600209972821176,0.05024687573313713
886,0,background,0.9436176419258118,0.9436176419258118,0.0015916683478280902,0.05487799271941185
887,0,background,0.9489273428916931,0.9489273428916931,0.0015926455380395055,0.04955891892313957
888,0,background,0.9443919658660889,0.9443919658660889,0.0015915865078568459,0.05410259962081909
889,0,background,0.9418624043464661,0.9418624043464661,0.0015927250497043133,0.05663510039448738
890,0,background,0.9486603736877441,0.9486603736877441,0.0016067795222625136,0.049812909215688705
891,0,background,0.9407524466514587,0.9407524466514587,0.0015922937309369445,0.0577472448348999
892,0,background,0.9484362006187439,0.9484362006187439,0.0016065669478848577,0.050037629902362823
893,0,background,0.9488099813461304,0.9488099813461304,0.0016012844862416387,0.04966823384165764
894,0,background,0.9508286714553833,0.9508286714553833,0.0016035563312470913,0.047644224017858505
895,0,background,0.9483509063720703,0.9483509063720703,0.0015986093785613775,0.05013065040111542
896,0,background,0.9502578973770142,0.9502578973770142,0.0016032205894589424,0.04821615293622017
897,0,background,0.9485958218574524,0.9485958218574524,0.0015807895688340068,0.04990226775407791
898,0,background,0.9475737810134888,0.9475737810134888,0.0015858049737289548,0.050921183079481125
899,0,background,0.9485799074172974,0.9485799074172974,0.0015796353109180927,0.04991931468248367
900,0,background,0.9474697113037109,0.9474697113037109,0.0015866613248363137,0.05102455988526344
901,0,background,0.8845840096473694,0.8845840096473694,0.0016016002045944333,0.11399701237678528
902,0,background,0.8867623209953308,0.8867623209953308,0.0016115583712235093,0.11180634051561356
903,0,background,0.883236825466156,0.883236825466156,0.0016073702136054635,0.11534116417169571
904,0,background,0.8865293264389038,0.8865293264389038,0.0016175445634871721,0.11203434318304062
905,0,background,0.9322383403778076,0.9322383403778076,0.001586030819453299,0.06628076732158661
906,0,background,0.9127635359764099,0.9127635359764099,0.0015880565624684095,0.0857846811413765
907,0,background,0.8010884523391724,0.8010884523391724,0.001596505637280643,0.1976305991411209
908,0,background,0.9085312485694885,0.9085312485694885,0.0015864205779507756,0.09002514183521271
909,0,background,0.9403435587882996,0.9403435587882996,0.001590822939760983,0.05815809965133667
910,0,background,0.9516373872756958,0.9516373872756958,0.0015867807669565082,0.04685017094016075
911,0,background,0.9514846205711365,0.9514846205711365,0.001596925314515829,0.046993501484394073
912,0,background,0.9447379112243652,0.9447379112243652,0.001611369545571506,0.05373736843466759
913,0,background,0.6505460739135742,0.6505460739135742,0.0016580723458901048,0.3483734726905823
914,0,background,0.931580662727356,0.931580662727356,0.001627427409403026,0.06690078973770142
915,0,background,0.8156430721282959,0.8156430721282959,0.0016613906482234597,0.18299956619739532
916,0,background,0.9164048433303833,0.9164048433303833,0.0016159329097718,0.0821119099855423
917,0,background,0.9163641333580017,0.9163641333580017,0.0016229903558269143,0.08214624226093292
918,0,background,0.9381215572357178,0.9381215572357178,0.0015886297915130854,0.06038568913936615
919,0,background,0.9222517609596252,0.9222517609596252,0.001605618861503899,0.07626502215862274
920,0,background,0.9175147414207458,0.9175147414207458,0.001602087402716279,0.08101293444633484
921,0,background,0.9292887449264526,0.9292887449264526,0.0015964660560712218,0.06922528147697449
922,0,background,0.951921820640564,0.951921820640564,0.0015960505697876215,0.046556491404771805
923,0,background,0.9252657890319824,0.9252657890319824,0.0015883265295997262,0.07326220721006393
924,0,background,0.9150156378746033,0.9150156378746033,0.0016043459763750434,0.0835140123963356
925,0,background,0.9209537506103516,0.9209537506103516,0.0016064116498455405,0.07756441086530685
926,0,background,0.9391897916793823,0.9391897916793823,0.0015883060405030847,0.05931613966822624
927,0,background,0.9205929040908813,0.9205929040908813,0.0016219166573137045,0.07791154831647873
928,0,background,0.924673318862915,0.924673318862915,0.001662619411945343,0.07378671318292618
929,0,background,0.9099860191345215,0.9099860191345215,0.0016124056419357657,0.08854428678750992
930,0,background,0.9222344160079956,0.9222344160079956,0.001592494547367096,0.07629456371068954
931,0,background,0.9461579918861389,0.9461579918861389,0.001620899187400937,0.05230587720870972
932,0,background,0.9292768239974976,0.9292768239974976,0.0015988757368177176,0.06923495978116989
933,0,background,0.9519672393798828,0.9519672393798828,0.001597381429746747,0.04650961980223656
934,0,background,0.9229894876480103,0.9229894876480103,0.0015965893398970366,0.07553454488515854
935,0,background,0.9009118676185608,0.9009118676185608,0.001596692600287497,0.09764734655618668
936,0,background,0.7664286494255066,0.7664286494255066,0.0016280999407172203,0.23232147097587585
937,0,background,0.9276265501976013,0.9276265501976013,0.0016119726933538914,0.07087577879428864
938,0,background,0.9204579591751099,0.9204579591751099,0.0015819661784917116,0.0780835896730423
939,0,background,0.9413687586784363,0.9413687586784363,0.001586227910593152,0.05713563412427902
940,0,background,0.9525277614593506,0.9525277614593506,0.0015982144977897406,0.045947425067424774
941,0,background,0.9372779726982117,0.9372779726982117,0.001590329222381115,0.06122912839055061
942,0,background,0.9140523672103882,0.9140523672103882,0.001625465345568955,0.08445941656827927
943,0,background,0.9492994546890259,0.9492994546890259,0.0016228596214205027,0.04915741831064224
944,0,background,0.8696590662002563,0.8696590662002563,0.0015958992298692465,0.128950834274292
945,0,background,0.9270963072776794,0.9270963072776794,0.0016136879567056894,0.07140521705150604
946,0,background,0.9500460624694824,0.9500460624694824,0.0016030616825446486,0.048428475856781006
947,0,background,0.9500959515571594,0.9500959515571594,0.0016016504960134625,0.048379890620708466
948,0,background,0.9491422176361084,0.9491422176361084,0.0016212016344070435,0.04931652918457985
949,0,background,0.8656886219978333,0.8656886219978333,0.001595144160091877,0.132928267121315
950,0,background,0.9271946549415588,0.9271946549415588,0.0016132710734382272,0.07130711525678635
951,0,background,0.9498985409736633,0.9498985409736633,0.001599408802576363,0.04857974871993065
952,0,background,0.9499256610870361,0.9499256610870361,0.0015962732722982764,0.04855553060770035
953,0,background,0.9485907554626465,0.9485907554626465,0.0016210813773795962,0.049869000911712646
954,0,background,0.9480313062667847,0.9480313062667847,0.0015863481676205993,0.05046233907341957
955,0,background,0.9492595195770264,0.9492595195770264,0.0016288249753415585,0.04919177293777466
956,0,background,0.950467050075531,0.950467050075531,0.0016062306240200996,0.04800385236740112
957,0,background,0.9505569934844971,0.9505569934844971,0.0015977610601112247,0.047921862453222275
958,0,background,0.9516928791999817,0.9516928791999817,0.0015935298288241029,0.04678816348314285
959,0,background,0.9490308165550232,0.9490308165550232,0.0016188787994906306,0.049430377781391144
960,0,background,0.9506235718727112,0.9506235718727112,0.0015890547074377537,0.047863442450761795
961,0,background,0.951667308807373,0.951667308807373,0.0015987114747986197,0.046808820217847824
962,0,background,0.950861930847168,0.950861930847168,0.0015799204120412469,0.04763342812657356
963,0,background,0.9513368606567383,0.9513368606567383,0.0015770714962854981,0.047160468995571136
964,0,background,0.9522798657417297,0.9522798657417297,0.0015917622949928045,0.0462019145488739
965,0,background,0.9504492282867432,0.9504492282867432,0.001631121733225882,0.047997958958148956
966,0,background,0.9483225345611572,0.9483225345611572,0.0016190515598282218,0.05013962835073471
967,0,background,0.9349682331085205,0.9349682331085205,0.015833215788006783,0.04999006167054176
968,0,background,0.8636336922645569,0.8636336922645569,0.08457396924495697,0.05657727271318436
969,0,background,0.9478479027748108,0.9478479027748108,0.0018762811087071896,0.050370316952466965
970,0,background,0.9481118321418762,0.9481118321418762,0.0016616422217339277,0.050310149788856506
971,0,background,0.9476103186607361,0.9476103186607361,0.0019024352077394724,0.050583504140377045
972,0,background,0.9479675889015198,0.9479675889015198,0.0016616818029433489,0.05045459419488907
973,0,background,0.9089636206626892,0.9089636206626892,0.0017307607922703028,0.08946050703525543
974,0,background,0.9480496644973755,0.9480496644973755,0.0017231248784810305,0.05031397193670273
975,0,background,0.9255554676055908,0.9255554676055908,0.0017707219813019037,0.07280271500349045
976,0,background,0.9508599638938904,0.9508599638938904,0.0016177032375708222,0.04759930819272995
977,0,background,0.9509397745132446,0.9509397745132446,0.0016158997314050794,0.047521091997623444
978,0,background,0.9266588687896729,0.9266588687896729,0.0016521934885531664,0.07180755585432053
979,0,background,0.9500576853752136,0.9500576853752136,0.0016030907863751054,0.048416830599308014
980,0,background,0.9499045014381409,0.9499045014381409,0.0015993082197383046,0.04857386648654938
981,0,background,0.9487836360931396,0.9487836360931396,0.0016038212925195694,0.049692220985889435
982,0,background,0.8238901495933533,0.8238901495933533,0.0015892967348918319,0.17479833960533142
983,0,background,0.8828120231628418,0.8828120231628418,0.0015940358862280846,0.11577851325273514
984,0,background,0.8160760998725891,0.8160760998725891,0.0015895996475592256,0.18262454867362976
985,0,background,0.9503968358039856,0.9503968358039856,0.00160818244330585,0.04807225987315178
986,0,background,0.9506232738494873,0.9506232738494873,0.0015810515033081174,0.04787137359380722
987,0,background,0.9506932497024536,0.9506932497024536,0.001604009885340929,0.047779373824596405
988,0,background,0.9341481924057007,0.9341481924057007,0.001586400205269456,0.06436753273010254
989,0,background,0.9265670776367188,0.9265670776367188,0.0016085392562672496,0.07194003462791443
990,0,background,0.929996132850647,0.929996132850647,0.001587937120348215,0.0685247927904129
991,0,background,0.9092807769775391,0.9092807769775391,0.001631679479032755,0.08923313021659851
992,0,background,0.9305295944213867,0.9305295944213867,0.0015870284987613559,0.067991241812706
993,0,background,0.9230361580848694,0.9230361580848694,0.001607584534212947,0.07547759264707565
994,0,background,0.9417470097541809,0.9417470097541809,0.0016521377256140113,0.05669453740119934
995,0,background,0.9505395889282227,0.9505395889282227,0.001580770593136549,0.0479554645717144
996,0,background,0.9463902115821838,0.9463902115821838,0.0016214316710829735,0.05207282677292824
997,0,background,0.8960310816764832,0.8960310816764832,0.0015869287308305502,0.10254472494125366
998,0,background,0.8974270820617676,0.8974270820617676,0.001592434709891677,0.10114149749279022
999,0,background,0.8769868612289429,0.8769868612289429,0.0015866387402638793,0.12161946296691895
1000,0,background,0.9491102695465088,0.9491102695465088,0.0016076266765594482,0.04936138913035393
1001,0,background,0.9509727954864502,0.9509727954864502,0.001585936639457941,0.047516562044620514
1002,0,background,0.9489690661430359,0.9489690661430359,0.001602968666702509,0.049507319927215576
1003,0,background,0.8574057817459106,0.8574057817459106,0.0015831521013751626,0.14123466610908508
1004,0,background,0.9481722116470337,0.9481722116470337,0.0015862641157582402,0.05032135546207428
1005,0,background,0.9488106966018677,0.9488106966018677,0.0016071345889940858,0.04966200888156891
1006,0,background,0.9476296305656433,0.9476296305656433,0.001586216501891613,0.050864867866039276
1007,0,background,0.9489729404449463,0.9489729404449463,0.001607212470844388,0.04949938505887985
1008,0,background,0.8582149744033813,0.8582149744033813,0.0015832267235964537,0.14042410254478455
1009,0,background,0.8045114874839783,0.8045114874839783,0.0015838253311812878,0.19421230256557465
1010,0,background,0.9496811032295227,0.9496811032295227,0.0016059650806710124,0.048791300505399704
1011,0,background,0.9497873187065125,0.9497873187065125,0.001584203913807869,0.048705652356147766
1012,0,background,0.9493725299835205,0.9493725299835205,0.001608415856026113,0.04909800738096237
1013,0,background,0.9495581984519958,0.9495581984519958,0.001583611941896379,0.048935677856206894
1014,0,background,0.8044480085372925,0.8044480085372925,0.0015840003034099936,0.19427572190761566
1015,0,background,0.7290918827056885,0.7290918827056885,0.0015892001101747155,0.26974764466285706
1016,0,background,0.9495807886123657,0.9495807886123657,0.001583018689416349,0.048913586884737015
1017,0,background,0.9498658776283264,0.9498658776283264,0.001602087402716279,0.04860991612076759
1018,0,background,0.949741542339325,0.949741542339325,0.001581028918735683,0.0487544871866703
1019,0,background,0.9500859975814819,0.9500859975814819,0.0016050655394792557,0.04838656634092331
1020,0,background,0.7307532429695129,0.7307532429695129,0.0015894073294475675,0.26808348298072815
1021,0,background,0.847906231880188,0.847906231880188,0.0015841254498809576,0.15074841678142548
1022,0,background,0.9501097798347473,0.9501097798347473,0.0015965390484780073,0.048370979726314545
1023,0,background,0.9497432112693787,0.9497432112693787,0.0015875152312219143,0.048746656626462936
1024,0,background,0.9501238465309143,0.9501238465309143,0.0015977967996150255,0.04835556074976921
1025,0,background,0.94977205991745,0.94977205991745,0.0015876913676038384,0.04871759191155434
1026,0,background,0.8457710146903992,0.8457710146903992,0.0015842266147956252,0.1528870016336441
1027,0,background,0.932758629322052,0.932758629322052,0.0015865224413573742,0.06575918197631836
1028,0,background,0.9480960965156555,0.9480960965156555,0.0016003554919734597,0.050384171307086945
1029,0,background,0.9435737133026123,0.9435737133026123,0.0015918320277705789,0.054921891540288925
1030,0,background,0.9487943649291992,0.9487943649291992,0.0015927690546959639,0.049692053347826004
1031,0,background,0.9443375468254089,0.9443375468254089,0.001591764623299241,0.05415692180395126
1032,0,background,0.9418221116065979,0.9418221116065979,0.0015928858192637563,0.05667528510093689
1033,0,background,0.9485384821891785,0.9485384821891785,0.0016069310950115323,0.04993480443954468
1034,0,background,0.9407169818878174,0.9407169818878174,0.0015924490289762616,0.05778258293867111
1035,0,background,0.9483143091201782,0.9483143091201782,0.0016067184042185545,0.05015959590673447
1036,0,background,0.9487652778625488,0.9487652778625488,0.0016014599241316319,0.049712907522916794
1037,0,background,0.9507119655609131,0.9507119655609131,0.001603637938387692,0.04776093736290932
1038,0,background,0.9483083486557007,0.9483083486557007,0.0015987737569957972,0.05017312616109848
1039,0,background,0.9501314163208008,0.9501314163208008,0.0016033273423090577,0.0483427494764328
1040,0,background,0.9485853314399719,0.9485853314399719,0.00158079550601542,0.04991279914975166
1041,0,background,0.9475684762001038,0.9475684762001038,0.0015858308179304004,0.05092645809054375
1042,0,background,0.9485692977905273,0.9485692977905273,0.0015796496300026774,0.049929920583963394
1043,0,background,0.9474671483039856,0.9474671483039856,0.0015866894973441958,0.051027096807956696
1044,0,background,0.8871201872825623,0.8871201872825623,0.0016010954277589917,0.11145718395709991
1045,0,background,0.8891133069992065,0.8891133069992065,0.0016117056366056204,0.10945144295692444
1046,0,background,0.8856516480445862,0.8856516480445862,0.0016076242318376899,0.11292233318090439
1047,0,background,0.8887914419174194,0.8887914419174194,0.0016177408397197723,0.10976838320493698
1048,0,background,0.9322202205657959,0.9322202205657959,0.0015860445564612746,0.06629888713359833
1049,0,background,0.9127634763717651,0.9127634763717651,0.0015879711136221886,0.08578474819660187
1050,0,background,0.791819155216217,0.791819155216217,0.00159588479436934,0.20691515505313873
1051,0,background,0.9140841960906982,0.9140841960906982,0.001585814286954701,0.08446387946605682
1052,0,background,0.9365205764770508,0.9365205764770508,0.0015955886337906122,0.061982665210962296
1053,0,background,0.9515910148620605,0.9515910148620605,0.0015862551517784595,0.046897128224372864
1054,0,background,0.9514435529708862,0.9514435529708862,0.0015969291562214494,0.04703463986515999
1055,0,background,0.9446988105773926,0.9446988105773926,0.0016101541696116328,0.05377762392163277
1056,0,background,0.6361511945724487,0.6361511945724487,0.0016569823492318392,0.3627929389476776
1057,0,background,0.9320792555809021,0.9320792555809021,0.0016265158774331212,0.06640227138996124
1058,0,background,0.7057872414588928,0.7057872414588928,0.0016601731767877936,0.29303911328315735
1059,0,background,0.9179185628890991,0.9179185628890991,0.0016235096845775843,0.08058874309062958
1060,0,background,0.9380717277526855,0.9380717277526855,0.001590032479725778,0.06043437123298645
1061,0,background,0.9312881231307983,0.9312881231307983,0.0016051412094384432,0.06721463799476624
1062,0,background,0.8758569359779358,0.8758569359779358,0.001608349266462028,0.12273208051919937
1063,0,background,0.9296154379844666,0.9296154379844666,0.00159866560716182,0.06889605522155762
1064,0,background,0.9518991112709045,0.9518991112709045,0.0015961150638759136,0.046579111367464066
1065,0,background,0.9174360632896423,0.9174360632896423,0.001589349820278585,0.08110348880290985
1066,0,background,0.8754578828811646,0.8754578828811646,0.0016095496248453856,0.12313074618577957
1067,0,background,0.930619478225708,0.930619478225708,0.0016055661253631115,0.06788399070501328
1068,0,background,0.9373750686645508,0.9373750686645508,0.0015913357492536306,0.061130862683057785
1069,0,background,0.9390436410903931,0.9390436410903931,0.0015885495813563466,0.05946233868598938
1070,0,background,0.9252969026565552,0.9252969026565552,0.001622976385988295,0.07319890707731247
1071,0,background,0.924747109413147,0.924747109413147,0.0016597536159679294,0.07371552288532257
1072,0,background,0.9094078540802002,0.9094078540802002,0.0016143389511853456,0.08912167698144913
1073,0,background,0.9206377267837524,0.9206377267837524,0.00159253622405231,0.07789377123117447
1074,0,background,0.9419414401054382,0.9419414401054382,0.0016190421301871538,0.056531090289354324
1075,0,background,0.9296068549156189,0.9296068549156189,0.0016000682953745127,0.06890331208705902
1076,0,background,0.9519374966621399,0.9519374966621399,0.0015974362613633275,0.04653938114643097
1077,0,background,0.9223466515541077,0.9223466515541077,0.0015963636105880141,0.07617855817079544
1078,0,background,0.9003244638442993,0.9003244638442993,0.0015967109939083457,0.09823571890592575
1079,0,background,0.7705830931663513,0.7705830931663513,0.001628094702027738,0.22816026210784912
1080,0,background,0.9277223348617554,0.9277223348617554,0.001612088643014431,0.07077965885400772
1081,0,background,0.9208018183708191,0.9208018183708191,0.0015819646650925279,0.07773920148611069
1082,0,background,0.9413864016532898,0.9413864016532898,0.001586406142450869,0.05711783841252327
1083,0,background,0.9526577591896057,0.9526577591896057,0.0015984983183443546,0.04581703245639801
1084,0,background,0.9165543913841248,0.9165543913841248,0.0016219050157815218,0.0819566398859024
1085,0,background,0.949278712272644,0.949278712272644,0.0016227971063926816,0.04917830228805542
1086,0,background,0.9103266000747681,0.9103266000747681,0.001592898042872548,0.08822105079889297
1087,0,background,0.9188160300254822,0.9188160300254822,0.0016155375633388758,0.07969721406698227
1088,0,background,0.950049638748169,0.950049638748169,0.0016030586557462811,0.04842488467693329
1089,0,background,0.9501080513000488,0.9501080513000488,0.0016017083544284105,0.04836772754788399
1090,0,background,0.918073832988739,0.918073832988739,0.0016203036066144705,0.08043625950813293
1091,0,background,0.9491425156593323,0.9491425156593323,0.001621172414161265,0.04931621253490448
1092,0,background,0.9114476442337036,0.9114476442337036,0.0015925370389595628,0.08709853142499924
1093,0,background,0.9192941188812256,0.9192941188812256,0.0016156344208866358,0.07921818643808365
1094,0,background,0.9498975276947021,0.9498975276947021,0.0015994011191651225,0.0485808290541172
1095,0,background,0.9499404430389404,0.9499404430389404,0.0015962638426572084,0.04854076728224754
1096,0,background,0.9486785531044006,0.9486785531044006,0.0016211894107982516,0.04978096857666969
1097,0,background,0.948013961315155,0.948013961315155,0.0015863593434914947,0.05047976225614548
1098,0,background,0.9492421746253967,0.9492421746253967,0.0016288263723254204,0.04920918494462967
1099,0,background,0.9506010413169861,0.9506010413169861,0.0016062709037214518,0.047869566828012466
1100,0,background,0.9505988359451294,0.9505988359451294,0.0015978241572156549,0.047879885882139206
1101,0,background,0.9517905712127686,0.9517905712127686,0.0015936549752950668,0.04669015854597092
1102,0,background,0.9492086172103882,0.9492086172103882,0.0016189080197364092,0.04925220459699631
1103,0,background,0.9506550431251526,0.9506550431251526,0.001589155406691134,0.04783179238438606
1104,0,background,0.9517935514450073,0.9517935514450073,0.0015988985542207956,0.04668218269944191
1105,0,background,0.9508649706840515,0.9508649706840515,0.0015799738466739655,0.04763029143214226
1106,0,background,0.9514191746711731,0.9514191746711731,0.0015770451864227653,0.04707808792591095
1107,0,background,0.9529730677604675,0.9529730677604675,0.0015879204729571939,0.04551123455166817
1108,0,background,0.9506667256355286,0.9506667256355286,0.0016322402516379952,0.04777904972434044
1109,0,background,0.9483579993247986,0.9483579993247986,0.0016188835725188255,0.05010427162051201
1110,0,background,0.9349866509437561,0.9349866509437561,0.015807341784238815,0.049996308982372284
1111,0,background,0.8637597560882568,0.8637597560882568,0.08442207425832748,0.05659613013267517
1112,0,background,0.9478464722633362,0.9478464722633362,0.0018763095140457153,0.05037176236510277
1113,0,background,0.9481096267700195,0.9481096267700195,0.001661668997257948,0.050312336534261703
1114,0,background,0.9476094841957092,0.9476094841957092,0.0019024749053642154,0.05058431252837181
1115,0,background,0.9479654431343079,0.9479654431343079,0.0016617088112980127,0.05045667663216591
1116,0,background,0.8993759751319885,0.8993759751319885,0.0017438450595363975,0.09905292093753815
1117,0,background,0.9480495452880859,0.9480495452880859,0.001723122433759272,0.050314053893089294
1118,0,background,0.9255642294883728,0.9255642294883728,0.0017707034712657332,0.07279394567012787
1119,0,background,0.9508283734321594,0.9508283734321594,0.0016169840237125754,0.04763168469071388
1120,0,background,0.9509045481681824,0.9509045481681824,0.0016167162684723735,0.04755561426281929
1121,0,background,0.9256972670555115,0.9256972670555115,0.0016563980607315898,0.07276683300733566
1122,0,background,0.9500613212585449,0.9500613212585449,0.001603087643161416,0.0484132282435894
1123,0,background,0.9499034285545349,0.9499034285545349,0.0015993006527423859,0.04857494682073593
1124,0,background,0.9488299489021301,0.9488299489021301,0.0016037441091611981,0.04964597895741463
1125,0,background,0.6988329291343689,0.6988329291343689,0.0016193490009754896,0.3000335991382599
1126,0,background,0.6988312602043152,0.6988312602043152,0.0016193520277738571,0.3000352680683136
1127,0,background,0.8775377869606018,0.8775377869606018,0.0016079810447990894,0.1210489347577095
1128,0,background,0.8783971667289734,0.8783971667289734,0.0016048225807026029,0.12019093334674835
1129,0,background,0.8728330731391907,0.8728330731391907,0.0016056066378951073,0.12576325237751007
1130,0,background,0.8678023815155029,0.8678023815155029,0.0016049019759520888,0.13080264627933502
1131,0,background,0.8464997410774231,0.8464997410774231,0.0016052213031798601,0.15213926136493683
1132,0,background,0.8464972376823425,0.8464972376823425,0.0016045253723859787,0.15214243531227112
1133,0,background,0.8391238451004028,0.8391238451004028,0.0016049989499151707,0.1595272421836853
1134,0,background,0.8593162894248962,0.8593162894248962,0.0016089227283373475,0.1392989456653595
1135,0,background,0.7090539336204529,0.7090539336204529,0.001621029688976705,0.28979483246803284
1136,0,background,0.709053099155426,0.709053099155426,0.00162103574257344,0.2897956371307373
1137,0,background,0.8252491354942322,0.8252491354942322,0.0016068561235442758,0.1734226495027542
1138,0,background,0.8613126873970032,0.8613126873970032,0.0016044429503381252,0.1373031735420227
1139,0,background,0.8202529549598694,0.8202529549598694,0.0016043963842093945,0.17842894792556763
1140,0,background,0.8246014714241028,0.8246014714241028,0.0016055346932262182,0.1740724742412567
1141,0,background,0.7222722172737122,0.7222722172737122,0.0016038923058658838,0.2765674293041229
1142,0,background,0.7927589416503906,0.7927589416503906,0.0016058075707405806,0.20596596598625183
1143,0,background,0.6999019980430603,0.6999019980430603,0.001603766344487667,0.2989737093448639
1144,0,background,0.8067300319671631,0.8067300319671631,0.0016093940939754248,0.19196951389312744
1145,0,background,0.9386546015739441,0.9386546015739441,0.0016017373418435454,0.059839457273483276
1146,0,background,0.5358180403709412,0.5358180403709412,0.0016206360887736082,0.46331217885017395
1147,0,background,0.535817563533783,0.535817563533783,0.001620636903680861,0.4633125960826874
1148,0,background,0.918536365032196,0.918536365032196,0.001609569531865418,0.07998283207416534
1149,0,background,0.943993866443634,0.943993866443634,0.0015946978237479925,0.054498326033353806
1150,0,background,0.9172984957695007,0.9172984957695007,0.001606592210009694,0.08122538775205612
1151,0,background,0.9092204570770264,0.9092204570770264,0.0016040703048929572,0.08931875228881836
1152,0,background,0.9151114821434021,0.9151114821434021,0.0016065026866272092,0.08341600000858307
1153,0,background,0.9112960696220398,0.9112960696220398,0.00160441012121737,0.08723946660757065
1154,0,background,0.9432632327079773,0.9432632327079773,0.001594482222571969,0.05523031949996948
1155,0,background,0.9443258047103882,0.9443258047103882,0.0016240522963926196,0.05413806810975075
1156,0,background,0.9506625533103943,0.9506625533103943,0.0016011609695851803,0.04781279340386391
1157,0,background,0.9436718821525574,0.9436718821525574,0.0016219792887568474,0.0547950342297554
1158,0,background,0.9460108876228333,0.9460108876228333,0.0016227784799411893,0.05245143175125122
1159,0,background,0.9434971809387207,0.9434971809387207,0.0016192327020689845,0.05497258901596069
1160,0,background,0.9393652677536011,0.9393652677536011,0.0016230273758992553,0.05910767242312431
1161,0,background,0.9506523013114929,0.9506523013114929,0.0016032373532652855,0.047821108251810074
1162,0,background,0.9504796266555786,0.9504796266555786,0.0016023993957787752,0.04799485579133034
1163,0,background,0.9504348039627075,0.9504348039627075,0.001603913027793169,0.04803834855556488
1164,2,surface_feature,0.5205960273742676,0.4786333441734314,0.0016074774321168661,0.5205960273742676
1165,0,background,0.9448174834251404,0.9448174834251404,0.0016214773058891296,0.05364798754453659
1166,0,background,0.9413837790489197,0.9413837790489197,0.0016192086040973663,0.057089462876319885
1167,0,background,0.9456777572631836,0.9456777572631836,0.0016207604203373194,0.05278702452778816
1168,0,background,0.9426209926605225,0.9426209926605225,0.0016179790254682302,0.05585138499736786
1169,0,background,0.9468311667442322,0.9468311667442322,0.001619099173694849,0.05163337290287018
1170,0,background,0.9442697763442993,0.9442697763442993,0.0016153190517798066,0.05420242249965668
1171,0,background,0.9461967945098877,0.9461967945098877,0.0016199542442336679,0.052267976105213165
1172,0,background,0.9410885572433472,0.9410885572433472,0.0016212424961850047,0.057383254170417786
1173,0,background,0.9447118043899536,0.9447118043899536,0.0016228897729888558,0.05375257134437561
1174,0,background,0.9417870044708252,0.9417870044708252,0.0016188310692086816,0.05668601021170616
1175,0,background,0.9455052614212036,0.9455052614212036,0.001622206182219088,0.05295845493674278
1176,0,background,0.9422147870063782,0.9422147870063782,0.0016194259515032172,0.05625687912106514
1177,0,background,0.9460313320159912,0.9460313320159912,0.0016210682224482298,0.052432574331760406
1178,0,background,0.9424075484275818,0.9424075484275818,0.0016166877467185259,0.05606640502810478
1179,0,background,0.945331335067749,0.945331335067749,0.001621669507585466,0.053133171051740646
1180,0,background,0.9413596391677856,0.9413596391677856,0.0016218209639191628,0.057111166417598724
1181,2,surface_feature,0.6316503882408142,0.3674602508544922,0.002414492890238762,0.6316503882408142
1182,2,surface_feature,0.6246272921562195,0.3744363486766815,0.0024944250471889973,0.6246272921562195
1183,2,surface_feature,0.6316503882408142,0.3674602508544922,0.002414492890238762,0.6316503882408142
1184,2,surface_feature,0.6319583654403687,0.36714938282966614,0.002424388425424695,0.6319583654403687
1185,2,surface_feature,0.6319583654403687,0.36714938282966614,0.002424388425424695,0.6319583654403687
1186,2,surface_feature,0.6269311308860779,0.3721558451652527,0.0024473718367516994,0.6269311308860779
1187,2,surface_feature,0.6247033476829529,0.37432318925857544,0.0025938423350453377,0.6247033476829529
1188,2,surface_feature,0.6258020997047424,0.3733120858669281,0.0023672813549637794,0.6258020997047424
1189,2,surface_feature,0.6258677244186401,0.37324637174606323,0.002367836656048894,0.6258677244186401
1190,2,surface_feature,0.6255664229393005,0.3734431564807892,0.0026451500598341227,0.6255664229393005
1191,2,surface_feature,0.6898837089538574,0.30943211913108826,0.002206210745498538,0.6898837089538574
1192,2,surface_feature,0.6246272921562195,0.3744363486766815,0.002494426444172859,0.6246272921562195
1193,2,surface_feature,0.6309210658073425,0.36815279722213745,0.002509378595277667,0.6309210658073425
1194,2,surface_feature,0.6943354606628418,0.3049793839454651,0.0022415281273424625,0.6943354606628418
1195,2,surface_feature,0.6943354606628418,0.3049793839454651,0.0022415281273424625,0.6943354606628418
1196,2,surface_feature,0.6906610727310181,0.30862927436828613,0.002294144593179226,0.6906610727310181
1197,2,surface_feature,0.6906610131263733,0.3086293339729309,0.0022941434290260077,0.6906610131263733
1198,2,surface_feature,0.6309210062026978,0.3681528568267822,0.0025093823205679655,0.6309210062026978
1199,2,surface_feature,0.6367948651313782,0.36228957772254944,0.002520763548091054,0.6367948651313782
1200,2,surface_feature,0.7035996317863464,0.29573532938957214,0.0022437111474573612,0.7035996317863464
1201,2,surface_feature,0.7035996317863464,0.29573532938957214,0.0022437111474573612,0.7035996317863464
1202,2,surface_feature,0.6989730596542358,0.30033236742019653,0.002307315357029438,0.6989730596542358
1203,2,surface_feature,0.6989730000495911,0.3003324270248413,0.002307315357029438,0.6989730000495911
1204,2,surface_feature,0.6367948055267334,0.3622896373271942,0.0025207670405507088,0.6367948055267334
1205,2,surface_feature,0.632220447063446,0.36685654520988464,0.002509681973606348,0.632220447063446
1206,2,surface_feature,0.7036829590797424,0.2956516444683075,0.0022455479484051466,0.7036829590797424
1207,2,surface_feature,0.7036829590797424,0.2956516444683075,0.0022455479484051466,0.7036829590797424
1208,2,surface_feature,0.6978994011878967,0.3014002740383148,0.002318120328709483,0.6978994011878967
1209,2,surface_feature,0.6978994607925415,0.30140021443367004,0.0023181214928627014,0.6978994607925415
1210,2,surface_feature,0.6322201490402222,0.3668568432331085,0.002509691286832094,0.6322201490402222
1211,2,surface_feature,0.625302791595459,0.373761922121048,0.0024960984010249376,0.625302791595459
1212,2,surface_feature,0.7027468681335449,0.2965866029262543,0.0022423090413212776,0.7027468681335449
1213,2,surface_feature,0.7027468681335449,0.2965866029262543,0.0022423090413212776,0.7027468681335449
1214,2,surface_feature,0.699117124080658,0.3001880645751953,0.0023091863840818405,0.699117124080658
1215,2,surface_feature,0.699117124080658,0.3001880645751953,0.0023091852199286222,0.699117124080658
1216,2,surface_feature,0.6253028512001038,0.3737618625164032,0.002496097469702363,0.6253028512001038
1217,2,surface_feature,0.6349183320999146,0.36418938636779785,0.0024440877605229616,0.6349183320999146
1218,2,surface_feature,0.6952815055847168,0.30403605103492737,0.002239567693322897,0.6952815055847168
1219,2,surface_feature,0.6952826976776123,0.30403485894203186,0.0022395688574761152,0.6952826976776123
1220,2,surface_feature,0.6928467750549316,0.30644798278808594,0.0022960652131587267,0.6928467750549316
1221,2,surface_feature,0.6928468346595764,0.30644792318344116,0.0022960652131587267,0.6928468346595764
1222,2,surface_feature,0.6349183320999146,0.36418938636779785,0.0024440877605229616,0.6349183320999146
1223,2,surface_feature,0.6352240443229675,0.3638842701911926,0.0024444772861897945,0.6352240443229675
1224,2,surface_feature,0.6352240443229675,0.3638842701911926,0.0024444772861897945,0.6352240443229675
1225,2,surface_feature,0.6355268955230713,0.363582044839859,0.0024448330514132977,0.6355268955230713
1226,2,surface_feature,0.6355268955230713,0.363582044839859,0.0024448330514132977,0.6355268955230713
1227,2,surface_feature,0.6358249187469482,0.3632846176624298,0.0024451855570077896,0.6358249187469482
1228,2,surface_feature,0.6358249187469482,0.3632846176624298,0.0024451855570077896,0.6358249187469482
1229,2,surface_feature,0.6361193060874939,0.3629908263683319,0.0024455448146909475,0.6361193060874939
1230,2,surface_feature,0.6361193060874939,0.3629908263683319,0.0024455448146909475,0.6361193060874939
1231,2,surface_feature,0.6364108920097351,0.36269980669021606,0.0024459196720272303,0.6364108920097351
1232,2,surface_feature,0.6364108920097351,0.36269980669021606,0.0024459196720272303,0.6364108920097351
1233,2,surface_feature,0.6367031931877136,0.3624080717563629,0.002446305938065052,0.6367031931877136
1234,2,surface_feature,0.6367031931877136,0.3624080717563629,0.002446305938065052,0.6367031931877136
1235,2,surface_feature,0.6369925141334534,0.36211931705474854,0.00244670151732862,0.6369925141334534
1236,2,surface_feature,0.6369925141334534,0.36211931705474854,0.00244670151732862,0.6369925141334534
1237,2,surface_feature,0.637278139591217,0.36183422803878784,0.0024471089709550142,0.637278139591217
1238,2,surface_feature,0.637278139591217,0.36183422803878784,0.0024471089709550142,0.637278139591217
1239,2,surface_feature,0.6381959319114685,0.3609181344509125,0.0024486130569130182,0.6381959319114685
1240,2,surface_feature,0.6381959319114685,0.3609181344509125,0.0024486130569130182,0.6381959319114685
1241,2,surface_feature,0.638420820236206,0.36069369316101074,0.0024489976931363344,0.638420820236206
1242,2,surface_feature,0.638420820236206,0.36069369316101074,0.0024489976931363344,0.638420820236206
1243,2,surface_feature,0.638634204864502,0.3604806661605835,0.002449380699545145,0.638634204864502
1244,2,surface_feature,0.638634204864502,0.3604806661605835,0.002449380699545145,0.638634204864502
1245,2,surface_feature,0.638843297958374,0.36027196049690247,0.0024497630074620247,0.638843297958374
1246,2,surface_feature,0.638843297958374,0.36027196049690247,0.0024497630074620247,0.638843297958374
1247,2,surface_feature,0.6390504240989685,0.36006519198417664,0.0024501418229192495,0.6390504240989685
1248,2,surface_feature,0.6390504240989685,0.36006519198417664,0.0024501418229192495,0.6390504240989685
1249,2,surface_feature,0.6392586827278137,0.35985732078552246,0.002450516913086176,0.6392586827278137
1250,2,surface_feature,0.6392586827278137,0.35985732078552246,0.002450516913086176,0.6392586827278137
1251,2,surface_feature,0.6394666433334351,0.3596497178077698,0.00245088548399508,0.6394666433334351
1252,2,surface_feature,0.6394666433334351,0.3596497178077698,0.00245088548399508,0.6394666433334351
1253,2,surface_feature,0.6396815180778503,0.3594352602958679,0.002451246837154031,0.6396815180778503
1254,2,surface_feature,0.6396815180778503,0.3594352602958679,0.002451246837154031,0.6396815180778503
1255,2,surface_feature,0.6398942470550537,0.3592229187488556,0.0024515967816114426,0.6398942470550537
1256,2,surface_feature,0.6398942470550537,0.3592229187488556,0.0024515967816114426,0.6398942470550537
1257,2,surface_feature,0.6401050090789795,0.35901254415512085,0.002451934851706028,0.6401050090789795
1258,2,surface_feature,0.6401050090789795,0.35901254415512085,0.002451934851706028,0.6401050090789795
1259,2,surface_feature,0.6403137445449829,0.35880422592163086,0.0024522554595023394,0.6403137445449829
1260,2,surface_feature,0.6403137445449829,0.35880422592163086,0.0024522554595023394,0.6403137445449829
1261,2,surface_feature,0.6405206322669983,0.3585977256298065,0.0024525474291294813,0.6405206322669983
1262,2,surface_feature,0.6405206322669983,0.3585977256298065,0.0024525474291294813,0.6405206322669983
1263,2,surface_feature,0.6407260298728943,0.35839274525642395,0.0024527839850634336,0.6407260298728943
1264,2,surface_feature,0.6407260298728943,0.35839274525642395,0.0024527839850634336,0.6407260298728943
1265,2,surface_feature,0.6409663558006287,0.35815295577049255,0.002452988177537918,0.6409663558006287
1266,2,surface_feature,0.6409663558006287,0.35815295577049255,0.002452988177537918,0.6409663558006287
1267,2,surface_feature,0.6412169337272644,0.3579029142856598,0.0024531600065529346,0.6412169337272644
1268,2,surface_feature,0.6412169337272644,0.3579029142856598,0.0024531600065529346,0.6412169337272644
1269,2,surface_feature,0.6414656639099121,0.35765475034713745,0.0024532952811568975,0.6414656639099121
1270,2,surface_feature,0.6414656639099121,0.35765475034713745,0.0024532952811568975,0.6414656639099121
1271,2,surface_feature,0.6417126059532166,0.3574083745479584,0.002453396562486887,0.6417126059532166
1272,2,surface_feature,0.6417126059532166,0.3574083745479584,0.002453396562486887,0.6417126059532166
1273,2,surface_feature,0.6419579386711121,0.3571636378765106,0.002453458495438099,0.6419579386711121
1274,2,surface_feature,0.6419579386711121,0.3571636378765106,0.002453458495438099,0.6419579386711121
1275,2,surface_feature,0.6422017216682434,0.35692042112350464,0.002453480614349246,0.6422017216682434
1276,2,surface_feature,0.6422017216682434,0.35692042112350464,0.002453480614349246,0.6422017216682434
1277,2,surface_feature,0.6424438953399658,0.35667887330055237,0.0024534608237445354,0.6424438953399658
1278,2,surface_feature,0.6424438953399658,0.35667887330055237,0.0024534608237445354,0.6424438953399658
1279,2,surface_feature,0.624302864074707,0.3747464418411255,0.0025305445306003094,0.624302864074707
1280,2,surface_feature,0.624302864074707,0.3747464418411255,0.0025305445306003094,0.624302864074707
1281,2,surface_feature,0.6314261555671692,0.3676740825176239,0.0024412444327026606,0.6314261555671692
1282,2,surface_feature,0.6314261555671692,0.3676740825176239,0.0024412444327026606,0.6314261555671692
1283,2,surface_feature,0.6317481398582458,0.36735254526138306,0.0024421142879873514,0.6317481398582458
1284,2,surface_feature,0.6317481398582458,0.36735254526138306,0.0024421142879873514,0.6317481398582458
1285,2,surface_feature,0.6320652365684509,0.36703580617904663,0.0024432565551251173,0.6320652365684509
1286,2,surface_feature,0.6320652961730957,0.36703574657440186,0.0024432579521089792,0.6320652961730957
1287,2,surface_feature,0.6324385404586792,0.36666300892829895,0.002444353885948658,0.6324385404586792
1288,2,surface_feature,0.6324385404586792,0.36666300892829895,0.002444353885948658,0.6324385404586792
1289,2,surface_feature,0.6328079104423523,0.36629432439804077,0.002444980898872018,0.6328079104423523
1290,2,surface_feature,0.6328079104423523,0.36629432439804077,0.002444980898872018,0.6328079104423523
1291,2,surface_feature,0.633162796497345,0.365940123796463,0.0024454332888126373,0.633162796497345
1292,2,surface_feature,0.633162796497345,0.365940123796463,0.0024454332888126373,0.633162796497345
1293,2,surface_feature,0.6335159540176392,0.36558765172958374,0.002445907797664404,0.6335159540176392
1294,2,surface_feature,0.6335159540176392,0.36558765172958374,0.0024459066335111856,0.6335159540176392
1295,2,surface_feature,0.6338658928871155,0.36523833870887756,0.0024465385358780622,0.6338658928871155
1296,2,surface_feature,0.6338658928871155,0.36523833870887756,0.0024465385358780622,0.6338658928871155
1297,2,surface_feature,0.6342095136642456,0.3648953437805176,0.0024471182841807604,0.6342095136642456
1298,2,surface_feature,0.6342095136642456,0.3648953437805176,0.0024471168871968985,0.6342095136642456
1299,2,surface_feature,0.6354250907897949,0.36367926001548767,0.0024566559586673975,0.6354250907897949
1300,2,surface_feature,0.6354251503944397,0.3636792004108429,0.0024566559586673975,0.6354251503944397
1301,2,surface_feature,0.6357189416885376,0.36338597536087036,0.0024571700487285852,0.6357189416885376
1302,2,surface_feature,0.6357189416885376,0.36338597536087036,0.0024571700487285852,0.6357189416885376
1303,2,surface_feature,0.6360084414482117,0.3630969822406769,0.0024576669093221426,0.6360084414482117
1304,2,surface_feature,0.6360084414482117,0.3630969822406769,0.0024576669093221426,0.6360084414482117
1305,2,surface_feature,0.6362984776496887,0.3628074824810028,0.002458138158544898,0.6362984776496887
1306,2,surface_feature,0.6362984776496887,0.3628074824810028,0.002458138158544898,0.6362984776496887
1307,2,surface_feature,0.6365867853164673,0.3625197410583496,0.0024585986975580454,0.6365867853164673
1308,2,surface_feature,0.6365867853164673,0.3625197410583496,0.0024585986975580454,0.6365867853164673
1309,2,surface_feature,0.6368721127510071,0.3622349500656128,0.002459051553159952,0.6368721127510071
1310,2,surface_feature,0.6368721127510071,0.3622349500656128,0.002459051553159952,0.6368721127510071
1311,2,surface_feature,0.6371545195579529,0.3619530498981476,0.002459503011777997,0.6371545195579529
1312,2,surface_feature,0.6371545195579529,0.3619530498981476,0.002459503011777997,0.6371545195579529
1313,2,surface_feature,0.6374124884605408,0.3616955578327179,0.0024599512107670307,0.6374124884605408
1314,2,surface_feature,0.6374124884605408,0.3616955578327179,0.0024599512107670307,0.6374124884605408
1315,2,surface_feature,0.6376661658287048,0.36144232749938965,0.0024604029022157192,0.6376661658287048
1316,2,surface_feature,0.6376661658287048,0.36144232749938965,0.0024604029022157192,0.6376661658287048
1317,2,surface_feature,0.6379169821739197,0.361191987991333,0.002460851101204753,0.6379169821739197
1318,2,surface_feature,0.6379169821739197,0.361191987991333,0.002460851101204753,0.6379169821739197
1319,2,surface_feature,0.6381651163101196,0.36094430088996887,0.0024612972047179937,0.6381651163101196
1320,2,surface_feature,0.6381651163101196,0.36094430088996887,0.0024612972047179937,0.6381651163101196
1321,2,surface_feature,0.6384103894233704,0.36069947481155396,0.002461743075400591,0.6384103894233704
1322,2,surface_feature,0.6384103894233704,0.36069947481155396,0.002461743075400591,0.6384103894233704
1323,2,surface_feature,0.6386431455612183,0.3604671061038971,0.0024621894117444754,0.6386431455612183
1324,2,surface_feature,0.6386431455612183,0.3604671061038971,0.0024621894117444754,0.6386431455612183
1325,2,surface_feature,0.6388708353042603,0.36023983359336853,0.002462641568854451,0.6388708353042603
1326,2,surface_feature,0.6388708353042603,0.36023983359336853,0.002462641568854451,0.6388708353042603
1327,2,surface_feature,0.6390960812568665,0.36001497507095337,0.0024631009437143803,0.6390960812568665
1328,2,surface_feature,0.6390960812568665,0.36001497507095337,0.0024631009437143803,0.6390960812568665
1329,2,surface_feature,0.6393190622329712,0.3597923815250397,0.0024635624140501022,0.6393190622329712
1330,2,surface_feature,0.6393190622329712,0.3597923815250397,0.0024635624140501022,0.6393190622329712
1331,2,surface_feature,0.6395395994186401,0.35957223176956177,0.0024640194606035948,0.6395395994186401
1332,2,surface_feature,0.6395395994186401,0.35957223176956177,0.0024640194606035948,0.6395395994186401
1333,2,surface_feature,0.6397579312324524,0.35935425758361816,0.002464478835463524,0.6397579312324524
1334,2,surface_feature,0.6397579312324524,0.35935425758361816,0.002464478835463524,0.6397579312324524
1335,2,surface_feature,0.6399773955345154,0.3591351807117462,0.0024649363476783037,0.6399773955345154
1336,2,surface_feature,0.6399773955345154,0.3591351807117462,0.0024649363476783037,0.6399773955345154
1337,2,surface_feature,0.6401956677436829,0.3589172959327698,0.0024653945583850145,0.6401956677436829
1338,2,surface_feature,0.6401956677436829,0.3589172959327698,0.0024653945583850145,0.6401956677436829
1339,2,surface_feature,0.6413018107414246,0.35781314969062805,0.002467375947162509,0.6413018107414246
1340,2,surface_feature,0.6413018107414246,0.35781314969062805,0.002467375947162509,0.6413018107414246
1341,2,surface_feature,0.6416041254997253,0.357511430978775,0.0024678243789821863,0.6416041254997253
1342,2,surface_feature,0.6416041254997253,0.357511430978775,0.0024678243789821863,0.6416041254997253
1343,2,surface_feature,0.6419031023979187,0.35721302032470703,0.002468256512656808,0.6419031023979187
1344,2,surface_feature,0.6419031023979187,0.35721302032470703,0.002468256512656808,0.6419031023979187
1345,2,surface_feature,0.6421988606452942,0.3569178283214569,0.0024686779361218214,0.6421988606452942
1346,2,surface_feature,0.6421988606452942,0.3569178283214569,0.0024686779361218214,0.6421988606452942
1347,2,surface_feature,0.642491340637207,0.3566259443759918,0.0024690867867320776,0.642491340637207
1348,2,surface_feature,0.642491340637207,0.3566259443759918,0.0024690867867320776,0.642491340637207
1349,2,surface_feature,0.6427807211875916,0.35633715987205505,0.002469429513439536,0.6427807211875916
1350,2,surface_feature,0.6427807211875916,0.35633715987205505,0.002469429513439536,0.6427807211875916
1351,2,surface_feature,0.6430670022964478,0.3560514748096466,0.002469714032486081,0.6430670022964478
1352,2,surface_feature,0.6430670022964478,0.3560514748096466,0.002469714032486081,0.6430670022964478
1353,2,surface_feature,0.6433502435684204,0.3557688295841217,0.0024699876084923744,0.6433502435684204
1354,2,surface_feature,0.6433502435684204,0.3557688295841217,0.0024699876084923744,0.6433502435684204
1355,2,surface_feature,0.6436303853988647,0.3554892838001251,0.002470254199579358,0.6436303853988647
1356,2,surface_feature,0.6436303853988647,0.3554892838001251,0.002470254199579358,0.6436303853988647
1357,2,surface_feature,0.6439073085784912,0.3552129566669464,0.0024705163668841124,0.6439073085784912
1358,2,surface_feature,0.6439073085784912,0.3552129566669464,0.0024705163668841124,0.6439073085784912
1359,2,surface_feature,0.6441797614097595,0.35494107007980347,0.0024707759730517864,0.6441797614097595
1360,2,surface_feature,0.6441797614097595,0.35494107007980347,0.0024707759730517864,0.6441797614097595
1361,2,surface_feature,0.6444492340087891,0.3546721935272217,0.002471036044880748,0.6444492340087891
1362,2,surface_feature,0.6444492340087891,0.3546721935272217,0.002471036044880748,0.6444492340087891
1363,2,surface_feature,0.6447156667709351,0.35440632700920105,0.00247129681520164,0.6447156667709351
1364,2,surface_feature,0.6447156667709351,0.35440632700920105,0.00247129681520164,0.6447156667709351
1365,2,surface_feature,0.6449828743934631,0.35413968563079834,0.0024715610779821873,0.6449828743934631
1366,2,surface_feature,0.6449828743934631,0.35413968563079834,0.0024715610779821873,0.6449828743934631
1367,2,surface_feature,0.6452917456626892,0.3538314700126648,0.0024718281347304583,0.6452917456626892
1368,2,surface_feature,0.6452917456626892,0.3538314700126648,0.0024718281347304583,0.6452917456626892
1369,2,surface_feature,0.6455968618392944,0.3535270094871521,0.0024721010122448206,0.6455968618392944
1370,2,surface_feature,0.6455968618392944,0.3535270094871521,0.0024721010122448206,0.6455968618392944
1371,2,surface_feature,0.6464909911155701,0.35263481736183167,0.0024729655124247074,0.6464909911155701
1372,2,surface_feature,0.6464909911155701,0.35263481736183167,0.0024729655124247074,0.6464909911155701
1373,2,surface_feature,0.646623432636261,0.35250261425971985,0.0024731101002544165,0.646623432636261
1374,2,surface_feature,0.646623432636261,0.35250261425971985,0.0024731101002544165,0.646623432636261
1375,2,surface_feature,0.6463329792022705,0.35279253125190735,0.002472663065418601,0.6463329792022705
1376,2,surface_feature,0.6463329792022705,0.35279253125190735,0.002472663065418601,0.6463329792022705
1377,2,surface_feature,0.6460388898849487,0.35308602452278137,0.0024722774978727102,0.6460388898849487
1378,2,surface_feature,0.6460388898849487,0.35308602452278137,0.0024722774978727102,0.6460388898849487
1379,2,surface_feature,0.6457412838935852,0.35338300466537476,0.002471897518262267,0.6457412838935852
1380,2,surface_feature,0.6457412838935852,0.35338300466537476,0.002471896354109049,0.6457412838935852
1381,2,surface_feature,0.6454401612281799,0.3536835312843323,0.002471520099788904,0.6454401612281799
1382,2,surface_feature,0.6454401612281799,0.3536835312843323,0.002471520099788904,0.6454401612281799
1383,2,surface_feature,0.6451354622840881,0.35398760437965393,0.002471142914146185,0.6451354622840881
1384,2,surface_feature,0.6451354622840881,0.35398760437965393,0.002471141517162323,0.6451354622840881
1385,2,surface_feature,0.6448495984077454,0.35427290201187134,0.0024707678239792585,0.6448495984077454
1386,2,surface_feature,0.6448495984077454,0.35427290201187134,0.0024707678239792585,0.6448495984077454
1387,2,surface_feature,0.6445855498313904,0.3545364439487457,0.002470394130796194,0.6445855498313904
1388,2,surface_feature,0.6445855498313904,0.3545364439487457,0.002470395527780056,0.6445855498313904
1389,2,surface_feature,0.6443197131156921,0.354801744222641,0.0024700206704437733,0.6443197131156921
1390,2,surface_feature,0.6443197131156921,0.354801744222641,0.0024700206704437733,0.6443197131156921
1391,2,surface_feature,0.6440507769584656,0.3550701439380646,0.0024696504697203636,0.6440507769584656
1392,2,surface_feature,0.6440507769584656,0.3550701439380646,0.0024696504697203636,0.6440507769584656
1393,2,surface_feature,0.6437782049179077,0.35534217953681946,0.002469275612384081,0.6437782049179077
1394,2,surface_feature,0.6437782049179077,0.35534217953681946,0.002469275612384081,0.6437782049179077
1395,2,surface_feature,0.6435014009475708,0.3556184470653534,0.0024689047131687403,0.6435014009475708
1396,2,surface_feature,0.6435014009475708,0.3556184470653534,0.0024689047131687403,0.6435014009475708
1397,2,surface_feature,0.643221378326416,0.3558979034423828,0.0024685347452759743,0.643221378326416
1398,2,surface_feature,0.643221378326416,0.3558979034423828,0.0024685347452759743,0.643221378326416
1399,2,surface_feature,0.6429380178451538,0.35618069767951965,0.0024681624490767717,0.6429380178451538
1400,2,surface_feature,0.6429380178451538,0.35618069767951965,0.0024681624490767717,0.6429380178451538
1401,2,surface_feature,0.6414294242858887,0.35768643021583557,0.002465745434165001,0.6414294242858887
1402,2,surface_feature,0.6414294242858887,0.35768643021583557,0.0024657428730279207,0.6414294242858887
1403,2,surface_feature,0.6410378813743591,0.3580772280693054,0.002465123776346445,0.6410378813743591
1404,2,surface_feature,0.6410378813743591,0.3580772280693054,0.002465123776346445,0.6410378813743591
1405,2,surface_feature,0.6406648755073547,0.3584495484828949,0.002464498858898878,0.6406648755073547
1406,2,surface_feature,0.6406648755073547,0.3584495484828949,0.002464498858898878,0.6406648755073547
1407,2,surface_feature,0.6403369903564453,0.35877683758735657,0.0024638858158141375,0.6403369903564453
1408,2,surface_feature,0.6403369903564453,0.35877683758735657,0.0024638858158141375,0.6403369903564453
1409,2,surface_feature,0.6400119662284851,0.359101265668869,0.002463315147906542,0.6400119662284851
1410,2,surface_feature,0.6400119066238403,0.3591013252735138,0.00246331631205976,0.6400119066238403
1411,2,surface_feature,0.6396926045417786,0.3594200313091278,0.0024627973325550556,0.6396926045417786
1412,2,surface_feature,0.6396926045417786,0.3594200313091278,0.0024627973325550556,0.6396926045417786
1413,2,surface_feature,0.6393747329711914,0.3597372770309448,0.00246229930780828,0.6393747329711914
1414,2,surface_feature,0.6393747329711914,0.3597373068332672,0.002462297212332487,0.6393747329711914
1415,2,surface_feature,0.6390520930290222,0.36005932092666626,0.0024618145544081926,0.6390520930290222
1416,2,surface_feature,0.6390520930290222,0.36005932092666626,0.0024618145544081926,0.6390520930290222
1417,2,surface_feature,0.6387244462966919,0.36038631200790405,0.0024613486602902412,0.6387244462966919
1418,2,surface_feature,0.6387244462966919,0.36038631200790405,0.0024613486602902412,0.6387244462966919
1419,2,surface_feature,0.6383795738220215,0.36073052883148193,0.002460892079398036,0.6383795738220215
1420,2,surface_feature,0.6383795738220215,0.36073052883148193,0.002460892079398036,0.6383795738220215
1421,2,surface_feature,0.6380208134651184,0.3610885739326477,0.002460423856973648,0.6380208134651184
1422,2,surface_feature,0.6380208134651184,0.3610885739326477,0.002460423856973648,0.6380208134651184
1423,2,surface_feature,0.6376558542251587,0.36145278811454773,0.002459937008097768,0.6376558542251587
1424,2,surface_feature,0.6376558542251587,0.36145278811454773,0.002459937008097768,0.6376558542251587
1425,2,surface_feature,0.6372846364974976,0.36182329058647156,0.0024594198912382126,0.6372846364974976
1426,2,surface_feature,0.6372846364974976,0.36182329058647156,0.0024594198912382126,0.6372846364974976
1427,2,surface_feature,0.6368931531906128,0.36221402883529663,0.0024588608648627996,0.6368931531906128
1428,2,surface_feature,0.6368931531906128,0.36221402883529663,0.0024588608648627996,0.6368931531906128
1429,2,surface_feature,0.636476457118988,0.3626299202442169,0.0024582408368587494,0.636476457118988
1430,2,surface_feature,0.636476457118988,0.3626299202442169,0.0024582408368587494,0.636476457118988
1431,0,background,0.5186591744422913,0.5186591744422913,0.001690395874902606,0.48046261072158813
1432,0,background,0.5171273350715637,0.5171273350715637,0.0016915695741772652,0.48199641704559326
