face_id,pred_label,pred_name,pred_confidence,prob_background,prob_rivet,prob_surface_feature
1,0,background,0.9262031316757202,0.9262031316757202,0.001518764067441225,0.07238807529211044
2,0,background,0.9250612854957581,0.9250612854957581,0.0015161371557042003,0.07353399693965912
3,0,background,0.9262229204177856,0.9262229204177856,0.0015189333353191614,0.0723680630326271
4,0,background,0.9258686304092407,0.9258686304092407,0.0015194728039205074,0.07272238284349442
5,0,background,0.9259139895439148,0.9259139895439148,0.0015198143664747477,0.07267666608095169
6,0,background,0.9261860251426697,0.9261860251426697,0.0015201718779280782,0.07240390032529831
7,0,background,0.9260849356651306,0.9260849356651306,0.0015201154164969921,0.07250519096851349
8,0,background,0.926135241985321,0.926135241985321,0.0015199307817965746,0.07245500385761261
9,0,background,0.9261777997016907,0.9261777997016907,0.0015191084239631891,0.0724131315946579
10,0,background,0.8877019286155701,0.8877019286155701,0.0015084644546732306,0.11095697432756424
11,0,background,0.8907124996185303,0.8907124996185303,0.0015084672486409545,0.10794186592102051
12,0,background,0.9046207666397095,0.9046207666397095,0.0015083467587828636,0.09401265531778336
13,0,background,0.8909083008766174,0.8909083008766174,0.0015083035686984658,0.10774592310190201
14,0,background,0.8806227445602417,0.8806227445602417,0.001506249071098864,0.11804879456758499
15,0,background,0.9260257482528687,0.9260257482528687,0.0015196588356047869,0.07256487011909485
16,0,background,0.9262528419494629,0.9262528419494629,0.001518930308520794,0.07233807444572449
17,0,background,0.8882359862327576,0.8882359862327576,0.0015088048530742526,0.11042177677154541
18,0,background,0.8896781802177429,0.8896781802177429,0.0015088551444932818,0.10897742956876755
19,0,background,0.9038721919059753,0.9038721919059753,0.0015088896034285426,0.0947619155049324
20,0,background,0.890365719795227,0.890365719795227,0.001508681452833116,0.10828898847103119
21,0,background,0.8821653127670288,0.8821653127670288,0.001506056054495275,0.11650411784648895
22,0,background,0.8877466917037964,0.8877466917037964,0.0015083712060004473,0.11091224104166031
23,0,background,0.8913751244544983,0.8913751244544983,0.001508088200353086,0.1072785034775734
24,0,background,0.9047855734825134,0.9047855734825134,0.0015083042671903968,0.09384769201278687
25,0,background,0.8919234871864319,0.8919234871864319,0.001508056535385549,0.10672936588525772
26,0,background,0.8823215365409851,0.8823215365409851,0.001506000175140798,0.11634771525859833
27,0,background,0.8867859244346619,0.8867859244346619,0.00150779087562114,0.11187496781349182
28,0,background,0.8884983658790588,0.8884983658790588,0.001508320914581418,0.1101595088839531
29,0,background,0.9034797549247742,0.9034797549247742,0.001508702989667654,0.09515512734651566
30,0,background,0.8912718892097473,0.8912718892097473,0.0015080766752362251,0.10738202184438705
31,0,background,0.8830761909484863,0.8830761909484863,0.0015059177530929446,0.11559195071458817
32,0,background,0.8877402544021606,0.8877402544021606,0.0015088387299329042,0.1109183058142662
33,0,background,0.889847993850708,0.889847993850708,0.0015084336046129465,0.10880773514509201
34,0,background,0.9038878679275513,0.9038878679275513,0.0015090765664353967,0.09474604576826096
35,0,background,0.8908239603042603,0.8908239603042603,0.0015086993807926774,0.1078299880027771
36,0,background,0.8835155367851257,0.8835155367851257,0.0015057665295898914,0.11515204608440399
37,0,background,0.8859375715255737,0.8859375715255737,0.0015079302247613668,0.11272449791431427
38,0,background,0.8888761401176453,0.8888761401176453,0.0015079136937856674,0.1097814291715622
39,0,background,0.9040420055389404,0.9040420055389404,0.0015085075283423066,0.09459217637777328
40,0,background,0.8905771374702454,0.8905771374702454,0.0015084443148225546,0.10807747393846512
41,0,background,0.8828127384185791,0.8828127384185791,0.0015058453427627683,0.1158558577299118
42,0,background,0.8867889642715454,0.8867889642715454,0.0015080306911841035,0.11187167465686798
43,0,background,0.8903979659080505,0.8903979659080505,0.001507360371761024,0.10825791954994202
44,0,background,0.9044261574745178,0.9044261574745178,0.001508385525085032,0.09420754760503769
45,0,background,0.8924819231033325,0.8924819231033325,0.0015076688723638654,0.10617047548294067
46,0,background,0.8821450471878052,0.8821450471878052,0.0015058073913678527,0.11652462929487228
47,0,background,0.8863064050674438,0.8863064050674438,0.0015089916996657848,0.11235411465167999
48,0,background,0.8884788155555725,0.8884788155555725,0.001508692861534655,0.11017867922782898
49,0,background,0.9029931426048279,0.9029931426048279,0.001509525696747005,0.09564168751239777
50,0,background,0.8900743722915649,0.8900743722915649,0.0015088767977431417,0.10858061164617538
51,0,background,0.8821031451225281,0.8821031451225281,0.001505770836956799,0.11656661331653595
52,0,background,0.8866949677467346,0.8866949677467346,0.001508332323282957,0.11196554452180862
53,0,background,0.8881214261054993,0.8881214261054993,0.0015093114925548434,0.11053606867790222
54,0,background,0.903173565864563,0.903173565864563,0.0015095104463398457,0.09546107053756714
55,0,background,0.890252947807312,0.890252947807312,0.00150880787987262,0.10840178281068802
56,0,background,0.8812127709388733,0.8812127709388733,0.0015058718854561448,0.11745820194482803
57,0,background,0.8873254656791687,0.8873254656791687,0.0015080694574862719,0.11133439093828201
58,0,background,0.8887428045272827,0.8887428045272827,0.0015090851811692119,0.10991399735212326
59,0,background,0.9034540057182312,0.9034540057182312,0.001509159803390503,0.0951804667711258
60,0,background,0.8905895948410034,0.8905895948410034,0.0015085908817127347,0.10806483775377274
61,0,background,0.8816754221916199,0.8816754221916199,0.0015059212455525994,0.11699488013982773
62,0,background,0.9261306524276733,0.9261306524276733,0.001519427984021604,0.07246000319719315
63,0,background,0.8877652883529663,0.8877652883529663,0.0015082129975780845,0.11089371144771576
64,0,background,0.8896011114120483,0.8896011114120483,0.0015087517676874995,0.10905466973781586
65,0,background,0.9038495421409607,0.9038495421409607,0.0015088854124769568,0.09478455036878586
66,0,background,0.891444742679596,0.891444742679596,0.001508228830061853,0.10720869898796082
67,0,background,0.8816932439804077,0.8816932439804077,0.001506033819168806,0.11697692424058914
68,0,background,0.9262024164199829,0.9262024164199829,0.0015189970145002007,0.07238850742578506
69,0,background,0.8874537348747253,0.8874537348747253,0.0015093042748048902,0.11120481789112091
70,0,background,0.8912677764892578,0.8912677764892578,0.001508399029262364,0.10738583654165268
71,0,background,0.9046809673309326,0.9046809673309326,0.0015084773767739534,0.09395227581262589
72,0,background,0.8901911973953247,0.8901911973953247,0.0015088716754689813,0.1084636002779007
73,0,background,0.881852924823761,0.881852924823761,0.001506121247075498,0.11681686341762543
74,0,background,0.926256000995636,0.926256000995636,0.0015187554527074099,0.0723351463675499
75,0,background,0.8884080052375793,0.8884080052375793,0.001509222318418324,0.11024919152259827
76,0,background,0.8899309039115906,0.8899309039115906,0.001509159104898572,0.10872406512498856
77,0,background,0.9038707613945007,0.9038707613945007,0.0015091082314029336,0.09476307779550552
78,0,background,0.8906060457229614,0.8906060457229614,0.001508790533989668,0.1080482006072998
79,0,background,0.8818334937095642,0.8818334937095642,0.0015062239253893495,0.11683627218008041
80,0,background,0.9262292981147766,0.9262292981147766,0.0015186440432444215,0.07236194610595703
81,0,background,0.887815535068512,0.887815535068512,0.0015090563101693988,0.11084262281656265
82,0,background,0.8899558782577515,0.8899558782577515,0.0015094876289367676,0.10869871079921722
83,0,background,0.9031058549880981,0.9031058549880981,0.001509548514150083,0.09552875906229019
84,0,background,0.8916150331497192,0.8916150331497192,0.001508415793068707,0.10703802853822708
85,0,background,0.8814811706542969,0.8814811706542969,0.0015063430182635784,0.11718907952308655
86,0,background,0.9262582659721375,0.9262582659721375,0.001518696779385209,0.07233285903930664
87,0,background,0.888386607170105,0.888386607170105,0.0015097614377737045,0.11027007550001144
88,0,background,0.8899257183074951,0.8899257183074951,0.0015096556162461638,0.10872876644134521
89,0,background,0.9036834239959717,0.9036834239959717,0.0015093014808371663,0.09495057165622711
90,0,background,0.8895254135131836,0.8895254135131836,0.0015093000838533044,0.10912997275590897
91,0,background,0.8811392188072205,0.8811392188072205,0.001506412518210709,0.11753139644861221
92,0,background,0.9261825084686279,0.9261825084686279,0.0015189875848591328,0.07240847498178482
93,0,background,0.8880406022071838,0.8880406022071838,0.0015091095119714737,0.1106172427535057
94,0,background,0.8894949555397034,0.8894949555397034,0.001510124420747161,0.10915978252887726
95,0,background,0.9032530188560486,0.9032530188560486,0.0015095205744728446,0.09538144618272781
96,0,background,0.8901805281639099,0.8901805281639099,0.0015089873922988772,0.10847415775060654
97,0,background,0.8803243637084961,0.8803243637084961,0.001506499364040792,0.1183474063873291
98,0,background,0.9260393381118774,0.9260393381118774,0.0015194034203886986,0.07255147397518158
99,0,background,0.8866890668869019,0.8866890668869019,0.001509473193436861,0.11197046935558319
100,0,background,0.8903698325157166,0.8903698325157166,0.0015092259272933006,0.1082843765616417
101,0,background,0.9036290049552917,0.9036290049552917,0.0015093251131474972,0.0950050950050354
102,0,background,0.8902686834335327,0.8902686834335327,0.00150880787987262,0.10838606208562851
103,0,background,0.879233181476593,0.879233181476593,0.0015065560583025217,0.11944019794464111
104,0,background,0.9259817600250244,0.9259817600250244,0.0015198057517409325,0.07260876893997192
105,0,background,0.8859739899635315,0.8859739899635315,0.0015095968265086412,0.11268652975559235
106,0,background,0.8896134495735168,0.8896134495735168,0.0015093502588570118,0.1090417355298996
107,0,background,0.9031820297241211,0.9031820297241211,0.001509799505583942,0.09545233845710754
108,0,background,0.8897089958190918,0.8897089958190918,0.0015090801753103733,0.10894634574651718
109,0,background,0.8783580660820007,0.8783580660820007,0.0015065488405525684,0.12031659483909607
110,0,background,0.8873258829116821,0.8873258829116821,0.0015089428052306175,0.1113332062959671
111,0,background,0.8881585001945496,0.8881585001945496,0.0015098174335435033,0.11049847304821014
112,0,background,0.9032984375953674,0.9032984375953674,0.00150988285895437,0.09533560276031494
113,0,background,0.8895047903060913,0.8895047903060913,0.0015091942623257637,0.10915075987577438
114,0,background,0.8780607581138611,0.8780607581138611,0.0015064957551658154,0.12061448395252228
115,0,background,0.9081708788871765,0.9081708788871765,0.001575299073010683,0.0903962180018425
116,0,background,0.9263419508934021,0.9263419508934021,0.001519331824965775,0.07224852591753006
117,0,background,0.8872992992401123,0.8872992992401123,0.0015096873976290226,0.11135919392108917
118,0,background,0.8888359069824219,0.8888359069824219,0.0015095709823071957,0.10982032865285873
119,0,background,0.9030773043632507,0.9030773043632507,0.001509661553427577,0.09555727243423462
120,0,background,0.8887887597084045,0.8887887597084045,0.0015094788977876306,0.10986755788326263
121,0,background,0.8801085948944092,0.8801085948944092,0.0015063098398968577,0.11856362968683243
122,0,background,0.9536428451538086,0.9536428451538086,0.0015157207380980253,0.044909488409757614
123,0,background,0.9200598001480103,0.9200598001480103,0.0016164252301678061,0.07845059782266617
124,0,background,0.9544219374656677,0.9544219374656677,0.0014952742494642735,0.04414881765842438
125,0,background,0.9233643412590027,0.9233643412590027,0.001522763748653233,0.07522743940353394
126,0,background,0.9220482707023621,0.9220482707023621,0.0015202240319922566,0.07654783874750137
127,0,background,0.9232438802719116,0.9232438802719116,0.0015229746932163835,0.0753479078412056
128,0,background,0.9230445623397827,0.9230445623397827,0.001523611368611455,0.07554689794778824
129,0,background,0.9230619668960571,0.9230619668960571,0.0015240577049553394,0.07552912831306458
130,0,background,0.9233609437942505,0.9233609437942505,0.0015245235990732908,0.0752292275428772
131,0,background,0.9233077764511108,0.9233077764511108,0.001524419873021543,0.07528253644704819
132,0,background,0.9232884645462036,0.9232884645462036,0.0015241142828017473,0.07530217617750168
133,0,background,0.9235460758209229,0.9235460758209229,0.001523172715678811,0.07504504919052124
134,0,background,0.8791680932044983,0.8791680932044983,0.0015106479404494166,0.11950184404850006
135,0,background,0.8801676034927368,0.8801676034927368,0.0015110003296285868,0.11850050091743469
136,0,background,0.9010118842124939,0.9010118842124939,0.001509072259068489,0.09762639552354813
137,0,background,0.8923739194869995,0.8923739194869995,0.001508089597336948,0.10627823323011398
138,0,background,0.8842646479606628,0.8842646479606628,0.001505359192378819,0.11440219730138779
139,0,background,0.9233949184417725,0.9233949184417725,0.0015237994957715273,0.07519582659006119
140,0,background,0.9234375953674316,0.9234375953674316,0.001522987731732428,0.07515386492013931
141,0,background,0.8795793056488037,0.8795793056488037,0.0015103027690201998,0.1190902441740036
142,0,background,0.8805656433105469,0.8805656433105469,0.0015106565551832318,0.11810208857059479
143,0,background,0.9012720584869385,0.9012720584869385,0.0015086871571838856,0.09736615419387817
144,0,background,0.8927024602890015,0.8927024602890015,0.0015077500138431787,0.1059495285153389
145,0,background,0.8844854831695557,0.8844854831695557,0.0015052546514198184,0.11418116837739944
146,0,background,0.8803813457489014,0.8803813457489014,0.001509903697296977,0.1182873398065567
147,0,background,0.880843997001648,0.880843997001648,0.0015105372294783592,0.11782340705394745
148,0,background,0.9018797278404236,0.9018797278404236,0.001508238259702921,0.09675795584917068
149,0,background,0.8928825259208679,0.8928825259208679,0.0015076257986947894,0.10576927661895752
150,0,background,0.8845052123069763,0.8845052123069763,0.0015051737427711487,0.1141614094376564
151,0,background,0.8793394565582275,0.8793394565582275,0.0015098584117367864,0.11933091282844543
152,0,background,0.8795303702354431,0.8795303702354431,0.0015108177904039621,0.11913884431123734
153,0,background,0.9011644721031189,0.9011644721031189,0.0015082935569807887,0.09747425466775894
154,0,background,0.8917463421821594,0.8917463421821594,0.0015079862205311656,0.10690689086914062
155,0,background,0.8846215009689331,0.8846215009689331,0.0015051071532070637,0.11404499411582947
156,0,background,0.8795942664146423,0.8795942664146423,0.0015107422368600965,0.11907490342855453
157,0,background,0.8810492157936096,0.8810492157936096,0.001510446541942656,0.11761802434921265
158,0,background,0.9016505479812622,0.9016505479812622,0.0015084055485203862,0.0969872921705246
159,0,background,0.8920134902000427,0.8920134902000427,0.00150805723387748,0.10663927346467972
160,0,background,0.8850092887878418,0.8850092887878418,0.0015050123911350965,0.11365673691034317
161,0,background,0.8786738514900208,0.8786738514900208,0.0015102222096174955,0.11999715864658356
162,0,background,0.8788909316062927,0.8788909316062927,0.0015111794928088784,0.11977893859148026
163,0,background,0.9006251692771912,0.9006251692771912,0.0015086950734257698,0.0980139970779419
164,0,background,0.891141414642334,0.891141414642334,0.0015083316247910261,0.10751240700483322
165,0,background,0.8845345377922058,0.8845345377922058,0.0015050432411953807,0.11413221061229706
166,0,background,0.8792344331741333,0.8792344331741333,0.0015105904312804341,0.11943535506725311
167,0,background,0.8814722895622253,0.8814722895622253,0.0015102208126336336,0.11719445139169693
168,0,background,0.9020798802375793,0.9020798802375793,0.0015081448946148157,0.09655764698982239
169,0,background,0.892476499080658,0.892476499080658,0.0015079316217452288,0.10617565363645554
170,0,background,0.8843042254447937,0.8843042254447937,0.0015050525544211268,0.11436282098293304
171,0,background,0.8787848949432373,0.8787848949432373,0.0015109587693586946,0.11988525092601776
172,0,background,0.8797920346260071,0.8797920346260071,0.0015113111585378647,0.11887627840042114
173,0,background,0.9007737636566162,0.9007737636566162,0.0015093509573489428,0.09786457568407059
174,0,background,0.8922929763793945,0.8922929763793945,0.0015082706231623888,0.10635911673307419
175,0,background,0.8844044208526611,0.8844044208526611,0.0015050854999572039,0.11426245421171188
176,0,background,0.8796864151954651,0.8796864151954651,0.001510550151579082,0.11898273229598999
177,0,background,0.8791806101799011,0.8791806101799011,0.0015118769370019436,0.1194881722331047
178,0,background,0.9017091989517212,0.9017091989517212,0.001508978777565062,0.09692811220884323
179,0,background,0.8913503289222717,0.8913503289222717,0.0015088365180417895,0.107302725315094
180,0,background,0.8840391635894775,0.8840391635894775,0.0015051657101139426,0.11462823301553726
181,0,background,0.8787807822227478,0.8787807822227478,0.001510964473709464,0.11988934874534607
182,0,background,0.8810397982597351,0.8810397982597351,0.0015106090577319264,0.11762723326683044
183,0,background,0.9018141627311707,0.9018141627311707,0.0015085836639627814,0.0968233197927475
184,0,background,0.8920354843139648,0.8920354843139648,0.0015083416365087032,0.10661699622869492
185,0,background,0.8839170932769775,0.8839170932769775,0.0015052789822220802,0.11475039273500443
186,0,background,0.9233108758926392,0.9233108758926392,0.0015234280144795775,0.07528036087751389
187,0,background,0.8795899152755737,0.8795899152755737,0.0015105027705430984,0.11907946318387985
188,0,background,0.8813155293464661,0.8813155293464661,0.0015104279154911637,0.11735127121210098
189,0,background,0.9023756980895996,0.9023756980895996,0.0015081226592883468,0.09626137465238571
190,0,background,0.8920693397521973,0.8920693397521973,0.0015082188183441758,0.10658316314220428
191,0,background,0.8837468028068542,0.8837468028068542,0.0015053987735882401,0.11492080241441727
192,0,background,0.9234601259231567,0.9234601259231567,0.001522847800515592,0.07513145357370377
193,0,background,0.8799781203269958,0.8799781203269958,0.0015103877522051334,0.11869081109762192
194,0,background,0.8801776170730591,0.8801776170730591,0.0015113415429368615,0.11849009990692139
195,0,background,0.901637077331543,0.901637077331543,0.0015087575884535909,0.09700050204992294
196,0,background,0.8918372988700867,0.8918372988700867,0.001508450135588646,0.10681536793708801
197,0,background,0.8841007947921753,0.8841007947921753,0.0015054796822369099,0.11456619203090668
198,0,background,0.92355877161026,0.92355877161026,0.0015225274255499244,0.07503293454647064
199,0,background,0.8799754977226257,0.8799754977226257,0.0015109198866412044,0.11869291961193085
200,0,background,0.8803606629371643,0.8803606629371643,0.0015113386325538158,0.11830683797597885
201,0,background,0.9020064473152161,0.9020064473152161,0.0015086432686075568,0.09663067758083344
202,0,background,0.8906550407409668,0.8906550407409668,0.0015090234810486436,0.10799890011548996
203,0,background,0.8841702342033386,0.8841702342033386,0.0015055598923936486,0.11449658870697021
204,0,background,0.92342209815979,0.92342209815979,0.0015224128728732467,0.07516993582248688
205,0,background,0.8793375492095947,0.8793375492095947,0.0015107435174286366,0.11933200061321259
206,0,background,0.8815907835960388,0.8815907835960388,0.0015104063786566257,0.11707570403814316
207,0,background,0.9021070003509521,0.9021070003509521,0.001508384826593101,0.0965302437543869
208,0,background,0.8920972347259521,0.8920972347259521,0.0015082749305292964,0.10655517131090164
209,0,background,0.8835834860801697,0.8835834860801697,0.0015056832926347852,0.11508411169052124
210,0,background,0.9235618710517883,0.9235618710517883,0.0015224447706714272,0.0750299021601677
211,0,background,0.8793771862983704,0.8793771862983704,0.0015113658737391233,0.11929170787334442
212,0,background,0.8803513050079346,0.8803513050079346,0.001511185197159648,0.11831635981798172
213,0,background,0.9016590118408203,0.9016590118408203,0.0015089823864400387,0.09697827696800232
214,0,background,0.8907089829444885,0.8907089829444885,0.0015090665547177196,0.10794485360383987
215,0,background,0.8839564919471741,0.8839564919471741,0.0015056933043524623,0.11471056938171387
216,0,background,0.923575222492218,0.923575222492218,0.0015227898256853223,0.07501626759767532
217,0,background,0.8786531686782837,0.8786531686782837,0.001511655282229185,0.12001664936542511
218,0,background,0.8800774216651917,0.8800774216651917,0.0015113732079043984,0.11859041452407837
219,0,background,0.9010029435157776,0.9010029435157776,0.001509462483227253,0.09763496369123459
220,0,background,0.8908883333206177,0.8908883333206177,0.0015090779634192586,0.10776518285274506
221,0,background,0.8839377760887146,0.8839377760887146,0.001505706924945116,0.11472922563552856
222,0,background,0.9233543872833252,0.9233543872833252,0.0015233337180688977,0.07523692399263382
223,0,background,0.878982424736023,0.878982424736023,0.0015110565582290292,0.11968739330768585
224,0,background,0.880744218826294,0.880744218826294,0.0015109868254512548,0.11792294681072235
225,0,background,0.90202796459198,0.90202796459198,0.0015087381470948458,0.09660906344652176
226,0,background,0.8914589881896973,0.8914589881896973,0.0015087848296388984,0.1071939766407013
227,0,background,0.8831786513328552,0.8831786513328552,0.001505730557255447,0.11548946797847748
228,0,background,0.923486590385437,0.923486590385437,0.0015238509513437748,0.0751040130853653
229,0,background,0.878173291683197,0.878173291683197,0.001511585433036089,0.12049729377031326
230,0,background,0.8789506554603577,0.8789506554603577,0.0015122505137696862,0.11971811205148697
231,0,background,0.9004321098327637,0.9004321098327637,0.0015100338496267796,0.09820614755153656
232,0,background,0.8910077810287476,0.8910077810287476,0.0015092849498614669,0.1076454147696495
233,0,background,0.8836802840232849,0.8836802840232849,0.0015056374249979854,0.11498722434043884
234,0,background,0.8777630925178528,0.8777630925178528,0.001511718612164259,0.12090794742107391
235,0,background,0.8802961111068726,0.8802961111068726,0.0015109946252778172,0.11837176233530045
236,0,background,0.9012092351913452,0.9012092351913452,0.0015093947295099497,0.09742841869592667
237,0,background,0.8918719291687012,0.8918719291687012,0.0015087000792846084,0.10678046941757202
238,0,background,0.8831264972686768,0.8831264972686768,0.001505597261711955,0.11554187536239624
239,0,background,0.9125627875328064,0.9125627875328064,0.00157990085426718,0.08599317818880081
240,0,background,0.9236289858818054,0.9236289858818054,0.0015235005412250757,0.07496174424886703
241,0,background,0.8781488537788391,0.8781488537788391,0.0015120093012228608,0.12052135169506073
242,0,background,0.8810350298881531,0.8810350298881531,0.0015108594670891762,0.11763185262680054
243,0,background,0.901921808719635,0.901921808719635,0.0015088380314409733,0.09671524912118912
244,0,background,0.89042729139328,0.89042729139328,0.001509294961579144,0.10822677612304688
245,0,background,0.8839356303215027,0.8839356303215027,0.00150545674841851,0.11473169922828674
246,0,background,0.9537253379821777,0.9537253379821777,0.0015178597532212734,0.044824834913015366
247,0,background,0.9240421056747437,0.9240421056747437,0.001621171599254012,0.07445742934942245
248,0,background,0.954355001449585,0.954355001449585,0.0014979465631768107,0.04421328753232956
249,0,background,0.9243649244308472,0.9243649244308472,0.0015140711329877377,0.07423342764377594
250,0,background,0.9226875901222229,0.9226875901222229,0.001511407783254981,0.07591576129198074
251,0,background,0.9242861866950989,0.9242861866950989,0.0015147019876167178,0.07431167364120483
252,0,background,0.9243937134742737,0.9243937134742737,0.0015150344697758555,0.07420368492603302
253,0,background,0.9242947697639465,0.9242947697639465,0.0015150157269090414,0.07430277019739151
254,0,background,0.9243296980857849,0.9243296980857849,0.0015148023376241326,0.07426799088716507
255,0,background,0.9243410229682922,0.9243410229682922,0.001514309085905552,0.07425711303949356
256,0,background,0.9244641065597534,0.9244641065597534,0.0015139501774683595,0.07413417100906372
257,0,background,0.924521267414093,0.924521267414093,0.0015136926667764783,0.07407714426517487
258,0,background,0.9242556691169739,0.9242556691169739,0.0015146652003750205,0.0743422657251358
259,0,background,0.9245131611824036,0.9245131611824036,0.0015136214205995202,0.07408533990383148
260,0,background,0.924222469329834,0.924222469329834,0.0015147459926083684,0.0743754506111145
261,0,background,0.9245427250862122,0.9245427250862122,0.001513663912191987,0.07405572384595871
262,0,background,0.9243174195289612,0.9243174195289612,0.0015143624041229486,0.07428070157766342
263,0,background,0.9244608879089355,0.9244608879089355,0.0015138996532186866,0.07413744181394577
264,0,background,0.8854069709777832,0.8854069709777832,0.001506380271166563,0.11325720697641373
265,0,background,0.8882918357849121,0.8882918357849121,0.0015064002946019173,0.11036801338195801
266,0,background,0.9008950591087341,0.9008950591087341,0.0015070573426783085,0.09774520993232727
267,0,background,0.8871355652809143,0.8871355652809143,0.0015069568762555718,0.1115255057811737
268,0,background,0.8743043541908264,0.8743043541908264,0.001504314597696066,0.12437845021486282
269,0,background,0.924527108669281,0.924527108669281,0.0015138880116865039,0.07407113164663315
270,0,background,0.8861518502235413,0.8861518502235413,0.0015065681654959917,0.11251112073659897
271,0,background,0.8875724673271179,0.8875724673271179,0.0015066125197336078,0.11108825355768204
272,0,background,0.90007483959198,0.90007483959198,0.0015074176480993629,0.09856636822223663
273,0,background,0.8864529132843018,0.8864529132843018,0.0015072125243023038,0.11220899224281311
274,0,background,0.8759176135063171,0.8759176135063171,0.0015040984144434333,0.12276291847229004
275,0,background,0.9240401387214661,0.9240401387214661,0.0015137280570343137,0.07455902546644211
276,0,background,0.8857522010803223,0.8857522010803223,0.0015059441793709993,0.11291187256574631
277,0,background,0.8892951011657715,0.8892951011657715,0.0015056889969855547,0.10936392843723297
278,0,background,0.9009550213813782,0.9009550213813782,0.001506682951003313,0.09768542647361755
279,0,background,0.8881078362464905,0.8881078362464905,0.0015064161270856857,0.1105523407459259
280,0,background,0.8760421276092529,0.8760421276092529,0.0015039995778352022,0.12263834476470947
281,0,background,0.9254685044288635,0.9254685044288635,0.0015168512472882867,0.07312554121017456
282,0,background,0.8840619921684265,0.8840619921684265,0.0015056288102641702,0.11460495740175247
283,0,background,0.88584303855896,0.88584303855896,0.0015061766607686877,0.11282071471214294
284,0,background,0.8988550305366516,0.8988550305366516,0.0015074462862685323,0.09978798031806946
285,0,background,0.8865668177604675,0.8865668177604675,0.001506759668700397,0.11209532618522644
286,0,background,0.8767976760864258,0.8767976760864258,0.0015038864221423864,0.12188169360160828
287,0,background,0.9242395162582397,0.9242395162582397,0.0015138346934691072,0.074359230697155
288,0,background,0.8858118653297424,0.8858118653297424,0.0015063981991261244,0.11285176873207092
289,0,background,0.8879812359809875,0.8879812359809875,0.0015059972647577524,0.11067944020032883
290,0,background,0.9000239968299866,0.9000239968299866,0.0015073795802891254,0.09861724078655243
291,0,background,0.8868334889411926,0.8868334889411926,0.0015070200897753239,0.11182798445224762
292,0,background,0.8772788643836975,0.8772788643836975,0.0015037045814096928,0.12140002846717834
293,0,background,0.8841083645820618,0.8841083645820618,0.0015056058764457703,0.11455851793289185
294,0,background,0.8870553374290466,0.8870553374290466,0.001505620195530355,0.11160709708929062
295,0,background,0.9002737998962402,0.9002737998962402,0.00150684651453048,0.09836756438016891
296,0,background,0.886965274810791,0.886965274810791,0.001506855129264295,0.11169619858264923
297,0,background,0.8764567375183105,0.8764567375183105,0.0015037875855341554,0.12222333252429962
298,0,background,0.8846960663795471,0.8846960663795471,0.0015057091368362308,0.11396978050470352
299,0,background,0.8882938623428345,0.8882938623428345,0.001505048363469541,0.11036714911460876
300,0,background,0.9004415273666382,0.9004415273666382,0.0015068263746798038,0.09819962829351425
301,0,background,0.8885347843170166,0.8885347843170166,0.0015060933073982596,0.11012502014636993
302,0,background,0.8756117820739746,0.8756117820739746,0.0015037446282804012,0.12306949496269226
303,0,background,0.8841720223426819,0.8841720223426819,0.0015064942417666316,0.11449393630027771
304,0,background,0.8864200711250305,0.8864200711250305,0.0015062583843246102,0.11224272102117538
305,0,background,0.898966908454895,0.898966908454895,0.0015079525765031576,0.09967545419931412
306,0,background,0.885940432548523,0.885940432548523,0.0015073257964104414,0.11272215843200684
307,0,background,0.8756210803985596,0.8756210803985596,0.001503701671026647,0.12306028604507446
308,0,background,0.8844462037086487,0.8844462037086487,0.0015058281132951379,0.11421995609998703
309,0,background,0.8859155178070068,0.8859155178070068,0.0015068278880789876,0.11274756491184235
310,0,background,0.8991085290908813,0.8991085290908813,0.001507855486124754,0.09953366219997406
311,0,background,0.886133074760437,0.886133074760437,0.0015072633977979422,0.11252927035093307
312,0,background,0.8746243715286255,0.8746243715286255,0.001503810635767877,0.12405838817358017
313,0,background,0.8851428031921387,0.8851428031921387,0.0015057555865496397,0.11352240294218063
314,0,background,0.8866222500801086,0.8866222500801086,0.0015068077482283115,0.11203975975513458
315,0,background,0.8994527459144592,0.8994527459144592,0.0015076171839609742,0.09918919205665588
316,0,background,0.8865535855293274,0.8865535855293274,0.0015070609515532851,0.11210831999778748
317,0,background,0.8751160502433777,0.8751160502433777,0.0015038964338600636,0.1235659122467041
318,0,background,0.8856377005577087,0.8856377005577087,0.0015059328870847821,0.11302664875984192
319,0,background,0.8874517679214478,0.8874517679214478,0.0015064856270328164,0.11120929569005966
320,0,background,0.899944543838501,0.899944543838501,0.0015073788817971945,0.09869682788848877
321,0,background,0.8875492811203003,0.8875492811203003,0.0015067124040797353,0.11111146211624146
322,0,background,0.8752137422561646,0.8752137422561646,0.0015040439320728183,0.12346793711185455
323,0,background,0.8853654265403748,0.8853654265403748,0.0015070503577589989,0.11329827457666397
324,0,background,0.8890417814254761,0.8890417814254761,0.0015061557060107589,0.10961718112230301
325,0,background,0.9009150862693787,0.9009150862693787,0.0015070230001583695,0.09772513061761856
326,0,background,0.8862784504890442,0.8862784504890442,0.0015073997201398015,0.11238356679677963
327,0,background,0.8755431175231934,0.8755431175231934,0.001504167215898633,0.1231379434466362
328,0,background,0.8861775398254395,0.8861775398254395,0.0015069929650053382,0.11248500645160675
329,0,background,0.887671172618866,0.887671172618866,0.001506922533735633,0.11098916083574295
330,0,background,0.9001859426498413,0.9001859426498413,0.0015076487325131893,0.09845486283302307
331,0,background,0.8868891000747681,0.8868891000747681,0.0015073257964104414,0.1117720752954483
332,0,background,0.8758131265640259,0.8758131265640259,0.0015042830491438508,0.1228674054145813
333,0,background,0.8854275345802307,0.8854275345802307,0.001506824279204011,0.11323631554841995
334,0,background,0.887545645236969,0.887545645236969,0.0015072626993060112,0.11111456900835037
335,0,background,0.8994898796081543,0.8994898796081543,0.0015081212623044848,0.09915156662464142
336,0,background,0.8881314992904663,0.8881314992904663,0.0015069196233525872,0.11052810400724411
337,0,background,0.8756364583969116,0.8756364583969116,0.0015043914318084717,0.1230442225933075
338,0,background,0.8858577013015747,0.8858577013015747,0.0015075582778081298,0.11280476301908493
339,0,background,0.8874150514602661,0.8874150514602661,0.0015074419789016247,0.11124520748853683
340,0,background,0.9001960754394531,0.9001960754394531,0.0015079553704708815,0.09844447672367096
341,0,background,0.8860322833061218,0.8860322833061218,0.0015078139258548617,0.1126297265291214
342,0,background,0.8753662705421448,0.8753662705421448,0.001504453714005649,0.12331479042768478
343,0,background,0.8853746652603149,0.8853746652603149,0.001506899599917233,0.11328913271427155
344,0,background,0.88686603307724,0.88686603307724,0.001507920096628368,0.111794613301754
345,0,background,0.8997300267219543,0.8997300267219543,0.0015081950696185231,0.09891096502542496
346,0,background,0.886742115020752,0.886742115020752,0.0015074823750182986,0.11191913485527039
347,0,background,0.8745152950286865,0.8745152950286865,0.001504532410763204,0.12416698038578033
348,0,background,0.8838935494422913,0.8838935494422913,0.0015072727110236883,0.11477214843034744
349,0,background,0.8874991536140442,0.8874991536140442,0.001507040229626,0.11116132885217667
350,0,background,0.900020182132721,0.900020182132721,0.0015079316217452288,0.09862058609724045
351,0,background,0.886775016784668,0.886775016784668,0.0015073049580678344,0.11188632249832153
352,0,background,0.8732721209526062,0.8732721209526062,0.0015045912005007267,0.1254120022058487
353,0,background,0.8830746412277222,0.8830746412277222,0.0015073997201398015,0.11559215933084488
354,0,background,0.8865920305252075,0.8865920305252075,0.0015071658417582512,0.11206969618797302
355,0,background,0.8994703888893127,0.8994703888893127,0.00150829937774688,0.09917093813419342
356,0,background,0.886117160320282,0.886117160320282,0.001507574925199151,0.1125449389219284
357,0,background,0.8722110986709595,0.8722110986709595,0.0015045825857669115,0.12647458910942078
358,0,background,0.8843579888343811,0.8843579888343811,0.0015067418571561575,0.11430754512548447
359,0,background,0.8852216601371765,0.8852216601371765,0.0015076244017109275,0.11344169080257416
360,0,background,0.89952152967453,0.89952152967453,0.0015083402395248413,0.09911961853504181
361,0,background,0.8858144879341125,0.8858144879341125,0.0015076531562954187,0.11284800618886948
362,0,background,0.8718065619468689,0.8718065619468689,0.0015045346226543188,0.12687982618808746
363,0,background,0.9112008213996887,0.9112008213996887,0.0015755706699565053,0.08736119419336319
364,0,background,0.9223353266716003,0.9223353266716003,0.0016086908290162683,0.07617854326963425
365,0,background,0.8846927881240845,0.8846927881240845,0.001507328706793487,0.11397166550159454
366,0,background,0.8861624002456665,0.8861624002456665,0.0015073745744302869,0.11249978095293045
367,0,background,0.8992540836334229,0.8992540836334229,0.0015083221951499581,0.09938755631446838
368,0,background,0.8853533864021301,0.8853533864021301,0.0015078411670401692,0.11330963671207428
369,0,background,0.8738791346549988,0.8738791346549988,0.0015043646562844515,0.12480423599481583
370,0,background,0.9245408177375793,0.9245408177375793,0.0015143768396228552,0.07405700534582138
371,0,background,0.9536156058311462,0.9536156058311462,0.0015154472785070539,0.04493708908557892
372,0,background,0.9543887376785278,0.9543887376785278,0.0014957699459046125,0.04418157786130905
373,1,rivet,0.9986662864685059,0.0009876873809844255,0.9986662864685059,0.2594456374645233
374,0,background,0.782943844795227,0.782943844795227,0.004682809114456177,0.21337251365184784
375,1,rivet,0.9988023042678833,0.001130192424170673,0.9988023042678833,0.05636095255613327
376,2,surface_feature,0.657427191734314,0.34200620651245117,0.0016539633506909013,0.657427191734314
377,0,background,0.8356751799583435,0.8356751799583435,0.0015410182531923056,0.1630350649356842
378,0,background,0.9236434102058411,0.9236434102058411,0.0014952742494642735,0.07497338205575943
379,0,background,0.9491923451423645,0.9491923451423645,0.0015014311065897346,0.049380380660295486
380,1,rivet,0.9987301230430603,0.0009401855058968067,0.9987301230430603,0.2596246898174286
381,1,rivet,0.9987466335296631,0.0009121152688749135,0.9987466335296631,0.2722676694393158
382,1,rivet,0.9988107681274414,0.0010636493097990751,0.9988107681274414,0.1055997759103775
383,1,rivet,0.9988077878952026,0.0010657585225999355,0.9988077878952026,0.10606632381677628
384,1,rivet,0.9988105297088623,0.0010638694511726499,0.9988105297088623,0.10559394955635071
385,1,rivet,0.9988105297088623,0.0010638757376000285,0.9988105297088623,0.1055886298418045
386,1,rivet,0.9988077878952026,0.0010657672537490726,0.9988077878952026,0.10605903714895248
387,1,rivet,0.9988107681274414,0.0010636649094522,0.9988107681274414,0.10558658838272095
388,1,rivet,0.9987561702728271,0.0008723233477212489,0.9987561702728271,0.2986794710159302
389,1,rivet,0.9986830353736877,0.000941530684940517,0.9986830353736877,0.28507521748542786
390,1,rivet,0.9987834095954895,0.0010921317152678967,0.9987834095954895,0.1023012027144432
391,1,rivet,0.9987837672233582,0.001091790501959622,0.9987837672233582,0.10231780260801315
392,1,rivet,0.9987836480140686,0.0010919129708781838,0.9987836480140686,0.10230512917041779
393,1,rivet,0.9987836480140686,0.001091918209567666,0.9987836480140686,0.1023007482290268
394,1,rivet,0.9987837672233582,0.0010917948093265295,0.9987837672233582,0.1023143008351326
395,1,rivet,0.9987834095954895,0.0010921404464170337,0.9987834095954895,0.10229410976171494
396,1,rivet,0.998668909072876,0.0009775045327842236,0.998668909072876,0.26563650369644165
397,1,rivet,0.9978398084640503,0.0020504628773778677,0.9978398084640503,0.050795771181583405
398,1,rivet,0.9985122084617615,0.001414565835148096,0.9985122084617615,0.04921770095825195
399,1,rivet,0.9985130429267883,0.0014141910942271352,0.9985130429267883,0.0489361472427845
400,1,rivet,0.9982395172119141,0.0016705532325431705,0.9982395172119141,0.051082320511341095
401,1,rivet,0.9704127907752991,0.02806558646261692,0.9704127907752991,0.05142839998006821
402,1,rivet,0.9914822578430176,0.008106304332613945,0.9914822578430176,0.04830365255475044
403,1,rivet,0.9909858703613281,0.00857746321707964,0.9909858703613281,0.048442453145980835
404,1,rivet,0.9305713176727295,0.06595556437969208,0.9305713176727295,0.05002429708838463
405,0,background,0.5539275407791138,0.5539275407791138,0.0015851302305236459,0.44519299268722534
406,2,surface_feature,0.6188124418258667,0.3805677890777588,0.0016259073745459318,0.6188124418258667
407,2,surface_feature,0.6606632471084595,0.338774710893631,0.0016562892124056816,0.6606632471084595
408,0,background,0.922408401966095,0.922408401966095,0.0015434332890436053,0.07616565376520157
409,2,surface_feature,0.7016059756278992,0.29794010519981384,0.0015212491853162646,0.7016059756278992
410,2,surface_feature,0.6888498067855835,0.3106745779514313,0.001528567518107593,0.6888498067855835
411,2,surface_feature,0.690271258354187,0.3092566728591919,0.0015241201035678387,0.690271258354187
412,2,surface_feature,0.6913970112800598,0.30813130736351013,0.001528470660559833,0.6913970112800598
413,2,surface_feature,0.7038804888725281,0.2956690788269043,0.001521094236522913,0.7038804888725281
414,2,surface_feature,0.6969380378723145,0.3025986850261688,0.0015286585548892617,0.6969380378723145
415,2,surface_feature,0.7002297639846802,0.29931318759918213,0.0015246556140482426,0.7002297639846802
416,2,surface_feature,0.697572648525238,0.30196499824523926,0.0015288266586139798,0.697572648525238
417,2,surface_feature,0.7128004431724548,0.28676119446754456,0.001526317442767322,0.7128004431724548
418,2,surface_feature,0.7025637030601501,0.29698413610458374,0.001520173391327262,0.7025637030601501
419,2,surface_feature,0.7080132961273193,0.29154112935066223,0.0015259687788784504,0.7080132961273193
420,2,surface_feature,0.6933816075325012,0.30615121126174927,0.0015235962346196175,0.6933816075325012
421,2,surface_feature,0.7093921899795532,0.29016438126564026,0.0015258161583915353,0.7093921899795532
422,2,surface_feature,0.704291820526123,0.29525870084762573,0.0015199679182842374,0.704291820526123
423,2,surface_feature,0.7121796011924744,0.287381112575531,0.0015262113884091377,0.7121796011924744
424,2,surface_feature,0.7023224234580994,0.29722389578819275,0.0015241142828017473,0.7023224234580994
425,2,surface_feature,0.7122106552124023,0.2873501479625702,0.0015260711079463363,0.7122106552124023
426,2,surface_feature,0.7023789882659912,0.2971675395965576,0.0015236390754580498,0.7023789882659912
427,2,surface_feature,0.7129848003387451,0.2865771949291229,0.0015261124353855848,0.7129848003387451
428,2,surface_feature,0.7035177946090698,0.2960316240787506,0.0015197674511000514,0.7035177946090698
429,2,surface_feature,0.7085317373275757,0.2910235822200775,0.0015256766928359866,0.7085317373275757
430,2,surface_feature,0.6941660642623901,0.3053681254386902,0.0015231065917760134,0.6941660642623901
431,2,surface_feature,0.7094881534576416,0.2900686264038086,0.0015256215119734406,0.7094881534576416
432,2,surface_feature,0.7046033143997192,0.2949478328227997,0.0015194728039205074,0.7046033143997192
433,2,surface_feature,0.6862923502922058,0.31324222683906555,0.0014835931360721588,0.6862923502922058
434,2,surface_feature,0.6342803239822388,0.3651629090309143,0.0015223367372527719,0.6342803239822388
435,2,surface_feature,0.6156949400901794,0.3837248682975769,0.0015097354771569371,0.6156949400901794
436,2,surface_feature,0.6295002102851868,0.36993589997291565,0.0015219374326989055,0.6295002102851868
437,2,surface_feature,0.6762264966964722,0.3232933282852173,0.0014830253785476089,0.6762264966964722
438,2,surface_feature,0.6345555186271667,0.36489608883857727,0.0015006234170868993,0.6345555186271667
439,2,surface_feature,0.6716169118881226,0.3278827667236328,0.001523573067970574,0.6716169118881226
440,2,surface_feature,0.7107239365577698,0.28883856534957886,0.0015124327037483454,0.7107239365577698
441,2,surface_feature,0.6801081299781799,0.319404274225235,0.0015242020599544048,0.6801081299781799
442,2,surface_feature,0.7012139558792114,0.2983303368091583,0.0015251508448272943,0.7012139558792114
443,2,surface_feature,0.7126505374908447,0.28691068291664124,0.0015269890427589417,0.7126505374908447
444,2,surface_feature,0.7008175849914551,0.2987273335456848,0.0015210246201604605,0.7008175849914551
445,2,surface_feature,0.7075484395027161,0.2920050621032715,0.0015267041744664311,0.7075484395027161
446,2,surface_feature,0.6913421750068665,0.30818724632263184,0.001524586696177721,0.6913421750068665
447,2,surface_feature,0.708625078201294,0.2909300923347473,0.0015266254777088761,0.708625078201294
448,2,surface_feature,0.7028123736381531,0.29673564434051514,0.0015208552358672023,0.7028123736381531
449,2,surface_feature,0.7116965651512146,0.28786325454711914,0.0015268102288246155,0.7116965651512146
450,2,surface_feature,0.7125048041343689,0.2870560884475708,0.0015273846220225096,0.7125048041343689
451,2,surface_feature,0.6999554634094238,0.29958802461624146,0.0015214694431051612,0.6999554634094238
452,2,surface_feature,0.7071927785873413,0.2923600971698761,0.0015270921867340803,0.7071927785873413
453,2,surface_feature,0.6903324723243713,0.30919525027275085,0.001525082509033382,0.6903324723243713
454,2,surface_feature,0.7081289887428284,0.29142531752586365,0.0015270240837708116,0.7081289887428284
455,2,surface_feature,0.7018994688987732,0.29764702916145325,0.0015213172882795334,0.7018994688987732
456,2,surface_feature,0.7114207744598389,0.2881385087966919,0.0015271969605237246,0.7114207744598389
457,2,surface_feature,0.7005032896995544,0.2990397810935974,0.001525665633380413,0.7005032896995544
458,2,surface_feature,0.5169851779937744,0.48227378726005554,0.0015341698890551925,0.5169851779937744
459,2,surface_feature,0.5910464525222778,0.40832245349884033,0.001543190679512918,0.5910464525222778
460,2,surface_feature,0.5744219422340393,0.4249282777309418,0.0015268160495907068,0.5744219422340393
461,2,surface_feature,0.5621247291564941,0.43720006942749023,0.0015419715782627463,0.5621247291564941
462,2,surface_feature,0.5046061277389526,0.4946296513080597,0.0015426406171172857,0.5046061277389526
463,2,surface_feature,0.5524861812591553,0.44682273268699646,0.0015442675212398171,0.5524861812591553
464,2,surface_feature,0.5676367878913879,0.4317030906677246,0.0015267753042280674,0.5676367878913879
465,2,surface_feature,0.5884701013565063,0.4108947217464447,0.0015434552915394306,0.5884701013565063
466,2,surface_feature,0.698985755443573,0.30055469274520874,0.001526635722257197,0.698985755443573
467,2,surface_feature,0.7120919227600098,0.2874681055545807,0.0015281279338523746,0.7120919227600098
468,2,surface_feature,0.6978481411933899,0.30169185996055603,0.0015223490772768855,0.6978481411933899
469,2,surface_feature,0.7009144425392151,0.2986283600330353,0.0015286082634702325,0.7009144425392151
470,2,surface_feature,0.6950818300247192,0.30445194244384766,0.0015290055889636278,0.6950818300247192
471,2,surface_feature,0.7020609378814697,0.2974836528301239,0.0015285209519788623,0.7020609378814697
472,2,surface_feature,0.6996479034423828,0.29989489912986755,0.0015222461661323905,0.6996479034423828
473,2,surface_feature,0.7110558748245239,0.28850263357162476,0.0015279316576197743,0.7110558748245239
474,2,surface_feature,0.7034826874732971,0.296063631772995,0.0015300748636946082,0.7034826874732971
475,2,surface_feature,0.7073206305503845,0.29223161935806274,0.0015298292273655534,0.7073206305503845
476,2,surface_feature,0.6966021060943604,0.3029358983039856,0.0015228064730763435,0.6966021060943604
477,2,surface_feature,0.7006450295448303,0.29889723658561707,0.0015290421433746815,0.7006450295448303
478,2,surface_feature,0.6939267516136169,0.3056051433086395,0.0015293755568563938,0.6939267516136169
479,2,surface_feature,0.7017402052879333,0.2978037893772125,0.0015289459843188524,0.7017402052879333
480,2,surface_feature,0.6983296275138855,0.30121099948883057,0.0015227057738229632,0.6983296275138855
481,2,surface_feature,0.7062751650810242,0.29327553510665894,0.0015296435449272394,0.7062751650810242
482,2,surface_feature,0.5252458453178406,0.474020779132843,0.0015447799814864993,0.5252458453178406
483,2,surface_feature,0.5828187465667725,0.4165359139442444,0.0015469260979443789,0.5828187465667725
484,2,surface_feature,0.572259247303009,0.42708784341812134,0.0015263959066942334,0.572259247303009
485,2,surface_feature,0.5586513876914978,0.4406666159629822,0.001545244944281876,0.5586513876914978
486,0,background,0.5158811807632446,0.5158811807632446,0.0015439337585121393,0.48332110047340393
487,2,surface_feature,0.5544227361679077,0.44488847255706787,0.0015458232956007123,0.5544227361679077
488,2,surface_feature,0.5753164887428284,0.42403531074523926,0.0015262847300618887,0.5753164887428284
489,2,surface_feature,0.5853635668754578,0.4139954149723053,0.0015459581045433879,0.5853635668754578
490,2,surface_feature,0.5191054344177246,0.48015129566192627,0.0015456276014447212,0.5191054344177246
491,2,surface_feature,0.5799409747123718,0.41940921545028687,0.0015469916397705674,0.5799409747123718
492,2,surface_feature,0.5776834487915039,0.4216717779636383,0.0015267564449459314,0.5776834487915039
493,2,surface_feature,0.564303457736969,0.4350239634513855,0.001543708029203117,0.564303457736969
494,0,background,0.5099664926528931,0.5099664926528931,0.0015441704308614135,0.48924484848976135
495,2,surface_feature,0.5477052330970764,0.45159581303596497,0.0015453612431883812,0.5477052330970764
496,2,surface_feature,0.5581713914871216,0.4411531984806061,0.001528682536445558,0.5581713914871216
497,2,surface_feature,0.5722494721412659,0.42708930373191833,0.0015457880217581987,0.5722494721412659
498,0,background,0.5114007592201233,0.5114007592201233,0.0015369757311418653,0.4878120422363281
499,2,surface_feature,0.5895933508872986,0.40977200865745544,0.0015464085154235363,0.5895933508872986
500,2,surface_feature,0.579168975353241,0.4201882779598236,0.0015272850869223475,0.579168975353241
501,2,surface_feature,0.566085934638977,0.4332437515258789,0.0015447594923898578,0.566085934638977
502,0,background,0.5493955612182617,0.5493955612182617,0.0015361213590949774,0.44975918531417847
503,2,surface_feature,0.5641438364982605,0.4351823925971985,0.0015458394773304462,0.5641438364982605
504,2,surface_feature,0.5815830826759338,0.4177779257297516,0.0015271649463102221,0.5815830826759338
505,2,surface_feature,0.5912631750106812,0.40810534358024597,0.0015449624042958021,0.5912631750106812
506,0,background,0.5106934905052185,0.5106934905052185,0.0015373856294900179,0.48852014541625977
507,2,surface_feature,0.5793798565864563,0.41996943950653076,0.0015470439102500677,0.5793798565864563
508,2,surface_feature,0.5610658526420593,0.4382626414299011,0.0015298620564863086,0.5610658526420593
509,2,surface_feature,0.5583771467208862,0.4409409463405609,0.0015441402792930603,0.5583771467208862
510,0,background,0.5507351160049438,0.5507351160049438,0.0015366290463134646,0.4484173059463501
511,2,surface_feature,0.5260112285614014,0.4732552766799927,0.0015475022373721004,0.5260112285614014
512,0,background,0.5405303239822388,0.5405303239822388,0.001534098293632269,0.4586391746997833
513,2,surface_feature,0.5526885986328125,0.44661903381347656,0.001547789666801691,0.5526885986328125
514,2,surface_feature,0.71340411901474,0.28617268800735474,0.0014766654931008816,0.71340411901474
515,2,surface_feature,0.689249575138092,0.3102928102016449,0.0014726703520864248,0.689249575138092
516,2,surface_feature,0.7124475240707397,0.2871279716491699,0.001476249541155994,0.7124475240707397
517,2,surface_feature,0.6858848929405212,0.31365182995796204,0.0014748667599633336,0.6858848929405212
518,2,surface_feature,0.7121676206588745,0.2874075472354889,0.001476016128435731,0.7121676206588745
519,2,surface_feature,0.689175009727478,0.31036731600761414,0.0014724532375112176,0.689175009727478
520,2,surface_feature,0.7131252884864807,0.28645116090774536,0.0014764652587473392,0.7131252884864807
521,2,surface_feature,0.6899993419647217,0.309543251991272,0.0014755255542695522,0.6899993419647217
522,2,surface_feature,0.753924548625946,0.2457113116979599,0.001479803235270083,0.753924548625946
523,2,surface_feature,0.7551162242889404,0.2445211410522461,0.0014808111591264606,0.7551162242889404
524,2,surface_feature,0.7526474595069885,0.2469862848520279,0.0014807026600465178,0.7526474595069885
525,2,surface_feature,0.7550672888755798,0.2445700615644455,0.0014806616818532348,0.7550672888755798
526,2,surface_feature,0.7539277672767639,0.24570812284946442,0.0014796877512708306,0.7539277672767639
527,2,surface_feature,0.7554726600646973,0.24416522681713104,0.001480849226936698,0.7554726600646973
528,2,surface_feature,0.7531050443649292,0.24652934074401855,0.001480905688367784,0.7531050443649292
529,2,surface_feature,0.7554904222488403,0.24414746463298798,0.0014809747226536274,0.7554904222488403
530,2,surface_feature,0.7537063360214233,0.24592910706996918,0.0014801895013079047,0.7537063360214233
531,2,surface_feature,0.7551563382148743,0.2444809526205063,0.0014814077876508236,0.7551563382148743
532,2,surface_feature,0.7524227499961853,0.2472105622291565,0.0014810904394835234,0.7524227499961853
533,2,surface_feature,0.7550585865974426,0.24457858502864838,0.001481269602663815,0.7550585865974426
534,2,surface_feature,0.7537149786949158,0.24592049419879913,0.0014800787903368473,0.7537149786949158
535,2,surface_feature,0.7554062604904175,0.24423137307167053,0.001481471350416541,0.7554062604904175
536,2,surface_feature,0.7528828978538513,0.24675105512142181,0.0014813011512160301,0.7528828978538513
537,2,surface_feature,0.7554811239242554,0.2441565990447998,0.0014815855538472533,0.7554811239242554
538,2,surface_feature,0.7531207203865051,0.24651364982128143,0.0014809833373874426,0.7531207203865051
539,2,surface_feature,0.7550165057182312,0.24462027847766876,0.001482625724747777,0.7550165057182312
540,2,surface_feature,0.7518335580825806,0.24779868125915527,0.001481895917095244,0.7518335580825806
541,2,surface_feature,0.7548810839653015,0.24475553631782532,0.0014824958052486181,0.7548810839653015
542,2,surface_feature,0.7531437873840332,0.24649064242839813,0.0014808914856985211,0.7531437873840332
543,2,surface_feature,0.7552111744880676,0.24442587792873383,0.0014827005797997117,0.7552111744880676
544,2,surface_feature,0.7522825598716736,0.2473502904176712,0.0014821140794083476,0.7522825598716736
545,2,surface_feature,0.7553219795227051,0.2443152219057083,0.001482808613218367,0.7553219795227051
546,2,surface_feature,0.752794086933136,0.2468397170305252,0.0014813794987276196,0.752794086933136
547,2,surface_feature,0.7548308968544006,0.2448054701089859,0.001483221654780209,0.7548308968544006
548,2,surface_feature,0.7514957189559937,0.24813592433929443,0.001482294755987823,0.7514957189559937
549,2,surface_feature,0.7547639012336731,0.24487239122390747,0.0014830953441560268,0.7547639012336731
550,2,surface_feature,0.7528213262557983,0.24681252241134644,0.001481285085901618,0.7528213262557983
551,2,surface_feature,0.7551704049110413,0.24446645379066467,0.0014832796296104789,0.7551704049110413
552,2,surface_feature,0.7519622445106506,0.2476700395345688,0.001482511404901743,0.7519622445106506
553,2,surface_feature,0.7552042603492737,0.24443261325359344,0.0014833882451057434,0.7552042603492737
554,2,surface_feature,0.7524442076683044,0.2471889704465866,0.0014817703049629927,0.7524442076683044
555,2,surface_feature,0.7545867562294006,0.2450491040945053,0.0014838227070868015,0.7545867562294006
556,2,surface_feature,0.7511225342750549,0.24850846827030182,0.0014826919650658965,0.7511225342750549
557,2,surface_feature,0.7546220421791077,0.24501389265060425,0.001483673695474863,0.7546220421791077
558,2,surface_feature,0.7524641752243042,0.24716906249523163,0.0014816687908023596,0.7524641752243042
559,2,surface_feature,0.7551021575927734,0.2445344477891922,0.0014838397037237883,0.7551021575927734
560,2,surface_feature,0.7516295313835144,0.24800215661525726,0.0014829010469838977,0.7516295313835144
561,2,surface_feature,0.7550545334815979,0.24458196759223938,0.0014839641517028213,0.7550545334815979
562,2,surface_feature,0.7520498633384705,0.24758264422416687,0.001482156221754849,0.7520498633384705
563,2,surface_feature,0.7544103264808655,0.24522511661052704,0.0014844085089862347,0.7544103264808655
564,2,surface_feature,0.7507537007331848,0.2488766461610794,0.0014830847503617406,0.7507537007331848
565,2,surface_feature,0.7544684410095215,0.24516712129116058,0.0014842579839751124,0.7544684410095215
566,2,surface_feature,0.7520781755447388,0.24755439162254333,0.0014820513315498829,0.7520781755447388
567,2,surface_feature,0.7549442052841187,0.24469204246997833,0.001484419102780521,0.7549442052841187
568,2,surface_feature,0.7512567639350891,0.24837426841259003,0.0014833001187071204,0.7512567639350891
569,2,surface_feature,0.7548852562904358,0.24475085735321045,0.0014845442492514849,0.7548852562904358
570,2,surface_feature,0.7516376376152039,0.24799415469169617,0.001482542371377349,0.7516376376152039
571,2,surface_feature,0.7542872428894043,0.24534788727760315,0.0014849245781078935,0.7542872428894043
572,2,surface_feature,0.7503753304481506,0.24925434589385986,0.0014834899920970201,0.7503753304481506
573,2,surface_feature,0.7543104290962219,0.2453247755765915,0.0014848355203866959,0.7543104290962219
574,2,surface_feature,0.7516694664955139,0.24796240031719208,0.001482439343817532,0.7516694664955139
575,2,surface_feature,0.7547574043273926,0.24487841129302979,0.0014849938452243805,0.7547574043273926
576,2,surface_feature,0.750860333442688,0.24877001345157623,0.001483716769143939,0.750860333442688
577,2,surface_feature,0.7547147870063782,0.24492095410823822,0.0014850659063085914,0.7547147870063782
578,2,surface_feature,0.7512031197547913,0.24842794239521027,0.0014829299179837108,0.7512031197547913
579,2,surface_feature,0.7541707158088684,0.24546413123607635,0.001485414570197463,0.7541707158088684
580,2,surface_feature,0.7499701380729675,0.24965883791446686,0.0014838955830782652,0.7499701380729675
581,2,surface_feature,0.7541332244873047,0.2455015778541565,0.0014853389002382755,0.7541332244873047
582,2,surface_feature,0.7512387633323669,0.24839235842227936,0.0014828317798674107,0.7512387633323669
583,2,surface_feature,0.7545201182365417,0.2451152205467224,0.0014855144545435905,0.7545201182365417
584,2,surface_feature,0.7504387497901917,0.24919086694717407,0.0014841280644759536,0.7504387497901917
585,2,surface_feature,0.7545368075370789,0.2450985312461853,0.0014855723129585385,0.7545368075370789
586,2,surface_feature,0.7507535815238953,0.24887670576572418,0.0014833220047876239,0.7507535815238953
587,2,surface_feature,0.7540369033813477,0.24559763073921204,0.0014859054936096072,0.7540369033813477
588,2,surface_feature,0.7495413422584534,0.2500869035720825,0.001484305365011096,0.7495413422584534
589,2,surface_feature,0.7539348006248474,0.24569958448410034,0.0014858447248116136,0.7539348006248474
590,2,surface_feature,0.7507907152175903,0.24883966147899628,0.0014832272427156568,0.7507907152175903
591,2,surface_feature,0.7542782425880432,0.24535660445690155,0.0014860350638628006,0.7542782425880432
592,2,surface_feature,0.7500066757202148,0.2496221959590912,0.001484543550759554,0.7500066757202148
593,2,surface_feature,0.7543542385101318,0.24528071284294128,0.0014860788360238075,0.7543542385101318
594,2,surface_feature,0.7503138184547424,0.24931570887565613,0.001483716070652008,0.7503138184547424
595,2,surface_feature,0.7538490891456604,0.24578502774238586,0.0014864044496789575,0.7538490891456604
596,2,surface_feature,0.7491467595100403,0.2504808008670807,0.0014847167767584324,0.7491467595100403
597,2,surface_feature,0.7537025213241577,0.24593138694763184,0.0014863526448607445,0.7537025213241577
598,2,surface_feature,0.750351071357727,0.24927854537963867,0.0014836228219792247,0.750351071357727
599,2,surface_feature,0.7540403008460999,0.2455940693616867,0.001486547407694161,0.7540403008460999
600,2,surface_feature,0.7496146559715271,0.250013530254364,0.0014849606668576598,0.7496146559715271
601,2,surface_feature,0.7541532516479492,0.24548126757144928,0.0014865848934277892,0.7541532516479492
602,2,surface_feature,0.7498701810836792,0.24975860118865967,0.001484113046899438,0.7498701810836792
603,2,surface_feature,0.7536041736602783,0.24602946639060974,0.001486910623498261,0.7536041736602783
604,2,surface_feature,0.7487243413925171,0.2509024739265442,0.0014851338928565383,0.7487243413925171
605,2,surface_feature,0.7534501552581787,0.24618326127529144,0.0014868617290630937,0.7534501552581787
606,2,surface_feature,0.74990314245224,0.24972569942474365,0.0014840199146419764,0.74990314245224
607,2,surface_feature,0.7538104057312012,0.24582350254058838,0.0014870315790176392,0.7538104057312012
608,2,surface_feature,0.7492313981056213,0.25039610266685486,0.0014853799948468804,0.7492313981056213
609,2,surface_feature,0.7539299726486206,0.24570409953594208,0.0014870661543682218,0.7539299726486206
610,2,surface_feature,0.6588869094848633,0.34060829877853394,0.0014798273332417011,0.6588869094848633
611,2,surface_feature,0.6946045160293579,0.30494263768196106,0.0014828445855528116,0.6946045160293579
612,2,surface_feature,0.6511011123657227,0.34838345646858215,0.0014772809809073806,0.6511011123657227
613,2,surface_feature,0.6937023997306824,0.3058435320854187,0.0014824089594185352,0.6937023997306824
614,2,surface_feature,0.6530877351760864,0.34639912843704224,0.0014791474677622318,0.6530877351760864
615,2,surface_feature,0.6935675740242004,0.3059782087802887,0.0014823080273345113,0.6935675740242004
616,2,surface_feature,0.6514122486114502,0.3480728566646576,0.0014770812122151256,0.6514122486114502
617,2,surface_feature,0.6946431994438171,0.304904043674469,0.0014827506383880973,0.6946431994438171
618,2,surface_feature,0.7526540756225586,0.24697765707969666,0.0014888877049088478,0.7526540756225586
619,2,surface_feature,0.7472184896469116,0.25240558385849,0.0014872142346575856,0.7472184896469116
620,2,surface_feature,0.7525992393493652,0.24703238904476166,0.0014889570884406567,0.7525992393493652
621,2,surface_feature,0.7477306723594666,0.2518945038318634,0.0014858496142551303,0.7477306723594666
622,2,surface_feature,0.752065122127533,0.24756571650505066,0.001488907728344202,0.752065122127533
623,2,surface_feature,0.7465735673904419,0.2530496120452881,0.001486980589106679,0.7465735673904419
624,2,surface_feature,0.7520892024040222,0.24754171073436737,0.0014888253062963486,0.7520892024040222
625,2,surface_feature,0.7477360367774963,0.251889169216156,0.001485743559896946,0.7477360367774963
626,2,surface_feature,0.7523466348648071,0.24728453159332275,0.0014893217012286186,0.7523466348648071
627,2,surface_feature,0.7467600703239441,0.25286319851875305,0.0014876320492476225,0.7467600703239441
628,2,surface_feature,0.7522706985473633,0.24736033380031586,0.001489395392127335,0.7522706985473633
629,2,surface_feature,0.7472724318504333,0.25235193967819214,0.0014862359967082739,0.7472724318504333
630,2,surface_feature,0.7517231702804565,0.24790705740451813,0.0014893522020429373,0.7517231702804565
631,2,surface_feature,0.7460989356040955,0.25352340936660767,0.0014874011976644397,0.7460989356040955
632,2,surface_feature,0.7517725825309753,0.2478577345609665,0.0014892664039507508,0.7517725825309753
633,2,surface_feature,0.7472743988037109,0.2523500323295593,0.0014861299423500896,0.7472743988037109
634,2,surface_feature,0.7520191073417664,0.24761146306991577,0.0014897577930241823,0.7520191073417664
635,2,surface_feature,0.746292233467102,0.2533302307128906,0.0014880528906360269,0.746292233467102
636,2,surface_feature,0.7519516944885254,0.2476787567138672,0.0014898238005116582,0.7519516944885254
637,2,surface_feature,0.7468105554580688,0.25281304121017456,0.0014866216806694865,0.7468105554580688
638,2,surface_feature,0.7514142394065857,0.2482154220342636,0.0014897827059030533,0.7514142394065857
639,2,surface_feature,0.7456223368644714,0.2539992034435272,0.0014878205256536603,0.7456223368644714
640,2,surface_feature,0.7514603137969971,0.2481694370508194,0.0014897031942382455,0.7514603137969971
641,2,surface_feature,0.7468177676200867,0.2528058588504791,0.0014865162083879113,0.7468177676200867
642,2,surface_feature,0.7458112835884094,0.2538103759288788,0.0014884709380567074,0.7458112835884094
643,2,surface_feature,0.7516465187072754,0.24798338115215302,0.0014902487164363265,0.7516465187072754
644,2,surface_feature,0.746342658996582,0.2532801628112793,0.0014870046870782971,0.746342658996582
645,2,surface_feature,0.751140296459198,0.24848884344100952,0.0014902055263519287,0.751140296459198
646,2,surface_feature,0.7451413869857788,0.254479318857193,0.0014882356626912951,0.7451413869857788
647,2,surface_feature,0.751145601272583,0.2484835833311081,0.0014901343965902925,0.751145601272583
648,2,surface_feature,0.7463569045066833,0.25326594710350037,0.0014869042206555605,0.7463569045066833
649,2,surface_feature,0.7516666650772095,0.24796327948570251,0.001490192604251206,0.7516666650772095
650,2,surface_feature,0.7512880563735962,0.24834121763706207,0.0014906162396073341,0.7512880563735962
651,2,surface_feature,0.7453243732452393,0.2542964518070221,0.001488872105255723,0.7453243732452393
652,2,surface_feature,0.751339852809906,0.24828948080539703,0.0014906581491231918,0.751339852809906
653,2,surface_feature,0.7458589673042297,0.25376302003860474,0.0014873744221404195,0.7458589673042297
654,2,surface_feature,0.7508705854415894,0.24875806272029877,0.0014906113501638174,0.7508705854415894
655,2,surface_feature,0.744651734828949,0.25496813654899597,0.0014886355493217707,0.744651734828949
656,2,surface_feature,0.7508082985877991,0.24882027506828308,0.0014905532589182258,0.7508082985877991
657,2,surface_feature,0.7458838820457458,0.2537381947040558,0.0014872816391289234,0.7458838820457458
658,2,surface_feature,0.7509262561798096,0.24870237708091736,0.001491015893407166,0.7509262561798096
659,2,surface_feature,0.7447981834411621,0.25482177734375,0.0014892485924065113,0.7447981834411621
660,2,surface_feature,0.7509980201721191,0.24863070249557495,0.001491054310463369,0.7509980201721191
661,2,surface_feature,0.745345413684845,0.25427573919296265,0.0014877355424687266,0.745345413684845
662,2,surface_feature,0.7505202293395996,0.24910779297351837,0.0014910082099959254,0.7505202293395996
663,2,surface_feature,0.7441302537918091,0.2554887533187866,0.0014890111051499844,0.7441302537918091
664,2,surface_feature,0.7504369616508484,0.24919095635414124,0.001490953378379345,0.7504369616508484
665,2,surface_feature,0.7453789710998535,0.2542422413825989,0.0014876348432153463,0.7453789710998535
666,2,surface_feature,0.7448275685310364,0.254792720079422,0.0014881095848977566,0.7448275685310364
667,2,surface_feature,0.7501198053359985,0.24950751662254333,0.0014914135681465268,0.7501198053359985
668,2,surface_feature,0.7435829043388367,0.256035178899765,0.0014893912011757493,0.7435829043388367
669,2,surface_feature,0.7500725984573364,0.24955466389656067,0.0014913531485944986,0.7500725984573364
670,2,surface_feature,0.7448614835739136,0.2547588646411896,0.001488009002059698,0.7448614835739136
671,2,surface_feature,0.7506037354469299,0.24902430176734924,0.0014914078637957573,0.7506037354469299
672,2,surface_feature,0.7442740201950073,0.25534504652023315,0.0014896244974806905,0.7442740201950073
673,2,surface_feature,0.7506381273269653,0.24898996949195862,0.0014914519852027297,0.7506381273269653
674,2,surface_feature,0.7497257590293884,0.24990087747573853,0.001491819741204381,0.7497257590293884
675,2,surface_feature,0.7430302500724792,0.2565869390964508,0.001489774091169238,0.7430302500724792
676,2,surface_feature,0.7497094869613647,0.2499171495437622,0.0014917529188096523,0.7497094869613647
677,2,surface_feature,0.7443321943283081,0.2552872598171234,0.001488385838456452,0.7443321943283081
678,2,surface_feature,0.7502615451812744,0.249365895986557,0.0014918041415512562,0.7502615451812744
679,2,surface_feature,0.743732213973999,0.2558859586715698,0.0014900054084137082,0.743732213973999
680,2,surface_feature,0.75026535987854,0.24936208128929138,0.0014918552478775382,0.75026535987854
681,2,surface_feature,0.7442964315414429,0.25532296299934387,0.001488486654125154,0.7442964315414429
682,2,surface_feature,0.7493373155593872,0.25028863549232483,0.0014922459376975894,0.7493373155593872
683,2,surface_feature,0.7424547672271729,0.2571614384651184,0.0014901742106303573,0.7424547672271729
684,2,surface_feature,0.7493360638618469,0.2502898871898651,0.001492174924351275,0.7493360638618469
685,2,surface_feature,0.7437848448753357,0.2558337152004242,0.0014887842116877437,0.7437848448753357
686,2,surface_feature,0.7498953938484192,0.2497314065694809,0.001492223935201764,0.7498953938484192
687,2,surface_feature,0.743170976638794,0.2564462423324585,0.0014904034323990345,0.743170976638794
688,2,surface_feature,0.7498842477798462,0.2497425079345703,0.0014922801638022065,0.7498842477798462
689,2,surface_feature,0.7437513470649719,0.2558671236038208,0.001488884212449193,0.7437513470649719
690,2,surface_feature,0.7489479780197144,0.25067728757858276,0.0014926936710253358,0.7489479780197144
691,2,surface_feature,0.7418650388717651,0.25775018334388733,0.001490602153353393,0.7418650388717651
692,2,surface_feature,0.7489551305770874,0.2506701648235321,0.0014926226576790214,0.7489551305770874
693,2,surface_feature,0.7432441711425781,0.25637346506118774,0.0014892087783664465,0.7432441711425781
694,2,surface_feature,0.7495110034942627,0.2501150965690613,0.0014926731819286942,0.7495110034942627
695,2,surface_feature,0.7426053285598755,0.25701093673706055,0.0014908306766301394,0.7426053285598755
696,2,surface_feature,0.7494915723800659,0.25013449788093567,0.001492729177698493,0.7494915723800659
697,2,surface_feature,0.7432020902633667,0.256415456533432,0.0014893097104504704,0.7432020902633667
698,2,surface_feature,0.7484930753707886,0.2511313855648041,0.001493140123784542,0.7484930753707886
699,2,surface_feature,0.7412475347518921,0.2583666741847992,0.0014910302124917507,0.7412475347518921
700,2,surface_feature,0.7485326528549194,0.251091867685318,0.0014930703910067677,0.7485326528549194
701,2,surface_feature,0.7426738142967224,0.25694286823272705,0.0014896336942911148,0.7426738142967224
702,2,surface_feature,0.7490943074226379,0.25053107738494873,0.0014931207988411188,0.7490943074226379
703,2,surface_feature,0.7420015335083008,0.2576137185096741,0.001491257338784635,0.7420015335083008
704,2,surface_feature,0.7490431070327759,0.25058218836784363,0.0014931735349819064,0.7490431070327759
705,2,surface_feature,0.7426104545593262,0.25700610876083374,0.001489734393544495,0.7426104545593262
706,2,surface_feature,0.747814416885376,0.2518105208873749,0.0014872836181893945,0.747814416885376
707,2,surface_feature,0.8401215076446533,0.15964114665985107,0.0014845605473965406,0.8401215076446533
708,2,surface_feature,0.7478277683258057,0.2517971992492676,0.0014872312312945724,0.7478277683258057
709,2,surface_feature,0.7542961239814758,0.24533820152282715,0.0014882428804412484,0.7542961239814758
710,2,surface_feature,0.7547622323036194,0.24487186968326569,0.0014920115936547518,0.7547622323036194
711,2,surface_feature,0.74842369556427,0.25120145082473755,0.0014899919042363763,0.74842369556427
712,2,surface_feature,0.754734218120575,0.24489982426166534,0.0014920613029971719,0.754734218120575
713,2,surface_feature,0.754291296005249,0.24534301459789276,0.0014883511466905475,0.754291296005249
714,2,surface_feature,0.6272457838058472,0.3722012937068939,0.001483309199102223,0.6272457838058472
715,2,surface_feature,0.6716834902763367,0.32782846689224243,0.00148645113222301,0.6716834902763367
716,2,surface_feature,0.6126940250396729,0.3867325484752655,0.001480583567172289,0.6126940250396729
717,2,surface_feature,0.6670620441436768,0.33244311809539795,0.0014862288953736424,0.6670620441436768
718,2,surface_feature,0.6167269945144653,0.3827047646045685,0.0014826335245743394,0.6167269945144653
719,2,surface_feature,0.6668219566345215,0.3326828181743622,0.0014863541582599282,0.6668219566345215
720,2,surface_feature,0.6124340295791626,0.38699206709861755,0.0014807760016992688,0.6124340295791626
721,2,surface_feature,0.671412467956543,0.3280990421772003,0.0014866096898913383,0.671412467956543
722,2,surface_feature,0.7492955923080444,0.2503302991390228,0.0014922033296898007,0.7492955923080444
723,2,surface_feature,0.7424110770225525,0.257205069065094,0.001490188529714942,0.7424110770225525
724,2,surface_feature,0.74930739402771,0.2503184974193573,0.0014922545524314046,0.74930739402771
725,2,surface_feature,0.7437295913696289,0.25588884949684143,0.001488897716626525,0.7437295913696289
726,2,surface_feature,0.7498800754547119,0.2497466653585434,0.0014923041453585029,0.7498800754547119
727,2,surface_feature,0.7431389093399048,0.2564782500267029,0.0014904161216691136,0.7431389093399048
728,2,surface_feature,0.7498627305030823,0.24976399540901184,0.001492236042395234,0.7498627305030823
729,2,surface_feature,0.7437617778778076,0.2558567225933075,0.0014887949218973517,0.7437617778778076
730,2,surface_feature,0.7443258762359619,0.2552935779094696,0.001488395850174129,0.7443258762359619
731,2,surface_feature,0.749685525894165,0.24994106590747833,0.001491780043579638,0.749685525894165
732,2,surface_feature,0.743005096912384,0.25661203265190125,0.00148978759534657,0.743005096912384
733,2,surface_feature,0.7496998906135559,0.24992670118808746,0.00149183114990592,0.7496998906135559
734,2,surface_feature,0.7442947030067444,0.25532469153404236,0.0014884993433952332,0.7442947030067444
735,2,surface_feature,0.750269889831543,0.24935753643512726,0.0014918780652806163,0.750269889831543
736,2,surface_feature,0.7437167167663574,0.25590142607688904,0.0014900153037160635,0.7437167167663574
737,2,surface_feature,0.750252366065979,0.24937506020069122,0.0014918098459020257,0.750252366065979
738,2,surface_feature,0.7435910105705261,0.25602710247039795,0.001489408197812736,0.7435910105705261
739,2,surface_feature,0.7500830888748169,0.2495441734790802,0.0014914276544004679,0.7500830888748169
740,2,surface_feature,0.7448490858078003,0.2547712028026581,0.0014881223905831575,0.7448490858078003
741,2,surface_feature,0.7506447434425354,0.24898335337638855,0.001491475384682417,0.7506447434425354
742,2,surface_feature,0.7442872524261475,0.255331814289093,0.0014896336942911148,0.7442872524261475
743,2,surface_feature,0.7506338357925415,0.24899424612522125,0.0014914078637957573,0.7506338357925415
744,2,surface_feature,0.7448815703392029,0.25473880767822266,0.0014880197122693062,0.7448815703392029
745,2,surface_feature,0.7500736713409424,0.2495535910129547,0.0014913780614733696,0.7500736713409424
746,2,surface_feature,0.7513740658760071,0.2482602596282959,0.0014708100352436304,0.7513740658760071
747,2,surface_feature,0.7523984313011169,0.247237429022789,0.0014706987421959639,0.7523984313011169
748,2,surface_feature,0.7502208948135376,0.24941182136535645,0.001470422837883234,0.7502208948135376
749,2,surface_feature,0.7501929998397827,0.24943964183330536,0.0014705726644024253,0.7501929998397827
750,2,surface_feature,0.7511813640594482,0.24845273792743683,0.0014705711510032415,0.7511813640594482
751,2,surface_feature,0.7534635663032532,0.24617411196231842,0.0014696738217025995,0.7534635663032532
752,2,surface_feature,0.7507303357124329,0.24890315532684326,0.001470355549827218,0.7507303357124329
753,2,surface_feature,0.7493377327919006,0.25029346346855164,0.0014713368145748973,0.7493377327919006
754,2,surface_feature,0.751737654209137,0.24789740145206451,0.0014699663734063506,0.751737654209137
755,2,surface_feature,0.7533564567565918,0.24628111720085144,0.0014694276032969356,0.7533564567565918
756,2,surface_feature,0.7504436373710632,0.24918974936008453,0.0014690762618556619,0.7504436373710632
757,2,surface_feature,0.7466496825218201,0.2529780864715576,0.00146924564614892,0.7466496825218201
758,2,surface_feature,0.7504382133483887,0.24919509887695312,0.0014693142147734761,0.7504382133483887
759,2,surface_feature,0.7520501613616943,0.24758586287498474,0.0014679450541734695,0.7520501613616943
760,2,surface_feature,0.751279890537262,0.24835461378097534,0.0014695143327116966,0.751279890537262
761,2,surface_feature,0.7481771111488342,0.25145259499549866,0.0014704668428748846,0.7481771111488342
762,2,surface_feature,0.7494496703147888,0.2501823604106903,0.0014686175854876637,0.7494496703147888
763,2,surface_feature,0.7457790970802307,0.2538474202156067,0.0014690575189888477,0.7457790970802307
764,2,surface_feature,0.7493840456008911,0.25024789571762085,0.0014686189824715257,0.7493840456008911
765,2,surface_feature,0.747394323348999,0.25223463773727417,0.0014688706723973155,0.747394323348999
766,2,surface_feature,0.7493098974227905,0.2503219544887543,0.00146850710734725,0.7493098974227905
767,2,surface_feature,0.745563805103302,0.2540622055530548,0.0014699397142976522,0.745563805103302
768,2,surface_feature,0.7474629878997803,0.2521660029888153,0.0014691294636577368,0.7474629878997803
769,2,surface_feature,0.7481451630592346,0.25148478150367737,0.0014693407574668527,0.7481451630592346
770,0,background,0.7830658555030823,0.7830658555030823,0.004424710758030415,0.21345393359661102
771,0,background,0.9214903712272644,0.9214903712272644,0.0015243820380419493,0.07710279524326324
772,0,background,0.9508452415466309,0.9508452415466309,0.0014690287644043565,0.04775590822100639
773,0,background,0.9361764192581177,0.9361764192581177,0.0014930618926882744,0.062423791736364365
774,0,background,0.9511138200759888,0.9511138200759888,0.0014780063647776842,0.0474783331155777
775,0,background,0.9318606853485107,0.9318606853485107,0.001485289540141821,0.06675317883491516
776,0,background,0.9504188895225525,0.9504188895225525,0.0014855999033898115,0.04816710948944092
777,1,rivet,0.9987884163856506,0.0011474009370431304,0.9987884163856506,0.052974190562963486
778,1,rivet,0.9987881779670715,0.0011474003549665213,0.9987881779670715,0.05316096916794777
779,1,rivet,0.9988208413124084,0.0010791235836222768,0.9988208413124084,0.08483602851629257
780,1,rivet,0.9987885355949402,0.0011447076685726643,0.9987885355949402,0.05510419234633446
781,1,rivet,0.9988068342208862,0.0011246100766584277,0.9988068342208862,0.05745697394013405
782,1,rivet,0.9988213181495667,0.0010776669951155782,0.9988213181495667,0.08570161461830139
783,1,rivet,0.9988032579421997,0.0011290451511740685,0.9988032579421997,0.05656769871711731
784,0,background,0.8895747065544128,0.8895747065544128,0.0019153867615386844,0.1087181568145752
785,0,background,0.9039393067359924,0.9039393067359924,0.0018095115665346384,0.09442203491926193
786,0,background,0.9221183061599731,0.9221183061599731,0.0015108551597222686,0.07648639380931854
787,0,background,0.8974435329437256,0.8974435329437256,0.0015122613403946161,0.10119721293449402
788,0,background,0.9444572925567627,0.9444572925567627,0.0015615604352205992,0.05406554788351059
789,0,background,0.9431356191635132,0.9431356191635132,0.0014770996058359742,0.05546924099326134
790,0,background,0.9378180503845215,0.9378180503845215,0.0015093667898327112,0.06076431646943092
791,0,background,0.9263594150543213,0.9263594150543213,0.001492112409323454,0.07225635647773743
792,0,background,0.9374996423721313,0.9374996423721313,0.001509368303231895,0.061083223670721054
793,0,background,0.9425330758094788,0.9425330758094788,0.0014770101988688111,0.05607270076870918
794,0,background,0.944385826587677,0.944385826587677,0.0015615671873092651,0.054137080907821655
795,0,background,0.9320663809776306,0.9320663809776306,0.0015027676708996296,0.06653084605932236
796,2,surface_feature,0.7455794811248779,0.25404104590415955,0.001491527073085308,0.7455794811248779
797,2,surface_feature,0.7430333495140076,0.25658372044563293,0.001490191207267344,0.7430333495140076
798,2,surface_feature,0.7458594441413879,0.2537614703178406,0.0014916706131771207,0.7458594441413879
799,2,surface_feature,0.7426495552062988,0.2569666802883148,0.0014912736369296908,0.7426495552062988
800,2,surface_feature,0.7458392977714539,0.25378158688545227,0.00149162660818547,0.7458392977714539
801,2,surface_feature,0.7429707646369934,0.2566462457180023,0.001490111812017858,0.7429707646369934
802,2,surface_feature,0.7455006241798401,0.25411978363990784,0.0014915186911821365,0.7455006241798401
803,2,surface_feature,0.7422289848327637,0.2573866546154022,0.0014910728204995394,0.7422289848327637
804,2,surface_feature,0.7452672719955444,0.2543526887893677,0.0014919164823368192,0.7452672719955444
805,2,surface_feature,0.7426063418388367,0.25700998306274414,0.0014905879506841302,0.7426063418388367
806,2,surface_feature,0.745568573474884,0.2540518045425415,0.0014920370886102319,0.745568573474884
807,2,surface_feature,0.7422405481338501,0.25737497210502625,0.0014916706131771207,0.7422405481338501
808,2,surface_feature,0.7455496191978455,0.2540707588195801,0.0014919915702193975,0.7455496191978455
809,2,surface_feature,0.7425560355186462,0.2570602297782898,0.001490510650910437,0.7425560355186462
810,2,surface_feature,0.7451974153518677,0.25442245602607727,0.0014919077511876822,0.7451974153518677
811,2,surface_feature,0.7418082356452942,0.2578066885471344,0.0014914667699486017,0.7418082356452942
812,2,surface_feature,0.7508008480072021,0.24882854521274567,0.0014872192405164242,0.7508008480072021
813,2,surface_feature,0.7404077649116516,0.2592042088508606,0.001494763302616775,0.7404077649116516
814,2,surface_feature,0.7400497794151306,0.2595619559288025,0.0014935460640117526,0.7400497794151306
815,2,surface_feature,0.7404752373695374,0.2591368556022644,0.001494714873842895,0.7404752373695374
816,2,surface_feature,0.7512775659561157,0.2483525574207306,0.0014870966551825404,0.7512775659561157
817,2,surface_feature,0.6907418966293335,0.30879178643226624,0.001507802284322679,0.6907418966293335
818,2,surface_feature,0.7405443787574768,0.2590678036212921,0.0014947234885767102,0.7405443787574768
819,2,surface_feature,0.7401339411735535,0.2594779431819916,0.001493504154495895,0.7401339411735535
820,2,surface_feature,0.7404323220252991,0.2591796815395355,0.0014947802992537618,0.7404323220252991
821,2,surface_feature,0.6895206570625305,0.31001102924346924,0.001508341054432094,0.6895206570625305
822,2,surface_feature,0.7376156449317932,0.26199254393577576,0.0014932111371308565,0.7376156449317932
823,2,surface_feature,0.7420998215675354,0.25751471519470215,0.001494565512984991,0.7420998215675354
824,2,surface_feature,0.7371355295181274,0.26247167587280273,0.00149426085408777,0.7371355295181274
825,2,surface_feature,0.7420792579650879,0.25753524899482727,0.0014946082374081016,0.7420792579650879
826,2,surface_feature,0.7375879287719727,0.2620202302932739,0.0014932687627151608,0.7375879287719727
827,2,surface_feature,0.7420400977134705,0.2575743496417999,0.001494602533057332,0.7420400977134705
828,2,surface_feature,0.7370257377624512,0.2625812888145447,0.0014943191781640053,0.7370257377624512
829,2,surface_feature,0.7420221567153931,0.25759226083755493,0.0014945690054446459,0.7420221567153931
830,2,surface_feature,0.7491902112960815,0.2504366636276245,0.00148771854583174,0.7491902112960815
831,2,surface_feature,0.7398232221603394,0.25978776812553406,0.0014951633056625724,0.7398232221603394
832,2,surface_feature,0.739627480506897,0.25998353958129883,0.0014939038082957268,0.739627480506897
833,2,surface_feature,0.7399548888206482,0.25965631008148193,0.0014951133634895086,0.7399548888206482
834,2,surface_feature,0.7496980428695679,0.24992962181568146,0.0014875712804496288,0.7496980428695679
835,2,surface_feature,0.6877451539039612,0.3117835819721222,0.0015092323301360011,0.6877451539039612
836,2,surface_feature,0.7400422692298889,0.25956904888153076,0.001495130592957139,0.7400422692298889
837,2,surface_feature,0.7397058010101318,0.2599053382873535,0.0014938554959371686,0.7397058010101318
838,2,surface_feature,0.7398615479469299,0.25974950194358826,0.001495189731940627,0.7398615479469299
839,2,surface_feature,0.6865484118461609,0.3129782974720001,0.0015099000884220004,0.6865484118461609
840,2,surface_feature,0.7393519282341003,0.26025915145874023,0.0014921650290489197,0.7393519282341003
841,2,surface_feature,0.7435626983642578,0.2560543119907379,0.0014935183571651578,0.7435626983642578
842,2,surface_feature,0.7388783097267151,0.2607317864894867,0.0014932204503566027,0.7388783097267151
843,2,surface_feature,0.7435477375984192,0.25606924295425415,0.001493565272539854,0.7435477375984192
844,2,surface_feature,0.7393342852592468,0.260276734828949,0.0014922175323590636,0.7393342852592468
845,2,surface_feature,0.7435264587402344,0.2560904622077942,0.0014936065999791026,0.7435264587402344
846,2,surface_feature,0.738813042640686,0.2607969343662262,0.0014932658523321152,0.738813042640686
847,2,surface_feature,0.7434923052787781,0.2561245858669281,0.001493568066507578,0.7434923052787781
848,2,surface_feature,0.7398737668991089,0.25973817706108093,0.001491854665800929,0.7398737668991089
849,2,surface_feature,0.7439792156219482,0.2556384801864624,0.0014932537451386452,0.7439792156219482
850,2,surface_feature,0.7393579483032227,0.2602529227733612,0.0014929012395441532,0.7393579483032227
851,2,surface_feature,0.7439523339271545,0.2556653320789337,0.0014932169578969479,0.7439523339271545
852,2,surface_feature,0.7398764491081238,0.25973549485206604,0.0014918041415512562,0.7398764491081238
853,2,surface_feature,0.7440094351768494,0.25560832023620605,0.0014931692276149988,0.7440094351768494
854,2,surface_feature,0.7394163012504578,0.26019468903541565,0.0014928571181371808,0.7394163012504578
855,2,surface_feature,0.7439818978309631,0.2556357979774475,0.0014932147460058331,0.7439818978309631
856,2,surface_feature,0.7443941235542297,0.2552242875099182,0.0014928692253306508,0.7443941235542297
857,2,surface_feature,0.7403978705406189,0.25921493768692017,0.0014914447674527764,0.7403978705406189
858,2,surface_feature,0.7444366216659546,0.2551818788051605,0.0014928230084478855,0.7444366216659546
859,2,surface_feature,0.7399453520774841,0.2596665024757385,0.0014924934366717935,0.7399453520774841
860,2,surface_feature,0.7444106936454773,0.25520774722099304,0.001492867129854858,0.7444106936454773
861,2,surface_feature,0.7403988838195801,0.259213924407959,0.0014914952917024493,0.7403988838195801
862,2,surface_feature,0.744425892829895,0.2551925480365753,0.0014929026365280151,0.744425892829895
863,2,surface_feature,0.739894688129425,0.25971707701683044,0.001492538838647306,0.739894688129425
864,2,surface_feature,0.740882933139801,0.2587307095527649,0.0014910827158018947,0.740882933139801
865,2,surface_feature,0.7448121309280396,0.2548069953918457,0.0014924718998372555,0.7448121309280396
866,2,surface_feature,0.7404325604438782,0.25918012857437134,0.0014921280089765787,0.7404325604438782
867,2,surface_feature,0.7447978854179382,0.25482121109962463,0.001492514624260366,0.7447978854179382
868,2,surface_feature,0.7408931851387024,0.2587204575538635,0.0014911310281604528,0.7408931851387024
869,2,surface_feature,0.7448286414146423,0.2547905147075653,0.0014925458235666156,0.7448286414146423
870,2,surface_feature,0.7403911352157593,0.25922149419784546,0.0014921720139682293,0.7403911352157593
871,2,surface_feature,0.7447819113731384,0.25483718514442444,0.0014925174182280898,0.7447819113731384
872,2,surface_feature,0.7413508892059326,0.2582635283470154,0.001490719267167151,0.7413508892059326
873,2,surface_feature,0.7451634407043457,0.2544563114643097,0.0014921131078153849,0.7451634407043457
874,2,surface_feature,0.74089515209198,0.2587183117866516,0.0014917616499587893,0.74089515209198
875,2,surface_feature,0.7451622486114502,0.2544575035572052,0.0014921564143151045,0.7451622486114502
876,2,surface_feature,0.7413639426231384,0.25825050473213196,0.0014907674631103873,0.7413639426231384
877,2,surface_feature,0.7452095150947571,0.2544102966785431,0.001492187730036676,0.7452095150947571
878,2,surface_feature,0.7408649325370789,0.25874850153923035,0.001491805538535118,0.7408649325370789
879,2,surface_feature,0.7451469302177429,0.2544727921485901,0.0014921579277142882,0.7451469302177429
880,2,surface_feature,0.745465874671936,0.25415441393852234,0.0014917898224666715,0.745465874671936
881,2,surface_feature,0.7417564988136292,0.25785863399505615,0.0014903524424880743,0.7417564988136292
882,2,surface_feature,0.7454673051834106,0.2541530132293701,0.0014917388325557113,0.7454673051834106
883,2,surface_feature,0.741310179233551,0.25830402970314026,0.0014913894701749086,0.741310179233551
884,2,surface_feature,0.7454800605773926,0.2541402578353882,0.0014917849330231547,0.7454800605773926
885,2,surface_feature,0.7417977452278137,0.25781741738319397,0.0014904027339071035,0.7417977452278137
886,2,surface_feature,0.7455517053604126,0.2540687024593353,0.00149181904271245,0.7455517053604126
887,2,surface_feature,0.7412838339805603,0.2583303153514862,0.001491436269134283,0.7412838339805603
888,2,surface_feature,0.7388544678688049,0.26075559854507446,0.0014932076446712017,0.7388544678688049
889,2,surface_feature,0.7426721453666687,0.2569432854652405,0.0014945371076464653,0.7426721453666687
890,2,surface_feature,0.7386170029640198,0.2609924077987671,0.0014943205751478672,0.7386170029640198
891,2,surface_feature,0.742667555809021,0.2569478750228882,0.0014944771537557244,0.742667555809021
892,2,surface_feature,0.7388332486152649,0.2607767879962921,0.0014931344194337726,0.7388332486152649
893,2,surface_feature,0.7421689629554749,0.25744572281837463,0.0014944089343771338,0.7421689629554749
894,2,surface_feature,0.7380475997924805,0.26156100630760193,0.0014940951950848103,0.7380475997924805
895,2,surface_feature,0.7422388792037964,0.25737592577934265,0.0014944359427317977,0.7422388792037964
896,2,surface_feature,0.7431328296661377,0.2564833462238312,0.0014942012494429946,0.7431328296661377
897,2,surface_feature,0.7392022013664246,0.2604081630706787,0.0014939693501219153,0.7392022013664246
898,2,surface_feature,0.7431050539016724,0.2565110921859741,0.0014941457193344831,0.7431050539016724
899,2,surface_feature,0.7394608855247498,0.2601501941680908,0.0014927875017747283,0.7394608855247498
900,2,surface_feature,0.7426642179489136,0.25695130228996277,0.0014940688852220774,0.7426642179489136
901,2,surface_feature,0.7386574149131775,0.2609522044658661,0.0014937466476112604,0.7386574149131775
902,2,surface_feature,0.7427188158035278,0.2568967640399933,0.0014940943801775575,0.7427188158035278
903,2,surface_feature,0.7394413948059082,0.2601696252822876,0.0014928615419194102,0.7394413948059082
904,2,surface_feature,0.7404236793518066,0.25918883085250854,0.0014927390730008483,0.7404236793518066
905,2,surface_feature,0.7374665141105652,0.26214107871055603,0.001494631520472467,0.7374665141105652
906,2,surface_feature,0.7390857338905334,0.26052460074424744,0.0014935219660401344,0.7390857338905334
907,2,surface_feature,0.7371948957443237,0.26241230964660645,0.0014945853035897017,0.7371948957443237
908,2,surface_feature,0.7403196692466736,0.25929272174835205,0.0014927000738680363,0.7403196692466736
909,2,surface_feature,0.7367426156997681,0.2628639340400696,0.0014945099828764796,0.7367426156997681
910,2,surface_feature,0.7385298013687134,0.26107972860336304,0.0014933071797713637,0.7385298013687134
911,2,surface_feature,0.7370533347129822,0.26255369186401367,0.0014945383882150054,0.7370533347129822
912,2,surface_feature,0.7436497807502747,0.255967378616333,0.0014933717902749777,0.7436497807502747
913,2,surface_feature,0.74055016040802,0.2590627074241638,0.0014921196270734072,0.74055016040802
914,2,surface_feature,0.744024932384491,0.25559279322624207,0.0014934813370928168,0.744024932384491
915,2,surface_feature,0.7402830719947815,0.2593291103839874,0.0014932132326066494,0.7402830719947815
916,2,surface_feature,0.7440024614334106,0.2556152045726776,0.0014934288337826729,0.7440024614334106
917,2,surface_feature,0.7405723929405212,0.2590405344963074,0.0014920413959771395,0.7405723929405212
918,2,surface_feature,0.7435920238494873,0.2560250759124756,0.00149335409514606,0.7435920238494873
919,2,surface_feature,0.7397975921630859,0.25981393456459045,0.0014929979806765914,0.7397975921630859
920,2,surface_feature,0.7440994381904602,0.25551849603652954,0.0014930149773135781,0.7440994381904602
921,2,surface_feature,0.7410992980003357,0.25851449370384216,0.001491743721999228,0.7410992980003357
922,2,surface_feature,0.744454562664032,0.25516387820243835,0.0014931245241314173,0.744454562664032
923,2,surface_feature,0.7408273220062256,0.25878578424453735,0.0014928309246897697,0.7408273220062256
924,2,surface_feature,0.7444552183151245,0.2551632225513458,0.0014930689940229058,0.7444552183151245
925,2,surface_feature,0.741120457649231,0.2584933936595917,0.0014916635118424892,0.741120457649231
926,2,surface_feature,0.7440547943115234,0.25556308031082153,0.0014929964672774076,0.7440547943115234
927,2,surface_feature,0.7403385043144226,0.2592739164829254,0.0014926212606951594,0.7403385043144226
928,2,surface_feature,0.7445438504219055,0.2550748288631439,0.0014926574658602476,0.7445438504219055
929,2,surface_feature,0.7416701316833496,0.25794461369514465,0.0014913652557879686,0.7416701316833496
930,2,surface_feature,0.7448773980140686,0.25474175810813904,0.0014927703887224197,0.7448773980140686
931,2,surface_feature,0.7413485646247864,0.2582654058933258,0.0014924505958333611,0.7413485646247864
932,2,surface_feature,0.7448883652687073,0.25473082065582275,0.001492715091444552,0.7448883652687073
933,2,surface_feature,0.741650402545929,0.2579643130302429,0.0014912872575223446,0.741650402545929
934,2,surface_feature,0.7445043325424194,0.2551143169403076,0.00149264105129987,0.7445043325424194
935,2,surface_feature,0.7408913373947144,0.2587220072746277,0.0014922431437298656,0.7408913373947144
936,2,surface_feature,0.742152750492096,0.2574627995491028,0.0014909789897501469,0.742152750492096
937,2,surface_feature,0.745236873626709,0.2543829083442688,0.0014924064744263887,0.745236873626709
938,2,surface_feature,0.7418146729469299,0.2578001022338867,0.001492060604505241,0.7418146729469299
939,2,surface_feature,0.7452383041381836,0.2543815076351166,0.0014923525741323829,0.7452383041381836
940,2,surface_feature,0.742118239402771,0.25749728083610535,0.0014909023884683847,0.742118239402771
941,2,surface_feature,0.7448668479919434,0.25475242733955383,0.0014922787668183446,0.7448668479919434
942,2,surface_feature,0.7413579821586609,0.2582561671733856,0.001491858041845262,0.7413579821586609
943,2,surface_feature,0.7449154853820801,0.2547038495540619,0.0014922921545803547,0.7449154853820801
944,2,surface_feature,0.7484503984451294,0.2511797547340393,0.0014702603220939636,0.7484503984451294
945,2,surface_feature,0.7514278292655945,0.24820688366889954,0.001469581387937069,0.7514278292655945
946,2,surface_feature,0.7492709755897522,0.250360369682312,0.001470404677093029,0.7492709755897522
947,2,surface_feature,0.7490177154541016,0.250613272190094,0.00147024926263839,0.7490177154541016
948,2,surface_feature,0.7487580180168152,0.2508726119995117,0.0014701398322358727,0.7487580180168152
949,2,surface_feature,0.7516327500343323,0.2480020523071289,0.0014703786000609398,0.7516327500343323
950,2,surface_feature,0.7498340606689453,0.2497980296611786,0.0014706621877849102,0.7498340606689453
951,2,surface_feature,0.7482025623321533,0.25142702460289,0.0014710831455886364,0.7482025623321533
952,2,surface_feature,0.7495892643928528,0.2500431537628174,0.0014678619336336851,0.7495892643928528
953,2,surface_feature,0.7483245730400085,0.2513056695461273,0.001469144830480218,0.7483245730400085
954,2,surface_feature,0.7452427744865417,0.2543829381465912,0.0014691700926050544,0.7452427744865417
955,2,surface_feature,0.7497548460960388,0.2498774379491806,0.0014694534474983811,0.7497548460960388
956,2,surface_feature,0.7527225613594055,0.24691402912139893,0.0014696528669446707,0.7527225613594055
957,2,surface_feature,0.751300036907196,0.2483343780040741,0.0014699776656925678,0.751300036907196
958,2,surface_feature,0.7478511929512024,0.2517779469490051,0.0014707715017721057,0.7478511929512024
959,2,surface_feature,0.7500694990158081,0.24956335127353668,0.001468999427743256,0.7500694990158081
960,2,surface_feature,0.7484006285667419,0.25122982263565063,0.0014688553055748343,0.7484006285667419
961,2,surface_feature,0.7439640164375305,0.25565972924232483,0.001469526789151132,0.7439640164375305
962,2,surface_feature,0.7486454248428345,0.25098544359207153,0.0014685168862342834,0.7486454248428345
963,2,surface_feature,0.7468226552009583,0.25280529260635376,0.0014695291174575686,0.7468226552009583
964,2,surface_feature,0.7470913529396057,0.25253716111183167,0.0014688525116071105,0.7470913529396057
965,2,surface_feature,0.7434584498405457,0.2561643719673157,0.0014701868640258908,0.7434584498405457
966,2,surface_feature,0.7488574385643005,0.25077375769615173,0.0014684854540973902,0.7488574385643005
967,2,surface_feature,0.7455365657806396,0.2540895342826843,0.0014693276025354862,0.7455365657806396
968,2,surface_feature,0.7450249195098877,0.25459539890289307,0.0014891130849719048,0.7450249195098877
969,2,surface_feature,0.7499479055404663,0.24967916309833527,0.0014914276544004679,0.7499479055404663
970,2,surface_feature,0.7457568049430847,0.25386497378349304,0.0014876036439090967,0.7457568049430847
971,2,surface_feature,0.7500948905944824,0.24953243136405945,0.001491219038143754,0.7500948905944824
972,2,surface_feature,0.7445148229598999,0.25510480999946594,0.0014888084260746837,0.7445148229598999
973,2,surface_feature,0.7500895857810974,0.24953775107860565,0.001491167931817472,0.7500895857810974
974,2,surface_feature,0.7457927465438843,0.25382912158966064,0.0014875073684379458,0.7457927465438843
975,2,surface_feature,0.749934732913971,0.24969232082366943,0.0014913595514371991,0.749934732913971
976,2,surface_feature,0.7439370155334473,0.2556816637516022,0.001489174203015864,0.7439370155334473
977,2,surface_feature,0.7497121095657349,0.24991457164287567,0.0014915399951860309,0.7497121095657349
978,2,surface_feature,0.7451861500740051,0.254434734582901,0.001487848930992186,0.7451861500740051
979,2,surface_feature,0.7495649456977844,0.2500614821910858,0.001491730334237218,0.7495649456977844
980,2,surface_feature,0.7444681525230408,0.25515124201774597,0.001489476184360683,0.7444681525230408
981,2,surface_feature,0.7495495676994324,0.2500768005847931,0.0014918098459020257,0.7495495676994324
982,2,surface_feature,0.7452617287635803,0.2543592154979706,0.001487944507971406,0.7452617287635803
983,2,surface_feature,0.7496935725212097,0.24993306398391724,0.001491602510213852,0.7496935725212097
984,2,surface_feature,0.7439223527908325,0.2556961178779602,0.001489891903474927,0.7439223527908325
985,2,surface_feature,0.7491779923439026,0.25044772028923035,0.0014922503614798188,0.7491779923439026
986,2,surface_feature,0.7446774244308472,0.25494256615638733,0.0014883574331179261,0.7446774244308472
987,2,surface_feature,0.7493311762809753,0.25029483437538147,0.0014920436078682542,0.7493311762809753
988,2,surface_feature,0.7433790564537048,0.2562386989593506,0.0014895868953317404,0.7433790564537048
989,2,surface_feature,0.7493188381195068,0.2503071427345276,0.0014919915702193975,0.7493188381195068
990,2,surface_feature,0.7447238564491272,0.25489622354507446,0.0014882568502798676,0.7447238564491272
991,2,surface_feature,0.7491457462310791,0.25047993659973145,0.0014921841211616993,0.7491457462310791
992,2,surface_feature,0.6675207614898682,0.3319849967956543,0.0014865219127386808,0.6675207614898682
993,2,surface_feature,0.6209419369697571,0.3784957826137543,0.0014833607710897923,0.6209419369697571
994,2,surface_feature,0.6672531366348267,0.33225217461586,0.0014866768615320325,0.6672531366348267
995,2,surface_feature,0.6066473722457886,0.39277011156082153,0.001480922568589449,0.6066473722457886
996,2,surface_feature,0.6617944836616516,0.33770278096199036,0.001486478722654283,0.6617944836616516
997,2,surface_feature,0.6105823516845703,0.3888402581214905,0.0014826758997514844,0.6105823516845703
998,2,surface_feature,0.6620126962661743,0.3374849259853363,0.0014863562537357211,0.6620126962661743
999,2,surface_feature,0.6068164110183716,0.3926014006137848,0.0014807209372520447,0.6068164110183716
1000,2,surface_feature,0.7415419220924377,0.25807276368141174,0.001490844995714724,0.7415419220924377
1001,2,surface_feature,0.7480220198631287,0.2516016662120819,0.0014933733036741614,0.7480220198631287
1002,2,surface_feature,0.7428951263427734,0.2567218840122223,0.0014896095963194966,0.7428951263427734
1003,2,surface_feature,0.7478771805763245,0.251746267080307,0.0014935539802536368,0.7478771805763245
1004,2,surface_feature,0.7421069741249084,0.2575084865093231,0.0014911486068740487,0.7421069741249084
1005,2,surface_feature,0.7479254603385925,0.2516980767250061,0.0014934990322217345,0.7479254603385925
1006,2,surface_feature,0.7429782748222351,0.25663888454437256,0.0014895102940499783,0.7429782748222351
1007,2,surface_feature,0.7480670213699341,0.25155678391456604,0.001493302290327847,0.7480670213699341
1008,2,surface_feature,0.742165744304657,0.2574499845504761,0.0014904183335602283,0.742165744304657
1009,2,surface_feature,0.7484797835350037,0.2511447072029114,0.0014929268509149551,0.7484797835350037
1010,2,surface_feature,0.7435005903244019,0.25611743330955505,0.001489184913225472,0.7435005903244019
1011,2,surface_feature,0.7483345866203308,0.2512896656990051,0.001493115909397602,0.7483345866203308
1012,2,surface_feature,0.7427223920822144,0.2568940818309784,0.0014907220611348748,0.7427223920822144
1013,2,surface_feature,0.7483835220336914,0.2512408196926117,0.0014930610777810216,0.7483835220336914
1014,2,surface_feature,0.7435767650604248,0.25604140758514404,0.0014890863094478846,0.7435767650604248
1015,2,surface_feature,0.7485174536705017,0.2511071264743805,0.0014928586315363646,0.7485174536705017
1016,2,surface_feature,0.7427608966827393,0.2568558156490326,0.0014899884117767215,0.7427608966827393
1017,2,surface_feature,0.7489317655563354,0.25069352984428406,0.0014924791175872087,0.7489317655563354
1018,2,surface_feature,0.7440786957740784,0.25554031133651733,0.0014887581346556544,0.7440786957740784
1019,2,surface_feature,0.7487823367118835,0.2508426904678345,0.0014926681760698557,0.7487823367118835
1020,2,surface_feature,0.743319034576416,0.2562984228134155,0.0014902963303029537,0.743319034576416
1021,2,surface_feature,0.7487910985946655,0.2508339285850525,0.001492615439929068,0.7487910985946655
1022,2,surface_feature,0.7441487908363342,0.255470335483551,0.001488658832386136,0.7441487908363342
1023,2,surface_feature,0.7489269375801086,0.25069835782051086,0.001492412411607802,0.7489269375801086
1024,2,surface_feature,0.7433760762214661,0.25624164938926697,0.0014895627973601222,0.7433760762214661
1025,2,surface_feature,0.7493354678153992,0.25029054284095764,0.0014920285902917385,0.7493354678153992
1026,2,surface_feature,0.7446581721305847,0.2549617886543274,0.0014883342664688826,0.7446581721305847
1027,2,surface_feature,0.7491834163665771,0.2504423260688782,0.0014922190457582474,0.7491834163665771
1028,2,surface_feature,0.7439055442810059,0.2557128965854645,0.0014898678055033088,0.7439055442810059
1029,2,surface_feature,0.7491683959960938,0.2504573166370392,0.0014921693364158273,0.7491683959960938
1030,2,surface_feature,0.744706928730011,0.2549131512641907,0.0014882341492921114,0.744706928730011
1031,2,surface_feature,0.7493090629577637,0.25031691789627075,0.0014919633977115154,0.7493090629577637
1032,2,surface_feature,0.7439255118370056,0.25569313764572144,0.001489172806032002,0.7439255118370056
1033,2,surface_feature,0.749712347984314,0.24991431832313538,0.0014916124055162072,0.749712347984314
1034,2,surface_feature,0.7451795935630798,0.2544412314891815,0.001487944507971406,0.7451795935630798
1035,2,surface_feature,0.7495619654655457,0.2500644326210022,0.0014918041415512562,0.7495619654655457
1036,2,surface_feature,0.744444727897644,0.2551746368408203,0.0014894803753122687,0.744444727897644
1037,2,surface_feature,0.7495608329772949,0.2500655949115753,0.0014917537337169051,0.7495608329772949
1038,2,surface_feature,0.7452353835105896,0.2543855607509613,0.0014878460206091404,0.7452353835105896
1039,2,surface_feature,0.7496930360794067,0.2499336153268814,0.0014915498904883862,0.7496930360794067
1040,2,surface_feature,0.7450175285339355,0.2546027898788452,0.0014890989987179637,0.7450175285339355
1041,2,surface_feature,0.7499515414237976,0.24967554211616516,0.0014913538470864296,0.7499515414237976
1042,2,surface_feature,0.7457841038703918,0.2538377642631531,0.001487490488216281,0.7457841038703918
1043,2,surface_feature,0.7500747442245483,0.24955257773399353,0.0014911494217813015,0.7500747442245483
1044,2,surface_feature,0.7445159554481506,0.2551036775112152,0.0014887957368046045,0.7445159554481506
1045,2,surface_feature,0.7500762343406677,0.24955108761787415,0.0014912175247445703,0.7500762343406677
1046,2,surface_feature,0.7457443475723267,0.2538774311542511,0.0014875867636874318,0.7457443475723267
1047,2,surface_feature,0.7499407529830933,0.24968630075454712,0.0014914057683199644,0.7499407529830933
1048,2,surface_feature,0.7455688714981079,0.2540523409843445,0.001488726120442152,0.7455688714981079
1049,2,surface_feature,0.750321090221405,0.24930664896965027,0.0014909591991454363,0.750321090221405
1050,2,surface_feature,0.7463139295578003,0.25330880284309387,0.0014871477615088224,0.7463139295578003
1051,2,surface_feature,0.750444769859314,0.24918319284915924,0.001490757567808032,0.750444769859314
1052,2,surface_feature,0.7450618147850037,0.2545587122440338,0.0014884242555126548,0.7450618147850037
1053,2,surface_feature,0.750447690486908,0.24918027222156525,0.001490824157372117,0.750447690486908
1054,2,surface_feature,0.7462830543518066,0.25333961844444275,0.0014872418250888586,0.7462830543518066
1055,2,surface_feature,0.7503166794776917,0.24931104481220245,0.0014910101890563965,0.7503166794776917
1056,2,surface_feature,0.74610435962677,0.253517746925354,0.0014883546391502023,0.74610435962677
1057,2,surface_feature,0.75067538022995,0.2489529848098755,0.001490563852712512,0.75067538022995
1058,2,surface_feature,0.7468345165252686,0.25278908014297485,0.0014868071302771568,0.7468345165252686
1059,2,surface_feature,0.7508054375648499,0.24882318079471588,0.0014903601258993149,0.7508054375648499
1060,2,surface_feature,0.7455973029136658,0.2540241479873657,0.0014880564995110035,0.7455973029136658
1061,2,surface_feature,0.7508118748664856,0.24881672859191895,0.0014904282288625836,0.7508118748664856
1062,2,surface_feature,0.7468122243881226,0.2528113126754761,0.0014868977013975382,0.7468122243881226
1063,2,surface_feature,0.7506827712059021,0.24894559383392334,0.001490615657530725,0.7506827712059021
1064,2,surface_feature,0.7461193203926086,0.2535029947757721,0.0014876647619530559,0.7461193203926086
1065,2,surface_feature,0.7511695623397827,0.24845968186855316,0.0014900083187967539,0.7511695623397827
1066,2,surface_feature,0.7473068833351135,0.25231748819351196,0.00148653460200876,0.7473068833351135
1067,2,surface_feature,0.751025378704071,0.24860361218452454,0.0014901977265253663,0.751025378704071
1068,2,surface_feature,0.7466061115264893,0.253016859292984,0.0014879644149914384,0.7466061115264893
1069,2,surface_feature,0.7509979605674744,0.24863098561763763,0.00149015081115067,0.7509979605674744
1070,2,surface_feature,0.7473464608192444,0.25227800011634827,0.0014864447293803096,0.7473464608192444
1071,2,surface_feature,0.7511420845985413,0.24848712980747223,0.001489943009801209,0.7511420845985413
1072,2,surface_feature,0.7466190457344055,0.2530041038990021,0.001487262430600822,0.7466190457344055
1073,2,surface_feature,0.7515069246292114,0.2481229305267334,0.001489577000029385,0.7515069246292114
1074,2,surface_feature,0.7477700710296631,0.2518550753593445,0.001486163935624063,0.7477700710296631
1075,2,surface_feature,0.7513605356216431,0.24826905131340027,0.0014897726941853762,0.7513605356216431
1076,2,surface_feature,0.7470883131027222,0.25253546237945557,0.0014875591732561588,0.7470883131027222
1077,2,surface_feature,0.7513361573219299,0.2482934147119522,0.0014897244982421398,0.7513361573219299
1078,2,surface_feature,0.7478254437446594,0.2517998218536377,0.001486070454120636,0.7478254437446594
1079,2,surface_feature,0.7514752745628357,0.24815453588962555,0.0014895116910338402,0.7514752745628357
1080,2,surface_feature,0.7470945715904236,0.25252941250801086,0.001486857421696186,0.7470945715904236
1081,2,surface_feature,0.751813530921936,0.24781687557697296,0.0014891508035361767,0.751813530921936
1082,2,surface_feature,0.7482237815856934,0.2514021396636963,0.0014857908245176077,0.7482237815856934
1083,2,surface_feature,0.7516835331916809,0.247946634888649,0.0014893499901518226,0.7516835331916809
1084,2,surface_feature,0.7475675344467163,0.2520570755004883,0.0014871525345370173,0.7475675344467163
1085,2,surface_feature,0.7516849040985107,0.24794527888298035,0.001489291782490909,0.7516849040985107
1086,2,surface_feature,0.748282253742218,0.2513437569141388,0.0014856954803690314,0.748282253742218
1087,2,surface_feature,0.7518085837364197,0.2478218376636505,0.0014890747843310237,0.7518085837364197
1088,2,surface_feature,0.748717188835144,0.25090959668159485,0.001485316315665841,0.748717188835144
1089,2,surface_feature,0.752148449420929,0.24748259782791138,0.001488631241954863,0.752148449420929
1090,2,surface_feature,0.7475537657737732,0.25207099318504333,0.0014864476397633553,0.7475537657737732
1091,2,surface_feature,0.7521264553070068,0.24750451743602753,0.001488716108724475,0.7521264553070068
1092,2,surface_feature,0.7486698627471924,0.25095680356025696,0.0014854124747216702,0.7486698627471924
1093,2,surface_feature,0.7520153522491455,0.24761541187763214,0.0014889175072312355,0.7520153522491455
1094,2,surface_feature,0.7480260133743286,0.25159937143325806,0.0014867442660033703,0.7480260133743286
1095,2,surface_feature,0.752027153968811,0.2476036548614502,0.0014888537116348743,0.752027153968811
1096,2,surface_feature,0.6889084577560425,0.3106303811073303,0.001482408377341926,0.6889084577560425
1097,2,surface_feature,0.6452445983886719,0.3542306125164032,0.0014792552683502436,0.6452445983886719
1098,2,surface_feature,0.6889482140541077,0.31059062480926514,0.0014825650723651052,0.6889482140541077
1099,2,surface_feature,0.64466392993927,0.3548111021518707,0.0014774271985515952,0.64466392993927
1100,2,surface_feature,0.6917012333869934,0.30784159898757935,0.0014828713610768318,0.6917012333869934
1101,2,surface_feature,0.653232991695404,0.34625381231307983,0.0014799499185755849,0.653232991695404
1102,2,surface_feature,0.6916239261627197,0.30791881680488586,0.001482756924815476,0.6916239261627197
1103,2,surface_feature,0.6446021199226379,0.3548728823661804,0.0014772099675610662,0.6446021199226379
1104,2,surface_feature,0.7498452663421631,0.24978329241275787,0.0014848962891846895,0.7498452663421631
1105,2,surface_feature,0.7533212900161743,0.24631190299987793,0.001486939494498074,0.7533212900161743
1106,2,surface_feature,0.750558078289032,0.24907186627388,0.001483560772612691,0.750558078289032
1107,2,surface_feature,0.7534253597259521,0.2462080717086792,0.001486630062572658,0.7534253597259521
1108,2,surface_feature,0.7493810057640076,0.25024691224098206,0.0014846065314486623,0.7493810057640076
1109,2,surface_feature,0.753459632396698,0.24617382884025574,0.0014866988640278578,0.753459632396698
1110,2,surface_feature,0.7505155205726624,0.24911431968212128,0.0014836665941402316,0.7505155205726624
1111,2,surface_feature,0.7533371448516846,0.24629606306552887,0.0014869925798848271,0.7533371448516846
1112,2,surface_feature,0.7537547945976257,0.24587929248809814,0.0014859606744721532,0.7537547945976257
1113,2,surface_feature,0.7505093812942505,0.24912036955356598,0.001484036911278963,0.7505093812942505
1114,2,surface_feature,0.7536916732788086,0.24594232439994812,0.0014859182992950082,0.7536916732788086
1115,2,surface_feature,0.7513258457183838,0.24830543994903564,0.001482724561356008,0.7513258457183838
1116,2,surface_feature,0.7538381218910217,0.24579618871212006,0.0014855943154543638,0.7538381218910217
1117,2,surface_feature,0.750106930732727,0.24952229857444763,0.001483745640143752,0.750106930732727
1118,2,surface_feature,0.7539133429527283,0.24572105705738068,0.0014856656780466437,0.7539133429527283
1119,2,surface_feature,0.7513010501861572,0.24833016097545624,0.001482838881202042,0.7513010501861572
1120,2,surface_feature,0.7539624571800232,0.2456720620393753,0.001485438086092472,0.7539624571800232
1121,2,surface_feature,0.7508166432380676,0.248813658952713,0.0014836100162938237,0.7508166432380676
1122,2,surface_feature,0.7538357973098755,0.24579854309558868,0.0014854109613224864,0.7538357973098755
1123,2,surface_feature,0.7516701221466064,0.24796177446842194,0.0014823151286691427,0.7516701221466064
1124,2,surface_feature,0.754011869430542,0.24562281370162964,0.0014850815059617162,0.754011869430542
1125,2,surface_feature,0.7504034042358398,0.24922636151313782,0.0014833220047876239,0.7504034042358398
1126,2,surface_feature,0.7541093230247498,0.24552549421787262,0.0014851465821266174,0.7541093230247498
1127,2,surface_feature,0.751664400100708,0.24796746671199799,0.0014824224635958672,0.751664400100708
1128,2,surface_feature,0.7540475130081177,0.2455872744321823,0.001484891283325851,0.7540475130081177
1129,2,surface_feature,0.7520491480827332,0.24758341908454895,0.001481910003349185,0.7520491480827332
1130,2,surface_feature,0.7541735768318176,0.24546147882938385,0.0014845753321424127,0.7541735768318176
1131,2,surface_feature,0.750749945640564,0.24888044595718384,0.0014829151332378387,0.750749945640564
1132,2,surface_feature,0.7542724609375,0.24536272883415222,0.00148463761433959,0.7542724609375
1133,2,surface_feature,0.7520357370376587,0.24759677052497864,0.0014820159412920475,0.7520357370376587
1134,2,surface_feature,0.754092276096344,0.24554257094860077,0.0014849401777610183,0.754092276096344
1135,2,surface_feature,0.7511425018310547,0.2484883964061737,0.0014831905718892813,0.7511425018310547
1136,2,surface_feature,0.751537024974823,0.2480945587158203,0.0014827725244686007,0.751537024974823
1137,2,surface_feature,0.7542436122894287,0.2453916072845459,0.001484318170696497,0.7542436122894287
1138,2,surface_feature,0.7524744868278503,0.24715879559516907,0.0014815193135291338,0.7524744868278503
1139,2,surface_feature,0.7543591260910034,0.2452763468027115,0.001483998028561473,0.7543591260910034
1140,2,surface_feature,0.7511680722236633,0.24846301972866058,0.0014825304970145226,0.7511680722236633
1141,2,surface_feature,0.7544252872467041,0.24521026015281677,0.0014841159572824836,0.7544252872467041
1142,2,surface_feature,0.7524486184120178,0.24718458950519562,0.0014816237380728126,0.7524486184120178
1143,2,surface_feature,0.754268229007721,0.24536700546741486,0.0014844213146716356,0.754268229007721
1144,2,surface_feature,0.752914309501648,0.24671973288059235,0.001481140498071909,0.752914309501648
1145,2,surface_feature,0.7545556426048279,0.24508026242256165,0.001483420841395855,0.7545556426048279
1146,2,surface_feature,0.751594603061676,0.24803723394870758,0.001482154242694378,0.751594603061676
1147,2,surface_feature,0.7545914053916931,0.2450445145368576,0.00148354796692729,0.7545914053916931
1148,2,surface_feature,0.7528799772262573,0.2467539757490158,0.0014812421286478639,0.7528799772262573
1149,2,surface_feature,0.7544655799865723,0.24517008662223816,0.001483858097344637,0.7544655799865723
1150,2,surface_feature,0.751956045627594,0.24767626821994781,0.0014823701931163669,0.751956045627594
1151,2,surface_feature,0.7544581890106201,0.2451774924993515,0.0014837471535429358,0.7544581890106201
1152,2,surface_feature,0.7523545622825623,0.24727842211723328,0.0014819834614172578,0.7523545622825623
1153,2,surface_feature,0.7546175718307495,0.24501848220825195,0.001483180676586926,0.7546175718307495
1154,2,surface_feature,0.7533172965049744,0.24631743133068085,0.0014807647094130516,0.7533172965049744
1155,2,surface_feature,0.7547240853309631,0.24491220712661743,0.001482851686887443,0.7547240853309631
1156,2,surface_feature,0.7519782781600952,0.24765421450138092,0.0014817760093137622,0.7519782781600952
1157,2,surface_feature,0.7547738552093506,0.24486248195171356,0.0014829786960035563,0.7547738552093506
1158,2,surface_feature,0.7532835602760315,0.24635107815265656,0.001480861916206777,0.7532835602760315
1159,2,surface_feature,0.7546440958976746,0.2449919730424881,0.0014832908054813743,0.7546440958976746
1160,2,surface_feature,0.7527104616165161,0.24692314863204956,0.0014816003385931253,0.7527104616165161
1161,2,surface_feature,0.7547397613525391,0.24489662051200867,0.001482599531300366,0.7547397613525391
1162,2,surface_feature,0.7536867260932922,0.24594862759113312,0.0014803874073550105,0.7536867260932922
1163,2,surface_feature,0.754872739315033,0.24476392567157745,0.0014822643715888262,0.754872739315033
1164,2,surface_feature,0.752353310585022,0.2472798228263855,0.0014813935849815607,0.752353310585022
1165,2,surface_feature,0.7549466490745544,0.24469007551670074,0.0014824040699750185,0.7549466490745544
1166,2,surface_feature,0.7536538243293762,0.24598146975040436,0.001480479841120541,0.7536538243293762
1167,2,surface_feature,0.7547987103462219,0.2448377162218094,0.0014827202539891005,0.7547987103462219
1168,2,surface_feature,0.7530602216720581,0.24657399952411652,0.0014812145382165909,0.7530602216720581
1169,2,surface_feature,0.7548919320106506,0.24474482238292694,0.0014819919597357512,0.7548919320106506
1170,2,surface_feature,0.7540411353111267,0.2455948442220688,0.0014800061471760273,0.7540411353111267
1171,2,surface_feature,0.7550147771835327,0.24462224543094635,0.0014816574985161424,0.7550147771835327
1172,2,surface_feature,0.7527094483375549,0.24692431092262268,0.0014810108114033937,0.7527094483375549
1173,2,surface_feature,0.7550649046897888,0.24457214772701263,0.0014818098861724138,0.7550649046897888
1174,2,surface_feature,0.7540042996406555,0.245631605386734,0.0014801034703850746,0.7540042996406555
1175,2,surface_feature,0.7549388408660889,0.2446979433298111,0.0014821203658357263,0.7549388408660889
1176,2,surface_feature,0.7533808946609497,0.24625390768051147,0.0014808336272835732,0.7533808946609497
1177,2,surface_feature,0.7550306916236877,0.2446064054965973,0.001481387997046113,0.7550306916236877
1178,2,surface_feature,0.754357099533081,0.2452794462442398,0.0014796286122873425,0.754357099533081
1179,2,surface_feature,0.7551393508911133,0.24449799954891205,0.0014810578431934118,0.7551393508911133
1180,2,surface_feature,0.753027081489563,0.24660724401474,0.001480640610679984,0.753027081489563
1181,2,surface_feature,0.7551774978637695,0.244459867477417,0.00148121383972466,0.7551774978637695
1182,2,surface_feature,0.7543407082557678,0.24529577791690826,0.0014797355979681015,0.7543407082557678
1183,2,surface_feature,0.755070149898529,0.24456697702407837,0.001481515122577548,0.755070149898529
1184,2,surface_feature,0.7536635398864746,0.24597176909446716,0.0014804573729634285,0.7536635398864746
1185,2,surface_feature,0.7550928592681885,0.24454449117183685,0.0014807831030339003,0.7550928592681885
1186,2,surface_feature,0.7546384930610657,0.24499854445457458,0.001479261671192944,0.7546384930610657
1187,2,surface_feature,0.7551959156990051,0.2444416582584381,0.0014804545789957047,0.7551959156990051
1188,2,surface_feature,0.7533069849014282,0.24632784724235535,0.0014802712248638272,0.7533069849014282
1189,2,surface_feature,0.755243718624115,0.24439388513565063,0.00148061104118824,0.755243718624115
1190,2,surface_feature,0.7546162605285645,0.24502071738243103,0.0014793651644140482,0.7546162605285645
1191,2,surface_feature,0.75514155626297,0.24449582397937775,0.0014809084823355079,0.75514155626297
1192,2,surface_feature,0.7107102870941162,0.28886252641677856,0.0014766452368348837,0.7107102870941162
1193,2,surface_feature,0.6857781410217285,0.31375816464424133,0.0014757068129256368,0.6857781410217285
1194,2,surface_feature,0.7102752923965454,0.2892969250679016,0.0014764406951144338,0.7102752923965454
1195,2,surface_feature,0.6838006377220154,0.31573373079299927,0.0014726037625223398,0.6838006377220154
1196,2,surface_feature,0.7082547545433044,0.29131460189819336,0.0014760877238586545,0.7082547545433044
1197,2,surface_feature,0.679888904094696,0.3196389377117157,0.0014749973779544234,0.679888904094696
1198,2,surface_feature,0.7083026766777039,0.29126664996147156,0.0014763801591470838,0.7083026766777039
1199,2,surface_feature,0.6838785409927368,0.3156558573246002,0.0014728092355653644,0.6838785409927368
1200,2,surface_feature,0.7542417645454407,0.24539481103420258,0.0014788109110668302,0.7542417645454407
1201,2,surface_feature,0.755273699760437,0.24436457455158234,0.0014780864585191011,0.755273699760437
1202,2,surface_feature,0.7553274035453796,0.24431106448173523,0.0014776150928810239,0.7553274035453796
1203,2,surface_feature,0.7553629279136658,0.2442755550146103,0.001477750251069665,0.7553629279136658
1204,2,surface_feature,0.7539066076278687,0.24572952091693878,0.001478635473176837,0.7539066076278687
1205,2,surface_feature,0.7553823590278625,0.2442561239004135,0.0014779148623347282,0.7553823590278625
1206,2,surface_feature,0.7553322911262512,0.24430616199970245,0.0014776980970054865,0.7553322911262512
1207,2,surface_feature,0.7553359866142273,0.24430234730243683,0.001478208927437663,0.7553359866142273
1208,2,surface_feature,0.7543421387672424,0.24529467523097992,0.001478436985053122,0.7543421387672424
1209,2,surface_feature,0.7552753686904907,0.24436305463314056,0.0014774869196116924,0.7552753686904907
1210,2,surface_feature,0.7554207444190979,0.24421794712543488,0.0014772380236536264,0.7554207444190979
1211,2,surface_feature,0.7553635835647583,0.2442750483751297,0.001477167708799243,0.7553635835647583
1212,2,surface_feature,0.7539950609207153,0.24564127624034882,0.0014782568905502558,0.7539950609207153
1213,2,surface_feature,0.7553805708885193,0.24425804615020752,0.001477322424761951,0.7553805708885193
1214,2,surface_feature,0.7554419040679932,0.244196817278862,0.0014773196307942271,0.7554419040679932
1215,2,surface_feature,0.7553501129150391,0.2442883998155594,0.0014776095049455762,0.7553501129150391
1216,2,surface_feature,0.7544327974319458,0.24520424008369446,0.0014780625933781266,0.7544327974319458
1217,2,surface_feature,0.7552902698516846,0.24434831738471985,0.0014769011177122593,0.7552902698516846
1218,2,surface_feature,0.7555013298988342,0.24413757026195526,0.0014768581604585052,0.7555013298988342
1219,2,surface_feature,0.7553450465202332,0.2442937046289444,0.0014766022795811296,0.7553450465202332
1220,2,surface_feature,0.7540624141693115,0.24557411670684814,0.001477876678109169,0.7540624141693115
1221,2,surface_feature,0.7553640604019165,0.24427467584609985,0.0014767583925276995,0.7553640604019165
1222,2,surface_feature,0.7555385231971741,0.244100421667099,0.0014769398840144277,0.7555385231971741
1223,2,surface_feature,0.755370020866394,0.24426865577697754,0.0014770220732316375,0.755370020866394
1224,2,surface_feature,0.7545090317726135,0.24512819945812225,0.0014776895986869931,0.7545090317726135
1225,2,surface_feature,0.7553138136863708,0.2443249374628067,0.0014763337094336748,0.7553138136863708
1226,2,surface_feature,0.7555911540985107,0.24404798448085785,0.0014764800434932113,0.7555911540985107
1227,2,surface_feature,0.7553439140319824,0.24429495632648468,0.0014760385965928435,0.7553439140319824
1228,2,surface_feature,0.754131555557251,0.2455051839351654,0.0014775018207728863,0.754131555557251
1229,2,surface_feature,0.7553629875183105,0.24427588284015656,0.0014761975035071373,0.7553629875183105
1230,2,surface_feature,0.7556245923042297,0.24401456117630005,0.0014765615342184901,0.7556245923042297
1231,2,surface_feature,0.7553778290748596,0.2442609965801239,0.0014764616498723626,0.7553778290748596
1232,2,surface_feature,0.7568060755729675,0.2428348809480667,0.001476344303227961,0.7568060755729675
1233,2,surface_feature,0.7459432482719421,0.2536814510822296,0.0014772436115890741,0.7459432482719421
1234,2,surface_feature,0.7539125084877014,0.24572411179542542,0.0014766670065000653,0.7539125084877014
1235,2,surface_feature,0.7458820939064026,0.2537424862384796,0.0014773315051570535,0.7458820939064026
1236,2,surface_feature,0.7567397356033325,0.24290110170841217,0.0014764511724933982,0.7567397356033325
1237,2,surface_feature,0.7458946704864502,0.25372985005378723,0.0014776460593566298,0.7458946704864502
1238,2,surface_feature,0.7542799115180969,0.2453571856021881,0.001476856879889965,0.7542799115180969
1239,2,surface_feature,0.7458855509757996,0.25373896956443787,0.001477598212659359,0.7458855509757996
1240,2,surface_feature,0.7573959827423096,0.24224603176116943,0.001475574797950685,0.7573959827423096
1241,2,surface_feature,0.7467533946037292,0.2528727352619171,0.001476280391216278,0.7467533946037292
1242,2,surface_feature,0.754405677318573,0.24523182213306427,0.0014759668847545981,0.754405677318573
1243,2,surface_feature,0.7513749599456787,0.24825815856456757,0.001475621946156025,0.7513749599456787
1244,2,surface_feature,0.7565968632698059,0.24304398894309998,0.0014755030861124396,0.7565968632698059
1245,2,surface_feature,0.7513337135314941,0.2482992708683014,0.001475938712246716,0.7513337135314941
1246,2,surface_feature,0.7547190189361572,0.24491889774799347,0.0014761643251404166,0.7547190189361572
1247,2,surface_feature,0.7467095851898193,0.2529163956642151,0.0014766586245968938,0.7467095851898193
1248,2,surface_feature,0.7552043795585632,0.24443495273590088,0.0014733579009771347,0.7552043795585632
1249,2,surface_feature,0.7556285262107849,0.24401125311851501,0.0014740636106580496,0.7556285262107849
1250,2,surface_feature,0.7553867697715759,0.24425290524959564,0.0014729979448020458,0.7553867697715759
1251,2,surface_feature,0.7544248700141907,0.2452128827571869,0.001475081779062748,0.7544248700141907
1252,2,surface_feature,0.7553853392601013,0.24425429105758667,0.0014731739647686481,0.7553853392601013
1253,2,surface_feature,0.7557237148284912,0.24391618371009827,0.0014741183258593082,0.7557237148284912
1254,2,surface_feature,0.7552735209465027,0.2443658709526062,0.0014735051663592458,0.7552735209465027
1255,2,surface_feature,0.7546036839485168,0.24503429234027863,0.0014752994757145643,0.7546036839485168
1256,0,background,0.7449741363525391,0.7449741363525391,0.0014878262300044298,0.2539157569408417
1257,0,background,0.7033212780952454,0.7033212780952454,0.0014869070146232843,0.29563140869140625
1258,0,background,0.7397016882896423,0.7397016882896423,0.0014869282022118568,0.25919678807258606
1259,2,surface_feature,0.749683141708374,0.2499479055404663,0.0014739850303158164,0.749683141708374
1260,2,surface_feature,0.7542513012886047,0.24538643658161163,0.0014741261256858706,0.7542513012886047
1261,2,surface_feature,0.755181610584259,0.24445800483226776,0.0014720297185704112,0.755181610584259
1262,2,surface_feature,0.755555272102356,0.24408461153507233,0.0014731662813574076,0.755555272102356
1263,2,surface_feature,0.755081832408905,0.24455754458904266,0.001472401199862361,0.755081832408905
1264,2,surface_feature,0.7543917894363403,0.24524609744548798,0.0014743541833013296,0.7543917894363403
1265,2,surface_feature,0.7494009733200073,0.25022953748703003,0.0014743759529665112,0.7494009733200073
1266,2,surface_feature,0.7566192150115967,0.2430221438407898,0.001473603886552155,0.7566192150115967
1267,2,surface_feature,0.7551263570785522,0.24451300501823425,0.0014727881643921137,0.7551263570785522
1268,2,surface_feature,0.7555294036865234,0.2441103458404541,0.001473586424253881,0.7555294036865234
1269,2,surface_feature,0.7553272247314453,0.24431250989437103,0.0014724264619871974,0.7553272247314453
1270,2,surface_feature,0.7543283104896545,0.24530941247940063,0.0014745986554771662,0.7543283104896545
1271,2,surface_feature,0.7553203701972961,0.24431931972503662,0.0014725906075909734,0.7553203701972961
1272,2,surface_feature,0.755657970905304,0.2439819574356079,0.0014736398588865995,0.755657970905304
1273,2,surface_feature,0.7551879286766052,0.24445147812366486,0.0014729383401572704,0.7551879286766052
1274,2,surface_feature,0.7544660568237305,0.24517183005809784,0.0014748176326975226,0.7544660568237305
1275,2,surface_feature,0.7569224238395691,0.24271903932094574,0.0014750001719221473,0.7569224238395691
1276,2,surface_feature,0.7502830028533936,0.24934855103492737,0.00147543428465724,0.7502830028533936
1277,2,surface_feature,0.7545597553253174,0.24507808685302734,0.0014755621086806059,0.7545597553253174
1278,2,surface_feature,0.7505555152893066,0.24907644093036652,0.0014754539588466287,0.7505555152893066
1279,2,surface_feature,0.7568600177764893,0.24278132617473602,0.0014750725822523236,0.7568600177764893
1280,2,surface_feature,0.7504614591598511,0.24917027354240417,0.0014757926110178232,0.7504614591598511
1281,2,surface_feature,0.7548248767852783,0.24481330811977386,0.0014757574535906315,0.7548248767852783
1282,2,surface_feature,0.7501277923583984,0.24950344860553741,0.001475796801969409,0.7501277923583984
1283,2,surface_feature,0.757088840007782,0.24255266785621643,0.0014758039033040404,0.757088840007782
1284,2,surface_feature,0.7490634918212891,0.2505660355091095,0.0014764356892555952,0.7490634918212891
1285,2,surface_feature,0.7543442249298096,0.24529309570789337,0.0014763606013730168,0.7543442249298096
1286,2,surface_feature,0.7489500045776367,0.2506793141365051,0.0014765277737751603,0.7489500045776367
1287,2,surface_feature,0.7571156024932861,0.24252593517303467,0.001475892262533307,0.7571156024932861
1288,2,surface_feature,0.7489595413208008,0.2506696879863739,0.001476872363127768,0.7489595413208008
1289,2,surface_feature,0.7547177076339722,0.24492011964321136,0.0014765544328838587,0.7547177076339722
1290,2,surface_feature,0.7489886283874512,0.2506406605243683,0.0014768195105716586,0.7489886283874512
1291,2,surface_feature,0.6970186233520508,0.30252447724342346,0.0015080207958817482,0.6970186233520508
1292,2,surface_feature,0.7695959210395813,0.23006515204906464,0.0014710655668750405,0.7695959210395813
1293,2,surface_feature,0.7512836456298828,0.24834898114204407,0.001477062120102346,0.7512836456298828
1294,2,surface_feature,0.7550970315933228,0.2445412278175354,0.0014770833076909184,0.7550970315933228
1295,2,surface_feature,0.7513657808303833,0.24826693534851074,0.0014771607238799334,0.7513657808303833
1296,2,surface_feature,0.7694856524467468,0.2301752269268036,0.0014711678959429264,0.7694856524467468
1297,2,surface_feature,0.69685959815979,0.3026832342147827,0.0015081269666552544,0.69685959815979
1298,2,surface_feature,0.7513311505317688,0.2483014464378357,0.0014774799346923828,0.7513311505317688
1299,2,surface_feature,0.7554624080657959,0.24417634308338165,0.001477275975048542,0.7554624080657959
1300,2,surface_feature,0.7512474656105042,0.24838502705097198,0.0014774081064388156,0.7512474656105042
1301,2,surface_feature,0.7373522520065308,0.2622547149658203,0.0014963960275053978,0.7373522520065308
1302,2,surface_feature,0.7325824499130249,0.2670179009437561,0.001494493568316102,0.7325824499130249
1303,2,surface_feature,0.7402019500732422,0.25940901041030884,0.0014974544756114483,0.7402019500732422
1304,2,surface_feature,0.7352617383003235,0.26434266567230225,0.0014942922862246633,0.7352617383003235
1305,2,surface_feature,0.7377158999443054,0.2618916630744934,0.0014962813584133983,0.7377158999443054
1306,2,surface_feature,0.7356221675872803,0.26398271322250366,0.0014945241855457425,0.7356221675872803
1307,2,surface_feature,0.7425498366355896,0.2570646107196808,0.0014975728699937463,0.7425498366355896
1308,2,surface_feature,0.7371246218681335,0.26248249411582947,0.001494529889896512,0.7371246218681335
1309,2,surface_feature,0.7372687458992004,0.2623387277126312,0.0014940033433958888,0.7372687458992004
1310,2,surface_feature,0.7494196891784668,0.2502056658267975,0.0014951034681871533,0.7494196891784668
1311,2,surface_feature,0.7334381937980652,0.26616355776786804,0.0014939721440896392,0.7334381937980652
1312,2,surface_feature,0.7409712672233582,0.25864097476005554,0.0014969968469813466,0.7409712672233582
1313,2,surface_feature,0.7354767918586731,0.26412808895111084,0.0014937665546312928,0.7354767918586731
1314,2,surface_feature,0.7494568824768066,0.2501685619354248,0.0014949647011235356,0.7494568824768066
1315,2,surface_feature,0.7361445426940918,0.26346126198768616,0.0014940006658434868,0.7361445426940918
1316,2,surface_feature,0.7432896494865417,0.25632601976394653,0.001497112330980599,0.7432896494865417
1317,2,surface_feature,0.7363643050193787,0.2632419466972351,0.0014934877399355173,0.7363643050193787
1318,2,surface_feature,0.7430023550987244,0.25661301612854004,0.0014966476010158658,0.7430023550987244
1319,2,surface_feature,0.7370789647102356,0.26252835988998413,0.0014934842474758625,0.7370789647102356
1320,2,surface_feature,0.7493634819984436,0.25026190280914307,0.0014946465380489826,0.7493634819984436
1321,2,surface_feature,0.7338765859603882,0.2657259404659271,0.0014935211511328816,0.7338765859603882
1322,2,surface_feature,0.7406406998634338,0.2589711546897888,0.0014965322334319353,0.7406406998634338
1323,2,surface_feature,0.7350542545318604,0.264550119638443,0.0014932964695617557,0.7350542545318604
1324,2,surface_feature,0.7493789196014404,0.250246524810791,0.001494492869824171,0.7493789196014404
1325,0,background,0.825014591217041,0.825014591217041,0.0015406990423798561,0.17371229827404022
1326,0,background,0.5781263709068298,0.5781263709068298,0.001486238674260676,0.42101314663887024
1327,0,background,0.5310550332069397,0.5310550332069397,0.001483490807004273,0.46815598011016846
1328,0,background,0.5584720969200134,0.5584720969200134,0.0014886510325595737,0.44069525599479675
1329,0,background,0.5523112416267395,0.5523112416267395,0.0014832556480541825,0.44686833024024963
1330,0,background,0.6141378283500671,0.6141378283500671,0.0014856954803690314,0.38494834303855896
1331,2,surface_feature,0.5607598423957825,0.43858855962753296,0.001483420142903924,0.5607598423957825
1332,2,surface_feature,0.5991976857185364,0.40020543336868286,0.001489198999479413,0.5991976857185364
1333,2,surface_feature,0.5665928721427917,0.4327642023563385,0.0014834123430773616,0.5665928721427917
1334,2,surface_feature,0.7435915470123291,0.2560243606567383,0.0014980128034949303,0.7435915470123291
1335,2,surface_feature,0.737145185470581,0.2624618411064148,0.0014950921759009361,0.737145185470581
1336,2,surface_feature,0.7497939467430115,0.24983175098896027,0.0014959779800847173,0.7497939467430115
1337,2,surface_feature,0.7326836585998535,0.2669166922569275,0.001495033735409379,0.7326836585998535
1338,2,surface_feature,0.7412536144256592,0.25835880637168884,0.0014979095431044698,0.7412536144256592
1339,2,surface_feature,0.735511839389801,0.2640928030014038,0.0014948544558137655,0.735511839389801
1340,2,surface_feature,0.7496626377105713,0.24996289610862732,0.001495849690400064,0.7496626377105713
1341,2,surface_feature,0.7355015873908997,0.264102965593338,0.0014950964832678437,0.7355015873908997
1342,2,surface_feature,0.7370482683181763,0.2625584602355957,0.0014956160448491573,0.7370482683181763
1343,2,surface_feature,0.7500577569007874,0.24956823885440826,0.0014963882276788354,0.7500577569007874
1344,2,surface_feature,0.7324179410934448,0.2671818733215332,0.001495544915087521,0.7324179410934448
1345,2,surface_feature,0.7412747144699097,0.2583376169204712,0.001498345984145999,0.7412747144699097
1346,2,surface_feature,0.7352898120880127,0.26431435346603394,0.0014953791396692395,0.7352898120880127
1347,2,surface_feature,0.7498757243156433,0.2497500330209732,0.0014962671557441354,0.7498757243156433
1348,2,surface_feature,0.7352163195610046,0.26438766717910767,0.0014956140657886863,0.7352163195610046
1349,2,surface_feature,0.7436426877975464,0.2559731602668762,0.0014984357403591275,0.7436426877975464
1350,0,background,0.8619952201843262,0.8619952201843262,0.0015374720096588135,0.13667744398117065
1351,0,background,0.877770721912384,0.877770721912384,0.0015212151920422912,0.12089195847511292
1352,0,background,0.8629255294799805,0.8629255294799805,0.0015362933045253158,0.13574673235416412
1353,0,background,0.883232831954956,0.883232831954956,0.0015256991609930992,0.11541751772165298
1354,0,background,0.8828219771385193,0.8828219771385193,0.0015370796900242567,0.11581898480653763
1355,0,background,0.8726166486740112,0.8726166486740112,0.0015259861247614026,0.1260496824979782
1356,0,background,0.8630139231681824,0.8630139231681824,0.0015380496624857187,0.13565665483474731
1357,0,background,0.8865038156509399,0.8865038156509399,0.0015212476719170809,0.11214552074670792
1358,2,surface_feature,0.7437906861305237,0.2558251917362213,0.0014992195647209883,0.7437906861305237
1359,2,surface_feature,0.736802875995636,0.26280322670936584,0.0014966055750846863,0.736802875995636
1360,2,surface_feature,0.7504987120628357,0.24912770092487335,0.0014973047655075788,0.7504987120628357
1361,2,surface_feature,0.7359106540679932,0.2636939585208893,0.0014971542404964566,0.7359106540679932
1362,2,surface_feature,0.7380092740058899,0.2615979015827179,0.0014993906952440739,0.7380092740058899
1363,2,surface_feature,0.7385355830192566,0.2610729932785034,0.0014970210613682866,0.7385355830192566
1364,2,surface_feature,0.7503284215927124,0.24929776787757874,0.0014971948694437742,0.7503284215927124
1365,2,surface_feature,0.7348042726516724,0.2647988200187683,0.0014965955633670092,0.7348042726516724
1366,2,surface_feature,0.7411300539970398,0.25848162174224854,0.0015001356368884444,0.7411300539970398
1367,2,surface_feature,0.7398379445075989,0.2597724199295044,0.0014976855600252748,0.7398379445075989
1368,2,surface_feature,0.7507470846176147,0.2488795667886734,0.001497873803600669,0.7507470846176147
1369,2,surface_feature,0.7356076836585999,0.2639963626861572,0.0014976084930822253,0.7356076836585999
1370,2,surface_feature,0.73806232213974,0.2615448236465454,0.0014998284168541431,0.73806232213974
1371,2,surface_feature,0.7383025884628296,0.2613055109977722,0.0014974895166233182,0.7383025884628296
1372,2,surface_feature,0.750609278678894,0.24901719391345978,0.0014977639075368643,0.750609278678894
1373,2,surface_feature,0.7379752993583679,0.2616322636604309,0.001497659832239151,0.7379752993583679
1374,0,background,0.8441010117530823,0.8441010117530823,0.0015404863515868783,0.15459668636322021
1375,0,background,0.8433858752250671,0.8433858752250671,0.0015266911359503865,0.1553245186805725
1376,0,background,0.8406885266304016,0.8406885266304016,0.001539634307846427,0.15801513195037842
1377,0,background,0.8672511577606201,0.8672511577606201,0.0015262403758242726,0.13142317533493042
1378,0,background,0.8663176894187927,0.8663176894187927,0.0015401799464598298,0.13234597444534302
1379,0,background,0.8556485176086426,0.8556485176086426,0.0015262819360941648,0.14304350316524506
1380,0,background,0.8393073081970215,0.8393073081970215,0.001539413002319634,0.1593986451625824
1381,0,background,0.854895830154419,0.854895830154419,0.00152643455658108,0.14379726350307465
1382,0,background,0.8696398735046387,0.8696398735046387,0.0015404820442199707,0.12901835143566132
1383,0,background,0.8537995219230652,0.8537995219230652,0.001527362852357328,0.14489440619945526
1384,0,background,0.8519613742828369,0.8519613742828369,0.0015384722501039505,0.14672592282295227
1385,0,background,0.8735479116439819,0.8735479116439819,0.001526355859823525,0.12511667609214783
1386,0,background,0.8833627104759216,0.8833627104759216,0.0015386721352115273,0.11527596414089203
1387,0,background,0.873108446598053,0.873108446598053,0.0015279854414984584,0.12555545568466187
1388,0,background,0.8713817000389099,0.8713817000389099,0.0015393536305055022,0.12727488577365875
1389,0,background,0.8774317502975464,0.8774317502975464,0.0015286344569176435,0.12122493982315063
1390,0,background,0.8498792052268982,0.8498792052268982,0.001540446886792779,0.14880959689617157
1391,0,background,0.8680522441864014,0.8680522441864014,0.0015230552526190877,0.13062365353107452
1392,0,background,0.8463948369026184,0.8463948369026184,0.00153942103497684,0.152300164103508
1393,0,background,0.8871345520019531,0.8871345520019531,0.0015224447706714272,0.11151275038719177
1394,0,background,0.86972576379776,0.86972576379776,0.0015403814613819122,0.12893246114253998
1395,0,background,0.8758351802825928,0.8758351802825928,0.001522494712844491,0.12282932549715042
1396,0,background,0.8450252413749695,0.8450252413749695,0.0015392136992886662,0.15367205440998077
1397,0,background,0.8796626329421997,0.8796626329421997,0.0015228064730763435,0.118995800614357
1398,0,background,0.8733001351356506,0.8733001351356506,0.0015421926509588957,0.1253509670495987
1399,0,background,0.8690985441207886,0.8690985441207886,0.0015249591087922454,0.12957404553890228
1400,0,background,0.8530412316322327,0.8530412316322327,0.0015398322138935328,0.1456432044506073
1401,0,background,0.891347348690033,0.891347348690033,0.0015242435038089752,0.10729194432497025
1402,0,background,0.889906644821167,0.889906644821167,0.0015406161546707153,0.10872023552656174
1403,0,background,0.9114853143692017,0.9114853143692017,0.001527990447357297,0.08711980283260345
1404,0,background,0.8852959275245667,0.8852959275245667,0.0015417300164699554,0.11333709955215454
1405,0,background,0.9106764793395996,0.9106764793395996,0.0015282685635611415,0.08792965859174728
1406,2,surface_feature,0.6263604164123535,0.373073548078537,0.0015149046666920185,0.6263604164123535
1407,2,surface_feature,0.6407682299613953,0.35868406295776367,0.0015246847178786993,0.6407682299613953
1408,2,surface_feature,0.6405210494995117,0.35893070697784424,0.0015250883297994733,0.6405210494995117
1409,2,surface_feature,0.640113115310669,0.3593377470970154,0.0015258888015523553,0.640113115310669
1410,2,surface_feature,0.6398760676383972,0.3595742881298065,0.001526273787021637,0.6398760676383972
1411,2,surface_feature,0.6396333575248718,0.3598164916038513,0.0015266533009707928,0.6396333575248718
1412,2,surface_feature,0.6393865942955017,0.36006274819374084,0.001527029788121581,0.6393865942955017
1413,2,surface_feature,0.6391251087188721,0.3603236973285675,0.0015273767057806253,0.6391251087188721
1414,2,surface_feature,0.6389089226722717,0.36053943634033203,0.0015276893973350525,0.6389089226722717
1415,2,surface_feature,0.6387062072753906,0.3607417345046997,0.0015280043007805943,0.6387062072753906
1416,2,surface_feature,0.6384193301200867,0.3610280454158783,0.001528320019133389,0.6384193301200867
1417,2,surface_feature,0.6381368041038513,0.36131003499031067,0.001528628752566874,0.6381368041038513
1418,2,surface_feature,0.6147676706314087,0.38464710116386414,0.0015191242564469576,0.6147676706314087
1419,2,surface_feature,0.6372566819190979,0.3621883690357208,0.0015298511134460568,0.6372566819190979
1420,2,surface_feature,0.6369659304618835,0.3624785840511322,0.0015301156090572476,0.6369659304618835
1421,2,surface_feature,0.6366686224937439,0.36277535557746887,0.001530377776362002,0.6366686224937439
1422,2,surface_feature,0.6363595128059387,0.3630838692188263,0.001530629931949079,0.6363595128059387
1423,2,surface_feature,0.6360592842102051,0.36338356137275696,0.0015308805741369724,0.6360592842102051
1424,2,surface_feature,0.6358137726783752,0.363628625869751,0.001531128422357142,0.6358137726783752
1425,2,surface_feature,0.6355336904525757,0.36390817165374756,0.0015313763869926333,0.6355336904525757
1426,2,surface_feature,0.6351717710494995,0.3642694652080536,0.0015316170174628496,0.6351717710494995
1427,2,surface_feature,0.6347827315330505,0.36465781927108765,0.0015318430960178375,0.6347827315330505
1428,2,surface_feature,0.6343827247619629,0.365057110786438,0.0015320684760808945,0.6343827247619629
1429,2,surface_feature,0.6339215636253357,0.3655174970626831,0.0015322938561439514,0.6339215636253357
1430,2,surface_feature,0.6308309435844421,0.3686043918132782,0.001529576606117189,0.6308309435844421
1431,2,surface_feature,0.6045063138008118,0.39489173889160156,0.0015220214845612645,0.6045063138008118
1432,2,surface_feature,0.6347613334655762,0.3646791875362396,0.0015318444930016994,0.6347613334655762
1433,2,surface_feature,0.6351650953292847,0.36427611112594604,0.0015316199278458953,0.6351650953292847
1434,2,surface_feature,0.635545551776886,0.36389634013175964,0.0015313822077587247,0.635545551776886
1435,2,surface_feature,0.6456250548362732,0.35383710265159607,0.0015176913002505898,0.6456250548362732
1436,2,surface_feature,0.6418259143829346,0.35763096809387207,0.0015163550851866603,0.6418259143829346
1437,2,surface_feature,0.642474889755249,0.35698333382606506,0.0015153498388826847,0.642474889755249
1438,0,background,0.9242048859596252,0.9242048859596252,0.0014950366457924247,0.07441127300262451
1439,0,background,0.9491872787475586,0.9491872787475586,0.00150141806807369,0.04938545078039169
1440,1,rivet,0.9987195730209351,0.0009430277859792113,0.9987195730209351,0.2635052502155304
1441,1,rivet,0.9988068342208862,0.001073138671927154,0.9988068342208862,0.10059548914432526
1442,1,rivet,0.9988069534301758,0.0010730006033554673,0.9988069534301758,0.10062134265899658
1443,1,rivet,0.9988070726394653,0.0010728922206908464,0.9988070726394653,0.10062235593795776
1444,1,rivet,0.9988070726394653,0.0010728969937190413,0.9988070726394653,0.10061830282211304
1445,1,rivet,0.9988069534301758,0.0010730039793998003,0.9988069534301758,0.10061848908662796
1446,1,rivet,0.9988067150115967,0.001073253690265119,0.9988067150115967,0.10058891028165817
1447,1,rivet,0.9987512826919556,0.0008958416292443871,0.9987512826919556,0.28259050846099854
1448,1,rivet,0.9987548589706421,0.0008852986502461135,0.9987548589706421,0.2889973223209381
1449,1,rivet,0.9986904263496399,0.0009402498253621161,0.9986904263496399,0.28201836347579956
1450,1,rivet,0.9986833930015564,0.0009133174899034202,0.9986833930015564,0.30630967020988464
1451,1,rivet,0.9987838864326477,0.00108928547706455,0.9987838864326477,0.10428968816995621
1452,1,rivet,0.9987841248512268,0.0010890528792515397,0.9987841248512268,0.10430530458688736
1453,1,rivet,0.9987840056419373,0.001089174416847527,0.9987840056419373,0.10429316759109497
1454,1,rivet,0.9987840056419373,0.0010891794227063656,0.9987840056419373,0.10428902506828308
1455,1,rivet,0.9987841248512268,0.0010890561388805509,0.9987841248512268,0.10430271923542023
1456,1,rivet,0.9987838864326477,0.0010892946738749743,0.9987838864326477,0.10428208112716675
1457,1,rivet,0.9986673593521118,0.0009507578215561807,0.9986673593521118,0.2865610420703888
1458,1,rivet,0.9984785914421082,0.0014478444354608655,0.9984785914421082,0.048352669924497604
1459,1,rivet,0.9981741905212402,0.001733320066705346,0.9981741905212402,0.05065669119358063
1460,1,rivet,0.9977700710296631,0.002116931602358818,0.9977700710296631,0.05067312717437744
1461,1,rivet,0.9984740614891052,0.001451354706659913,0.9984740614891052,0.04887736961245537
1462,1,rivet,0.9888013601303101,0.010660432279109955,0.9888013601303101,0.0480600968003273
1463,1,rivet,0.911677896976471,0.08395403623580933,0.911677896976471,0.04945612698793411
1464,1,rivet,0.9638704657554626,0.034276627004146576,0.9638704657554626,0.05128512531518936
1465,1,rivet,0.9893561005592346,0.010131614282727242,0.9893561005592346,0.048129454255104065
1466,0,background,0.9242448210716248,0.9242448210716248,0.001514048082754016,0.07435372471809387
1467,0,background,0.932339072227478,0.932339072227478,0.0014993143267929554,0.06626097112894058
1468,0,background,0.9241065979003906,0.9241065979003906,0.0015133474953472614,0.07449273020029068
1469,0,background,0.9385327696800232,0.9385327696800232,0.0015043161110952497,0.060053300112485886
1470,0,background,0.9055346250534058,0.9055346250534058,0.00163810804951936,0.0929795354604721
1471,0,background,0.9513488411903381,0.9513488411903381,0.0016578402137383819,0.04707133024930954
1472,0,background,0.9511746168136597,0.9511746168136597,0.0016562214586883783,0.04724738746881485
1473,0,background,0.9199953675270081,0.9199953675270081,0.0015170613769441843,0.07860682904720306
1474,0,background,0.914671003818512,0.914671003818512,0.001495943870395422,0.08395860344171524
1475,0,background,0.9181349277496338,0.9181349277496338,0.0015036859549582005,0.08048233389854431
1476,0,background,0.9198447465896606,0.9198447465896606,0.0015170852420851588,0.07875768095254898
1477,0,background,0.9260594844818115,0.9260594844818115,0.0014902239199727774,0.07255837321281433
1478,0,background,0.9290310144424438,0.9290310144424438,0.0014944829745218158,0.06957852840423584
1479,0,background,0.8209559321403503,0.8209559321403503,0.0014996834797784686,0.17781105637550354
1480,0,background,0.8344494104385376,0.8344494104385376,0.0014994635712355375,0.1642974317073822
1481,0,background,0.9398561716079712,0.9398561716079712,0.0014716330915689468,0.0587586984038353
1482,0,background,0.9331125617027283,0.9331125617027283,0.0014837754424661398,0.06550082564353943
1483,0,background,0.9257970452308655,0.9257970452308655,0.0014901557005941868,0.07282131910324097
1484,0,background,0.9415379166603088,0.9415379166603088,0.0014715377474203706,0.05707452818751335
1485,0,background,0.8186256289482117,0.8186256289482117,0.0014991352800279856,0.18014530837535858
1486,0,background,0.807949960231781,0.807949960231781,0.0014991643838584423,0.19083698093891144
1487,0,background,0.9268083572387695,0.9268083572387695,0.0014945371076464653,0.07180441170930862
1488,0,background,0.904238224029541,0.904238224029541,0.001635940046980977,0.09428007155656815
1489,2,surface_feature,0.6274634003639221,0.3719676733016968,0.0015271534211933613,0.6274634003639221
1490,2,surface_feature,0.627282977104187,0.3721477687358856,0.0015273336321115494,0.627282977104187
1491,0,background,0.8515477776527405,0.8515477776527405,0.001557789626531303,0.14712363481521606
1492,2,surface_feature,0.6029297113418579,0.39646315574645996,0.0015290187438949943,0.6029297113418579
1493,0,background,0.84884113073349,0.84884113073349,0.001557425712235272,0.1498347967863083
1494,2,surface_feature,0.6243168711662292,0.3751087486743927,0.0015288942959159613,0.6243168711662292
1495,0,background,0.858448326587677,0.858448326587677,0.001558769028633833,0.14021146297454834
1496,2,surface_feature,0.6008694171905518,0.39852020144462585,0.0015292721800506115,0.6008694171905518
1497,0,background,0.8557498455047607,0.8557498455047607,0.001558337127789855,0.1429145336151123
1498,2,surface_feature,0.6253518462181091,0.3740755617618561,0.001528372522443533,0.6253518462181091
1499,2,surface_feature,0.6257199645042419,0.3737080693244934,0.0015282095409929752,0.6257199645042419
1500,2,surface_feature,0.6260782480239868,0.3733503818511963,0.0015280494699254632,0.6260782480239868
1501,2,surface_feature,0.6263630390167236,0.3730660676956177,0.0015278864884749055,0.6263630390167236
1502,2,surface_feature,0.6266198754310608,0.3728097081184387,0.0015277222264558077,0.6266198754310608
1503,2,surface_feature,0.6268670558929443,0.372562974691391,0.001527557848021388,0.6268670558929443
1504,2,surface_feature,0.6251675486564636,0.37425947189331055,0.0015286183916032314,0.6251675486564636
1505,2,surface_feature,0.6254175901412964,0.3740098774433136,0.0015284226974472404,0.6254175901412964
1506,2,surface_feature,0.6214870810508728,0.3779338002204895,0.0015299960505217314,0.6214870810508728
1507,2,surface_feature,0.6260863542556763,0.37334227561950684,0.0015280595980584621,0.6260863542556763
1508,2,surface_feature,0.6264551877975464,0.37297406792640686,0.001527881482616067,0.6264551877975464
1509,2,surface_feature,0.6268242001533508,0.37260568141937256,0.0015276995254680514,0.6268242001533508
1510,2,surface_feature,0.6270778775215149,0.3723524808883667,0.0015275176847353578,0.6270778775215149
1511,2,surface_feature,0.6450392007827759,0.35442209243774414,0.0015176443848758936,0.6450392007827759
1512,2,surface_feature,0.6412824988365173,0.3581734895706177,0.0015165479853749275,0.6412824988365173
1513,2,surface_feature,0.6413508057594299,0.35810548067092896,0.0015159912873059511,0.6413508057594299
1514,2,surface_feature,0.6359818577766418,0.36346086859703064,0.0015308849979192019,0.6359818577766418
1515,2,surface_feature,0.6355495452880859,0.36389243602752686,0.0015311328461393714,0.6355495452880859
1516,2,surface_feature,0.6352129578590393,0.36422842741012573,0.0015313501935452223,0.6352129578590393
1517,2,surface_feature,0.6020187139511108,0.39737534523010254,0.0015225302195176482,0.6020187139511108
1518,2,surface_feature,0.6338954567909241,0.3655436635017395,0.0015320166712626815,0.6338954567909241
1519,2,surface_feature,0.6343663334846497,0.3650735914707184,0.0015317949000746012,0.6343663334846497
1520,2,surface_feature,0.6348075866699219,0.36463311314582825,0.001531570334918797,0.6348075866699219
1521,2,surface_feature,0.6352119445800781,0.3642294406890869,0.0015313414623960853,0.6352119445800781
1522,2,surface_feature,0.63558429479599,0.3638577461242676,0.0015311184106394649,0.63558429479599
1523,2,surface_feature,0.6359735131263733,0.3634692132472992,0.0015308777801692486,0.6359735131263733
1524,2,surface_feature,0.6362884640693665,0.3631548285484314,0.0015306372661143541,0.6362884640693665
1525,2,surface_feature,0.6365330815315247,0.362910658121109,0.0015303996624425054,0.6365330815315247
1526,2,surface_feature,0.6368467807769775,0.3625975251197815,0.0015301592648029327,0.6368467807769775
1527,2,surface_feature,0.6371587514877319,0.36228612065315247,0.0015299232909455895,0.6371587514877319
1528,2,surface_feature,0.6374735832214355,0.3619718551635742,0.0015296785859391093,0.6374735832214355
1529,2,surface_feature,0.6377794146537781,0.36166661977767944,0.001529418514110148,0.6377794146537781
1530,2,surface_feature,0.6124902367591858,0.38692086935043335,0.0015197072643786669,0.6124902367591858
1531,2,surface_feature,0.6385875940322876,0.36086007952690125,0.0015282037202268839,0.6385875940322876
1532,2,surface_feature,0.6389948725700378,0.36045366525650024,0.0015275562182068825,0.6389948725700378
1533,2,surface_feature,0.6392854452133179,0.3601636588573456,0.0015272346790879965,0.6392854452133179
1534,2,surface_feature,0.6395419239997864,0.35990768671035767,0.0015269155846908689,0.6395419239997864
1535,2,surface_feature,0.6398034691810608,0.35964664816856384,0.0015265747206285596,0.6398034691810608
1536,2,surface_feature,0.6400843858718872,0.3593662977218628,0.0015262237284332514,0.6400843858718872
1537,2,surface_feature,0.6403712034225464,0.359080046415329,0.0015258677303791046,0.6403712034225464
1538,2,surface_feature,0.6406450867652893,0.35880669951438904,0.0015254978789016604,0.6406450867652893
1539,2,surface_feature,0.6408947110176086,0.3585576117038727,0.001525108702480793,0.6408947110176086
1540,2,surface_feature,0.6411177515983582,0.35833504796028137,0.0015247203409671783,0.6411177515983582
1541,2,surface_feature,0.6413763165473938,0.3580770194530487,0.001524321734905243,0.6413763165473938
1542,2,surface_feature,0.6244025826454163,0.37502822279930115,0.0015154472785070539,0.6244025826454163
1543,2,surface_feature,0.6419965028762817,0.3574584126472473,0.0015225425595417619,0.6419965028762817
1544,2,surface_feature,0.6420623064041138,0.3573928773403168,0.0015221432549878955,0.6420623064041138
1545,2,surface_feature,0.6421077847480774,0.3573475778102875,0.0015217605978250504,0.6421077847480774
1546,2,surface_feature,0.6421511173248291,0.3573044538497925,0.0015214027371257544,0.6421511173248291
1547,2,surface_feature,0.6310510039329529,0.3683866858482361,0.0015240750508382916,0.6310510039329529
1548,2,surface_feature,0.6344496011734009,0.36499378085136414,0.0015226404648274183,0.6344496011734009
1549,2,surface_feature,0.6425366997718811,0.35692012310028076,0.0015195005107671022,0.6425366997718811
1550,2,surface_feature,0.570816159248352,0.42854106426239014,0.0014976933598518372,0.570816159248352
1551,0,background,0.8955260515213013,0.8955260515213013,0.0014622971648350358,0.10316255688667297
1552,0,background,0.8966739773750305,0.8966739773750305,0.0014623572351410985,0.10201284289360046
1553,2,surface_feature,0.6014254689216614,0.39798012375831604,0.0014912956394255161,0.6014254689216614
1554,0,background,0.9021925926208496,0.9021925926208496,0.0014622011221945286,0.09648629277944565
1555,0,background,0.9021663069725037,0.9021663069725037,0.001462389132939279,0.09651246666908264
1556,2,surface_feature,0.6391216516494751,0.36032983660697937,0.0015198990004137158,0.6391216516494751
1557,2,surface_feature,0.6425139307975769,0.3569429814815521,0.0015192212304100394,0.6425139307975769
1558,2,surface_feature,0.6360580921173096,0.36338794231414795,0.0015221534995362163,0.6360580921173096
1559,2,surface_feature,0.6344588398933411,0.36498433351516724,0.0015232430305331945,0.6344588398933411
1560,0,background,0.822925865650177,0.822925865650177,0.0015525883063673973,0.17579448223114014
1561,2,surface_feature,0.6294060349464417,0.37002989649772644,0.0015220469795167446,0.6294060349464417
1562,0,background,0.8238515257835388,0.8238515257835388,0.0015527383657172322,0.17486721277236938
1563,2,surface_feature,0.7009187340736389,0.2986283302307129,0.0015144172357395291,0.7009187340736389
1564,2,surface_feature,0.7005900740623474,0.2989565432071686,0.0015142579795792699,0.7005900740623474
1565,2,surface_feature,0.700526237487793,0.29902034997940063,0.0015140235191211104,0.700526237487793
1566,2,surface_feature,0.6904122829437256,0.309124231338501,0.0014971414348110557,0.6904122829437256
1567,2,surface_feature,0.7005999088287354,0.2989465892314911,0.0015146969817578793,0.7005999088287354
1568,2,surface_feature,0.7005923986434937,0.298954039812088,0.0015149120008572936,0.7005923986434937
1569,2,surface_feature,0.5133185386657715,0.48593077063560486,0.0015424443408846855,0.5133185386657715
1570,2,surface_feature,0.7004704475402832,0.2990754246711731,0.0015161002520471811,0.7004704475402832
1571,2,surface_feature,0.7003256678581238,0.29921969771385193,0.0015170946717262268,0.7003256678581238
1572,0,background,0.524046003818512,0.524046003818512,0.0015475236577913165,0.4751417636871338
1573,0,background,0.5003269910812378,0.5003269910812378,0.0015477542765438557,0.4988974332809448
1574,0,background,0.5065156817436218,0.5065156817436218,0.0015415927628055215,0.49270227551460266
1575,0,background,0.5394527316093445,0.5394527316093445,0.0015480961883440614,0.4597108066082001
1576,0,background,0.9361034631729126,0.9361034631729126,0.001492274459451437,0.0624975711107254
1577,0,background,0.9509989619255066,0.9509989619255066,0.0014668829971924424,0.047603998333215714
1578,0,background,0.9512062668800354,0.9512062668800354,0.001476375968195498,0.04738737270236015
1579,0,background,0.9504477381706238,0.9504477381706238,0.0014856297057121992,0.04813816770911217
1580,0,background,0.9319353103637695,0.9319353103637695,0.0014853234170004725,0.06667842715978622
1581,1,rivet,0.998792290687561,0.0011430092854425311,0.998792290687561,0.053572554141283035
1582,1,rivet,0.9988219141960144,0.0010839870665222406,0.9988219141960144,0.07987426966428757
1583,1,rivet,0.9987900853157043,0.0011442189570516348,0.9987900853157043,0.05429786443710327
1584,1,rivet,0.9987887740135193,0.0011448964942246675,0.9987887740135193,0.05476225167512894
1585,1,rivet,0.9988064765930176,0.0011253574630245566,0.9988064765930176,0.057113151997327805
1586,1,rivet,0.9988119602203369,0.00111774995457381,0.9988119602203369,0.05916457995772362
1587,1,rivet,0.9988222718238831,0.0010741911828517914,0.9988222718238831,0.0879124104976654
1588,1,rivet,0.9988065958023071,0.001124202273786068,0.9988065958023071,0.0579870231449604
1589,0,background,0.9094366431236267,0.9094366431236267,0.0017769783735275269,0.0889444425702095
1590,0,background,0.9168738722801208,0.9168738722801208,0.0017024980625137687,0.08156250417232513
1591,0,background,0.8772192001342773,0.8772192001342773,0.0014858327340334654,0.1214754655957222
1592,0,background,0.9554734826087952,0.9554734826087952,0.001488913199864328,0.04310179129242897
1593,0,background,0.8693919777870178,0.8693919777870178,0.0014892464969307184,0.12931139767169952
1594,0,background,0.9551355242729187,0.9551355242729187,0.0014932339545339346,0.043436095118522644
1595,0,background,0.9392395615577698,0.9392395615577698,0.0014714866410940886,0.05937638878822327
1596,0,background,0.6778668165206909,0.6778668165206909,0.0015074564144015312,0.32110974192619324
1597,0,background,0.9395127892494202,0.9395127892494202,0.0014942303532734513,0.05908125638961792
1598,2,surface_feature,0.5020894408226013,0.4971591830253601,0.0015090858796611428,0.5020894408226013
1599,0,background,0.6961054801940918,0.6961054801940918,0.001492285868152976,0.3028542101383209
1600,2,surface_feature,0.5380770564079285,0.4612257182598114,0.001509348163381219,0.5380770564079285
1601,0,background,0.8911800384521484,0.8911800384521484,0.001467107911594212,0.10751057416200638
1602,0,background,0.8880615234375,0.8880615234375,0.0014670296804979444,0.11063370853662491
1603,0,background,0.9397209882736206,0.9397209882736206,0.0015188073739409447,0.05884961783885956
1604,0,background,0.9284475445747375,0.9284475445747375,0.0015104170888662338,0.07014802098274231
1605,0,background,0.9418076872825623,0.9418076872825623,0.0015232930891215801,0.05675541236996651
1606,0,background,0.9272449016571045,0.9272449016571045,0.001509904395788908,0.07135294377803802
1607,0,background,0.9563419818878174,0.9563419818878174,0.001471459399908781,0.04224875569343567
1608,0,background,0.9492166042327881,0.9492166042327881,0.0014847846468910575,0.04937192425131798
1609,0,background,0.9562926292419434,0.9562926292419434,0.0014751378912478685,0.04229463264346123
1610,0,background,0.9501171112060547,0.9501171112060547,0.0014904382405802608,0.04846469685435295
1611,2,surface_feature,0.5372426509857178,0.4620588719844818,0.0015093667898327112,0.5372426509857178
1612,0,background,0.5477707386016846,0.5477707386016846,0.0014957792591303587,0.4514086842536926
1613,2,surface_feature,0.5334416031837463,0.46585407853126526,0.001509611844085157,0.5334416031837463
1614,0,background,0.5477247834205627,0.5477247834205627,0.0014958532992750406,0.45145469903945923
1615,0,background,0.9555822610855103,0.9555822610855103,0.0014875669730827212,0.04299413040280342
1616,0,background,0.8766282796859741,0.8766282796859741,0.001472532982006669,0.12207893282175064
1617,0,background,0.9552612900733948,0.9552612900733948,0.001491971081122756,0.04331137239933014
1618,0,background,0.8680798411369324,0.8680798411369324,0.0014752544229850173,0.13063760101795197
1619,0,background,0.9501474499702454,0.9501474499702454,0.0014668760122731328,0.04845681041479111
1620,0,background,0.930205225944519,0.930205225944519,0.0015231958823278546,0.06837572157382965
1621,0,background,0.9506941437721252,0.9506941437721252,0.001473145210184157,0.047903288155794144
1622,0,background,0.9308223724365234,0.9308223724365234,0.0015257623745128512,0.06775523722171783
1623,2,surface_feature,0.7037301063537598,0.29582658410072327,0.0014962656423449516,0.7037301063537598
1624,0,background,0.9490694403648376,0.9490694403648376,0.0014851720770820975,0.049518927931785583
1625,0,background,0.9563831686973572,0.9563831686973572,0.0014709605602547526,0.04220793768763542
1626,0,background,0.9499973654747009,0.9499973654747009,0.0014907738659530878,0.04858426749706268
1627,0,background,0.956326961517334,0.956326961517334,0.0014746998203918338,0.04226072132587433
1628,0,background,0.930212140083313,0.930212140083313,0.0015231219585984945,0.06836885958909988
1629,0,background,0.9501082897186279,0.9501082897186279,0.0014669605297967792,0.048495903611183167
1630,0,background,0.9308233261108398,0.9308233261108398,0.0015256789047271013,0.06775430589914322
1631,0,background,0.9506592750549316,0.9506592750549316,0.0014732209965586662,0.04793811962008476
1632,0,background,0.9215983152389526,0.9215983152389526,0.0015182839706540108,0.07700025290250778
1633,0,background,0.9197415709495544,0.9197415709495544,0.0015158411115407944,0.07886213064193726
1634,0,background,0.9213879108428955,0.9213879108428955,0.00151917920447886,0.0772101879119873
1635,0,background,0.9214581251144409,0.9214581251144409,0.0015196450985968113,0.0771394744515419
1636,0,background,0.9214200973510742,0.9214200973510742,0.0015195540618151426,0.07717766612768173
1637,0,background,0.9213707447052002,0.9213707447052002,0.0015192074934020638,0.07722735404968262
1638,0,background,0.9213960766792297,0.9213960766792297,0.001518505858257413,0.07720266282558441
1639,0,background,0.9215846061706543,0.9215846061706543,0.001517971744760871,0.07701433449983597
1640,0,background,0.9216743111610413,0.9216743111610413,0.0015176227316260338,0.0769248679280281
1641,0,background,0.9214611649513245,0.9214611649513245,0.001518928911536932,0.07713712751865387
1642,0,background,0.9215331673622131,0.9215331673622131,0.0015175308799371123,0.07706622034311295
1643,0,background,0.9215611815452576,0.9215611815452576,0.001518939039669931,0.07703688740730286
1644,0,background,0.9216594696044922,0.9216594696044922,0.0015175389125943184,0.07693976908922195
1645,0,background,0.9214420914649963,0.9214420914649963,0.0015184618532657623,0.07715661823749542
1646,0,background,0.921660304069519,0.921660304069519,0.0015178604517132044,0.07693862169981003
1647,0,background,0.8764470219612122,0.8764470219612122,0.0015081169549375772,0.12222923338413239
1648,0,background,0.8774454593658447,0.8774454593658447,0.0015084543265402317,0.12122894078493118
1649,0,background,0.8979675769805908,0.8979675769805908,0.0015074729453772306,0.10067671537399292
1650,0,background,0.8897148370742798,0.8897148370742798,0.0015065035549923778,0.10894282162189484
1651,0,background,0.8797370791435242,0.8797370791435242,0.0015036428812891245,0.11893808841705322
1652,0,background,0.9215802550315857,0.9215802550315857,0.0015181119088083506,0.07701856642961502
1653,0,background,0.8768598437309265,0.8768598437309265,0.00150768191087991,0.12181609123945236
1654,0,background,0.8778253793716431,0.8778253793716431,0.0015080234734341502,0.12084882706403732
1655,0,background,0.898251473903656,0.898251473903656,0.001507009961642325,0.10039281845092773
1656,0,background,0.8900412917137146,0.8900412917137146,0.0015060806181281805,0.10861621052026749
1657,0,background,0.8800537586212158,0.8800537586212158,0.0015035356627777219,0.11862104386091232
1658,0,background,0.9210883378982544,0.9210883378982544,0.0015179162146523595,0.07751144468784332
1659,0,background,0.8776065111160278,0.8776065111160278,0.0015071951784193516,0.12106870114803314
1660,0,background,0.8780689835548401,0.8780689835548401,0.001507811015471816,0.12060506641864777
1661,0,background,0.8989207744598389,0.8989207744598389,0.0015064936596900225,0.09972289949655533
1662,0,background,0.8902230858802795,0.8902230858802795,0.0015058689750730991,0.10843431949615479
1663,0,background,0.8801340460777283,0.8801340460777283,0.0015034525422379375,0.1185407042503357
1664,0,background,0.9226402640342712,0.9226402640342712,0.0015210218261927366,0.07595419138669968
1665,0,background,0.8757319450378418,0.8757319450378418,0.0015073883114382625,0.12294594943523407
1666,0,background,0.8759212493896484,0.8759212493896484,0.0015083352336660028,0.1227555125951767
1667,0,background,0.8974762558937073,0.8974762558937073,0.0015068802749738097,0.10116934776306152
1668,0,background,0.8881268501281738,0.8881268501281738,0.001506543718278408,0.11053313314914703
1669,0,background,0.8801844120025635,0.8801844120025635,0.0015033967792987823,0.11849036812782288
1670,0,background,0.9211723804473877,0.9211723804473877,0.0015181017806753516,0.07742703706026077
1671,0,background,0.8768869042396545,0.8768869042396545,0.0015080436132848263,0.12178870290517807
1672,0,background,0.8782851099967957,0.8782851099967957,0.0015077305724844337,0.12038863450288773
1673,0,background,0.8986974358558655,0.8986974358558655,0.0015066512860357761,0.09994649887084961
1674,0,background,0.8893029093742371,0.8893029093742371,0.001506312284618616,0.10935552418231964
1675,0,background,0.8807004690170288,0.8807004690170288,0.0015033051604405046,0.11797358095645905
1676,0,background,0.8761793375015259,0.8761793375015259,0.0015075798146426678,0.12249771505594254
1677,0,background,0.8763478398323059,0.8763478398323059,0.0015085269697010517,0.12232816964387894
1678,0,background,0.8978821635246277,0.8978821635246277,0.0015069677028805017,0.1007627323269844
1679,0,background,0.8887730836868286,0.8887730836868286,0.001506596920080483,0.10988586395978928
1680,0,background,0.8801151514053345,0.8801151514053345,0.001503346604295075,0.11855968832969666
1681,0,background,0.8764479160308838,0.8764479160308838,0.0015079834265634418,0.12222837656736374
1682,0,background,0.8785189390182495,0.8785189390182495,0.0015076142735779285,0.12015454471111298
1683,0,background,0.8991327881813049,0.8991327881813049,0.001506500761024654,0.09951062500476837
1684,0,background,0.8897538185119629,0.8897538185119629,0.001506274682469666,0.1089039221405983
1685,0,background,0.8798831105232239,0.8798831105232239,0.0015033503295853734,0.1187921017408371
1686,0,background,0.8758912682533264,0.8758912682533264,0.0015083481557667255,0.12278559803962708
1687,0,background,0.8768482804298401,0.8768482804298401,0.0015086892526596785,0.12182683497667313
1688,0,background,0.8976742625236511,0.8976742625236511,0.0015076790004968643,0.10097024589776993
1689,0,background,0.8895349502563477,0.8895349502563477,0.0015066054183989763,0.10912282764911652
1690,0,background,0.8799517154693604,0.8799517154693604,0.0015033767558634281,0.11872337758541107
1691,0,background,0.8766284584999084,0.8766284584999084,0.0015079474542289972,0.12204767018556595
1692,0,background,0.8761746883392334,0.8761746883392334,0.001509253866970539,0.12250097095966339
1693,0,background,0.8986632227897644,0.8986632227897644,0.0015073157846927643,0.09998013079166412
1694,0,background,0.8885166645050049,0.8885166645050049,0.0015071651432663202,0.11014217883348465
1695,0,background,0.8795414566993713,0.8795414566993713,0.0015034511452540755,0.11913418769836426
1696,0,background,0.8758950233459473,0.8758950233459473,0.001508341054432094,0.12278180569410324
1697,0,background,0.8780349493026733,0.8780349493026733,0.0015079862205311656,0.12063897401094437
1698,0,background,0.8987945914268494,0.8987945914268494,0.0015069240471348166,0.0998489260673523
1699,0,background,0.8892860412597656,0.8892860412597656,0.0015066686319187284,0.10937206447124481
1700,0,background,0.8794186115264893,0.8794186115264893,0.0015035599935799837,0.11925708502531052
1701,0,background,0.876746654510498,0.876746654510498,0.0015078771393746138,0.12192936986684799
1702,0,background,0.8784154653549194,0.8784154653549194,0.0015077965799719095,0.12025801092386246
1703,0,background,0.8994349837303162,0.8994349837303162,0.0015064592007547617,0.09920801222324371
1704,0,background,0.8893659710884094,0.8893659710884094,0.0015065423212945461,0.10929210484027863
1705,0,background,0.8792452216148376,0.8792452216148376,0.0015036759432405233,0.11943074315786362
1706,0,background,0.8771768808364868,0.8771768808364868,0.0015077407006174326,0.12149851024150848
1707,0,background,0.877449095249176,0.877449095249176,0.0015086778439581394,0.12122512608766556
1708,0,background,0.8986175656318665,0.8986175656318665,0.0015071019297465682,0.10002604871988297
1709,0,background,0.8891457915306091,0.8891457915306091,0.001506781904026866,0.10951241105794907
1710,0,background,0.8796321153640747,0.8796321153640747,0.0015037604607641697,0.11904311180114746
1711,0,background,0.8771251440048218,0.8771251440048218,0.0015082532772794366,0.12154997140169144
1712,0,background,0.8776448369026184,0.8776448369026184,0.001508641173131764,0.1210290938615799
1713,0,background,0.89902263879776,0.89902263879776,0.0015069929650053382,0.099620521068573
1714,0,background,0.8879413604736328,0.8879413604736328,0.0015073624672368169,0.11071816831827164
1715,0,background,0.87971431016922,0.87971431016922,0.0015038420679047704,0.11896076798439026
1716,0,background,0.8765150308609009,0.8765150308609009,0.0015080658486112952,0.12216116487979889
1717,0,background,0.878739058971405,0.878739058971405,0.0015077205607667565,0.11993411183357239
1718,0,background,0.8990938663482666,0.8990938663482666,0.0015067389467731118,0.09954939037561417
1719,0,background,0.8894092440605164,0.8894092440605164,0.0015066169435158372,0.10924869775772095
1720,0,background,0.8790568113327026,0.8790568113327026,0.001503966748714447,0.11961910128593445
1721,0,background,0.8764992356300354,0.8764992356300354,0.0015087216161191463,0.12217643857002258
1722,0,background,0.8776184916496277,0.8776184916496277,0.00150850391946733,0.12105567008256912
1723,0,background,0.8986068367958069,0.8986068367958069,0.001507330103777349,0.10003665089607239
1724,0,background,0.8879664540290833,0.8879664540290833,0.0015074090333655477,0.11069295555353165
1725,0,background,0.8794588446617126,0.8794588446617126,0.0015039773425087333,0.11921647191047668
1726,0,background,0.875771164894104,0.875771164894104,0.0015090075321495533,0.12290531396865845
1727,0,background,0.8772875666618347,0.8772875666618347,0.0015086950734257698,0.12138690054416656
1728,0,background,0.8978710174560547,0.8978710174560547,0.0015077937860041857,0.10077311098575592
1729,0,background,0.8881205320358276,0.8881205320358276,0.0015074176480993629,0.11053869128227234
1730,0,background,0.8794108033180237,0.8794108033180237,0.0015039910795167089,0.11926454305648804
1731,0,background,0.8759296536445618,0.8759296536445618,0.0015083947218954563,0.12274706363677979
1732,0,background,0.8777112364768982,0.8777112364768982,0.0015083136968314648,0.12096291780471802
1733,0,background,0.8989439010620117,0.8989439010620117,0.0015071341767907143,0.09969919174909592
1734,0,background,0.8886656761169434,0.8886656761169434,0.0015071176458150148,0.10999299585819244
1735,0,background,0.8785679340362549,0.8785679340362549,0.001504014478996396,0.1201087161898613
1736,0,background,0.8751229643821716,0.8751229643821716,0.0015089098596945405,0.12355457246303558
1737,0,background,0.8759753108024597,0.8759753108024597,0.0015095608541741967,0.12270037084817886
1738,0,background,0.8971947431564331,0.8971947431564331,0.0015084148617461324,0.10144984722137451
1739,0,background,0.888177752494812,0.888177752494812,0.0015076142735779285,0.11048118025064468
1740,0,background,0.8790854215621948,0.8790854215621948,0.0015039186691865325,0.11959052830934525
1741,0,background,0.8746533989906311,0.8746533989906311,0.001509020454250276,0.12402472645044327
1742,0,background,0.8771545886993408,0.8771545886993408,0.0015082877362146974,0.12152040749788284
1743,0,background,0.8980023860931396,0.8980023860931396,0.0015078095020726323,0.10064156353473663
1744,0,background,0.8890434503555298,0.8890434503555298,0.0015070288209244609,0.10961469262838364
1745,0,background,0.878474235534668,0.878474235534668,0.001503879320807755,0.1202026754617691
1746,0,background,0.9152069091796875,0.9152069091796875,0.0015804418362677097,0.08334442228078842
1747,0,background,0.925818145275116,0.925818145275116,0.0016133361496031284,0.07268575578927994
1748,0,background,0.9216862916946411,0.9216862916946411,0.0015186644159257412,0.07691185176372528
1749,0,background,0.8751934766769409,0.8751934766769409,0.0015093502588570118,0.12348352372646332
1750,0,background,0.8780074715614319,0.8780074715614319,0.0015081873862072825,0.12066631019115448
1751,0,background,0.8988707065582275,0.8988707065582275,0.0015071728266775608,0.09977249801158905
1752,0,background,0.8875917792320251,0.8875917792320251,0.001507619395852089,0.11106798052787781
1753,0,background,0.8794063329696655,0.8794063329696655,0.001503734732978046,0.11926933377981186
1754,0,background,0.9536950588226318,0.9536950588226318,0.001517620636150241,0.04485540837049484
1755,0,background,0.954326331615448,0.954326331615448,0.0014982817228883505,0.04424167424440384
1756,2,surface_feature,0.7028353214263916,0.2967144250869751,0.0015151455299928784,0.7028353214263916
1757,2,surface_feature,0.7028303146362305,0.29671940207481384,0.0015151910483837128,0.7028303146362305
1758,2,surface_feature,0.7192453742027283,0.28034037351608276,0.0014755347510799766,0.7192453742027283
1759,2,surface_feature,0.7127192616462708,0.28685516119003296,0.0014813726302236319,0.7127192616462708
1760,2,surface_feature,0.7184821963310242,0.2811015546321869,0.001478620688430965,0.7184821963310242
1761,2,surface_feature,0.7126868367195129,0.2868875563144684,0.0014813471352681518,0.7126868367195129
1762,2,surface_feature,0.7192586064338684,0.2803271412849426,0.0014755157753825188,0.7192586064338684
1763,2,surface_feature,0.7123274803161621,0.28724634647369385,0.0014813895104452968,0.7123274803161621
1764,2,surface_feature,0.7180386185646057,0.28154444694519043,0.001478696707636118,0.7180386185646057
1765,2,surface_feature,0.7123138904571533,0.28725993633270264,0.0014814226888120174,0.7123138904571533
1766,2,surface_feature,0.6949760913848877,0.3045620918273926,0.0015140544855967164,0.6949760913848877
1767,2,surface_feature,0.6949894428253174,0.3045487701892853,0.001513997558504343,0.6949894428253174
1768,2,surface_feature,0.6867884993553162,0.31274792551994324,0.001480025122873485,0.6867884993553162
1769,2,surface_feature,0.6712211966514587,0.328291118144989,0.0014833458699285984,0.6712211966514587
1770,2,surface_feature,0.6887431740760803,0.31079715490341187,0.0014768462860956788,0.6887431740760803
1771,2,surface_feature,0.6726839542388916,0.32683053612709045,0.0014832569286227226,0.6726839542388916
1772,2,surface_feature,0.6883353590965271,0.31120339035987854,0.0014799815835431218,0.6883353590965271
1773,2,surface_feature,0.672916829586029,0.32659801840782166,0.0014832413289695978,0.672916829586029
1774,2,surface_feature,0.6888828277587891,0.31065770983695984,0.0014767949469387531,0.6888828277587891
1775,2,surface_feature,0.6713920831680298,0.32812049984931946,0.0014833325985819101,0.6713920831680298
