face_id,pred_label,pred_name,pred_confidence,prob_background,prob_rivet,prob_surface_feature
1,0,background,0.6638572812080383,0.6638572812080383,0.0013944674283266,0.33521568775177
2,0,background,0.89455246925354,0.89455246925354,0.0013942403020337,0.1041985973715782
3,0,background,0.7279167771339417,0.7279167771339417,0.001389359938912,0.2710705101490021
4,0,background,0.9681054949760436,0.9681054949760436,0.0013945217942819,0.030542604625225
5,0,background,0.7876508235931396,0.7876508235931396,0.0013878403697162,0.2112545222043991
6,0,background,0.9330981373786926,0.9330981373786926,0.0014099973486736,0.0655842870473861
7,0,background,0.8678383231163025,0.8678383231163025,0.0014185624895617,0.1309288144111633
8,0,background,0.8953140377998352,0.8953140377998352,0.0013942716177552,0.1034359484910965
9,0,background,0.8448907136917114,0.8448907136917114,0.0014187090564519,0.1539089083671569
10,0,background,0.7898848652839661,0.7898848652839661,0.0013857372105121,0.2090190052986145
11,0,background,0.6334520578384399,0.6334520578384399,0.0013929901178926,0.3656643629074096
12,0,background,0.9683558344841005,0.9683558344841005,0.0013950027059763,0.0302914232015609
13,0,background,0.9695290923118592,0.9695290923118592,0.0013794013066217,0.0291316322982311
14,0,background,0.931862473487854,0.931862473487854,0.0013877643505111,0.0668425112962722
15,0,background,0.9032648801803588,0.9032648801803588,0.0013860902981832,0.0954813361167907
16,0,background,0.8703837394714355,0.8703837394714355,0.0014168741181492,0.1283813267946243
17,0,background,0.9549589157104492,0.9549589157104492,0.001394594903104,0.0437075123190879
18,0,background,0.933657169342041,0.933657169342041,0.0014105392619967,0.065024048089981
19,0,background,0.9039869904518129,0.9039869904518129,0.0013857312733307,0.0947585776448249
20,0,background,0.8721466064453125,0.8721466064453125,0.0014223462203517,0.1266110986471176
21,0,background,0.9320410490036012,0.9320410490036012,0.0013879740145057,0.0666635036468505
22,0,background,0.82826828956604,0.82826828956604,0.0013836728176102,0.1705841124057769
23,0,background,0.8290838599205017,0.8290838599205017,0.0013832944678142,0.169767677783966
24,0,background,0.8658277988433838,0.8658277988433838,0.0014210471417754,0.1329400837421417
25,0,background,0.8343526124954224,0.8343526124954224,0.0013872397830709,0.1644883304834365
26,0,background,0.8352104425430298,0.8352104425430298,0.001386824529618,0.1636296212673187
27,0,background,0.8590693473815918,0.8590693473815918,0.0014216473791748,0.1397076398134231
28,0,background,0.8233821988105774,0.8233821988105774,0.0013829902745783,0.1754774749279022
29,0,background,0.8247303366661072,0.8247303366661072,0.0013826702488586,0.1741277426481247
30,0,background,0.8660686016082764,0.8660686016082764,0.001413085614331,0.1327058225870132
31,0,background,0.8359235525131226,0.8359235525131226,0.001385920564644,0.1629163175821304
32,0,background,0.8370550274848938,0.8370550274848938,0.0013854778371751,0.161783680319786
33,0,background,0.8651027679443359,0.8651027679443359,0.0014227376086637,0.1336646825075149
34,0,background,0.812343180179596,0.812343180179596,0.0013803862966597,0.1865339279174804
35,0,background,0.813825249671936,0.813825249671936,0.0013801970053464,0.1850499659776687
36,0,background,0.8216173052787781,0.8216173052787781,0.0014192145317792,0.1772149801254272
37,0,background,0.8202186822891235,0.8202186822891235,0.0013885212829336,0.1786408722400665
38,0,background,0.820816159248352,0.820816159248352,0.001388314878568,0.1780426949262619
39,0,background,0.8991356492042542,0.8991356492042542,0.0014182991581037,0.0995873063802719
40,0,background,0.761133074760437,0.761133074760437,0.00138527341187,0.2378111034631729
41,0,background,0.7618363499641418,0.7618363499641418,0.0013851019321009,0.23710697889328
42,0,background,0.8337233066558838,0.8337233066558838,0.0013961603399366,0.1651110351085662
43,0,background,0.7954590916633606,0.7954590916633606,0.0013918192125856,0.2034321725368499
44,0,background,0.8545796871185303,0.8545796871185303,0.0013971632579341,0.1442246288061142
45,0,background,0.8103986978530884,0.8103986978530884,0.0013874558499082,0.1884752959012985
46,0,background,0.8104013800621033,0.8104013800621033,0.0013874571304768,0.1884726136922836
47,0,background,0.8544855117797852,0.8544855117797852,0.0013971586013212,0.144319012761116
48,0,background,0.7951222658157349,0.7951222658157349,0.0013917700853198,0.2037695348262787
49,0,background,0.833629310131073,0.833629310131073,0.0013961443910375,0.1652052253484726
50,0,background,0.9729319214820862,0.9729319214820862,0.0014246627688407,0.0256800167262554
51,1,rivet,0.9989044666290284,0.0010475211311131,0.9989044666290284,0.043825440108776
52,0,background,0.8504900336265564,0.8504900336265564,0.0028773695230484,0.1470557600259781
53,1,rivet,0.9988390803337096,0.0011181297013536,0.9988390803337096,0.0368586890399456
54,0,background,0.6449857950210571,0.6449857950210571,0.0014044216368347,0.3541070818901062
55,0,background,0.973667860031128,0.973667860031128,0.0014193422393873,0.0249481871724128
56,1,rivet,0.9983935952186584,0.0015563445631414,0.9983935952186584,0.0311628561466932
57,0,background,0.6358298659324646,0.6358298659324646,0.0014067983720451,0.3632743954658508
58,1,rivet,0.9983468055725098,0.0016021450283005,0.9983468055725098,0.0308792628347873
59,0,background,0.9732435941696168,0.9732435941696168,0.0014255851274356,0.0253670327365398
60,1,rivet,0.9989193677902222,0.001039286260493,0.9989193677902222,0.0382609516382217
61,1,rivet,0.9989194869995116,0.0010391753166913,0.9989194869995116,0.0382574349641799
62,1,rivet,0.9989193677902222,0.0010392877738922,0.9989193677902222,0.0382595360279083
63,1,rivet,0.9989193677902222,0.0010392880067229,0.9989193677902222,0.0382592789828777
64,1,rivet,0.9989193677902222,0.0010392899857833,0.9989193677902222,0.0382574275135993
65,1,rivet,0.9989193677902222,0.0010392864933237,0.9989193677902222,0.0382606722414493
66,1,rivet,0.9989079236984252,0.0010450347326695,0.9989079236984252,0.0430753864347934
67,1,rivet,0.9989116191864014,0.0010422512423247,0.9989116191864014,0.0423836931586265
68,1,rivet,0.9989172220230104,0.0010400358587503,0.9989172220230104,0.0394744724035263
69,1,rivet,0.9989172220230104,0.0010400362079963,0.9989172220230104,0.0394742116332054
70,1,rivet,0.9989172220230104,0.0010400367900729,0.9989172220230104,0.0394736677408218
71,1,rivet,0.9989172220230104,0.0010400371393188,0.9989172220230104,0.0394733771681785
72,1,rivet,0.9989172220230104,0.0010400364408269,0.9989172220230104,0.0394740402698516
73,1,rivet,0.9989172220230104,0.0010400364408269,0.9989172220230104,0.0394739881157875
74,1,rivet,0.998905062675476,0.0010471551213413,0.998905062675476,0.0436392500996589
75,0,background,0.6181137561798096,0.6181137561798096,0.0013932455331087,0.3810238242149353
76,0,background,0.8775659799575806,0.8775659799575806,0.0013821496395394,0.1212193816900253
77,0,background,0.8283112645149231,0.8283112645149231,0.001385943731293,0.1705391705036163
78,0,background,0.9075831770896912,0.9075831770896912,0.0013853295240551,0.0911577641963958
79,2,surface_feature,0.6760883331298828,0.3234521150588989,0.0014187976485118,0.6760883331298828
80,0,background,0.565962553024292,0.565962553024292,0.0013886694796383,0.4332503974437713
81,0,background,0.6313252449035645,0.6313252449035645,0.0013911791611462,0.3677952587604522
82,0,background,0.6718646883964539,0.6718646883964539,0.0013866745866835,0.3272022902965545
83,0,background,0.7442662715911865,0.7442662715911865,0.0013872392009943,0.2546998262405395
84,0,background,0.6583804488182068,0.6583804488182068,0.0013860691105946,0.3407057523727417
85,0,background,0.6510114073753357,0.6510114073753357,0.0013873706338927,0.3480841517448425
86,0,background,0.634554922580719,0.634554922580719,0.0013871757546439,0.3645635843276977
87,0,background,0.6677729487419128,0.6677729487419128,0.0013856427976861,0.3313004672527313
88,0,background,0.6374456882476807,0.6374456882476807,0.0013876924058422,0.3616684973239898
89,0,background,0.7344717979431152,0.7344717979431152,0.0013866613153368,0.2645083963871002
90,0,background,0.6901382803916931,0.6901382803916931,0.0013810804812237,0.3089073002338409
91,0,background,0.6894359588623047,0.6894359588623047,0.0013808675576001,0.3096106946468353
92,0,background,0.737064003944397,0.737064003944397,0.0013867267407476,0.2619124948978424
93,0,background,0.6376548409461975,0.6376548409461975,0.0013876990415155,0.3614590466022491
94,0,background,0.667917788028717,0.667917788028717,0.0013856658479198,0.3311554193496704
95,0,background,0.6367278099060059,0.6367278099060059,0.0013872181298211,0.3623876273632049
96,0,background,0.6343835592269897,0.6343835592269897,0.0013874664437025,0.3647350370883941
97,0,background,0.6474263668060303,0.6474263668060303,0.0013878926401957,0.3516738414764404
98,0,background,0.9398990273475648,0.9398990273475648,0.0013886060332879,0.0587940365076065
99,0,background,0.8655340671539307,0.8655340671539307,0.0013847518712282,0.1332657635211944
100,0,background,0.8827738165855408,0.8827738165855408,0.001382331829518,0.1160041838884353
101,0,background,0.821360170841217,0.821360170841217,0.001398796099238,0.1774893105030059
102,0,background,0.791018009185791,0.791018009185791,0.0013987768907099,0.2078739404678344
103,0,background,0.8511202931404114,0.8511202931404114,0.0013930331915616,0.1476924270391464
104,0,background,0.8895730972290039,0.8895730972290039,0.0013953455490991,0.1091839000582695
105,0,background,0.8298602104187012,0.8298602104187012,0.0014011700404807,0.1689753830432891
106,0,background,0.8352084755897522,0.8352084755897522,0.0013968679122626,0.1636232286691665
107,0,background,0.7964382171630859,0.7964382171630859,0.0013919094344601,0.2024517208337783
108,0,background,0.8484267592430115,0.8484267592430115,0.0014009698061272,0.1503829658031463
109,0,background,0.8186153769493103,0.8186153769493103,0.0013995949411764,0.1802372634410858
110,0,background,0.9050511717796326,0.9050511717796326,0.0014230256201699,0.0936591029167175
111,0,background,0.8810595273971558,0.8810595273971558,0.0014024288393557,0.1177031025290489
112,0,background,0.8810983896255493,0.8810983896255493,0.0014023554977029,0.1176642477512359
113,0,background,0.9050540924072266,0.9050540924072266,0.0014229490188881,0.0936562642455101
114,0,background,0.8187313079833984,0.8187313079833984,0.0013995430199429,0.1801212280988693
115,0,background,0.8484145998954773,0.8484145998954773,0.0014008764410391,0.1503952294588089
116,0,background,0.796481192111969,0.796481192111969,0.0013919066404923,0.2024086862802505
117,0,background,0.8352410197257996,0.8352410197257996,0.0013968480052426,0.1635906398296356
118,0,background,0.82575523853302,0.82575523853302,0.001400924520567,0.1730862855911255
119,0,background,0.8896697163581848,0.8896697163581848,0.0013953715097159,0.1090871468186378
120,0,background,0.8511357307434082,0.8511357307434082,0.0013930419227108,0.1476769298315048
121,0,background,0.790985643863678,0.790985643863678,0.0013987781712785,0.2079063355922699
122,0,background,0.8217918276786804,0.8217918276786804,0.0013988075079396,0.1770570129156112
123,0,background,0.955881416797638,0.955881416797638,0.0014127667527645,0.0427662618458271
124,0,background,0.8431841135025024,0.8431841135025024,0.0014206817140802,0.1556162536144256
125,0,background,0.8675341606140137,0.8675341606140137,0.0014118454419076,0.1312393099069595
126,0,background,0.8670403957366943,0.8670403957366943,0.0014158565318211,0.131730243563652
127,0,background,0.8445665836334229,0.8445665836334229,0.001419018022716,0.1542332619428634
128,0,background,0.9582537412643432,0.9582537412643432,0.0014133373042568,0.0403899885714054
129,1,rivet,0.9988309741020204,0.0011195275001227,0.9988309741020204,0.0423416048288345
130,1,rivet,0.998840630054474,0.0011101979762315,0.998840630054474,0.0424126759171485
131,0,background,0.7762579917907715,0.7762579917907715,0.001374869258143,0.2226732671260833
132,0,background,0.7814170718193054,0.7814170718193054,0.0013753295643255,0.2175067514181137
133,0,background,0.8255285024642944,0.8255285024642944,0.0013792915269732,0.1733312755823135
134,0,background,0.7934921979904175,0.7934921979904175,0.001378804212436,0.205412283539772
135,0,background,0.0010766721097752,0.0010766721097752,0.9988662004470824,0.0503858588635921
136,1,rivet,0.998842716217041,0.001115397317335,0.998842716217041,0.036193698644638
137,1,rivet,0.9988467693328856,0.0011121182469651,0.9988467693328856,0.0356498025357723
138,0,background,0.0010731706861406,0.0010731706861406,0.9988646507263184,0.0547660514712333
139,1,rivet,0.9988402724266052,0.0011171649675816,0.9988402724266052,0.0367005579173564
140,0,background,0.8697771430015564,0.8697771430015564,0.0014041574904695,0.1289998143911361
141,0,background,0.9729892015457152,0.9729892015457152,0.0016843163175508,0.0253692250698804
142,0,background,0.850496768951416,0.850496768951416,0.001404944807291,0.1483066827058792
143,0,background,0.9717929363250732,0.9717929363250732,0.0014621587470173,0.0267840381711721
144,0,background,0.9657835364341736,0.9657835364341736,0.0014016358181834,0.0328608825802803
145,0,background,0.9723553657531738,0.9723553657531738,0.001486045657657,0.026197487488389
146,0,background,0.938370168209076,0.938370168209076,0.0014364811358973,0.0602799355983734
147,0,background,0.9717808961868286,0.9717808961868286,0.0014635280240327,0.0267947725951671
148,0,background,0.8505328297615051,0.8505328297615051,0.0014049554010853,0.1482705473899841
149,0,background,0.9659000635147096,0.9659000635147096,0.001403311965987,0.0327425822615623
150,0,background,0.9723583459854126,0.9723583459854126,0.0014864702243357,0.026194117963314
151,0,background,0.9385984539985656,0.9385984539985656,0.0014184288447722,0.0600683130323886
152,0,background,0.869633138179779,0.869633138179779,0.0013951077125966,0.1291519403457641
153,0,background,0.8700464963912964,0.8700464963912964,0.0014259421732276,0.1287111043930053
154,0,background,0.9360476732254028,0.9360476732254028,0.0014182626036927,0.0626229047775268
155,0,background,0.8753014206886292,0.8753014206886292,0.0013902148930355,0.1234800145030021
156,0,background,0.9143420457839966,0.9143420457839966,0.0014286803780123,0.0843498185276985
157,0,background,0.9730896949768066,0.9730896949768066,0.0014318900648504,0.0255149565637111
158,0,background,0.7080596089363098,0.7080596089363098,0.001392861478962,0.2909528315067291
159,0,background,0.9723610281944276,0.9723610281944276,0.001394584425725,0.0262810494750738
160,0,background,0.9722692966461182,0.9722692966461182,0.0013962906086817,0.0263712275773286
161,0,background,0.9555689096450806,0.9555689096450806,0.0014136563986539,0.0430783703923225
162,0,background,0.80551677942276,0.80551677942276,0.0013982268283143,0.1933553665876388
163,0,background,0.895429253578186,0.895429253578186,0.0013940419303253,0.1033207476139068
164,0,background,0.8863121271133423,0.8863121271133423,0.0014084123540669,0.1124378219246864
165,0,background,0.9011698365211488,0.9011698365211488,0.0014116787351667,0.0975562185049057
166,0,background,0.901862621307373,0.901862621307373,0.0014099590480327,0.0968639627099037
167,0,background,0.8877414464950562,0.8877414464950562,0.0014078250387683,0.1110070496797561
168,0,background,0.898208498954773,0.898208498954773,0.0013926458777859,0.1005388796329498
169,0,background,0.8098194003105164,0.8098194003105164,0.0013985690893605,0.1890464425086975
170,0,background,0.7816235423088074,0.7816235423088074,0.0013971379958093,0.2172828614711761
171,0,background,0.7895318269729614,0.7895318269729614,0.0013927499530836,0.2093670666217804
172,0,background,0.7886385917663574,0.7886385917663574,0.0014027134748175,0.2102535963058471
173,0,background,0.7925249338150024,0.7925249338150024,0.001398469088599,0.2063652575016021
174,0,background,0.7081198692321777,0.7081198692321777,0.0013863906497135,0.290897011756897
175,0,background,0.7290690541267395,0.7290690541267395,0.0013936494942754,0.2699134647846222
176,0,background,0.7177094221115112,0.7177094221115112,0.0013904764782637,0.2812912166118622
177,0,background,0.7176964282989502,0.7176964282989502,0.0013904770603403,0.2813042402267456
178,0,background,0.7284212708473206,0.7284212708473206,0.001393680809997,0.2705621123313904
179,0,background,0.7080556154251099,0.7080556154251099,0.0013864057837054,0.2909613847732544
180,0,background,0.790521502494812,0.790521502494812,0.0013986396370455,0.2083712667226791
181,0,background,0.7884370684623718,0.7884370684623718,0.0014027361758053,0.2104554176330566
182,0,background,0.651920735836029,0.651920735836029,0.0014128609327599,0.3471569120883941
183,0,background,0.7905266880989075,0.7905266880989075,0.0014020069502294,0.2083633840084076
184,0,background,0.9662240743637084,0.9662240743637084,0.0013844681670889,0.0324363373219966
185,0,background,0.6565053462982178,0.6565053462982178,0.001413254532963,0.342565506696701
186,0,background,0.783839225769043,0.783839225769043,0.0014012040337547,0.2150609642267227
187,0,background,0.965995728969574,0.965995728969574,0.001384595525451,0.0326648876070976
188,0,background,0.9735994338989258,0.9735994338989258,0.0014131813077256,0.0250227469950914
189,0,background,0.8109204173088074,0.8109204173088074,0.0014306313823908,0.1879177540540695
190,0,background,0.7980905175209045,0.7980905175209045,0.0014289253158494,0.2007674425840377
191,0,background,0.8320045471191406,0.8320045471191406,0.0014335908927023,0.1668009907007217
192,0,background,0.9346404671669006,0.9346404671669006,0.0013977726921439,0.0640512928366661
193,0,background,0.9346761703491212,0.9346761703491212,0.0013975710608065,0.0640157237648963
194,0,background,0.829125165939331,0.829125165939331,0.0014336379244923,0.1696844846010208
195,0,background,0.9656746983528136,0.9656746983528136,0.0013939415803179,0.0329773165285587
196,0,background,0.9184206128120422,0.9184206128120422,0.0014272102853283,0.0802667066454887
197,0,background,0.8846015930175781,0.8846015930175781,0.0014171447837725,0.1141429990530014
198,0,background,0.9694317579269408,0.9694317579269408,0.0013776894193142,0.0292308423668146
199,0,background,0.918700397014618,0.918700397014618,0.0014280839823186,0.0799857452511787
200,0,background,0.8818724751472473,0.8818724751472473,0.0014156779507175,0.1168773099780082
201,0,background,0.9691805839538574,0.9691805839538574,0.0013774897670373,0.0294825602322816
202,0,background,0.965682089328766,0.965682089328766,0.0013927373802289,0.03297109156847
203,0,background,0.8884819746017456,0.8884819746017456,0.0014306954108178,0.1102450564503669
204,0,background,0.7049253582954407,0.7049253582954407,0.0014542989665642,0.2940479516983032
205,0,background,0.7668070197105408,0.7668070197105408,0.0014545288868248,0.2320760041475296
206,0,background,0.8672831058502197,0.8672831058502197,0.0014219642616808,0.1314818859100341
207,0,background,0.8632488250732422,0.8632488250732422,0.0014222770696505,0.1355216652154922
208,0,background,0.8650254011154175,0.8650254011154175,0.00142312515527,0.1337417811155319
209,0,background,0.8682669401168823,0.8682669401168823,0.0014223000034689,0.1304963827133178
210,0,background,0.9708058834075928,0.9708058834075928,0.0014590583741664,0.0277755800634622
211,0,background,0.916631042957306,0.916631042957306,0.0014218166470527,0.0820638388395309
212,0,background,0.8695673942565918,0.8695673942565918,0.0014203442260622,0.1291957944631576
213,0,background,0.8658295273780823,0.8658295273780823,0.0014215012779459,0.1329378932714462
214,0,background,0.9689988493919371,0.9689988493919371,0.0013879792531952,0.0296543966978788
215,0,background,0.7831093072891235,0.7831093072891235,0.0013946426333859,0.2157970070838928
216,0,background,0.9706560969352722,0.9706560969352722,0.0014112807111814,0.0279721077531576
217,0,background,0.861914873123169,0.861914873123169,0.0014232749817892,0.1368566006422042
218,0,background,0.8217464685440063,0.8217464685440063,0.0014141491847112,0.1770898401737213
219,0,background,0.9504979252815248,0.9504979252815248,0.0014230031520128,0.0481475666165351
220,0,background,0.8216636180877686,0.8216636180877686,0.001414141152054,0.1771727502346038
221,0,background,0.9238742589950562,0.9238742589950562,0.0013970402069389,0.0748332887887954
222,0,background,0.9383031129837036,0.9383031129837036,0.0014069182798266,0.0603749118745327
223,0,background,0.9519453048706056,0.9519453048706056,0.0014062672853469,0.0467141047120094
224,0,background,0.9519564509391784,0.9519564509391784,0.0014059471432119,0.0467032566666603
225,0,background,0.943723201751709,0.943723201751709,0.0014222039608284,0.0549326874315738
226,0,background,0.9411606788635254,0.9411606788635254,0.0014029645826667,0.0575170256197452
227,0,background,0.9411391019821168,0.9411391019821168,0.0014036495704203,0.0575380064547061
228,0,background,0.9389787316322328,0.9389787316322328,0.0014233996625989,0.0596827901899814
229,0,background,0.9110642671585084,0.9110642671585084,0.0014247789513319,0.087635800242424
230,0,background,0.9436733722686768,0.9436733722686768,0.0014102946734055,0.0549938604235649
231,0,background,0.9116356372833252,0.9116356372833252,0.0014294451102614,0.0870593786239624
232,0,background,0.9436545968055724,0.9436545968055724,0.0014103007270023,0.0550126731395721
233,0,background,0.911009669303894,0.911009669303894,0.0014247795334085,0.0876905024051666
234,0,background,0.9387351870536804,0.9387351870536804,0.0014047434087842,0.0599442645907402
235,0,background,0.951716959476471,0.951716959476471,0.001396405044943,0.0469521768391132
236,0,background,0.9377915859222412,0.9377915859222412,0.0014046276919543,0.0608892999589443
237,0,background,0.9531285166740416,0.9531285166740416,0.0013972404412925,0.0455378554761409
238,0,background,0.9223009943962096,0.9223009943962096,0.0014338475884869,0.0763746798038482
239,0,background,0.9403592348098756,0.9403592348098756,0.0014184922911226,0.0583050511777401
240,0,background,0.9232437014579772,0.9232437014579772,0.0014151972718536,0.0754478722810745
241,0,background,0.9258368611335754,0.9258368611335754,0.0014351173304021,0.0728325620293617
242,0,background,0.940004289150238,0.940004289150238,0.0014188489876687,0.0586601160466671
243,0,background,0.8973217606544495,0.8973217606544495,0.0014183667954057,0.1014037206768989
244,0,background,0.948961615562439,0.948961615562439,0.0014036380453035,0.0497045069932937
245,0,background,0.9302041530609132,0.9302041530609132,0.0014242395991459,0.0684691220521926
246,0,background,0.9518560767173768,0.9518560767173768,0.0014305353397503,0.0467803180217742
247,0,background,0.8883073329925537,0.8883073329925537,0.0014141477877274,0.1104347184300422
248,0,background,0.8969528079032898,0.8969528079032898,0.0014189314097166,0.1017726734280586
249,0,background,0.94823157787323,0.94823157787323,0.0014036742504686,0.0504355505108833
250,0,background,0.9299331307411194,0.9299331307411194,0.0014244960620999,0.0687402933835983
251,0,background,0.905135989189148,0.905135989189148,0.0014174336101859,0.0935791805386543
252,0,background,0.952165186405182,0.952165186405182,0.0013989413855597,0.0465008988976478
253,0,background,0.919666051864624,0.919666051864624,0.0014237135183066,0.0790227428078651
254,0,background,0.9521068930625916,0.9521068930625916,0.0013998443027958,0.0465584509074687
255,0,background,0.964202880859375,0.964202880859375,0.001400924520567,0.0344444215297699
256,0,background,0.9666975736618042,0.9666975736618042,0.0014067734591662,0.0319405570626258
257,0,background,0.9641674757003784,0.9641674757003784,0.0014008792350068,0.0344799198210239
258,0,background,0.966611921787262,0.966611921787262,0.0014566276222467,0.0319779813289642
259,0,background,0.9617637991905212,0.9617637991905212,0.0014070502948015,0.0368811190128326
260,0,background,0.9667401313781738,0.9667401313781738,0.0014053817139938,0.0318993367254734
261,0,background,0.9656062126159668,0.9656062126159668,0.0014138153055682,0.0330266281962394
262,0,background,0.9579453468322754,0.9579453468322754,0.0014080214314162,0.0407039485871791
263,0,background,0.9653172492980956,0.9653172492980956,0.001412587123923,0.0333172678947448
264,0,background,0.966378927230835,0.966378927230835,0.00140457006637,0.0322617851197719
265,0,background,0.957943320274353,0.957943320274353,0.0014080367982387,0.0407060049474239
266,0,background,0.961768627166748,0.961768627166748,0.001407065661624,0.0368762128055095
267,0,background,0.9451282024383544,0.9451282024383544,0.0014147283509373,0.0535328239202499
268,0,background,0.9685591459274292,0.9685591459274292,0.0014149898197501,0.0300683956593275
269,0,background,0.9425750374794006,0.9425750374794006,0.0014182478189468,0.0560862943530082
270,0,background,0.947462797164917,0.947462797164917,0.0014194679679349,0.0511903800070285
271,0,background,0.9685221910476683,0.9685221910476683,0.0014173148665577,0.0301031488925218
272,0,background,0.9510311484336852,0.9510311484336852,0.0014157528057694,0.0476205572485923
273,0,background,0.9649643898010254,0.9649643898010254,0.0013849317329004,0.0336973667144775
274,0,background,0.8527750372886658,0.8527750372886658,0.0014078269014135,0.1460227519273758
275,0,background,0.8881589770317078,0.8881589770317078,0.0014244668418541,0.1105740666389465
276,0,background,0.9413658380508424,0.9413658380508424,0.0014175537507981,0.0572978369891643
277,0,background,0.8917867541313171,0.8917867541313171,0.0014264332130551,0.1069393008947372
278,0,background,0.9655301570892334,0.9655301570892334,0.0014309720136225,0.0330861881375312
279,0,background,0.9439516067504884,0.9439516067504884,0.0014065887080505,0.0547187626361846
280,0,background,0.7946916222572327,0.7946916222572327,0.0014003376709297,0.204193964600563
281,0,background,0.8514665961265564,0.8514665961265564,0.0013763923197984,0.1473598480224609
282,0,background,0.9410860538482666,0.9410860538482666,0.0014044832205399,0.0575903914868831
283,0,background,0.8142135739326477,0.8142135739326477,0.0013833446428179,0.1846585124731063
284,0,background,0.9672378301620485,0.9672378301620485,0.0013739726273342,0.0314314439892768
285,0,background,0.9672428965568542,0.9672428965568542,0.00137669313699,0.031423695385456
286,0,background,0.9319925904273988,0.9319925904273988,0.0014227363280951,0.0666795223951339
287,0,background,0.9290162324905396,0.9290162324905396,0.0014121371787041,0.0696700066328048
288,0,background,0.9321704506874084,0.9321704506874084,0.0014225007034838,0.0665016025304794
289,0,background,0.9323883652687072,0.9323883652687072,0.0014149117050692,0.0662905499339103
290,0,background,0.9457511901855468,0.9457511901855468,0.0014251214452087,0.0528990663588047
291,0,background,0.9408526420593262,0.9408526420593262,0.0014121761778369,0.0578168556094169
292,0,background,0.9480736255645752,0.9480736255645752,0.0014278397429734,0.0505707152187824
293,0,background,0.9416384696960448,0.9416384696960448,0.0014125515008345,0.0570295266807079
294,0,background,0.9472697377204896,0.9472697377204896,0.0014295588480308,0.0513741485774517
295,0,background,0.9435744881629944,0.9435744881629944,0.0014192335074767,0.0550844594836235
296,0,background,0.9392878413200378,0.9392878413200378,0.0014299183385446,0.0593671053647995
297,0,background,0.9350095987319946,0.9350095987319946,0.0014135191449895,0.0636668801307678
298,0,background,0.9370357394218444,0.9370357394218444,0.0014253508998081,0.061626773327589
299,0,background,0.9346641898155212,0.9346641898155212,0.0014165955362841,0.0640098676085472
300,0,background,0.9236002564430236,0.9236002564430236,0.0014185503823682,0.075087733566761
301,0,background,0.9605032801628112,0.9605032801628112,0.0013994651380926,0.0381506718695163
302,0,background,0.9688628911972046,0.9688628911972046,0.0014036435168236,0.0297752860933542
303,0,background,0.9329507350921632,0.9329507350921632,0.001415078761056,0.0657271966338157
304,0,background,0.9622912406921388,0.9622912406921388,0.0014137498801574,0.0363463871181011
305,0,background,0.9490218758583068,0.9490218758583068,0.0014031222090125,0.0496447198092937
306,0,background,0.9705721735954284,0.9705721735954284,0.0013804079499095,0.0280861631035804
307,0,background,0.948782742023468,0.948782742023468,0.0014338988112285,0.0498548150062561
308,0,background,0.9570948481559752,0.9570948481559752,0.0014116753591224,0.0415521189570426
309,0,background,0.9642992615699768,0.9642992615699768,0.00141171971336,0.0343374647200107
310,0,background,0.9391120672225952,0.9391120672225952,0.0014180621365085,0.0595543347299099
311,0,background,0.9459357261657716,0.9459357261657716,0.0014250122476369,0.052714355289936
312,0,background,0.8611164689064026,0.8611164689064026,0.0014196640113368,0.1376592814922332
313,0,background,0.964448630809784,0.964448630809784,0.0013882191851735,0.0342106632888317
314,0,background,0.9703251719474792,0.9703251719474792,0.0014115509111434,0.0283031798899173
315,0,background,0.9694584608078004,0.9694584608078004,0.001412664540112,0.0291700139641761
316,0,background,0.9623244404792786,0.9623244404792786,0.0013963185483589,0.0363299921154975
317,0,background,0.941278636455536,0.941278636455536,0.0013796554412692,0.0574208982288837
318,0,background,0.9680142998695374,0.9680142998695374,0.00138492253609,0.0306432154029607
319,0,background,0.969633400440216,0.969633400440216,0.0013947377447038,0.0290123280137777
320,0,background,0.9695135354995728,0.9695135354995728,0.0013921187492087,0.0291348714381456
321,0,background,0.9630794525146484,0.9630794525146484,0.0013978546485304,0.0355724096298217
322,0,background,0.9425941109657288,0.9425941109657288,0.0013848908711224,0.0560986250638961
323,0,background,0.9649481177330016,0.9649481177330016,0.0013849198585376,0.0337136536836624
324,0,background,0.9703273177146912,0.9703273177146912,0.0014115509111434,0.0283010620623826
325,0,background,0.8512108325958252,0.8512108325958252,0.00137637660373,0.1476159840822219
326,0,background,0.7943897247314453,0.7943897247314453,0.0014005455886945,0.2044961303472519
327,0,background,0.9439377784729004,0.9439377784729004,0.0014067817246541,0.0547324605286121
328,0,background,0.9694576263427734,0.9694576263427734,0.0014126603491604,0.0291708502918481
329,0,background,0.9623238444328308,0.9623238444328308,0.0013963185483589,0.0363305769860744
330,0,background,0.9644362926483154,0.9644362926483154,0.0013882059138268,0.0342230312526226
331,0,background,0.9412787556648254,0.9412787556648254,0.0013796554412692,0.0574207790195941
332,0,background,0.9655099511146544,0.9655099511146544,0.0014313420979306,0.0331060849130153
333,0,background,0.8525923490524292,0.8525923490524292,0.0014079980319365,0.1462055593729019
334,0,background,0.8876250386238098,0.8876250386238098,0.0014244526391848,0.1111087799072265
335,0,background,0.9410351514816284,0.9410351514816284,0.0014046410797163,0.0576411746442317
336,0,background,0.941365659236908,0.941365659236908,0.0014179542195051,0.0572976320981979
337,0,background,0.945992350578308,0.945992350578308,0.0014250087551772,0.0526576377451419
338,0,background,0.9329542517662048,0.9329542517662048,0.0014150780625641,0.0657236725091934
339,0,background,0.9319918155670166,0.9319918155670166,0.0014227370265871,0.0666803270578384
340,0,background,0.9290154576301576,0.9290154576301576,0.001412138575688,0.0696707665920257
341,0,background,0.9321697354316713,0.9321697354316713,0.0014225007034838,0.0665023028850555
342,0,background,0.932387351989746,0.932387351989746,0.0014149129856377,0.0662915930151939
343,0,background,0.9457541704177856,0.9457541704177856,0.0014251208631321,0.0528961010277271
344,0,background,0.962328314781189,0.962328314781189,0.0014137425459921,0.0363092646002769
345,0,background,0.8913257718086243,0.8913257718086243,0.0014264154015108,0.1074010357260704
346,0,background,0.938871204853058,0.938871204853058,0.0014178521232679,0.0597956888377666
347,0,background,0.9488588571548462,0.9488588571548462,0.0014339103363454,0.0497786365449428
348,0,background,0.9416242837905884,0.9416242837905884,0.0014125568559393,0.0570437423884868
349,0,background,0.9480528831481934,0.9480528831481934,0.0014278589515015,0.0505915284156799
350,0,background,0.9408329725265504,0.9408329725265504,0.001412181649357,0.0578365325927734
351,0,background,0.9472576975822448,0.9472576975822448,0.0014295786386355,0.0513861961662769
352,0,background,0.9434894323349,0.9434894323349,0.0014192347880452,0.0551696494221687
353,0,background,0.9567688703536988,0.9567688703536988,0.0014115159865468,0.041878767311573
354,0,background,0.8609793186187744,0.8609793186187744,0.001419611275196,0.1377967000007629
355,0,background,0.9485500454902648,0.9485500454902648,0.0014031114988029,0.0501172170042991
356,0,background,0.9391427636146544,0.9391427636146544,0.0014303179923444,0.0595119968056678
357,0,background,0.9348344802856444,0.9348344802856444,0.0014139456907287,0.0638418346643447
358,0,background,0.9368453025817872,0.9368453025817872,0.0014257174916565,0.0618171133100986
359,0,background,0.9343254566192628,0.9343254566192628,0.0014170462964102,0.0643487125635147
360,0,background,0.923853635787964,0.923853635787964,0.001419139560312,0.0748334378004074
361,0,background,0.964136242866516,0.964136242866516,0.0014112109784036,0.0345012322068214
362,0,background,0.9687753319740297,0.9687753319740297,0.0014054405037313,0.0298612229526042
363,0,background,0.9705578684806824,0.9705578684806824,0.0013813377590849,0.0280996114015579
364,0,background,0.963012993335724,0.963012993335724,0.0013979260111227,0.0356389433145523
365,0,background,0.9600503444671632,0.9600503444671632,0.0013999375514686,0.0386037975549697
366,0,background,0.9695807099342346,0.9695807099342346,0.0013948193518444,0.0290649887174367
367,0,background,0.8130701184272766,0.8130701184272766,0.0013833116972818,0.1858035922050476
368,0,background,0.9671820402145386,0.9671820402145386,0.0013739308342337,0.031487300992012
369,0,background,0.9671926498413086,0.9671926498413086,0.001376689877361,0.031473983079195
370,0,background,0.9694737195968628,0.9694737195968628,0.0013922884827479,0.0291745848953723
371,0,background,0.9425719976425172,0.9425719976425172,0.0013851796975359,0.0561205483973026
372,0,background,0.9680219292640686,0.9680219292640686,0.00138492253609,0.0306356232613325
373,0,background,0.968135416507721,0.968135416507721,0.0013694800436496,0.0305369440466165
374,0,background,0.9704481959342957,0.9704481959342957,0.0013694427907466,0.0282209850847721
375,0,background,0.837209939956665,0.837209939956665,0.0013765750918537,0.1616360247135162
376,0,background,0.9662035703659058,0.9662035703659058,0.0013742704177275,0.032466821372509
377,0,background,0.8964644074440002,0.8964644074440002,0.001387293334119,0.1022901982069015
378,0,background,0.915614664554596,0.915614664554596,0.001439691404812,0.0830652266740799
379,0,background,0.9538907408714294,0.9538907408714294,0.0014708162052556,0.0447042100131511
380,0,background,0.9653915762901306,0.9653915762901306,0.0014197181444615,0.033235915005207
381,0,background,0.915784239768982,0.915784239768982,0.0014393156161531,0.0828957483172416
382,0,background,0.9653573036193848,0.9653573036193848,0.001419979147613,0.0332699827849864
383,0,background,0.9531026482582092,0.9531026482582092,0.0014702008338645,0.0454940050840377
384,0,background,0.9670006036758424,0.9670006036758424,0.001407676259987,0.031636219471693
385,0,background,0.9703407287597656,0.9703407287597656,0.0014591028448194,0.0282413214445114
386,0,background,0.9703086614608764,0.9703086614608764,0.0014601341681554,0.0282725300639867
387,0,background,0.966976284980774,0.966976284980774,0.0014080856926739,0.0316601768136024
388,0,background,0.970492959022522,0.970492959022522,0.001369446166791,0.0281761810183525
389,0,background,0.9681226015090942,0.9681226015090942,0.0013697186950594,0.0305495094507932
390,0,background,0.8379924893379211,0.8379924893379211,0.0013765961630269,0.1608523726463318
391,0,background,0.9660521745681764,0.9660521745681764,0.0013746722834184,0.0326179899275302
392,0,background,0.8956794142723083,0.8956794142723083,0.0013874702854081,0.103076122701168
393,0,background,0.9676888585090636,0.9676888585090636,0.0013641942059621,0.0309892557561397
394,0,background,0.9702369570732116,0.9702369570732116,0.0013650682521983,0.0284368097782135
395,0,background,0.8213983774185181,0.8213983774185181,0.001373779028654,0.1774716526269912
396,0,background,0.8856491446495056,0.8856491446495056,0.0013871710980311,0.1131206303834915
397,0,background,0.9641156196594238,0.9641156196594238,0.0013708279002457,0.0345608927309513
398,0,background,0.9138016700744628,0.9138016700744628,0.0014395582256838,0.0848809629678726
399,0,background,0.9532235264778136,0.9532235264778136,0.0014701301697641,0.0453730002045631
400,0,background,0.9648619890213012,0.9648619890213012,0.0014186766929924,0.0337672680616378
401,0,background,0.9139757752418518,0.9139757752418518,0.0014390648575499,0.084707036614418
402,0,background,0.9647730588912964,0.9647730588912964,0.0014188841450959,0.0338560976088047
403,0,background,0.9523528218269348,0.9523528218269348,0.0014693429693579,0.046245839446783
404,0,background,0.9701054096221924,0.9701054096221924,0.0014602182200178,0.0284760072827339
405,0,background,0.9670695066452026,0.9670695066452026,0.0014080079272389,0.0315669476985931
406,0,background,0.967059314250946,0.967059314250946,0.0014074449427425,0.0315776765346527
407,0,background,0.9701645374298096,0.9701645374298096,0.0014597296249121,0.0284171998500823
408,0,background,0.9702433347702026,0.9702433347702026,0.0013650642940774,0.0284304078668355
409,0,background,0.9676554799079896,0.9676554799079896,0.0013640085235238,0.0310228560119867
410,0,background,0.822821319103241,0.822821319103241,0.0013738536508753,0.1760466992855072
411,0,background,0.8881649374961853,0.8881649374961853,0.0013874359428882,0.1106010377407074
412,0,background,0.9641761183738708,0.9641761183738708,0.0013705805176869,0.0345005169510841
413,0,background,0.5788624286651611,0.5788624286651611,0.0014109389157965,0.4203197062015533
414,0,background,0.4947441816329956,0.4947441816329956,0.0013804677873849,0.5045719146728516
415,0,background,0.5858281254768372,0.5858281254768372,0.0014107500901445,0.4133442342281341
416,0,background,0.6300491094589233,0.6300491094589233,0.0014034522464498,0.369065374135971
417,2,surface_feature,0.5600712895393372,0.4393157362937927,0.0013933642767369,0.5600712895393372
418,0,background,0.6237564086914062,0.6237564086914062,0.0014037103392183,0.3753667771816253
419,0,background,0.7107993960380554,0.7107993960380554,0.0013923766091465,0.2882095873355865
420,0,background,0.7017617225646973,0.7017617225646973,0.0013945450773462,0.2972582578659057
421,0,background,0.5194607377052307,0.5194607377052307,0.0013847708469256,0.4798189699649811
422,0,background,0.7068087458610535,0.7068087458610535,0.0013944216771051,0.2922042906284332
423,0,background,0.7161220908164978,0.7161220908164978,0.0013922739308327,0.2828794419765472
424,0,background,0.498744398355484,0.498744398355484,0.0013883839128538,0.5005621910095215
425,0,background,0.5864959955215454,0.5864959955215454,0.0014117675600573,0.4126748442649841
426,0,background,0.6922298073768616,0.6922298073768616,0.0013973002787679,0.3068015277385711
427,0,background,0.7125746607780457,0.7125746607780457,0.0013937536859884,0.2864308357238769
428,0,background,0.6339409351348877,0.6339409351348877,0.0014055569190531,0.3651667535305023
429,2,surface_feature,0.5784276127815247,0.4209845960140228,0.0013942662626504,0.5784276127815247
430,0,background,0.6399968862533569,0.6399968862533569,0.0014053476043045,0.3591024279594421
431,0,background,0.7179094552993774,0.7179094552993774,0.0013937292387709,0.2810886204242706
432,0,background,0.4701258540153503,0.4701258540153503,0.0013897019671276,0.529219925403595
433,0,background,0.5104935765266418,0.5104935765266418,0.0013856639852747,0.4887980818748474
434,0,background,0.697648823261261,0.697648823261261,0.0013971778098493,0.3013750910758972
435,0,background,0.5934696793556213,0.5934696793556213,0.0014116041129454,0.4056914150714874
436,2,surface_feature,0.5183221101760864,0.4810115396976471,0.0013834501150995,0.5183221101760864
437,0,background,0.7842667102813721,0.7842667102813721,0.0013950020074844,0.2146376967430114
438,0,background,0.9003240466117859,0.9003240466117859,0.0013911540154367,0.0984217077493667
439,0,background,0.8938043713569641,0.8938043713569641,0.0013949356507509,0.1049470603466034
440,0,background,0.7930217981338501,0.7930217981338501,0.0014059097738936,0.2058617621660232
441,0,background,0.6674339175224304,0.6674339175224304,0.0013851030962541,0.3316403925418854
442,0,background,0.7989424467086792,0.7989424467086792,0.0014057183871045,0.1999328881502151
443,0,background,0.8967390060424805,0.8967390060424805,0.0013951396103948,0.102008156478405
444,0,background,0.6253264546394348,0.6253264546394348,0.0013826077338308,0.373807817697525
445,0,background,0.5895617604255676,0.5895617604255676,0.0013835007557645,0.4096215069293976
446,0,background,0.9030144810676576,0.9030144810676576,0.0013914031442254,0.0957273468375206
447,0,background,0.7904820442199707,0.7904820442199707,0.0013946865219622,0.2084139436483383
448,0,background,0.6709759831428528,0.6709759831428528,0.00139316462446,0.3280879557132721
449,0,background,0.7670286297798157,0.7670286297798157,0.0013945604441687,0.2319002151489257
450,0,background,0.8890526294708252,0.8890526294708252,0.0013844964560121,0.1097147613763809
451,0,background,0.8972166180610657,0.8972166180610657,0.0013955713948234,0.1015294641256332
452,0,background,0.7807388305664062,0.7807388305664062,0.0013983047101646,0.2181679010391235
453,0,background,0.699089527130127,0.699089527130127,0.0013800405431538,0.2999444305896759
454,0,background,0.7867797613143921,0.7867797613143921,0.0013980936491861,0.2121186703443527
455,0,background,0.899893045425415,0.899893045425415,0.0013957733754068,0.0988491922616958
456,0,background,0.6446778178215027,0.6446778178215027,0.0013727301266044,0.3544359803199768
457,0,background,0.6787741780281067,0.6787741780281067,0.0013914905721321,0.3202800154685974
458,0,background,0.8919329047203064,0.8919329047203064,0.0013847035588696,0.1068303734064102
459,0,background,0.7731690406799316,0.7731690406799316,0.0013943293597549,0.2257514297962188
460,0,background,0.7174363136291504,0.7174363136291504,0.0013909803237766,0.2815643846988678
461,0,background,0.7857546210289001,0.7857546210289001,0.0014155262615531,0.2131315767765045
462,0,background,0.8951889276504517,0.8951889276504517,0.0014063033740967,0.1035503968596458
463,0,background,0.9091110229492188,0.9091110229492188,0.0014004029799252,0.0896140113472938
464,0,background,0.7942571640014648,0.7942571640014648,0.0014049996389076,0.2046253234148025
465,0,background,0.7535398602485657,0.7535398602485657,0.0014023174298927,0.2454019784927368
466,0,background,0.7993989586830139,0.7993989586830139,0.001404752023518,0.1994764953851699
467,0,background,0.9113322496414183,0.9113322496414183,0.0014007603749632,0.0873894318938255
468,0,background,0.6265160441398621,0.6265160441398621,0.0013908002292737,0.372611403465271
469,0,background,0.6917011737823486,0.6917011737823486,0.0013861100887879,0.307338684797287
470,0,background,0.8978469371795654,0.8978469371795654,0.0014064032584428,0.1008885353803634
471,0,background,0.7915205359458923,0.7915205359458923,0.001415284234099,0.2073576748371124
472,0,background,0.7688170075416565,0.7688170075416565,0.001393953571096,0.2301098406314849
473,0,background,0.7876299023628235,0.7876299023628235,0.0014045909047126,0.2112622261047363
474,0,background,0.8972836136817932,0.8972836136817932,0.0013949932763352,0.1014629825949668
475,0,background,0.9018926620483398,0.9018926620483398,0.0014066825387999,0.0968368873000145
476,0,background,0.7743849754333496,0.7743849754333496,0.0014088549651205,0.2245224565267563
477,0,background,0.7933240532875061,0.7933240532875061,0.0013885160442441,0.2055728882551193
478,0,background,0.7799155712127686,0.7799155712127686,0.0014086463488638,0.2189842313528061
479,0,background,0.904249906539917,0.904249906539917,0.0014067790471017,0.0944762378931045
480,0,background,0.6813353300094604,0.6813353300094604,0.0013796634739264,0.3177233338356018
481,0,background,0.7019462585449219,0.7019462585449219,0.0013977201888337,0.2970711886882782
482,0,background,0.8997982740402222,0.8997982740402222,0.0013953136513009,0.0989444628357887
483,0,background,0.7928881645202637,0.7928881645202637,0.0014044631971046,0.2059966921806335
484,0,background,0.7770348787307739,0.7770348787307739,0.0014016544446349,0.2218744456768036
485,0,background,0.5746175050735474,0.5746175050735474,0.0014116921229287,0.4245701730251312
486,0,background,0.6830146312713623,0.6830146312713623,0.001397153828293,0.3160297870635986
487,0,background,0.7033045887947083,0.7033045887947083,0.0013934458838775,0.2957140505313873
488,0,background,0.6225214004516602,0.6225214004516602,0.0014054531930014,0.3766024112701416
489,2,surface_feature,0.5755948424339294,0.4238134622573852,0.0013941513607278,0.5755948424339294
490,0,background,0.6300209760665894,0.6300209760665894,0.0014052550541236,0.3690924644470215
491,0,background,0.7094970941543579,0.7094970941543579,0.0013934213202446,0.2895128428936004
492,0,background,0.4726723134517669,0.4726723134517669,0.0013896748423576,0.5266699194908142
493,0,background,0.5126208662986755,0.5126208662986755,0.0013853426789864,0.4866679608821869
494,0,background,0.6892531514167786,0.6892531514167786,0.0013970382278785,0.3097826540470123
495,0,background,0.5825995206832886,0.5825995206832886,0.0014115362428128,0.4165769219398498
496,2,surface_feature,0.5155553817749023,0.4837745130062103,0.0013832286931574,0.5155553817749023
497,0,background,0.5660580396652222,0.5660580396652222,0.0014108642935752,0.433142215013504
498,0,background,0.4980252981185913,0.4980252981185913,0.0013802258763462,0.5012863874435425
499,0,background,0.5741491317749023,0.5741491317749023,0.001410680823028,0.4250397682189941
500,0,background,0.6200657486915588,0.6200657486915588,0.0014033548068255,0.3790628612041473
501,2,surface_feature,0.5573384165763855,0.4420448541641235,0.0013932500733062,0.5573384165763855
502,0,background,0.6126319766044617,0.6126319766044617,0.0014036013744771,0.3865068852901459
503,0,background,0.6997892260551453,0.6997892260551453,0.0013923151418566,0.299235075712204
504,0,background,0.6936428546905518,0.6936428546905518,0.0013944569509476,0.3053885698318481
505,0,background,0.5194652080535889,0.5194652080535889,0.0013847589725628,0.4798144698143005
506,0,background,0.6995705366134644,0.6995705366134644,0.0013943359954282,0.2994526326656341
507,0,background,0.7060165405273438,0.7060165405273438,0.0013922248035669,0.2929991781711578
508,0,background,0.5058898329734802,0.5058898329734802,0.0013884750660508,0.4934067726135254
509,0,background,0.7822508215904236,0.7822508215904236,0.0013949329731985,0.2166564613580703
510,0,background,0.899661123752594,0.899661123752594,0.0013910718262195,0.0990856438875198
511,0,background,0.8929737210273743,0.8929737210273743,0.0013948766281828,0.1057789102196693
512,0,background,0.7909035086631775,0.7909035086631775,0.00140587228816,0.2079830318689346
513,0,background,0.6684938073158264,0.6684938073158264,0.001384989824146,0.3305790424346924
514,0,background,0.7971166372299194,0.7971166372299194,0.0014056828804314,0.201761320233345
515,0,background,0.8959808945655823,0.8959808945655823,0.0013950844295322,0.1027673259377479
516,0,background,0.626809298992157,0.626809298992157,0.001382534741424,0.3723229169845581
517,0,background,0.5906202793121338,0.5906202793121338,0.0013834547717124,0.4085614383220672
518,0,background,0.9024171233177184,0.9024171233177184,0.0013913261936977,0.09632558375597
519,0,background,0.7886414527893066,0.7886414527893066,0.0013946208637207,0.2102571576833725
520,0,background,0.6716952323913574,0.6716952323913574,0.0013930941931903,0.3273677229881286
521,0,background,0.7646384835243225,0.7646384835243225,0.0013945072423666,0.2342937588691711
522,0,background,0.888099193572998,0.888099193572998,0.0013844002969563,0.1106696128845214
523,0,background,0.8963370323181152,0.8963370323181152,0.0013955202884972,0.1024103611707687
524,0,background,0.7784146666526794,0.7784146666526794,0.001398219494149,0.2204954028129577
525,0,background,0.700049877166748,0.700049877166748,0.0013799484586343,0.2989827394485473
526,0,background,0.7846357226371765,0.7846357226371765,0.001398014370352,0.2142658233642578
527,0,background,0.8990912437438965,0.8990912437438965,0.0013957256451249,0.0996521338820457
528,0,background,0.6461887359619141,0.6461887359619141,0.0013726935721933,0.352923035621643
529,0,background,0.6801520586013794,0.6801520586013794,0.0013914534356445,0.3189001977443695
530,0,background,0.8910645246505737,0.8910645246505737,0.0013846138026565,0.1077000051736831
531,0,background,0.7709572911262512,0.7709572911262512,0.0013942802324891,0.2279662936925888
532,0,background,0.7182790040969849,0.7182790040969849,0.0013909233966842,0.2807205319404602
533,0,background,0.7839213013648987,0.7839213013648987,0.0014154366217553,0.2149675488471985
534,0,background,0.8944793939590454,0.8944793939590454,0.0014062137342989,0.1042610108852386
535,0,background,0.9084720611572266,0.9084720611572266,0.0014003282412886,0.090253971517086
536,0,background,0.7923179864883423,0.7923179864883423,0.0014049387536942,0.2065672725439071
537,0,background,0.7547751069068909,0.7547751069068909,0.001402219175361,0.2441650331020355
538,0,background,0.7977487444877625,0.7977487444877625,0.0014046959113329,0.2011290788650512
539,0,background,0.9107651710510254,0.9107651710510254,0.0014006909914314,0.0879573449492454
540,0,background,0.6281036138534546,0.6281036138534546,0.0013907485408708,0.3710216581821441
541,0,background,0.6927599906921387,0.6927599906921387,0.0013860651524737,0.3062784671783447
542,0,background,0.8972105979919434,0.8972105979919434,0.0014063181588426,0.1015258207917213
543,0,background,0.7898752689361572,0.7898752689361572,0.0014152013463899,0.2090052962303161
544,0,background,0.7697194218635559,0.7697194218635559,0.0013938619522377,0.2292062044143676
545,0,background,0.7859943509101868,0.7859943509101868,0.0014045287389308,0.2129001468420028
546,0,background,0.896612286567688,0.896612286567688,0.0013949269196018,0.1021352633833885
547,0,background,0.901254177093506,0.901254177093506,0.0014066013973206,0.0974762961268425
548,0,background,0.7725619077682495,0.7725619077682495,0.0014087597373872,0.2263482362031936
549,0,background,0.793876588344574,0.793876588344574,0.0013884154614061,0.2050196379423141
550,0,background,0.7782948613166809,0.7782948613166809,0.0014085578732192,0.2206072658300399
551,0,background,0.9036826491355896,0.9036826491355896,0.0014067039592191,0.0950443148612976
552,0,background,0.682452917098999,0.682452917098999,0.0013796149287372,0.3166042268276214
553,0,background,0.7028917670249939,0.7028917670249939,0.0013976757181808,0.2961244285106659
554,0,background,0.8991912603378296,0.8991912603378296,0.0013952538138255,0.0995524004101753
555,0,background,0.7914159297943115,0.7914159297943115,0.0014044042909517,0.2074710428714752
556,0,background,0.7775468230247498,0.7775468230247498,0.0014015624765306,0.2213618606328964
557,0,background,0.9291563630104064,0.9291563630104064,0.0014054640196263,0.0695359110832214
558,0,background,0.929105818271637,0.929105818271637,0.0014055054634809,0.0695865303277969
559,0,background,0.929020881652832,0.929020881652832,0.0014068927848711,0.0696702003479003
560,0,background,0.9290715456008912,0.9290715456008912,0.0014068378368392,0.0696195662021637
561,0,background,0.9376997351646424,0.9376997351646424,0.0014227675274014,0.0609642043709754
562,0,background,0.9376952648162842,0.9376952648162842,0.0014225952327251,0.0609688684344291
563,0,background,0.963412880897522,0.963412880897522,0.0014217325951904,0.0352154597640037
564,0,background,0.9514766335487366,0.9514766335487366,0.0014194584218785,0.047170802950859
565,0,background,0.9514957070350648,0.9514957070350648,0.0014194855466485,0.047151755541563
566,0,background,0.9634222388267516,0.9634222388267516,0.0014242478646337,0.0352036394178867
567,0,background,0.9595363736152648,0.9595363736152648,0.001425466267392,0.0390938892960548
568,0,background,0.9595614075660706,0.9595614075660706,0.0014254471752792,0.039068803191185
569,0,background,0.9512460827827454,0.9512460827827454,0.0014197139535099,0.0474014729261398
570,0,background,0.9512650966644288,0.9512650966644288,0.0014197403797879,0.0473824851214885
571,0,background,0.9288687705993652,0.9288687705993652,0.0014056889340281,0.0698236599564552
572,0,background,0.9289030432701112,0.9289030432701112,0.0014056486543267,0.0697894170880317
573,0,background,0.9375013709068298,0.9375013709068298,0.0014207486528903,0.0611647963523864
574,0,background,0.9375114440917968,0.9375114440917968,0.0014209165237843,0.0611545592546463
575,0,background,0.9286968111991882,0.9286968111991882,0.0014056561049073,0.0699959397315979
576,0,background,0.9287322759628296,0.9287322759628296,0.0014056084910407,0.0699604600667953
577,0,background,0.9633257389068604,0.9633257389068604,0.0014214672846719,0.0353030189871788
578,0,background,0.951308250427246,0.951308250427246,0.001419668784365,0.0473393090069294
579,0,background,0.9513270258903505,0.9513270258903505,0.001419695909135,0.0473204180598259
580,0,background,0.9633615016937256,0.9633615016937256,0.0014221111778169,0.0352665074169635
581,0,background,0.95955091714859,0.95955091714859,0.001425587106496,0.0390792489051818
582,0,background,0.9595758318901062,0.9595758318901062,0.0014255687128752,0.0390542857348918
583,0,background,0.9514039754867554,0.9514039754867554,0.0014196038246154,0.0472434982657432
584,0,background,0.9513850212097168,0.9513850212097168,0.0014195760013535,0.0472624786198139
585,0,background,0.7056662440299988,0.7056662440299988,0.0013914520386606,0.2933504581451416
586,0,background,0.6225952506065369,0.6225952506065369,0.0013924675295129,0.3765366375446319
587,0,background,0.9520351886749268,0.9520351886749268,0.0014195963740348,0.0466113872826099
588,0,background,0.9578017592430116,0.9578017592430116,0.0014108890900388,0.0408449657261371
589,0,background,0.4723569750785827,0.4723569750785827,0.0013912845170125,0.5269849300384521
590,0,background,0.4608791470527649,0.4608791470527649,0.0013984758406877,0.5384753942489624
591,0,background,0.4320743680000305,0.4320743680000305,0.0014000396477058,0.5673198699951172
592,0,background,0.4820657968521118,0.4820657968521118,0.0013996709603816,0.5172585248947144
593,0,background,0.9581242203712464,0.9581242203712464,0.001410255790688,0.0405226647853851
594,0,background,0.9523202776908876,0.9523202776908876,0.0014188685454428,0.0463265888392925
595,0,background,0.606683611869812,0.606683611869812,0.0013839653693139,0.3924756050109863
596,0,background,0.5400002002716064,0.5400002002716064,0.0013795688282698,0.4592537581920624
597,0,background,0.4316881895065307,0.4316881895065307,0.0014052885817363,0.5677043199539185
598,0,background,0.9584636688232422,0.9584636688232422,0.0014303554780781,0.0401634834706783
599,0,background,0.4275505840778351,0.4275505840778351,0.0014053073246032,0.5718477368354797
600,0,background,0.4243825376033783,0.4243825376033783,0.0013960266951471,0.5750241875648499
601,0,background,0.9584500193595886,0.9584500193595886,0.0014303752686828,0.0401770696043968
602,0,background,0.4511027336120605,0.4511027336120605,0.0014012614265084,0.5482642650604248
603,0,background,0.9585458040237428,0.9585458040237428,0.0014306026278063,0.0400808826088905
604,0,background,0.5000309348106384,0.5000309348106384,0.0013878284953534,0.4992741644382477
605,0,background,0.5025968551635742,0.5025968551635742,0.0013932010624557,0.4967019855976105
606,0,background,0.9586459398269652,0.9586459398269652,0.0014304651413112,0.0399807393550872
607,0,background,0.4316297173500061,0.4316297173500061,0.0014011913444846,0.5677646398544312
608,0,background,0.4463827013969421,0.4463827013969421,0.0014032626058906,0.5529900193214417
609,0,background,0.4185257256031036,0.4185257256031036,0.0014013113686814,0.580886960029602
610,0,background,0.392940878868103,0.392940878868103,0.0013987522106617,0.606508731842041
611,0,background,0.9645336270332336,0.9645336270332336,0.0014083525165915,0.0341060832142829
612,0,background,0.9600174427032472,0.9600174427032472,0.0014040792593732,0.0386326760053634
613,0,background,0.5411751866340637,0.5411751866340637,0.0013896556338295,0.4580716788768768
614,0,background,0.96035236120224,0.96035236120224,0.0014027922879904,0.0382985286414623
615,0,background,0.4147208929061889,0.4147208929061889,0.0013979172799736,0.5846985578536987
616,0,background,0.4292725026607513,0.4292725026607513,0.0013902890495955,0.5701298713684082
617,0,background,0.964741051197052,0.964741051197052,0.0014076251536607,0.0338990949094295
618,0,background,0.4301734864711761,0.4301734864711761,0.0013837945880368,0.5692304372787476
619,0,background,0.433721512556076,0.433721512556076,0.0014017639914527,0.5656696557998657
620,0,background,0.9594270586967468,0.9594270586967468,0.0014310155529528,0.0391980595886707
621,0,background,0.415947675704956,0.415947675704956,0.0013961935183033,0.5834707617759705
622,0,background,0.4055750072002411,0.4055750072002411,0.0014055870706215,0.5938541293144226
623,0,background,0.9602253437042236,0.9602253437042236,0.0014311812119558,0.0383984372019767
624,0,background,0.4104361832141876,0.4104361832141876,0.0014029531739652,0.5889871716499329
625,0,background,0.9606460332870485,0.9606460332870485,0.0014301355695351,0.0379780940711498
626,0,background,0.4527997970581054,0.4527997970581054,0.001393802347593,0.5465682148933411
627,0,background,0.4734122455120086,0.4734122455120086,0.0013894075527787,0.5259290933609009
628,0,background,0.9599632024765016,0.9599632024765016,0.0014295377768576,0.0386624708771705
629,0,background,0.4310702085494995,0.4310702085494995,0.0014014656189829,0.5683248043060303
630,0,background,0.4077096283435821,0.4077096283435821,0.0013995129847899,0.5917189717292786
631,0,background,0.9701278805732728,0.9701278805732728,0.0014374830061569,0.0284756105393171
632,0,background,0.958791434764862,0.958791434764862,0.0014305318472906,0.0398350358009338
633,0,background,0.9423559904098512,0.9423559904098512,0.0014122521970421,0.0563112385571002
634,0,background,0.9561361074447632,0.9561361074447632,0.00140500231646,0.0425185933709144
635,0,background,0.338840126991272,0.338840126991272,0.0013995023909956,0.6606850028038025
636,0,background,0.3569877445697784,0.3569877445697784,0.0014021651586517,0.6425110101699829
637,0,background,0.952200710773468,0.952200710773468,0.0014486870495602,0.0464178584516048
638,0,background,0.9531900882720948,0.9531900882720948,0.0014133157674223,0.0454608388245105
639,0,background,0.3205683529376983,0.3205683529376983,0.0014056593645364,0.6789804100990295
640,0,background,0.3590605556964874,0.3590605556964874,0.0014016544446349,0.6404354572296143
641,0,background,0.9530632495880128,0.9530632495880128,0.0014466529246419,0.0455560274422168
642,0,background,0.9668821096420288,0.9668821096420288,0.0014030908932909,0.0317593626677989
643,0,background,0.967438578605652,0.967438578605652,0.0014042719267308,0.0312009435147047
644,0,background,0.9540188908576964,0.9540188908576964,0.0014116639504209,0.0446324124932289
645,0,background,0.2761658430099487,0.2761658430099487,0.0014013454783707,0.7234466075897217
646,0,background,0.263109415769577,0.263109415769577,0.0013964255340397,0.7365226745605469
647,0,background,0.9583746790885924,0.9583746790885924,0.0014253202825784,0.0402573943138122
648,0,background,0.9539611339569092,0.9539611339569092,0.0014135453384369,0.0446885116398334
649,0,background,0.9651724696159364,0.9651724696159364,0.001409871620126,0.0334648378193378
650,0,background,0.9617441296577454,0.9617441296577454,0.0014056286308914,0.0369020588696002
651,0,background,0.9617805480957032,0.9617805480957032,0.0014184382744133,0.0368533134460449
652,0,background,0.9617441296577454,0.9617441296577454,0.0014056286308914,0.0369020588696002
653,0,background,0.9651724696159364,0.9651724696159364,0.001409871620126,0.0334648378193378
654,0,background,0.9591948986053468,0.9591948986053468,0.0014068786986172,0.0394536964595317
655,0,background,0.2932220697402954,0.2932220697402954,0.0013976308982819,0.706367552280426
656,0,background,0.2769459187984466,0.2769459187984466,0.0014014102052897,0.7226654291152954
657,0,background,0.9667741656303406,0.9667741656303406,0.0013903049984946,0.0318799316883087
658,0,background,0.966543972492218,0.966543972492218,0.0013905143132433,0.0321101285517215
659,0,background,0.926230788230896,0.926230788230896,0.0014009538572281,0.0724697634577751
660,0,background,0.9563146829605104,0.9563146829605104,0.0014574599917978,0.042289525270462
661,0,background,0.926293134689331,0.926293134689331,0.0014009745791554,0.0724073499441146
662,0,background,0.957470953464508,0.957470953464508,0.0014276128495112,0.0411602072417736
663,0,background,0.9522151947021484,0.9522151947021484,0.0014238517032936,0.0464270934462547
664,0,background,0.935715675354004,0.935715675354004,0.0014332263963297,0.0629412457346916
665,0,background,0.9406806826591492,0.9406806826591492,0.0013989940052852,0.0580014660954475
666,0,background,0.9406680464744568,0.9406680464744568,0.0013989900471642,0.0580141730606555
667,0,background,0.9263406991958618,0.9263406991958618,0.001398377935402,0.0723621398210525
668,0,background,0.9463587999343872,0.9463587999343872,0.0014419703511521,0.0522746630012989
669,0,background,0.947144091129303,0.947144091129303,0.0014354119775816,0.0514944270253181
670,0,background,0.9259682297706604,0.9259682297706604,0.0014069973258301,0.0727271437644958
671,0,background,0.9420281052589417,0.9420281052589417,0.0014182660961523,0.0566339269280433
672,0,background,0.9420589208602904,0.9420589208602904,0.0014183261664584,0.056603018194437
673,0,background,0.9386839270591736,0.9386839270591736,0.0014213928952813,0.0599799379706382
674,0,background,0.9394363164901732,0.9394363164901732,0.0014233195688575,0.0592246912419796
675,0,background,0.9511480331420898,0.9511480331420898,0.0013945437967777,0.047523658722639
676,0,background,0.9511374235153198,0.9511374235153198,0.0013945238897576,0.0475343465805053
677,0,background,0.9492648839950562,0.9492648839950562,0.0014306517550721,0.0493750981986522
678,0,background,0.9635497331619264,0.9635497331619264,0.0014031529426574,0.0350963287055492
679,0,background,0.9566206932067872,0.9566206932067872,0.0013880069600418,0.0420496575534343
680,0,background,0.9566316604614258,0.9566316604614258,0.0013880650512874,0.0420386046171188
681,0,background,0.9509006142616272,0.9509006142616272,0.0014035131316632,0.0477629527449607
682,0,background,0.9508724808692932,0.9508724808692932,0.0014034323394298,0.0477910973131656
683,0,background,0.947532832622528,0.947532832622528,0.0013937717303633,0.0511446706950664
684,0,background,0.9475510120391846,0.9475510120391846,0.0013938260963186,0.0511264353990554
685,0,background,0.9598629474639891,0.9598629474639891,0.0014234186382964,0.0387688241899013
686,0,background,0.9510796666145324,0.9510796666145324,0.0013890172122046,0.0475974306464195
687,0,background,0.951100528240204,0.951100528240204,0.0013890450354665,0.0475765503942966
688,0,background,0.9593583345413208,0.9593583345413208,0.0014210869558155,0.039276335388422
689,0,background,0.9678961634635924,0.9678961634635924,0.0014344197697937,0.0307134687900543
690,0,background,0.9613500833511353,0.9613500833511353,0.0013850346440449,0.0373165570199489
691,0,background,0.961357355117798,0.961357355117798,0.001385049894452,0.0373092591762542
692,0,background,0.9646482467651368,0.9646482467651368,0.0014881725655868,0.0339140631258487
693,0,background,0.9671273231506348,0.9671273231506348,0.0013911082642152,0.0315254144370555
694,0,background,0.9670681357383728,0.9670681357383728,0.0013909784611314,0.031584795564413
695,0,background,0.967440664768219,0.967440664768219,0.0013871763367205,0.0312154125422239
696,0,background,0.9673948884010316,0.9673948884010316,0.0013870080001652,0.031261421740055
697,0,background,0.9490994215011596,0.9490994215011596,0.0014197519049048,0.049551211297512
698,0,background,0.9490994811058044,0.9490994811058044,0.0014197519049048,0.0495511479675769
699,0,background,0.9674405455589294,0.9674405455589294,0.0013871658593416,0.0312155708670616
700,0,background,0.9673946499824524,0.9673946499824524,0.0013869986869394,0.0312616825103759
701,0,background,0.9671257138252258,0.9671257138252258,0.0013910949928686,0.0315270610153675
702,0,background,0.9670663475990297,0.9670663475990297,0.0013909657718613,0.0315866023302078
703,0,background,0.949084997177124,0.949084997177124,0.0014197343261912,0.0495656542479991
704,0,background,0.9490849375724792,0.9490849375724792,0.0014197336276993,0.0495657101273536
705,0,background,0.9674403667449952,0.9674403667449952,0.0013871572446078,0.0312157198786735
706,0,background,0.9673944115638732,0.9673944115638732,0.001386989490129,0.0312619283795356
707,0,background,0.9671241641044616,0.9671241641044616,0.0013910824200138,0.0315286479890346
708,0,background,0.967064619064331,0.967064619064331,0.00139095261693,0.0315883532166481
709,0,background,0.9490708708763124,0.9490708708763124,0.0014197167474776,0.0495797991752624
710,0,background,0.9490708112716676,0.9490708112716676,0.0014197167474776,0.0495798662304878
711,0,background,0.9674402475357056,0.9674402475357056,0.0013871493283659,0.0312158688902854
712,0,background,0.9673941731452942,0.9673941731452942,0.0013869801769033,0.0312621742486953
713,0,background,0.9671226143836976,0.9671226143836976,0.0013910704292356,0.0315301902592182
714,0,background,0.9670628905296326,0.9670628905296326,0.0013909406261518,0.0315900817513465
715,0,background,0.9490570425987244,0.9490570425987244,0.0014197005657479,0.0495936088263988
716,0,background,0.9490569829940796,0.9490569829940796,0.0014197011478245,0.0495936647057533
717,0,background,0.967440128326416,0.967440128326416,0.0013871394330635,0.0312159955501556
718,0,background,0.9673939347267152,0.9673939347267152,0.0013869722606614,0.0312624014914035
719,0,background,0.967121124267578,0.967121124267578,0.0013910599518567,0.031531699001789
720,0,background,0.9670612215995787,0.9670612215995787,0.001390928751789,0.0315917581319808
721,0,background,0.9490438103675842,0.9490438103675842,0.0014196848496794,0.0496070049703121
722,0,background,0.9490436911582948,0.9490436911582948,0.0014196842676028,0.0496070757508277
723,0,background,0.9674400091171264,0.9674400091171264,0.0013871315168216,0.0312161371111869
724,0,background,0.9673937559127808,0.9673937559127808,0.0013869637623429,0.0312626361846923
725,0,background,0.9671196341514589,0.9671196341514589,0.0013910465640947,0.0315331630408763
726,0,background,0.96705961227417,0.96705961227417,0.0013909167610108,0.0315933860838413
727,0,background,0.9490306973457336,0.9490306973457336,0.0014196693664416,0.0496200881898403
728,0,background,0.9490306377410888,0.9490306377410888,0.0014196693664416,0.0496201328933239
729,0,background,0.9674398899078368,0.9674398899078368,0.0013871229020878,0.0312162861227989
730,0,background,0.9673935770988464,0.9673935770988464,0.0013869565445929,0.0312628336250782
731,0,background,0.967118203639984,0.967118203639984,0.0013910367852076,0.0315345861017704
732,0,background,0.967058002948761,0.967058002948761,0.001390904886648,0.0315949656069278
733,0,background,0.9490180015563964,0.9490180015563964,0.0014196544652804,0.0496327802538871
734,0,background,0.9490179419517516,0.9490179419517516,0.0014196544652804,0.0496328435838222
735,0,background,0.9674400687217712,0.9674400687217712,0.0013871144037693,0.0312160998582839
736,0,background,0.9673936367034912,0.9673936367034912,0.0013869485119357,0.0312627516686916
737,0,background,0.9671173095703124,0.9671173095703124,0.0013910249108448,0.0315355323255062
738,0,background,0.9670571088790894,0.9670571088790894,0.0013908942928537,0.0315959528088569
739,0,background,0.94900780916214,0.94900780916214,0.0014196397969499,0.0496429875493049
740,0,background,0.9490077495574952,0.9490077495574952,0.0014196389820426,0.0496430657804012
741,0,background,0.9674403667449952,0.9674403667449952,0.0013871069531887,0.0312157645821571
742,0,background,0.9673938751220704,0.9673938751220704,0.0013869405956938,0.0312624908983707
743,0,background,0.96711665391922,0.96711665391922,0.0013910154812037,0.031536191701889
744,0,background,0.9670564532279968,0.9670564532279968,0.0013908843975514,0.0315966270864009
745,0,background,0.9489991068840028,0.9489991068840028,0.0014196260599419,0.0496518090367317
746,0,background,0.948999047279358,0.948999047279358,0.0014196260599419,0.0496518611907959
747,0,background,0.9674407243728638,0.9674407243728638,0.0013870998518541,0.031215438619256
748,0,background,0.9673941731452942,0.9673941731452942,0.001386932679452,0.031262245029211
749,0,background,0.9671160578727722,0.9671160578727722,0.0013910048874095,0.0315368473529815
750,0,background,0.9670557975769044,0.9670557975769044,0.0013908731052652,0.0315972715616226
751,0,background,0.9489905834197998,0.9489905834197998,0.001419611973688,0.0496603362262249
752,0,background,0.948990523815155,0.948990523815155,0.001419611973688,0.0496603772044181
753,0,background,0.9674410223960876,0.9674410223960876,0.0013870926341041,0.0312151294201612
754,0,background,0.9673943519592284,0.9673943519592284,0.0013869260437786,0.0312620289623737
755,0,background,0.9671154022216796,0.9671154022216796,0.0013909949921071,0.0315374732017517
756,0,background,0.9670551419258118,0.9670551419258118,0.0013908639084547,0.0315979085862636
757,0,background,0.948982298374176,0.948982298374176,0.0014195977710187,0.0496685951948165
758,0,background,0.9489822387695312,0.9489822387695312,0.0014195970725268,0.0496686398983001
759,0,background,0.9674413800239564,0.9674413800239564,0.0013870859984308,0.0312148425728082
760,0,background,0.9673945903778076,0.9673945903778076,0.0013869181275367,0.0312617905437946
761,0,background,0.9671147465705872,0.9671147465705872,0.0013909856788814,0.0315380990505218
762,0,background,0.967054545879364,0.967054545879364,0.001390854595229,0.0315985083580017
763,0,background,0.9489743709564208,0.9489743709564208,0.001419584848918,0.049676563590765
764,0,background,0.9489742517471312,0.9489742517471312,0.0014195856638252,0.0496766306459903
765,0,background,0.967189073562622,0.967189073562622,0.0013907949905842,0.0314638614654541
766,0,background,0.9671286940574646,0.9671286940574646,0.0013906531967222,0.0315244831144809
767,0,background,0.967507779598236,0.967507779598236,0.0013868494424968,0.0311485845595598
768,0,background,0.9674566984176636,0.9674566984176636,0.0013866672525182,0.0311999525874853
769,0,background,0.9493259191513062,0.9493259191513062,0.0014187633059918,0.04932526871562
770,0,background,0.9493263363838196,0.9493263363838196,0.0014187633059918,0.0493248775601387
771,0,background,0.967395544052124,0.967395544052124,0.0013867444358766,0.0312610492110252
772,0,background,0.9673437476158142,0.9673437476158142,0.0013865628279745,0.0313130617141723
773,0,background,0.9667636156082152,0.9667636156082152,0.001390109071508,0.0318906232714653
774,0,background,0.9667159914970398,0.9667159914970398,0.0013900038320571,0.0319384336471557
775,0,background,0.9492295384407043,0.9492295384407043,0.0014197409618645,0.0494209006428718
776,0,background,0.9492291808128356,0.9492291808128356,0.0014197403797879,0.0494212582707405
777,0,background,0.9673922657966614,0.9673922657966614,0.001386749674566,0.0312642827630043
778,0,background,0.9673405885696412,0.9673405885696412,0.0013865688815712,0.0313162803649902
779,0,background,0.9667582511901855,0.9667582511901855,0.0013901124475523,0.0318959988653659
780,0,background,0.966710925102234,0.966710925102234,0.0013900070916861,0.0319434888660907
781,0,background,0.9492067694664,0.9492067694664,0.0014197641285136,0.0494436770677566
782,0,background,0.9492064118385316,0.9492064118385316,0.0014197634300217,0.0494440458714962
783,0,background,0.9673890471458436,0.9673890471458436,0.0013867544475942,0.0312675237655639
784,0,background,0.9673373699188232,0.9673373699188232,0.0013865760993212,0.0313195027410984
785,0,background,0.9667528867721558,0.9667528867721558,0.001390116289258,0.0319013446569442
786,0,background,0.9667059183120728,0.9667059183120728,0.0013900097692385,0.0319485254585742
787,0,background,0.9491838812828064,0.9491838812828064,0.0014197856653481,0.0494665279984474
788,0,background,0.9491835236549376,0.9491835236549376,0.0014197856653481,0.0494668893516063
789,0,background,0.9673858284950256,0.9673858284950256,0.0013867610832676,0.0312708243727684
790,0,background,0.9673340320587158,0.9673340320587158,0.001386581454426,0.0313228070735931
791,0,background,0.9667474627494812,0.9667474627494812,0.0013901189668104,0.0319067686796188
792,0,background,0.9667007327079772,0.9667007327079772,0.0013900137273594,0.0319536216557025
793,0,background,0.949160933494568,0.949160933494568,0.001419807318598,0.0494895353913307
794,0,background,0.9491605758666992,0.9491605758666992,0.001419807318598,0.0494899190962314
795,0,background,0.9673817753791808,0.9673817753791808,0.0013867649249732,0.0312748700380325
796,0,background,0.967330038547516,0.967330038547516,0.0013865880900993,0.0313268527388572
797,0,background,0.966741383075714,0.966741383075714,0.0013901229249313,0.0319128595292568
798,0,background,0.966694951057434,0.966694951057434,0.0013900169869884,0.0319594033062458
799,0,background,0.9491367340087892,0.9491367340087892,0.0014198295539245,0.0495136901736259
800,0,background,0.9491363763809204,0.9491363763809204,0.0014198289718478,0.0495140850543975
801,0,background,0.9673777222633362,0.9673777222633362,0.0013867709785699,0.0312789008021354
802,0,background,0.9673259854316713,0.9673259854316713,0.0013865933287888,0.0313308797776699
803,0,background,0.966735303401947,0.966735303401947,0.0013901249039918,0.0319189578294754
804,0,background,0.9666891694068908,0.9666891694068908,0.0013900204794481,0.031965184956789
805,0,background,0.949112594127655,0.949112594127655,0.0014198520220816,0.0495378971099853
806,0,background,0.9491121768951416,0.9491121768951416,0.0014198526041582,0.0495382994413375
807,0,background,0.9673736095428468,0.9673736095428468,0.001386776799336,0.0312830097973346
808,0,background,0.9673218727111816,0.9673218727111816,0.0013865999644622,0.0313349813222885
809,0,background,0.96672922372818,0.96672922372818,0.001390128978528,0.0319251082837581
810,0,background,0.9666830897331238,0.9666830897331238,0.0013900243211537,0.031971339136362
811,0,background,0.949088215827942,0.949088215827942,0.0014198749559,0.0495622679591178
812,0,background,0.9490878582000732,0.9490878582000732,0.0014198749559,0.0495626591145992
813,0,background,0.9673694968223572,0.9673694968223572,0.0013867821544408,0.0312871150672435
814,0,background,0.967317759990692,0.967317759990692,0.0013866063673049,0.0313390903174877
815,0,background,0.9667230248451232,0.9667230248451232,0.001390132936649,0.0319312363862991
816,0,background,0.966676950454712,0.966676950454712,0.00139002839569,0.0319774784147739
817,0,background,0.9490638375282288,0.9490638375282288,0.0014198978897184,0.0495866276323795
818,0,background,0.94906347990036,0.94906347990036,0.0014198971912264,0.0495870225131511
819,0,background,0.9673653841018676,0.9673653841018676,0.0013867873931303,0.0312912426888942
820,0,background,0.967313587665558,0.967313587665558,0.0013866131193935,0.0313431993126869
821,0,background,0.9667168855667114,0.9667168855667114,0.001390136196278,0.0319373346865177
822,0,background,0.9666708111763,0.9666708111763,0.0013900309568271,0.0319836139678955
823,0,background,0.9490394592285156,0.9490394592285156,0.0014199202414602,0.049611072987318
824,0,background,0.949039101600647,0.949039101600647,0.0014199209399521,0.0496114529669284
825,0,background,0.9673612117767334,0.9673612117767334,0.0013867927482351,0.0312953628599643
826,0,background,0.9673094749450684,0.9673094749450684,0.001386619056575,0.0313473083078861
827,0,background,0.9667108058929444,0.9667108058929444,0.001390139455907,0.0319434441626071
828,0,background,0.966664731502533,0.966664731502533,0.0013900342164561,0.0319897085428237
829,0,background,0.9490149617195128,0.9490149617195128,0.0014199432916939,0.0496355481445789
830,0,background,0.9490145444869996,0.9490145444869996,0.0014199438737705,0.0496359430253505
831,0,background,0.9674757719039916,0.9674757719039916,0.0013869255781173,0.0311805848032236
832,0,background,0.9674248099327089,0.9674248099327089,0.0013867518864572,0.0312317535281181
833,0,background,0.967151403427124,0.967151403427124,0.0013908486580476,0.03150150552392
834,0,background,0.9670895338058472,0.9670895338058472,0.0013907075626775,0.0315636694431304
835,0,background,0.9490811824798584,0.9490811824798584,0.0014191624941304,0.0495699793100357
836,0,background,0.949080765247345,0.949080765247345,0.0014191624941304,0.0495703741908073
837,0,background,0.9667455554008484,0.9667455554008484,0.0013900130288675,0.031908743083477
838,0,background,0.966697633266449,0.966697633266449,0.00138990720734,0.0319568589329719
839,0,background,0.967388391494751,0.967388391494751,0.0013866553781554,0.0312682949006557
840,0,background,0.9673410058021544,0.9673410058021544,0.001386470394209,0.0313159190118312
841,0,background,0.9491693377494812,0.9491693377494812,0.0014195329276844,0.0494813062250614
842,0,background,0.94916969537735,0.94916969537735,0.0014195329276844,0.0494809560477733
843,0,background,0.9676995873451232,0.9676995873451232,0.0013868825044482,0.0309564378112554
844,0,background,0.9676502346992492,0.9676502346992492,0.0013867373345419,0.0310059580951929
845,0,background,0.9670709371566772,0.9670709371566772,0.0013907857937738,0.0315821841359138
846,0,background,0.9670121669769288,0.9670121669769288,0.0013906466774642,0.0316411852836608
847,0,background,0.9496418237686156,0.9496418237686156,0.0014181094011291,0.0490095913410186
848,0,background,0.9496414661407472,0.9496414661407472,0.0014181094011291,0.049009945243597
849,0,background,0.9675964117050172,0.9675964117050172,0.0013867451343685,0.0310599356889724
850,0,background,0.9675471186637878,0.9675471186637878,0.0013866052031517,0.0311094764620065
851,0,background,0.9666471481323242,0.9666471481323242,0.0013901175698265,0.0320072434842586
852,0,background,0.9665988683700562,0.9665988683700562,0.0013900111662223,0.0320556834340095
853,0,background,0.9495632648468018,0.9495632648468018,0.0014189963694661,0.0490874014794826
854,0,background,0.9495629072189332,0.9495629072189332,0.0014189955545589,0.0490877702832222
855,0,background,0.96737939119339,0.96737939119339,0.0013866857625544,0.0312772877514362
856,0,background,0.9673318266868592,0.9673318266868592,0.0013864994980394,0.0313250795006752
857,0,background,0.9667328596115112,0.9667328596115112,0.0013900370104238,0.0319214388728141
858,0,background,0.9666850566864014,0.9666850566864014,0.0013899309560656,0.0319694504141807
859,0,background,0.9491116404533386,0.9491116404533386,0.0014196274569258,0.0495390854775905
860,0,background,0.94911128282547,0.94911128282547,0.0014196274569258,0.0495394356548786
861,0,background,0.9673757553100586,0.9673757553100586,0.0013866950757801,0.0312809236347675
862,0,background,0.9673281908035278,0.9673281908035278,0.001386510208249,0.0313287563621997
863,0,background,0.96672785282135,0.96672785282135,0.0013900455087423,0.0319265276193618
864,0,background,0.966680347919464,0.966680347919464,0.0013899375917389,0.0319742113351821
865,0,background,0.949090838432312,0.949090838432312,0.0014196585398167,0.0495598278939724
866,0,background,0.9490904808044434,0.9490904808044434,0.0014196585398167,0.0495601966977119
867,0,background,0.967489778995514,0.967489778995514,0.0013868263922631,0.031166598200798
868,0,background,0.967442750930786,0.967442750930786,0.0013866402441635,0.0312138609588146
869,0,background,0.9671581983566284,0.9671581983566284,0.0013907301472499,0.0314948409795761
870,0,background,0.96709942817688,0.96709942817688,0.0013905896339565,0.0315538607537746
871,0,background,0.9491509795188904,0.9491509795188904,0.001418835367076,0.0495004057884216
872,0,background,0.9491506218910216,0.9491506218910216,0.0014188349014148,0.0495007745921611
873,0,background,0.9675847291946412,0.9675847291946412,0.0013867847155779,0.0310715846717357
874,0,background,0.9675360321998596,0.9675360321998596,0.0013866613153368,0.0311204530298709
875,0,background,0.9666287899017334,0.9666287899017334,0.0013901487691327,0.0320255793631076
876,0,background,0.9665817618370056,0.9665817618370056,0.0013900402700528,0.0320727750658988
877,0,background,0.9494765400886536,0.9494765400886536,0.0014191260561347,0.0491741113364696
878,0,background,0.9494762420654296,0.9494762420654296,0.0014191252412274,0.0491744577884674
879,0,background,0.967582106590271,0.967582106590271,0.0013867954257875,0.0310741551220417
880,0,background,0.9675334095954896,0.9675334095954896,0.0013866751687601,0.0311230607330799
881,0,background,0.9666242599487304,0.9666242599487304,0.0013901566853746,0.0320301242172718
882,0,background,0.9665775895118712,0.9665775895118712,0.0013900481862947,0.0320769809186458
883,0,background,0.9494552612304688,0.9494552612304688,0.0014191571390256,0.0491953641176223
884,0,background,0.9494548439979552,0.9494548439979552,0.0014191571390256,0.0491957440972328
885,0,background,0.96768981218338,0.96768981218338,0.0013869612012058,0.030966218560934
886,0,background,0.9676414132118224,0.9676414132118224,0.0013868461828678,0.031014809384942
887,0,background,0.9670602679252625,0.9670602679252625,0.0013908565742895,0.0315927602350711
888,0,background,0.9670010805130004,0.9670010805130004,0.0013907154789194,0.031652245670557
889,0,background,0.949498176574707,0.949498176574707,0.0014184125466272,0.0491531603038311
890,0,background,0.9494978189468384,0.9494978189468384,0.0014184112660586,0.0491535291075706
891,0,background,0.9673574566841124,0.9673574566841124,0.0013867458328604,0.0312991924583911
892,0,background,0.967309594154358,0.967309594154358,0.0013865589862689,0.0313473008573055
893,0,background,0.9667024612426758,0.9667024612426758,0.001390085904859,0.0319518223404884
894,0,background,0.9666558504104614,0.9666558504104614,0.0013899767072871,0.0319986157119274
895,0,background,0.9489867091178894,0.9489867091178894,0.0014198181452229,0.049663957208395
896,0,background,0.9489863514900208,0.9489863514900208,0.0014198181452229,0.0496643148362636
897,0,background,0.9673537611961364,0.9673537611961364,0.0013867557281628,0.0313028842210769
898,0,background,0.9673058390617372,0.9673058390617372,0.0013865688815712,0.0313510559499263
899,0,background,0.9666974544525146,0.9666974544525146,0.0013900938211008,0.031956847757101
900,0,background,0.9666507840156556,0.9666507840156556,0.001389984623529,0.0320037044584751
901,0,background,0.948965847492218,0.948965847492218,0.0014198499266058,0.0496848933398723
902,0,background,0.9489654302597046,0.9489654302597046,0.0014198505086824,0.0496852733194828
903,0,background,0.9673500061035156,0.9673500061035156,0.0013867664383724,0.0313066095113754
904,0,background,0.9673020839691162,0.9673020839691162,0.0013865788932889,0.0313547998666763
905,0,background,0.9666924476623536,0.9666924476623536,0.0013901024358347,0.0319618731737136
906,0,background,0.9666457176208496,0.9666457176208496,0.0013899925397709,0.032008770853281
907,0,background,0.9489448070526124,0.9489448070526124,0.0014198822900652,0.04970583319664
908,0,background,0.9489444494247437,0.9489444494247437,0.0014198817079886,0.049706220626831
909,0,background,0.9671083092689514,0.9671083092689514,0.0013908704277127,0.031544666737318
910,0,background,0.9670479893684388,0.9670479893684388,0.0013907373649999,0.0316051617264747
911,0,background,0.9674462080001832,0.9674462080001832,0.0013870113762095,0.0312100704759359
912,0,background,0.9673985838890076,0.9673985838890076,0.0013868217356503,0.0312579236924648
913,0,background,0.9488747715950012,0.9488747715950012,0.001419426058419,0.049776405096054
914,0,background,0.9488747715950012,0.9488747715950012,0.001419426058419,0.049776405096054
915,0,background,0.9674463272094728,0.9674463272094728,0.0013870092807337,0.0312099754810333
916,0,background,0.9673986434936525,0.9673986434936525,0.0013868197565898,0.0312578417360782
917,0,background,0.9671082496643066,0.9671082496643066,0.0013908692635595,0.0315447524189949
918,0,background,0.967047929763794,0.967047929763794,0.0013907346874475,0.0316052474081516
919,0,background,0.9488731026649476,0.9488731026649476,0.0014194233808666,0.0497780740261077
920,0,background,0.9488731026649476,0.9488731026649476,0.0014194240793585,0.0497780963778495
921,0,background,0.9674463868141174,0.9674463868141174,0.0013870092807337,0.0312099009752273
922,0,background,0.967398762702942,0.967398762702942,0.0013868190580978,0.0312577709555625
923,0,background,0.967108190059662,0.967108190059662,0.0013908678665757,0.0315448343753814
924,0,background,0.9670478105545044,0.9670478105545044,0.001390732708387,0.0316053442656993
925,0,background,0.9488717317581176,0.9488717317581176,0.0014194226823747,0.0497794635593891
926,0,background,0.9488717317581176,0.9488717317581176,0.0014194226823747,0.0497794635593891
927,0,background,0.9674464464187622,0.9674464464187622,0.0013870080001652,0.0312098376452922
928,0,background,0.967398762702942,0.967398762702942,0.0013868177775293,0.031257726252079
929,0,background,0.9671080708503724,0.9671080708503724,0.0013908664695918,0.0315448939800262
930,0,background,0.9670478105545044,0.9670478105545044,0.0013907313114032,0.0316053889691829
931,0,background,0.9488707184791564,0.9488707184791564,0.0014194207033142,0.0497804842889308
932,0,background,0.9488707184791564,0.9488707184791564,0.0014194200048223,0.0497804842889308
933,0,background,0.9674464464187622,0.9674464464187622,0.0013870073016732,0.031209796667099
934,0,background,0.9673988223075868,0.9673988223075868,0.0013868170790374,0.031257688999176
935,0,background,0.9671080708503724,0.9671080708503724,0.0013908651890233,0.0315449349582195
936,0,background,0.9670477509498596,0.9670477509498596,0.0013907307293266,0.0316054224967956
937,0,background,0.9488700032234192,0.9488700032234192,0.001419419189915,0.0497812069952487
938,0,background,0.9488700032234192,0.9488700032234192,0.001419419189915,0.0497812069952487
939,0,background,0.967446506023407,0.967446506023407,0.0013870067195966,0.0312097817659378
940,0,background,0.9673988223075868,0.9673988223075868,0.0013868163805454,0.0312576703727245
941,0,background,0.9671080708503724,0.9671080708503724,0.0013908651890233,0.0315449498593807
942,0,background,0.9670476913452148,0.9670476913452148,0.0013907301472499,0.0316054634749889
943,0,background,0.9488696455955504,0.9488696455955504,0.0014194180257618,0.0497815907001495
944,0,background,0.9488696455955504,0.9488696455955504,0.0014194180257618,0.0497815907001495
945,0,background,0.967446506023407,0.967446506023407,0.0013870067195966,0.0312097743153572
946,0,background,0.9673988223075868,0.9673988223075868,0.0013868177775293,0.0312576703727245
947,0,background,0.9671080112457277,0.9671080112457277,0.0013908639084547,0.0315449573099613
948,0,background,0.9670477509498596,0.9670477509498596,0.0013907307293266,0.0316054485738277
949,0,background,0.9488695859909058,0.9488695859909058,0.0014194180257618,0.0497816540300846
950,0,background,0.9488695859909058,0.9488695859909058,0.0014194180257618,0.0497816354036331
951,0,background,0.967446506023407,0.967446506023407,0.0013870067195966,0.0312097817659378
952,0,background,0.9673988223075868,0.9673988223075868,0.0013868163805454,0.0312576815485954
953,0,background,0.9671080708503724,0.9671080708503724,0.0013908651890233,0.0315449424088001
954,0,background,0.9670477509498596,0.9670477509498596,0.0013907313114032,0.0316054485738277
955,0,background,0.9488698244094848,0.9488698244094848,0.0014194186078384,0.0497813858091831
956,0,background,0.9488698244094848,0.9488698244094848,0.0014194186078384,0.0497813858091831
957,0,background,0.9674464464187622,0.9674464464187622,0.0013870080001652,0.0312098264694213
958,0,background,0.9673988223075868,0.9673988223075868,0.0013868170790374,0.0312577039003372
959,0,background,0.9671080708503724,0.9671080708503724,0.0013908664695918,0.031544916331768
960,0,background,0.9670477509498596,0.9670477509498596,0.0013907313114032,0.031605415046215
961,0,background,0.9488703608512878,0.9488703608512878,0.001419419189915,0.049780823290348
962,0,background,0.9488703608512878,0.9488703608512878,0.0014194200048223,0.0497808158397674
963,0,background,0.9674463868141174,0.9674463868141174,0.0013870092807337,0.0312098748981952
964,0,background,0.967398762702942,0.967398762702942,0.0013868190580978,0.0312577560544014
965,0,background,0.9671081304550172,0.9671081304550172,0.0013908670516684,0.0315448567271232
966,0,background,0.9670478105545044,0.9670478105545044,0.0013907320098951,0.0316053554415702
967,0,background,0.9488713145256042,0.9488713145256042,0.0014194212853908,0.0497798956930637
968,0,background,0.9488713145256042,0.9488713145256042,0.0014194219838827,0.0497798956930637
969,0,background,0.9674463272094728,0.9674463272094728,0.0013870092807337,0.0312099307775497
970,0,background,0.9673987030982972,0.9673987030982972,0.0013868190580978,0.0312578193843364
971,0,background,0.967108190059662,0.967108190059662,0.0013908678665757,0.0315447822213172
972,0,background,0.9670478701591492,0.9670478701591492,0.0013907341053709,0.0316052883863449
973,0,background,0.9488725066184998,0.9488725066184998,0.0014194233808666,0.0497786700725555
974,0,background,0.9488725662231444,0.9488725662231444,0.0014194233808666,0.0497786588966846
975,0,background,0.9674462080001832,0.9674462080001832,0.0013870106777176,0.0312100406736135
976,0,background,0.9673986434936525,0.9673986434936525,0.0013868211535736,0.0312578864395618
977,0,background,0.9671083092689514,0.9671083092689514,0.0013908692635595,0.0315446965396404
978,0,background,0.9670479893684388,0.9670479893684388,0.0013907360844314,0.0316051915287971
979,0,background,0.948874056339264,0.948874056339264,0.001419426058419,0.0497771278023719
980,0,background,0.948874056339264,0.948874056339264,0.001419426058419,0.0497771278023719
981,0,background,0.967170476913452,0.967170476913452,0.0013906704261898,0.0314826108515262
982,0,background,0.9671127200126648,0.9671127200126648,0.0013905401574447,0.0315406173467636
983,0,background,0.9675036668777466,0.9675036668777466,0.0013867537491023,0.0311527978628873
984,0,background,0.967456579208374,0.967456579208374,0.001386591931805,0.031200123950839
985,0,background,0.9492505192756652,0.9492505192756652,0.0014186057960614,0.0494010113179683
986,0,background,0.949250876903534,0.949250876903534,0.0014186057960614,0.0494006536900997
987,0,background,0.9673866629600524,0.9673866629600524,0.0013866500230506,0.0312700346112251
988,0,background,0.967338800430298,0.967338800430298,0.0013864889042451,0.0313181243836879
989,0,background,0.9667415618896484,0.9667415618896484,0.001390015007928,0.0319127291440963
990,0,background,0.9666962623596193,0.9666962623596193,0.0013899184996262,0.0319582372903823
991,0,background,0.9491577744483948,0.9491577744483948,0.0014195564435794,0.0494929552078247
992,0,background,0.949157416820526,0.949157416820526,0.0014195558615028,0.0494932830333709
993,0,background,0.9675984382629396,0.9675984382629396,0.0013867386151105,0.0310579128563404
994,0,background,0.9675447940826416,0.9675447940826416,0.0013865985674783,0.0311118029057979
995,0,background,0.96664696931839,0.96664696931839,0.0013901117490604,0.032007411122322
996,0,background,0.9666016697883606,0.9666016697883606,0.0013900164049118,0.032052893191576
997,0,background,0.949569046497345,0.949569046497345,0.0014189867069944,0.0490815602242946
998,0,background,0.9495686888694764,0.9495686888694764,0.0014189861249178,0.0490819066762924
999,0,background,0.9675958156585692,0.9675958156585692,0.001386747113429,0.0310605391860008
1000,0,background,0.9675422310829164,0.9675422310829164,0.0013866124209016,0.0311143435537815
1001,0,background,0.9666423797607422,0.9666423797607422,0.0013901196653023,0.0320120565593242
1002,0,background,0.9665974378585817,0.9665974378585817,0.0013900236226618,0.032057087868452
1003,0,background,0.9495480060577391,0.9495480060577391,0.0014190186047926,0.0491026639938354
1004,0,background,0.9495476484298706,0.9495476484298706,0.001419018022716,0.0491030402481555
1005,0,background,0.9673770070075988,0.9673770070075988,0.001386679126881,0.0312796793878078
1006,0,background,0.9673293232917786,0.9673293232917786,0.001386520685628,0.0313276126980781
1007,0,background,0.9667277336120604,0.9667277336120604,0.001390038174577,0.0319266319274902
1008,0,background,0.966683566570282,0.966683566570282,0.0013899422483518,0.0319710075855255
1009,0,background,0.949098527431488,0.949098527431488,0.0014196519041433,0.049552135169506
1010,0,background,0.9490981698036194,0.9490981698036194,0.0014196512056514,0.0495524927973747
1011,0,background,0.9673733711242676,0.9673733711242676,0.0013866884401068,0.0312833450734615
1012,0,background,0.9673256874084472,0.9673256874084472,0.001386531163007,0.0313312225043773
1013,0,background,0.96672260761261,0.96672260761261,0.0013900467893108,0.0319317393004894
1014,0,background,0.9666788578033448,0.9666788578033448,0.0013899501645937,0.0319756641983985
1015,0,background,0.9490779042243958,0.9490779042243958,0.0014196829870343,0.0495727956295013
1016,0,background,0.9490775465965272,0.9490775465965272,0.0014196829870343,0.0495731830596923
1017,0,background,0.9673696756362916,0.9673696756362916,0.0013866989174857,0.0312869921326637
1018,0,background,0.9673221111297609,0.9673221111297609,0.0013865418732166,0.0313348360359668
1019,0,background,0.966717541217804,0.966717541217804,0.0013900547055527,0.0319368243217468
1020,0,background,0.9666742086410522,0.9666742086410522,0.0013899580808356,0.0319802984595298
1021,0,background,0.9490572214126588,0.9490572214126588,0.0014197154669091,0.0495934709906578
1022,0,background,0.94905686378479,0.94905686378479,0.0014197154669091,0.0495938323438167
1023,0,background,0.9675853252410888,0.9675853252410888,0.0013867873931303,0.0310709960758686
1024,0,background,0.9675320386886596,0.9675320386886596,0.0013866705121472,0.0311244875192642
1025,0,background,0.9666239023208618,0.9666239023208618,0.0013901500497013,0.032030489295721
1026,0,background,0.966580867767334,0.966580867767334,0.0013900540070608,0.032073687762022
1027,0,background,0.949463427066803,0.949463427066803,0.0014191475929692,0.0491872653365135
1028,0,background,0.9494630694389344,0.9494630694389344,0.0014191470108926,0.0491876266896724
1029,0,background,0.9675827026367188,0.9675827026367188,0.0013867967063561,0.0310735963284969
1030,0,background,0.9675294160842896,0.9675294160842896,0.0013866843655705,0.0311270225793123
1031,0,background,0.966619312763214,0.966619312763214,0.0013901580823585,0.032035045325756
1032,0,background,0.9665767550468444,0.9665767550468444,0.0013900613412261,0.0320777855813503
1033,0,background,0.9494422078132628,0.9494422078132628,0.0014191814698278,0.0492084547877311
1034,0,background,0.9494418501853944,0.9494418501853944,0.001419180072844,0.0492088310420513
1035,0,background,0.967358648777008,0.967358648777008,0.0013867305824533,0.0312980636954307
1036,0,background,0.967311143875122,0.967311143875122,0.0013865721412003,0.0313457250595092
1037,0,background,0.9667022824287416,0.9667022824287416,0.0013900791527703,0.0319520346820354
1038,0,background,0.9666600227355956,0.9666600227355956,0.0013899819459766,0.0319944471120834
1039,0,background,0.948995053768158,0.948995053768158,0.0014198112767189,0.0496556647121906
1040,0,background,0.9489946961402892,0.9489946961402892,0.0014198112767189,0.0496560558676719
1041,0,background,0.9673548340797424,0.9673548340797424,0.001386739895679,0.0313018150627613
1042,0,background,0.967307448387146,0.967307448387146,0.0013865834334865,0.0313494279980659
1043,0,background,0.9666972160339355,0.9666972160339355,0.0013900866033509,0.0319571159780025
1044,0,background,0.9666550159454346,0.9666550159454346,0.0013899898622184,0.0319994799792766
1045,0,background,0.9489741325378418,0.9489741325378418,0.0014198444550856,0.0496765300631523
1046,0,background,0.9489737749099731,0.9489737749099731,0.0014198437565937,0.0496768988668918
1047,0,background,0.967474400997162,0.967474400997162,0.0013868786627426,0.031182013452053
1048,0,background,0.9674277901649476,0.9674277901649476,0.0013867226662114,0.0312288254499435
1049,0,background,0.9671427607536316,0.9671427607536316,0.0013907863758504,0.0315102115273475
1050,0,background,0.9670859575271606,0.9670859575271606,0.0013906586682423,0.0315672606229782
1051,0,background,0.9490452408790588,0.9490452408790588,0.0014190895017236,0.0496061034500598
1052,0,background,0.9490448236465454,0.9490448236465454,0.0014190881047397,0.0496065057814121
1053,0,background,0.9667657017707824,0.9667657017707824,0.0013901124475523,0.0318885669112205
1054,0,background,0.9667240381240844,0.9667240381240844,0.0013900123303756,0.0319303087890148
1055,0,background,0.9673932194709778,0.9673932194709778,0.0013867386151105,0.031263381242752
1056,0,background,0.9673515558242798,0.9673515558242798,0.0013865695800632,0.0313052348792552
1057,0,background,0.9492486715316772,0.9492486715316772,0.0014197382843121,0.0494017750024795
1058,0,background,0.949249029159546,0.949249029159546,0.0014197382843121,0.0494013950228691
1059,0,background,0.96739000082016,0.96739000082016,0.0013867451343685,0.0312665551900863
1060,0,background,0.9673482775688172,0.9673482775688172,0.0013865754008293,0.0313085168600082
1061,0,background,0.9667603969573976,0.9667603969573976,0.001390109071508,0.0318938791751861
1062,0,background,0.9667189121246338,0.9667189121246338,0.001390015007928,0.0319354310631752
1063,0,background,0.949226140975952,0.949226140975952,0.0014197573764249,0.0494242049753665
1064,0,background,0.9492257833480836,0.9492257833480836,0.0014197573764249,0.0494245961308479
1065,0,background,0.9673869013786316,0.9673869013786316,0.001386750373058,0.0312697403132915
1066,0,background,0.9673449993133544,0.9673449993133544,0.001386581454426,0.0313117876648902
1067,0,background,0.9667550325393676,0.9667550325393676,0.0013901129132136,0.0318992100656032
1068,0,background,0.9667137861251832,0.9667137861251832,0.0013900190824642,0.0319405496120452
1069,0,background,0.949203372001648,0.949203372001648,0.0014197794953361,0.0494470819830894
1070,0,background,0.9492029547691344,0.9492029547691344,0.0014197794953361,0.0494474545121192
1071,0,background,0.9673836827278136,0.9673836827278136,0.0013867557281628,0.0312729477882385
1072,0,background,0.9673417210578918,0.9673417210578918,0.0013865866931155,0.0313150845468044
1073,0,background,0.9667497277259828,0.9667497277259828,0.0013901157071813,0.0319045223295688
1074,0,background,0.9667087197303772,0.9667087197303772,0.0013900216436013,0.0319456532597541
1075,0,background,0.9491804242134094,0.9491804242134094,0.0014198018470779,0.049469981342554
1076,0,background,0.9491800665855408,0.9491800665855408,0.0014198012650012,0.0494703464210033
1077,0,background,0.967380166053772,0.967380166053772,0.0013867616653442,0.0312764681875705
1078,0,background,0.96733820438385,0.96733820438385,0.0013865926302969,0.031318686902523
1079,0,background,0.9667441248893738,0.9667441248893738,0.0013901183847337,0.0319101363420486
1080,0,background,0.9667031764984132,0.9667031764984132,0.0013900243211537,0.0319511666893959
1081,0,background,0.9491569995880128,0.9491569995880128,0.0014198235003277,0.049493420869112
1082,0,background,0.9491565823554992,0.9491565823554992,0.0014198241988196,0.0494938269257545
1083,0,background,0.9673761129379272,0.9673761129379272,0.0013867676025256,0.0312805250287056
1084,0,background,0.9673340320587158,0.9673340320587158,0.0013865978689864,0.0313228517770767
1085,0,background,0.966737985610962,0.966737985610962,0.0013901229249313,0.0319162793457508
1086,0,background,0.9666969776153564,0.9666969776153564,0.0013900268822908,0.0319574140012264
1087,0,background,0.9491327404975892,0.9491327404975892,0.0014198458520695,0.0495177656412124
1088,0,background,0.9491323232650756,0.9491323232650756,0.0014198452699929,0.0495181679725647
1089,0,background,0.9673720598220824,0.9673720598220824,0.0013867722591385,0.0312846004962921
1090,0,background,0.9673298597335817,0.9673298597335817,0.0013866038061678,0.0313270203769207
1091,0,background,0.96673184633255,0.96673184633255,0.0013901261845603,0.0319223888218402
1092,0,background,0.966690719127655,0.966690719127655,0.0013900309568271,0.0319636538624763
1093,0,background,0.949108362197876,0.949108362197876,0.001419868087396,0.0495421513915061
1094,0,background,0.9491079449653624,0.9491079449653624,0.001419868087396,0.0495425201952457
1095,0,background,0.96758770942688,0.96758770942688,0.0013868501409888,0.0310685914009809
1096,0,background,0.9675435423851012,0.9675435423851012,0.0013867253437638,0.0311128944158554
1097,0,background,0.966637909412384,0.966637909412384,0.001390216872096,0.0320163965225219
1098,0,background,0.96659654378891,0.96659654378891,0.0013901209458708,0.0320579186081886
1099,0,background,0.9495121836662292,0.9495121836662292,0.0014192895032465,0.0491382330656051
1100,0,background,0.9495118260383606,0.9495118260383606,0.0014192881062626,0.0491386279463768
1101,0,background,0.9673638343811036,0.9673638343811036,0.0013867835514247,0.0312927663326263
1102,0,background,0.9673214554786682,0.9673214554786682,0.0013866156805306,0.0313353426754474
1103,0,background,0.9667196273803712,0.9667196273803712,0.001390132936649,0.0319345965981483
1104,0,background,0.9666783809661864,0.9666783809661864,0.0013900375925004,0.0319760702550411
1105,0,background,0.9490594267845154,0.9490594267845154,0.0014199140714481,0.0495910458266735
1106,0,background,0.9490590691566468,0.9490590691566468,0.0014199127908796,0.0495914407074451
1107,0,background,0.9673597812652588,0.9673597812652588,0.0013867893721908,0.0312968343496322
1108,0,background,0.967317283153534,0.967317283153534,0.0013866197550669,0.0313395038247108
1109,0,background,0.966713547706604,0.966713547706604,0.0013901368947699,0.0319406762719154
1110,0,background,0.9666721224784852,0.9666721224784852,0.0013900402700528,0.0319822765886783
1111,0,background,0.9490349292755128,0.9490349292755128,0.001419935724698,0.0496155470609664
1112,0,background,0.949034571647644,0.949034571647644,0.0014199364231899,0.0496159307658672
1113,0,background,0.9673556685447692,0.9673556685447692,0.0013867954257875,0.0313008986413478
1114,0,background,0.9673131108283995,0.9673131108283995,0.0013866262743249,0.0313436798751354
1115,0,background,0.9667074680328368,0.9667074680328368,0.0013901408528909,0.0319467559456825
1116,0,background,0.9666659832000732,0.9666659832000732,0.0013900435296818,0.0319884605705738
1117,0,background,0.9490106105804444,0.9490106105804444,0.0014199593570083,0.0496399290859699
1118,0,background,0.9490101933479308,0.9490101933479308,0.0014199593570083,0.0496403351426124
1119,0,background,0.967351496219635,0.967351496219635,0.0013868019450455,0.0313050486147403
1120,0,background,0.9673088788986206,0.9673088788986206,0.0013866329099982,0.0313479155302047
1121,0,background,0.9667011499404908,0.9667011499404908,0.0013901446945965,0.0319530665874481
1122,0,background,0.9666595458984376,0.9666595458984376,0.0013900467893108,0.0319948717951774
1123,0,background,0.9489882588386536,0.9489882588386536,0.001419982407242,0.0496622696518898
1124,0,background,0.9489879012107848,0.9489879012107848,0.001419982407242,0.0496626496315002
1125,0,background,0.9579374194145204,0.9579374194145204,0.0013842369662597,0.0407347157597541
1126,0,background,0.9579448103904724,0.9579448103904724,0.0013842514017596,0.040727324783802
1127,0,background,0.9678449034690856,0.9678449034690856,0.0014397845370694,0.0307595953345298
1128,0,background,0.9669546484947203,0.9669546484947203,0.0013933710288256,0.0316961444914341
1129,0,background,0.9660841822624208,0.9660841822624208,0.0014192077796906,0.0325428135693073
1130,0,background,0.9627964496612548,0.9627964496612548,0.0013965899124741,0.0358570180833339
1131,0,background,0.9627922177314758,0.9627922177314758,0.0013965805992484,0.0358612611889839
1132,0,background,0.9598872661590576,0.9598872661590576,0.001402715453878,0.0387643277645111
1133,0,background,0.9598912000656128,0.9598912000656128,0.0014027254655957,0.0387604050338268
1134,0,background,0.9680059552192688,0.9680059552192688,0.0014294370776042,0.0306083410978317
1135,0,background,0.9680036902427672,0.9680036902427672,0.0014294043648988,0.0306107029318809
1136,0,background,0.9670110940933228,0.9670110940933228,0.0013929908163845,0.0316399298608303
1137,0,background,0.9670339822769164,0.9670339822769164,0.0013929676497355,0.0316171012818813
1138,0,background,0.3270049095153808,0.3270049095153808,0.0014099240070208,0.672533392906189
1139,0,background,0.9715531468391418,0.9715531468391418,0.0014277771115303,0.0270577073097229
1140,0,background,0.9697590470314026,0.9697590470314026,0.0013939323835074,0.0288873557001352
1141,0,background,0.3253869414329529,0.3253869414329529,0.0014105371665209,0.6741534471511841
1142,0,background,0.8770013451576233,0.8770013451576233,0.0013785930350422,0.1217879503965377
1143,0,background,0.9008233547210692,0.9008233547210692,0.0013773567043244,0.0979341641068458
1144,0,background,0.8371286988258362,0.8371286988258362,0.0013741558650508,0.1617193222045898
1145,0,background,0.9728444814682008,0.9728444814682008,0.0014156501274555,0.0257763136178255
1146,0,background,0.3254639208316803,0.3254639208316803,0.0014107533497735,0.6740762591362
1147,0,background,0.9715489149093628,0.9715489149093628,0.0014276935253292,0.0270620174705982
1148,0,background,0.9697669744491576,0.9697669744491576,0.0013940557837486,0.0288792382925748
1149,0,background,0.3272249698638916,0.3272249698638916,0.0014100422849878,0.6723129749298096
1150,0,background,0.876785159111023,0.876785159111023,0.0013789684744551,0.1220041736960411
1151,0,background,0.8368653655052185,0.8368653655052185,0.0013745917240157,0.1619827002286911
1152,0,background,0.9009157419204712,0.9009157419204712,0.0013777187559753,0.0978414043784141
1153,0,background,0.9728459119796752,0.9728459119796752,0.0014158457051962,0.0257747136056423
1154,0,background,0.9547332525253296,0.9547332525253296,0.0014019508380442,0.0439263805747032
1155,0,background,0.954946756362915,0.954946756362915,0.0014019381487742,0.0437125340104103
1156,0,background,0.9661556482315063,0.9661556482315063,0.0014045921852812,0.0324854105710983
1157,0,background,0.9660019874572754,0.9660019874572754,0.0014040406094864,0.032639805227518
1158,0,background,0.9359980225563048,0.9359980225563048,0.0014015375636518,0.0626882761716842
1159,0,background,0.9363890886306764,0.9363890886306764,0.0014023006660863,0.0622959546744823
1160,0,background,0.9570747017860411,0.9570747017860411,0.001411517499946,0.0415724590420722
1161,0,background,0.9569299817085266,0.9569299817085266,0.0014115121448412,0.0417174138128757
1162,0,background,0.9682754278182985,0.9682754278182985,0.001498676254414,0.0302712246775627
1163,0,background,0.9607213139533995,0.9607213139533995,0.001374329207465,0.0379565544426441
1164,0,background,0.9607356190681458,0.9607356190681458,0.0013743247836828,0.0379422083497047
1165,0,background,0.9691431522369384,0.9691431522369384,0.0013853023992851,0.0295124258846044
1166,0,background,0.9691431522369384,0.9691431522369384,0.0013853023992851,0.0295124258846044
1167,0,background,0.9676325917243958,0.9676325917243958,0.0014307117089629,0.030981047078967
1168,0,background,0.941447138786316,0.941447138786316,0.001399922883138,0.0572330430150032
1169,0,background,0.9413074254989624,0.9413074254989624,0.0013997323112562,0.0573731288313865
1170,0,background,0.9478423595428468,0.9478423595428468,0.0014007430290803,0.0508281253278255
1171,0,background,0.9477506279945374,0.9477506279945374,0.0014009932056069,0.0509197078645229
1172,0,background,0.9460763931274414,0.9460763931274414,0.0014099804684519,0.052587728947401
1173,0,background,0.946422278881073,0.946422278881073,0.0013998176436871,0.0522510409355163
1174,0,background,0.9462071657180786,0.9462071657180786,0.0013988993596285,0.0524672679603099
1175,0,background,0.9490110278129578,0.9490110278129578,0.0013931572902947,0.0496650412678718
1176,0,background,0.948924481868744,0.948924481868744,0.0013936230679973,0.0497512444853782
1177,0,background,0.9676472544670104,0.9676472544670104,0.001431431970559,0.0309656839817762
1178,0,background,0.9454012513160706,0.9454012513160706,0.0014088328462094,0.0532649904489517
1179,0,background,0.9493120908737184,0.9493120908737184,0.0013927168911322,0.049363899976015
1180,0,background,0.9491669535636902,0.9491669535636902,0.0013932076981291,0.0495088100433349
1181,0,background,0.9417877197265624,0.9417877197265624,0.0013996476773172,0.0568922832608222
1182,0,background,0.9416664838790894,0.9416664838790894,0.0013994856271892,0.0570138730108737
1183,0,background,0.9465137124061584,0.9465137124061584,0.001398129039444,0.0521610677242279
1184,0,background,0.946378529071808,0.946378529071808,0.0013972059823572,0.0522973462939262
1185,0,background,0.9480313062667848,0.9480313062667848,0.0013997183414176,0.0506398864090442
1186,0,background,0.947887122631073,0.947887122631073,0.0013999642105773,0.0507839694619178
1187,0,background,0.9577555060386658,0.9577555060386658,0.0014067601878196,0.0408952198922634
1188,0,background,0.957719087600708,0.957719087600708,0.0014063838170841,0.040932111442089
1189,0,background,0.9436720013618468,0.9436720013618468,0.0014079462271183,0.0549975298345088
1190,0,background,0.9436516761779784,0.9436516761779784,0.0014084578724578,0.0550173372030258
1191,0,background,0.9577409625053406,0.9577409625053406,0.0014065665891394,0.0409100241959095
1192,0,background,0.9577031135559082,0.9577031135559082,0.0014061882393434,0.040948249399662
1193,0,background,0.9653138518333436,0.9653138518333436,0.001422258792445,0.033311266452074
1194,0,background,0.9653099179267884,0.9653099179267884,0.0014223454054445,0.0333151333034038
1195,0,background,0.9600698947906494,0.9600698947906494,0.0014181087026372,0.0385667197406291
1196,0,background,0.9600322246551514,0.9600322246551514,0.0014182403683662,0.0386043116450309
1197,0,background,0.9509756565093994,0.9509756565093994,0.0014044523704797,0.047686867415905
1198,0,background,0.9509027004241944,0.9509027004241944,0.0014041475951671,0.0477601960301399
1199,0,background,0.9483838081359864,0.9483838081359864,0.0014011120656505,0.0502855442464351
1200,0,background,0.948387622833252,0.948387622833252,0.0014015450142323,0.0502812676131725
1201,0,background,0.9510418772697448,0.9510418772697448,0.0014044283889234,0.0476205833256244
1202,0,background,0.9509579539299012,0.9509579539299012,0.0014041301328688,0.0477049499750137
1203,0,background,0.9603266716003418,0.9603266716003418,0.0014171475777402,0.0383104458451271
1204,0,background,0.9603230357170104,0.9603230357170104,0.0014172540977597,0.0383139960467815
1205,0,background,0.96527498960495,0.96527498960495,0.0014222350437194,0.0333502106368541
1206,0,background,0.9652668833732604,0.9652668833732604,0.0014223224716261,0.0333582051098346
1207,0,background,0.9591662287712096,0.9591662287712096,0.001408694544807,0.0394806936383247
1208,0,background,0.9591900110244752,0.9591900110244752,0.0014090575277805,0.0394565612077713
1209,0,background,0.9481384754180908,0.9481384754180908,0.001406185561791,0.0505263842642307
1210,0,background,0.9482234716415404,0.9482234716415404,0.0014054438797757,0.0504419952630996
1211,0,background,0.9591687917709352,0.9591687917709352,0.0014088355237618,0.039478026330471
1212,0,background,0.9591856598854064,0.9591856598854064,0.0014092589262872,0.0394607372581958
1213,0,background,0.9653139710426332,0.9653139710426332,0.00142315228004,0.0333102121949195
1214,0,background,0.9653649926185608,0.9653649926185608,0.0014228258514776,0.0332595407962799
1215,0,background,0.9591672420501708,0.9591672420501708,0.0014086791779845,0.0394796691834926
1216,0,background,0.9591840505599976,0.9591840505599976,0.00140910258051,0.0394624359905719
1217,0,background,0.9479809999465942,0.9479809999465942,0.0014059365494176,0.0506843216717243
1218,0,background,0.9480670094490052,0.9480670094490052,0.0014051983598619,0.0505989268422126
1219,0,background,0.9591643214225768,0.9591643214225768,0.0014085330767557,0.0394827909767627
1220,0,background,0.9591881036758424,0.9591881036758424,0.0014088959433138,0.0394586026668548
1221,0,background,0.9652475714683532,0.9652475714683532,0.0014229069929569,0.0333770774304866
1222,0,background,0.9652931094169616,0.9652931094169616,0.0014226394705474,0.0333316922187805
1223,0,background,0.9512237310409546,0.9512237310409546,0.0014183496823534,0.047425203025341
1224,0,background,0.9512298107147216,0.9512298107147216,0.001418353873305,0.0474190860986709
1225,0,background,0.967932939529419,0.967932939529419,0.0014175537507981,0.0306929852813482
1226,0,background,0.9431069493293762,0.9431069493293762,0.0014364011585712,0.0555364191532135
1227,0,background,0.9431154727935792,0.9431154727935792,0.0014364087255671,0.0555278770625591
1228,0,background,0.945367991924286,0.945367991924286,0.0014252301771193,0.0532827153801918
1229,0,background,0.9515079259872437,0.9515079259872437,0.0014126027235761,0.0471460223197937
1230,0,background,0.9515153169631958,0.9515153169631958,0.0014125952729955,0.0471387058496475
1231,0,background,0.9345785975456238,0.9345785975456238,0.0014131084317341,0.0640989169478416
1232,0,background,0.93458890914917,0.93458890914917,0.0014130984200164,0.0640885457396507
1233,0,background,0.9680688977241516,0.9680688977241516,0.0014177326811477,0.030556671321392
1234,0,background,0.9460457563400269,0.9460457563400269,0.0014375033788383,0.0525923445820808
1235,0,background,0.9460533261299132,0.9460533261299132,0.0014375116443261,0.0525847822427749
1236,0,background,0.9473541975021362,0.9473541975021362,0.0014240762684494,0.0512947812676429
1237,0,background,0.9532302618026732,0.9532302618026732,0.0014129556948319,0.0454210080206394
1238,0,background,0.9532246589660645,0.9532246589660645,0.0014129658229649,0.0454265661537647
1239,0,background,0.937431275844574,0.937431275844574,0.0014110605698078,0.0612440630793571
1240,0,background,0.9374393224716188,0.9374393224716188,0.0014110476477071,0.0612360574305057
1241,0,background,0.9478461742401124,0.9478461742401124,0.0014077492523938,0.0508175827562809
1242,0,background,0.9478469491004944,0.9478469491004944,0.0014077371452003,0.0508168451488018
1243,0,background,0.9371107816696168,0.9371107816696168,0.0014054934727028,0.0615703165531158
1244,0,background,0.936984360218048,0.936984360218048,0.0014053193153813,0.0616970621049404
