ISO-10303-21;
HEADER;
FILE_DESCRIPTION(('Open CASCADE Model'),'2;1');
FILE_NAME('Open CASCADE Shape Model','2026-07-05T14:35:34',('Author'),(
    'Open CASCADE'),'Open CASCADE STEP processor 7.5','Open CASCADE 7.5'
  ,'Unknown');
FILE_SCHEMA(('AUTOMOTIVE_DESIGN { 1 0 10303 214 1 1 1 1 }'));
ENDSEC;
DATA;
#1 = APPLICATION_PROTOCOL_DEFINITION('international standard',
  'automotive_design',2000,#2);
#2 = APPLICATION_CONTEXT(
  'core data for automotive mechanical design processes');
#3 = SHAPE_DEFINITION_REPRESENTATION(#4,#10);
#4 = PRODUCT_DEFINITION_SHAPE('','',#5);
#5 = PRODUCT_DEFINITION('design','',#6,#9);
#6 = PRODUCT_DEFINITION_FORMATION('','',#7);
#7 = PRODUCT('Open CASCADE STEP translator 7.5 1',
  'Open CASCADE STEP translator 7.5 1','',(#8));
#8 = PRODUCT_CONTEXT('',#2,'mechanical');
#9 = PRODUCT_DEFINITION_CONTEXT('part definition',#2,'design');
#10 = SHAPE_REPRESENTATION('',(#11,#15,#19,#23,#27,#31,#35),#39);
#11 = AXIS2_PLACEMENT_3D('',#12,#13,#14);
#12 = CARTESIAN_POINT('',(0.,0.,0.));
#13 = DIRECTION('',(0.,0.,1.));
#14 = DIRECTION('',(1.,0.,-0.));
#15 = AXIS2_PLACEMENT_3D('',#16,#17,#18);
#16 = CARTESIAN_POINT('',(0.,0.,0.));
#17 = DIRECTION('',(0.,0.,1.));
#18 = DIRECTION('',(1.,0.,-0.));
#19 = AXIS2_PLACEMENT_3D('',#20,#21,#22);
#20 = CARTESIAN_POINT('',(0.,0.,0.));
#21 = DIRECTION('',(0.,0.,1.));
#22 = DIRECTION('',(1.,0.,-0.));
#23 = AXIS2_PLACEMENT_3D('',#24,#25,#26);
#24 = CARTESIAN_POINT('',(0.,0.,0.));
#25 = DIRECTION('',(0.,0.,1.));
#26 = DIRECTION('',(1.,0.,-0.));
#27 = AXIS2_PLACEMENT_3D('',#28,#29,#30);
#28 = CARTESIAN_POINT('',(0.,0.,0.));
#29 = DIRECTION('',(0.,0.,1.));
#30 = DIRECTION('',(1.,0.,-0.));
#31 = AXIS2_PLACEMENT_3D('',#32,#33,#34);
#32 = CARTESIAN_POINT('',(0.,0.,0.));
#33 = DIRECTION('',(0.,0.,1.));
#34 = DIRECTION('',(1.,0.,-0.));
#35 = AXIS2_PLACEMENT_3D('',#36,#37,#38);
#36 = CARTESIAN_POINT('',(0.,0.,0.));
#37 = DIRECTION('',(0.,0.,1.));
#38 = DIRECTION('',(1.,0.,-0.));
#39 = ( GEOMETRIC_REPRESENTATION_CONTEXT(3) 
GLOBAL_UNCERTAINTY_ASSIGNED_CONTEXT((#43)) GLOBAL_UNIT_ASSIGNED_CONTEXT(
(#40,#41,#42)) REPRESENTATION_CONTEXT('Context #1',
  '3D Context with UNIT and UNCERTAINTY') );
#40 = ( LENGTH_UNIT() NAMED_UNIT(*) SI_UNIT(.MILLI.,.METRE.) );
#41 = ( NAMED_UNIT(*) PLANE_ANGLE_UNIT() SI_UNIT($,.RADIAN.) );
#42 = ( NAMED_UNIT(*) SI_UNIT($,.STERADIAN.) SOLID_ANGLE_UNIT() );
#43 = UNCERTAINTY_MEASURE_WITH_UNIT(LENGTH_MEASURE(1.E-04),#40,
  'distance_accuracy_value','confusion accuracy');
#44 = PRODUCT_RELATED_PRODUCT_CATEGORY('part',$,(#7));
#45 = ADVANCED_BREP_SHAPE_REPRESENTATION('',(#11,#46),#273);
#46 = MANIFOLD_SOLID_BREP('',#47);
#47 = CLOSED_SHELL('',(#48,#159,#242));
#48 = ADVANCED_FACE('',(#49),#69,.T.);
#49 = FACE_BOUND('',#50,.T.);
#50 = EDGE_LOOP('',(#51,#87,#158));
#51 = ORIENTED_EDGE('',*,*,#52,.T.);
#52 = EDGE_CURVE('',#53,#55,#57,.T.);
#53 = VERTEX_POINT('',#54);
#54 = CARTESIAN_POINT('',(-45.56148190033,0.,246.4024342268));
#55 = VERTEX_POINT('',#56);
#56 = CARTESIAN_POINT('',(-35.47117545146,0.,266.72526432624));
#57 = SEAM_CURVE('',#58,(#68,#80),.PCURVE_S1.);
#58 = B_SPLINE_CURVE_WITH_KNOTS('',8,(#59,#60,#61,#62,#63,#64,#65,#66,
    #67),.UNSPECIFIED.,.F.,.F.,(9,9),(-1.570796326795,0.649107265442),
  .PIECEWISE_BEZIER_KNOTS.);
#59 = CARTESIAN_POINT('',(-45.56148190033,0.,246.40243424131));
#60 = CARTESIAN_POINT('',(-42.04672549725,0.,246.40243424131));
#61 = CARTESIAN_POINT('',(-38.53195713691,0.,247.51708554172));
#62 = CARTESIAN_POINT('',(-35.42967132037,0.,249.74623176692));
#63 = CARTESIAN_POINT('',(-33.15185355,0.,252.90737967435));
#64 = CARTESIAN_POINT('',(-32.01049301765,0.,256.63277979016));
#65 = CARTESIAN_POINT('',(-32.10995787464,0.,260.45159857651));
#66 = CARTESIAN_POINT('',(-33.3465914411,0.,263.92532590759));
#67 = CARTESIAN_POINT('',(-35.47117548087,0.,266.72526434101));
#68 = PCURVE('',#69,#74);
#69 = SPHERICAL_SURFACE('',#70,12.6663389);
#70 = AXIS2_PLACEMENT_3D('',#71,#72,#73);
#71 = CARTESIAN_POINT('',(-45.56148190033,0.,259.06877314131));
#72 = DIRECTION('',(0.,0.,1.));
#73 = DIRECTION('',(1.,0.,-0.));
#74 = DEFINITIONAL_REPRESENTATION('',(#75),#79);
#75 = LINE('',#76,#77);
#76 = CARTESIAN_POINT('',(6.28318530718,0.));
#77 = VECTOR('',#78,1.);
#78 = DIRECTION('',(0.,1.));
#79 = ( GEOMETRIC_REPRESENTATION_CONTEXT(2) 
PARAMETRIC_REPRESENTATION_CONTEXT() REPRESENTATION_CONTEXT('2D SPACE',''
  ) );
#80 = PCURVE('',#69,#81);
#81 = DEFINITIONAL_REPRESENTATION('',(#82),#86);
#82 = LINE('',#83,#84);
#83 = CARTESIAN_POINT('',(0.,0.));
#84 = VECTOR('',#85,1.);
#85 = DIRECTION('',(0.,1.));
#86 = ( GEOMETRIC_REPRESENTATION_CONTEXT(2) 
PARAMETRIC_REPRESENTATION_CONTEXT() REPRESENTATION_CONTEXT('2D SPACE',''
  ) );
#87 = ORIENTED_EDGE('',*,*,#88,.F.);
#88 = EDGE_CURVE('',#55,#55,#89,.T.);
#89 = SURFACE_CURVE('',#90,(#95,#124),.PCURVE_S1.);
#90 = CIRCLE('',#91,10.0903064);
#91 = AXIS2_PLACEMENT_3D('',#92,#93,#94);
#92 = CARTESIAN_POINT('',(-45.56148190033,0.,266.72526432624));
#93 = DIRECTION('',(0.,0.,1.));
#94 = DIRECTION('',(1.,0.,-0.));
#95 = PCURVE('',#69,#96);
#96 = DEFINITIONAL_REPRESENTATION('',(#97),#123);
#97 = B_SPLINE_CURVE_WITH_KNOTS('',3,(#98,#99,#100,#101,#102,#103,#104,
    #105,#106,#107,#108,#109,#110,#111,#112,#113,#114,#115,#116,#117,
    #118,#119,#120,#121,#122),.UNSPECIFIED.,.F.,.F.,(4,1,1,1,1,1,1,1,1,1
    ,1,1,1,1,1,1,1,1,1,1,1,1,4),(0.,0.285599332145,0.571198664289,
    0.856797996434,1.142397328578,1.427996660723,1.713595992867,
    1.999195325012,2.284794657156,2.570393989301,2.855993321445,
    3.14159265359,3.427191985734,3.712791317879,3.998390650023,
    4.283989982168,4.569589314312,4.855188646457,5.140787978601,
    5.426387310746,5.711986642891,5.997585975035,6.28318530718),
  .QUASI_UNIFORM_KNOTS.);
#98 = CARTESIAN_POINT('',(0.,0.649107265442));
#99 = CARTESIAN_POINT('',(9.519977738151E-02,0.649107265442));
#100 = CARTESIAN_POINT('',(0.285599332145,0.649107265442));
#101 = CARTESIAN_POINT('',(0.571198664289,0.649107265442));
#102 = CARTESIAN_POINT('',(0.856797996434,0.649107265442));
#103 = CARTESIAN_POINT('',(1.142397328578,0.649107265442));
#104 = CARTESIAN_POINT('',(1.427996660723,0.649107265442));
#105 = CARTESIAN_POINT('',(1.713595992867,0.649107265442));
#106 = CARTESIAN_POINT('',(1.999195325012,0.649107265442));
#107 = CARTESIAN_POINT('',(2.284794657156,0.649107265442));
#108 = CARTESIAN_POINT('',(2.570393989301,0.649107265442));
#109 = CARTESIAN_POINT('',(2.855993321445,0.649107265442));
#110 = CARTESIAN_POINT('',(3.14159265359,0.649107265442));
#111 = CARTESIAN_POINT('',(3.427191985734,0.649107265442));
#112 = CARTESIAN_POINT('',(3.712791317879,0.649107265442));
#113 = CARTESIAN_POINT('',(3.998390650023,0.649107265442));
#114 = CARTESIAN_POINT('',(4.283989982168,0.649107265442));
#115 = CARTESIAN_POINT('',(4.569589314312,0.649107265442));
#116 = CARTESIAN_POINT('',(4.855188646457,0.649107265442));
#117 = CARTESIAN_POINT('',(5.140787978601,0.649107265442));
#118 = CARTESIAN_POINT('',(5.426387310746,0.649107265442));
#119 = CARTESIAN_POINT('',(5.711986642891,0.649107265442));
#120 = CARTESIAN_POINT('',(5.997585975035,0.649107265442));
#121 = CARTESIAN_POINT('',(6.187985529798,0.649107265442));
#122 = CARTESIAN_POINT('',(6.28318530718,0.649107265442));
#123 = ( GEOMETRIC_REPRESENTATION_CONTEXT(2) 
PARAMETRIC_REPRESENTATION_CONTEXT() REPRESENTATION_CONTEXT('2D SPACE',''
  ) );
#124 = PCURVE('',#125,#130);
#125 = TOROIDAL_SURFACE('',#126,15.1488673,6.35);
#126 = AXIS2_PLACEMENT_3D('',#127,#128,#129);
#127 = CARTESIAN_POINT('',(-45.56148190033,0.,270.56368356897));
#128 = DIRECTION('',(0.,0.,1.));
#129 = DIRECTION('',(1.,0.,-0.));
#130 = DEFINITIONAL_REPRESENTATION('',(#131),#157);
#131 = B_SPLINE_CURVE_WITH_KNOTS('',3,(#132,#133,#134,#135,#136,#137,
    #138,#139,#140,#141,#142,#143,#144,#145,#146,#147,#148,#149,#150,
    #151,#152,#153,#154,#155,#156),.UNSPECIFIED.,.F.,.F.,(4,1,1,1,1,1,1,
    1,1,1,1,1,1,1,1,1,1,1,1,1,1,1,4),(0.,0.285599332145,0.571198664289,
    0.856797996434,1.142397328578,1.427996660723,1.713595992867,
    1.999195325012,2.284794657156,2.570393989301,2.855993321445,
    3.14159265359,3.427191985734,3.712791317879,3.998390650023,
    4.283989982168,4.569589314312,4.855188646457,5.140787978601,
    5.426387310746,5.711986642891,5.997585975035,6.28318530718),
  .QUASI_UNIFORM_KNOTS.);
#132 = CARTESIAN_POINT('',(0.,3.790699910472));
#133 = CARTESIAN_POINT('',(9.519977738151E-02,3.790699910472));
#134 = CARTESIAN_POINT('',(0.285599332145,3.790699910472));
#135 = CARTESIAN_POINT('',(0.571198664289,3.790699910472));
#136 = CARTESIAN_POINT('',(0.856797996434,3.790699910472));
#137 = CARTESIAN_POINT('',(1.142397328578,3.790699910472));
#138 = CARTESIAN_POINT('',(1.427996660723,3.790699910472));
#139 = CARTESIAN_POINT('',(1.713595992867,3.790699910472));
#140 = CARTESIAN_POINT('',(1.999195325012,3.790699910472));
#141 = CARTESIAN_POINT('',(2.284794657156,3.790699910472));
#142 = CARTESIAN_POINT('',(2.570393989301,3.790699910472));
#143 = CARTESIAN_POINT('',(2.855993321445,3.790699910472));
#144 = CARTESIAN_POINT('',(3.14159265359,3.790699910472));
#145 = CARTESIAN_POINT('',(3.427191985734,3.790699910472));
#146 = CARTESIAN_POINT('',(3.712791317879,3.790699910472));
#147 = CARTESIAN_POINT('',(3.998390650023,3.790699910472));
#148 = CARTESIAN_POINT('',(4.283989982168,3.790699910472));
#149 = CARTESIAN_POINT('',(4.569589314312,3.790699910472));
#150 = CARTESIAN_POINT('',(4.855188646457,3.790699910472));
#151 = CARTESIAN_POINT('',(5.140787978601,3.790699910472));
#152 = CARTESIAN_POINT('',(5.426387310746,3.790699910472));
#153 = CARTESIAN_POINT('',(5.711986642891,3.790699910472));
#154 = CARTESIAN_POINT('',(5.997585975035,3.790699910472));
#155 = CARTESIAN_POINT('',(6.187985529798,3.790699910472));
#156 = CARTESIAN_POINT('',(6.28318530718,3.790699910472));
#157 = ( GEOMETRIC_REPRESENTATION_CONTEXT(2) 
PARAMETRIC_REPRESENTATION_CONTEXT() REPRESENTATION_CONTEXT('2D SPACE',''
  ) );
#158 = ORIENTED_EDGE('',*,*,#52,.F.);
#159 = ADVANCED_FACE('',(#160),#179,.T.);
#160 = FACE_BOUND('',#161,.T.);
#161 = EDGE_LOOP('',(#162,#197,#241));
#162 = ORIENTED_EDGE('',*,*,#163,.F.);
#163 = EDGE_CURVE('',#164,#166,#168,.T.);
#164 = VERTEX_POINT('',#165);
#165 = CARTESIAN_POINT('',(-36.0866053577,0.,273.41470602997));
#166 = VERTEX_POINT('',#167);
#167 = CARTESIAN_POINT('',(-45.56148190033,0.,288.77929787832));
#168 = SEAM_CURVE('',#169,(#178,#190),.PCURVE_S1.);
#169 = B_SPLINE_CURVE_WITH_KNOTS('',7,(#170,#171,#172,#173,#174,#175,
    #176,#177),.UNSPECIFIED.,.F.,.F.,(8,8),(-0.465623393389,
    1.570796326795),.PIECEWISE_BEZIER_KNOTS.);
#170 = CARTESIAN_POINT('',(-36.08660539898,-2.320675435938E-15,
    273.4147060293));
#171 = CARTESIAN_POINT('',(-34.70158927328,-2.65990654896E-15,
    276.17110965125));
#172 = CARTESIAN_POINT('',(-34.25222850347,-2.769968194641E-15,
    279.39753051071));
#173 = CARTESIAN_POINT('',(-34.92905441031,-2.604193658563E-15,
    282.71337716073));
#174 = CARTESIAN_POINT('',(-36.73301296584,-2.162351244399E-15,
    285.63870150116));
#175 = CARTESIAN_POINT('',(-39.39197947033,-1.511092280647E-15,
    287.73222232566));
#176 = CARTESIAN_POINT('',(-42.47667548897,-7.555596595316E-16,
    288.77929784174));
#177 = CARTESIAN_POINT('',(-45.56148190033,-7.88860905221E-31,
    288.77929784174));
#178 = PCURVE('',#179,#184);
#179 = SPHERICAL_SURFACE('',#180,10.60373);
#180 = AXIS2_PLACEMENT_3D('',#181,#182,#183);
#181 = CARTESIAN_POINT('',(-45.56148190033,0.,278.17556784174));
#182 = DIRECTION('',(0.,0.,1.));
#183 = DIRECTION('',(1.,0.,-0.));
#184 = DEFINITIONAL_REPRESENTATION('',(#185),#189);
#185 = LINE('',#186,#187);
#186 = CARTESIAN_POINT('',(0.,0.));
#187 = VECTOR('',#188,1.);
#188 = DIRECTION('',(0.,1.));
#189 = ( GEOMETRIC_REPRESENTATION_CONTEXT(2) 
PARAMETRIC_REPRESENTATION_CONTEXT() REPRESENTATION_CONTEXT('2D SPACE',''
  ) );
#190 = PCURVE('',#179,#191);
#191 = DEFINITIONAL_REPRESENTATION('',(#192),#196);
#192 = LINE('',#193,#194);
#193 = CARTESIAN_POINT('',(6.28318530718,0.));
#194 = VECTOR('',#195,1.);
#195 = DIRECTION('',(0.,1.));
#196 = ( GEOMETRIC_REPRESENTATION_CONTEXT(2) 
PARAMETRIC_REPRESENTATION_CONTEXT() REPRESENTATION_CONTEXT('2D SPACE',''
  ) );
#197 = ORIENTED_EDGE('',*,*,#198,.T.);
#198 = EDGE_CURVE('',#164,#164,#199,.T.);
#199 = SURFACE_CURVE('',#200,(#205,#234),.PCURVE_S1.);
#200 = CIRCLE('',#201,9.4748765);
#201 = AXIS2_PLACEMENT_3D('',#202,#203,#204);
#202 = CARTESIAN_POINT('',(-45.56148190033,0.,273.41470602997));
#203 = DIRECTION('',(0.,0.,1.));
#204 = DIRECTION('',(1.,0.,-0.));
#205 = PCURVE('',#179,#206);
#206 = DEFINITIONAL_REPRESENTATION('',(#207),#233);
#207 = B_SPLINE_CURVE_WITH_KNOTS('',3,(#208,#209,#210,#211,#212,#213,
    #214,#215,#216,#217,#218,#219,#220,#221,#222,#223,#224,#225,#226,
    #227,#228,#229,#230,#231,#232),.UNSPECIFIED.,.F.,.F.,(4,1,1,1,1,1,1,
    1,1,1,1,1,1,1,1,1,1,1,1,1,1,1,4),(0.,0.285599332145,0.571198664289,
    0.856797996434,1.142397328578,1.427996660723,1.713595992867,
    1.999195325012,2.284794657156,2.570393989301,2.855993321445,
    3.14159265359,3.427191985734,3.712791317879,3.998390650023,
    4.283989982168,4.569589314312,4.855188646457,5.140787978601,
    5.426387310746,5.711986642891,5.997585975035,6.28318530718),
  .QUASI_UNIFORM_KNOTS.);
#208 = CARTESIAN_POINT('',(0.,-0.465623393389));
#209 = CARTESIAN_POINT('',(9.519977738151E-02,-0.465623393389));
#210 = CARTESIAN_POINT('',(0.285599332145,-0.465623393389));
#211 = CARTESIAN_POINT('',(0.571198664289,-0.465623393389));
#212 = CARTESIAN_POINT('',(0.856797996434,-0.465623393389));
#213 = CARTESIAN_POINT('',(1.142397328578,-0.465623393389));
#214 = CARTESIAN_POINT('',(1.427996660723,-0.465623393389));
#215 = CARTESIAN_POINT('',(1.713595992867,-0.465623393389));
#216 = CARTESIAN_POINT('',(1.999195325012,-0.465623393389));
#217 = CARTESIAN_POINT('',(2.284794657156,-0.465623393389));
#218 = CARTESIAN_POINT('',(2.570393989301,-0.465623393389));
#219 = CARTESIAN_POINT('',(2.855993321445,-0.465623393389));
#220 = CARTESIAN_POINT('',(3.14159265359,-0.465623393389));
#221 = CARTESIAN_POINT('',(3.427191985734,-0.465623393389));
#222 = CARTESIAN_POINT('',(3.712791317879,-0.465623393389));
#223 = CARTESIAN_POINT('',(3.998390650023,-0.465623393389));
#224 = CARTESIAN_POINT('',(4.283989982168,-0.465623393389));
#225 = CARTESIAN_POINT('',(4.569589314312,-0.465623393389));
#226 = CARTESIAN_POINT('',(4.855188646457,-0.465623393389));
#227 = CARTESIAN_POINT('',(5.140787978601,-0.465623393389));
#228 = CARTESIAN_POINT('',(5.426387310746,-0.465623393389));
#229 = CARTESIAN_POINT('',(5.711986642891,-0.465623393389));
#230 = CARTESIAN_POINT('',(5.997585975035,-0.465623393389));
#231 = CARTESIAN_POINT('',(6.187985529798,-0.465623393389));
#232 = CARTESIAN_POINT('',(6.28318530718,-0.465623393389));
#233 = ( GEOMETRIC_REPRESENTATION_CONTEXT(2) 
PARAMETRIC_REPRESENTATION_CONTEXT() REPRESENTATION_CONTEXT('2D SPACE',''
  ) );
#234 = PCURVE('',#125,#235);
#235 = DEFINITIONAL_REPRESENTATION('',(#236),#240);
#236 = LINE('',#237,#238);
#237 = CARTESIAN_POINT('',(0.,2.675969266191));
#238 = VECTOR('',#239,1.);
#239 = DIRECTION('',(1.,0.));
#240 = ( GEOMETRIC_REPRESENTATION_CONTEXT(2) 
PARAMETRIC_REPRESENTATION_CONTEXT() REPRESENTATION_CONTEXT('2D SPACE',''
  ) );
#241 = ORIENTED_EDGE('',*,*,#163,.T.);
#242 = ADVANCED_FACE('',(#243),#125,.F.);
#243 = FACE_BOUND('',#244,.F.);
#244 = EDGE_LOOP('',(#245,#246,#271,#272));
#245 = ORIENTED_EDGE('',*,*,#88,.F.);
#246 = ORIENTED_EDGE('',*,*,#247,.F.);
#247 = EDGE_CURVE('',#164,#55,#248,.T.);
#248 = SEAM_CURVE('',#249,(#257,#264),.PCURVE_S1.);
#249 = ( BOUNDED_CURVE() B_SPLINE_CURVE(6,(#250,#251,#252,#253,#254,#255
,#256),.UNSPECIFIED.,.F.,.F.) B_SPLINE_CURVE_WITH_KNOTS((7,7),(
2.675969266191,3.790699910472),.PIECEWISE_BEZIER_KNOTS.) CURVE() 
GEOMETRIC_REPRESENTATION_ITEM() RATIONAL_B_SPLINE_CURVE((1.015671609908,
    1.005114567586,0.998957456689,0.996927913425,0.998957456689,
1.005114567586,1.015671609908)) REPRESENTATION_ITEM('') );
#250 = CARTESIAN_POINT('',(-36.08660535307,-2.320675447182E-15,
    273.41470600623));
#251 = CARTESIAN_POINT('',(-36.62185552393,-2.189576965487E-15,
    272.34947253766));
#252 = CARTESIAN_POINT('',(-36.91131721463,-2.118679298887E-15,
    271.17777475445));
#253 = CARTESIAN_POINT('',(-36.93502455718,-2.112872674654E-15,
    269.96362062186));
#254 = CARTESIAN_POINT('',(-36.69018538295,-2.17284097686E-15,
    268.7741728195));
#255 = CARTESIAN_POINT('',(-36.19179922934,-2.294910378411E-15,
    267.67495718667));
#256 = CARTESIAN_POINT('',(-35.47117545881,-2.471412297205E-15,
    266.72526435775));
#257 = PCURVE('',#125,#258);
#258 = DEFINITIONAL_REPRESENTATION('',(#259),#263);
#259 = LINE('',#260,#261);
#260 = CARTESIAN_POINT('',(0.,0.));
#261 = VECTOR('',#262,1.);
#262 = DIRECTION('',(0.,1.));
#263 = ( GEOMETRIC_REPRESENTATION_CONTEXT(2) 
PARAMETRIC_REPRESENTATION_CONTEXT() REPRESENTATION_CONTEXT('2D SPACE',''
  ) );
#264 = PCURVE('',#125,#265);
#265 = DEFINITIONAL_REPRESENTATION('',(#266),#270);
#266 = LINE('',#267,#268);
#267 = CARTESIAN_POINT('',(6.28318530718,0.));
#268 = VECTOR('',#269,1.);
#269 = DIRECTION('',(0.,1.));
#270 = ( GEOMETRIC_REPRESENTATION_CONTEXT(2) 
PARAMETRIC_REPRESENTATION_CONTEXT() REPRESENTATION_CONTEXT('2D SPACE',''
  ) );
#271 = ORIENTED_EDGE('',*,*,#198,.T.);
#272 = ORIENTED_EDGE('',*,*,#247,.T.);
#273 = ( GEOMETRIC_REPRESENTATION_CONTEXT(3) 
GLOBAL_UNCERTAINTY_ASSIGNED_CONTEXT((#277)) GLOBAL_UNIT_ASSIGNED_CONTEXT
((#274,#275,#276)) REPRESENTATION_CONTEXT('Context #1',
  '3D Context with UNIT and UNCERTAINTY') );
#274 = ( LENGTH_UNIT() NAMED_UNIT(*) SI_UNIT(.MILLI.,.METRE.) );
#275 = ( NAMED_UNIT(*) PLANE_ANGLE_UNIT() SI_UNIT($,.RADIAN.) );
#276 = ( NAMED_UNIT(*) SI_UNIT($,.STERADIAN.) SOLID_ANGLE_UNIT() );
#277 = UNCERTAINTY_MEASURE_WITH_UNIT(LENGTH_MEASURE(1.E-05),#274,
  'distance_accuracy_value','confusion accuracy');
#278 = SHAPE_DEFINITION_REPRESENTATION(#279,#45);
#279 = PRODUCT_DEFINITION_SHAPE('','',#280);
#280 = PRODUCT_DEFINITION('design','',#281,#284);
#281 = PRODUCT_DEFINITION_FORMATION('','',#282);
#282 = PRODUCT('Open CASCADE STEP translator 7.5 1.1',
  'Open CASCADE STEP translator 7.5 1.1','',(#283));
#283 = PRODUCT_CONTEXT('',#2,'mechanical');
#284 = PRODUCT_DEFINITION_CONTEXT('part definition',#2,'design');
#285 = CONTEXT_DEPENDENT_SHAPE_REPRESENTATION(#286,#288);
#286 = ( REPRESENTATION_RELATIONSHIP('','',#45,#10) 
REPRESENTATION_RELATIONSHIP_WITH_TRANSFORMATION(#287) 
SHAPE_REPRESENTATION_RELATIONSHIP() );
#287 = ITEM_DEFINED_TRANSFORMATION('','',#11,#15);
#288 = PRODUCT_DEFINITION_SHAPE('Placement','Placement of an item',#289
  );
#289 = NEXT_ASSEMBLY_USAGE_OCCURRENCE('1','','',#5,#280,$);
#290 = PRODUCT_RELATED_PRODUCT_CATEGORY('part',$,(#282));
#291 = ADVANCED_BREP_SHAPE_REPRESENTATION('',(#11,#292),#749);
#292 = MANIFOLD_SOLID_BREP('',#293);
#293 = CLOSED_SHELL('',(#294,#678,#713));
#294 = ADVANCED_FACE('',(#295),#310,.F.);
#295 = FACE_BOUND('',#296,.F.);
#296 = EDGE_LOOP('',(#297,#377,#404,#477,#543,#544,#612));
#297 = ORIENTED_EDGE('',*,*,#298,.T.);
#298 = EDGE_CURVE('',#299,#301,#303,.T.);
#299 = VERTEX_POINT('',#300);
#300 = CARTESIAN_POINT('',(33.64939105706,-35.98180196799,
    317.51230981619));
#301 = VERTEX_POINT('',#302);
#302 = CARTESIAN_POINT('',(33.649391056985,26.252996169123,
    308.24056981089));
#303 = SURFACE_CURVE('',#304,(#309,#343),.PCURVE_S1.);
#304 = CIRCLE('',#305,31.4608299);
#305 = AXIS2_PLACEMENT_3D('',#306,#307,#308);
#306 = CARTESIAN_POINT('',(33.64939105706,-4.864402908359,
    312.87643979698));
#307 = DIRECTION('',(-2.133740857914E-03,0.147353375215,0.989081609354)
  );
#308 = DIRECTION('',(-9.75781955237E-19,-0.989083860932,0.147353710655)
  );
#309 = PCURVE('',#310,#315);
#310 = TOROIDAL_SURFACE('',#311,74.2037705,61.9555716);
#311 = AXIS2_PLACEMENT_3D('',#312,#313,#314);
#312 = CARTESIAN_POINT('',(33.745089605123,-11.47322047299,
    268.5160041896));
#313 = DIRECTION('',(2.133740857914E-03,-0.147353375215,-0.989081609354)
  );
#314 = DIRECTION('',(9.75781955237E-19,0.989083860932,-0.147353710655));
#315 = DEFINITIONAL_REPRESENTATION('',(#316),#342);
#316 = B_SPLINE_CURVE_WITH_KNOTS('',3,(#317,#318,#319,#320,#321,#322,
    #323,#324,#325,#326,#327,#328,#329,#330,#331,#332,#333,#334,#335,
    #336,#337,#338,#339,#340,#341),.UNSPECIFIED.,.F.,.F.,(4,1,1,1,1,1,1,
    1,1,1,1,1,1,1,1,1,1,1,1,1,1,1,4),(3.113118953635E-17,0.285599332145,
    0.571198664289,0.856797996434,1.142397328578,1.427996660723,
    1.713595992867,1.999195325012,2.284794657156,2.570393989301,
    2.855993321445,3.14159265359,3.427191985734,3.712791317879,
    3.998390650023,4.283989982168,4.569589314312,4.855188646457,
    5.140787978601,5.426387310746,5.711986642891,5.997585975035,
    6.28318530718),.QUASI_UNIFORM_KNOTS.);
#317 = CARTESIAN_POINT('',(3.14159265359,3.951042718896));
#318 = CARTESIAN_POINT('',(3.046392876208,3.951042718896));
#319 = CARTESIAN_POINT('',(2.855993321445,3.951042718896));
#320 = CARTESIAN_POINT('',(2.570393989301,3.951042718896));
#321 = CARTESIAN_POINT('',(2.284794657156,3.951042718896));
#322 = CARTESIAN_POINT('',(1.999195325012,3.951042718896));
#323 = CARTESIAN_POINT('',(1.713595992867,3.951042718896));
#324 = CARTESIAN_POINT('',(1.427996660723,3.951042718896));
#325 = CARTESIAN_POINT('',(1.142397328578,3.951042718896));
#326 = CARTESIAN_POINT('',(0.856797996434,3.951042718896));
#327 = CARTESIAN_POINT('',(0.571198664289,3.951042718896));
#328 = CARTESIAN_POINT('',(0.285599332145,3.951042718896));
#329 = CARTESIAN_POINT('',(-1.7763568394E-15,3.951042718896));
#330 = CARTESIAN_POINT('',(-0.285599332145,3.951042718896));
#331 = CARTESIAN_POINT('',(-0.571198664289,3.951042718896));
#332 = CARTESIAN_POINT('',(-0.856797996434,3.951042718896));
#333 = CARTESIAN_POINT('',(-1.142397328578,3.951042718896));
#334 = CARTESIAN_POINT('',(-1.427996660723,3.951042718896));
#335 = CARTESIAN_POINT('',(-1.713595992867,3.951042718896));
#336 = CARTESIAN_POINT('',(-1.999195325012,3.951042718896));
#337 = CARTESIAN_POINT('',(-2.284794657156,3.951042718896));
#338 = CARTESIAN_POINT('',(-2.570393989301,3.951042718896));
#339 = CARTESIAN_POINT('',(-2.855993321445,3.951042718896));
#340 = CARTESIAN_POINT('',(-3.046392876208,3.951042718896));
#341 = CARTESIAN_POINT('',(-3.14159265359,3.951042718896));
#342 = ( GEOMETRIC_REPRESENTATION_CONTEXT(2) 
PARAMETRIC_REPRESENTATION_CONTEXT() REPRESENTATION_CONTEXT('2D SPACE',''
  ) );
#343 = PCURVE('',#344,#349);
#344 = SPHERICAL_SURFACE('',#345,45.6022367);
#345 = AXIS2_PLACEMENT_3D('',#346,#347,#348);
#346 = CARTESIAN_POINT('',(33.578952390693,0.,345.52782257071));
#347 = DIRECTION('',(2.369487681686E-03,0.,-0.99999719276));
#348 = DIRECTION('',(-0.99999719276,0.,-2.369487681686E-03));
#349 = DEFINITIONAL_REPRESENTATION('',(#350),#376);
#350 = B_SPLINE_CURVE_WITH_KNOTS('',3,(#351,#352,#353,#354,#355,#356,
    #357,#358,#359,#360,#361,#362,#363,#364,#365,#366,#367,#368,#369,
    #370,#371,#372,#373,#374,#375),.UNSPECIFIED.,.F.,.F.,(4,1,1,1,1,1,1,
    1,1,1,1,1,1,1,1,1,1,1,1,1,1,1,4),(3.113118953635E-17,0.142799666072,
    0.285599332145,0.428398998217,0.571198664289,0.713998330361,
    0.856797996434,0.999597662506,1.142397328578,1.28519699465,
    1.427996660723,1.570796326795,1.713595992867,1.856395658939,
    1.999195325012,2.141994991084,2.284794657156,2.427594323228,
    2.570393989301,2.713193655373,2.855993321445,2.998792987518,
    3.14159265359),.QUASI_UNIFORM_KNOTS.);
#351 = CARTESIAN_POINT('',(4.712276255173,0.661558210062));
#352 = CARTESIAN_POINT('',(4.670656523203,0.661565884885));
#353 = CARTESIAN_POINT('',(4.587418441375,0.662468785642));
#354 = CARTESIAN_POINT('',(4.462390478138,0.666425673746));
#355 = CARTESIAN_POINT('',(4.337020741175,0.672939537075));
#356 = CARTESIAN_POINT('',(4.211124109688,0.681913872718));
#357 = CARTESIAN_POINT('',(4.084499460274,0.693219331603));
#358 = CARTESIAN_POINT('',(3.956924226652,0.706689552056));
#359 = CARTESIAN_POINT('',(3.82815105556,0.722123008543));
#360 = CARTESIAN_POINT('',(3.69790546268,0.739283217536));
#361 = CARTESIAN_POINT('',(3.565885356511,0.757899300718));
#362 = CARTESIAN_POINT('',(3.431762967166,0.777666378341));
#363 = CARTESIAN_POINT('',(3.295190056895,0.798246041232));
#364 = CARTESIAN_POINT('',(3.155807479252,0.819267085955));
#365 = CARTESIAN_POINT('',(3.013260343145,0.840326907417));
#366 = CARTESIAN_POINT('',(2.867220051423,0.860994128779));
#367 = CARTESIAN_POINT('',(2.717414118198,0.8808132491));
#368 = CARTESIAN_POINT('',(2.563663716992,0.89931229836));
#369 = CARTESIAN_POINT('',(2.405926858776,0.916014361296));
#370 = CARTESIAN_POINT('',(2.24434280573,0.930454178685));
#371 = CARTESIAN_POINT('',(2.07926775887,0.942198155907));
#372 = CARTESIAN_POINT('',(1.911297229077,0.950873220922));
#373 = CARTESIAN_POINT('',(1.741240390204,0.956177689412));
#374 = CARTESIAN_POINT('',(1.627165816187,0.957366559547));
#375 = CARTESIAN_POINT('',(1.570113996494,0.957341843533));
#376 = ( GEOMETRIC_REPRESENTATION_CONTEXT(2) 
PARAMETRIC_REPRESENTATION_CONTEXT() REPRESENTATION_CONTEXT('2D SPACE',''
  ) );
#377 = ORIENTED_EDGE('',*,*,#378,.F.);
#378 = EDGE_CURVE('',#379,#301,#381,.T.);
#379 = VERTEX_POINT('',#380);
#380 = CARTESIAN_POINT('',(33.822601829466,6.927371758375,
    229.04692565776));
#381 = SEAM_CURVE('',#382,(#390,#397),.PCURVE_S1.);
#382 = ( BOUNDED_CURVE() B_SPLINE_CURVE(6,(#383,#384,#385,#386,#387,#388
,#389),.UNSPECIFIED.,.F.,.F.) B_SPLINE_CURVE_WITH_KNOTS((7,7),(
2.515061669516,3.951042718896),.PIECEWISE_BEZIER_KNOTS.) CURVE() 
GEOMETRIC_REPRESENTATION_ITEM() RATIONAL_B_SPLINE_CURVE((1.026159463582,
    1.008415043238,0.99826625902,0.99493563917,0.99826625902,
1.008415043238,1.026159463582)) REPRESENTATION_ITEM('') );
#383 = CARTESIAN_POINT('',(33.822601829506,6.927371744295,
    229.04692564083));
#384 = CARTESIAN_POINT('',(33.79652141491,-2.206088185375E-02,
    242.43998241494));
#385 = CARTESIAN_POINT('',(33.765527151122,-2.936000698585,
    257.56016958973));
#386 = CARTESIAN_POINT('',(33.732379155486,-1.442367641477,
    273.04422325274));
#387 = CARTESIAN_POINT('',(33.700096345054,4.364302657182,
    287.47576836062));
#388 = CARTESIAN_POINT('',(33.671602557791,13.915495547978,
    299.55409475824));
#389 = CARTESIAN_POINT('',(33.649391056985,26.252996169123,
    308.24056981089));
#390 = PCURVE('',#310,#391);
#391 = DEFINITIONAL_REPRESENTATION('',(#392),#396);
#392 = LINE('',#393,#394);
#393 = CARTESIAN_POINT('',(0.,0.));
#394 = VECTOR('',#395,1.);
#395 = DIRECTION('',(0.,1.));
#396 = ( GEOMETRIC_REPRESENTATION_CONTEXT(2) 
PARAMETRIC_REPRESENTATION_CONTEXT() REPRESENTATION_CONTEXT('2D SPACE',''
  ) );
#397 = PCURVE('',#310,#398);
#398 = DEFINITIONAL_REPRESENTATION('',(#399),#403);
#399 = LINE('',#400,#401);
#400 = CARTESIAN_POINT('',(6.28318530718,0.));
#401 = VECTOR('',#402,1.);
#402 = DIRECTION('',(0.,1.));
#403 = ( GEOMETRIC_REPRESENTATION_CONTEXT(2) 
PARAMETRIC_REPRESENTATION_CONTEXT() REPRESENTATION_CONTEXT('2D SPACE',''
  ) );
#404 = ORIENTED_EDGE('',*,*,#405,.T.);
#405 = EDGE_CURVE('',#379,#406,#408,.T.);
#406 = VERTEX_POINT('',#407);
#407 = CARTESIAN_POINT('',(9.807359177257,-16.96129228442,
    232.55405081825));
#408 = SURFACE_CURVE('',#409,(#414,#443),.PCURVE_S1.);
#409 = CIRCLE('',#410,24.015644);
#410 = AXIS2_PLACEMENT_3D('',#411,#412,#413);
#411 = CARTESIAN_POINT('',(33.822601829466,-16.82611411751,
    232.58571991278));
#412 = DIRECTION('',(2.133740857914E-03,-0.147353375215,-0.989081609354)
  );
#413 = DIRECTION('',(9.75781955237E-19,0.989083860932,-0.147353710655));
#414 = PCURVE('',#310,#415);
#415 = DEFINITIONAL_REPRESENTATION('',(#416),#442);
#416 = B_SPLINE_CURVE_WITH_KNOTS('',3,(#417,#418,#419,#420,#421,#422,
    #423,#424,#425,#426,#427,#428,#429,#430,#431,#432,#433,#434,#435,
    #436,#437,#438,#439,#440,#441),.UNSPECIFIED.,.F.,.F.,(4,1,1,1,1,1,1,
    1,1,1,1,1,1,1,1,1,1,1,1,1,1,1,4),(0.,0.285599332145,0.571198664289,
    0.856797996434,1.142397328578,1.427996660723,1.713595992867,
    1.999195325012,2.284794657156,2.570393989301,2.855993321445,
    3.14159265359,3.427191985734,3.712791317879,3.998390650023,
    4.283989982168,4.569589314312,4.855188646457,5.140787978601,
    5.426387310746,5.711986642891,5.997585975035,6.28318530718),
  .QUASI_UNIFORM_KNOTS.);
#417 = CARTESIAN_POINT('',(0.,2.515061669516));
#418 = CARTESIAN_POINT('',(9.519977738151E-02,2.515061669516));
#419 = CARTESIAN_POINT('',(0.285599332145,2.515061669516));
#420 = CARTESIAN_POINT('',(0.571198664289,2.515061669516));
#421 = CARTESIAN_POINT('',(0.856797996434,2.515061669516));
#422 = CARTESIAN_POINT('',(1.142397328578,2.515061669516));
#423 = CARTESIAN_POINT('',(1.427996660723,2.515061669516));
#424 = CARTESIAN_POINT('',(1.713595992867,2.515061669516));
#425 = CARTESIAN_POINT('',(1.999195325012,2.515061669516));
#426 = CARTESIAN_POINT('',(2.284794657156,2.515061669516));
#427 = CARTESIAN_POINT('',(2.570393989301,2.515061669516));
#428 = CARTESIAN_POINT('',(2.855993321445,2.515061669516));
#429 = CARTESIAN_POINT('',(3.14159265359,2.515061669516));
#430 = CARTESIAN_POINT('',(3.427191985734,2.515061669516));
#431 = CARTESIAN_POINT('',(3.712791317879,2.515061669516));
#432 = CARTESIAN_POINT('',(3.998390650023,2.515061669516));
#433 = CARTESIAN_POINT('',(4.283989982168,2.515061669516));
#434 = CARTESIAN_POINT('',(4.569589314312,2.515061669516));
#435 = CARTESIAN_POINT('',(4.855188646457,2.515061669516));
#436 = CARTESIAN_POINT('',(5.140787978601,2.515061669516));
#437 = CARTESIAN_POINT('',(5.426387310746,2.515061669516));
#438 = CARTESIAN_POINT('',(5.711986642891,2.515061669516));
#439 = CARTESIAN_POINT('',(5.997585975035,2.515061669516));
#440 = CARTESIAN_POINT('',(6.187985529798,2.515061669516));
#441 = CARTESIAN_POINT('',(6.28318530718,2.515061669516));
#442 = ( GEOMETRIC_REPRESENTATION_CONTEXT(2) 
PARAMETRIC_REPRESENTATION_CONTEXT() REPRESENTATION_CONTEXT('2D SPACE',''
  ) );
#443 = PCURVE('',#444,#449);
#444 = SPHERICAL_SURFACE('',#445,29.6465131);
#445 = AXIS2_PLACEMENT_3D('',#446,#447,#448);
#446 = CARTESIAN_POINT('',(33.859692394756,-19.3875404331,
    215.39263113036));
#447 = DIRECTION('',(2.369487681686E-03,-0.139985581803,-0.990150706921)
  );
#448 = DIRECTION('',(-0.99999719276,-3.316950428434E-04,
    -2.346156489285E-03));
#449 = DEFINITIONAL_REPRESENTATION('',(#450),#476);
#450 = B_SPLINE_CURVE_WITH_KNOTS('',3,(#451,#452,#453,#454,#455,#456,
    #457,#458,#459,#460,#461,#462,#463,#464,#465,#466,#467,#468,#469,
    #470,#471,#472,#473,#474,#475),.UNSPECIFIED.,.F.,.F.,(4,1,1,1,1,1,1,
    1,1,1,1,1,1,1,1,1,1,1,1,1,1,1,4),(0.,0.285599332145,0.571198664289,
    0.856797996434,1.142397328578,1.427996660723,1.713595992867,
    1.999195325012,2.284794657156,2.570393989301,2.855993321445,
    3.14159265359,3.427191985734,3.712791317879,3.998390650023,
    4.283989982168,4.569589314312,4.855188646457,5.140787978601,
    5.426387310746,5.711986642891,5.997585975035,6.28318530718),
  .QUASI_UNIFORM_KNOTS.);
#451 = CARTESIAN_POINT('',(1.570948460524,-0.619085993532));
#452 = CARTESIAN_POINT('',(1.665639817501,-0.619059837687));
#453 = CARTESIAN_POINT('',(1.855020775921,-0.619223476522));
#454 = CARTESIAN_POINT('',(2.139196694506,-0.620047449206));
#455 = CARTESIAN_POINT('',(2.423592368483,-0.62139749831));
#456 = CARTESIAN_POINT('',(2.708303728229,-0.623162038873));
#457 = CARTESIAN_POINT('',(2.993404265212,-0.625200388766));
#458 = CARTESIAN_POINT('',(3.278937495281,-0.627348008287));
#459 = CARTESIAN_POINT('',(3.564912768177,-0.629431093364));
#460 = CARTESIAN_POINT('',(3.851303165197,-0.631280198054));
#461 = CARTESIAN_POINT('',(4.138046560007,-0.632744277692));
#462 = CARTESIAN_POINT('',(4.425049995849,-0.633703291911));
#463 = CARTESIAN_POINT('',(4.712197286487,-0.634078398385));
#464 = CARTESIAN_POINT('',(4.999359206218,-0.633838712328));
#465 = CARTESIAN_POINT('',(5.286405195798,-0.633003971597));
#466 = CARTESIAN_POINT('',(5.573215225801,-0.63164283221));
#467 = CARTESIAN_POINT('',(5.859690428698,-0.629866972124));
#468 = CARTESIAN_POINT('',(6.145761346024,-0.627821581338));
#469 = CARTESIAN_POINT('',(6.431393045597,-0.625673205632));
#470 = CARTESIAN_POINT('',(6.716586916276,-0.623595890518));
#471 = CARTESIAN_POINT('',(7.001379184545,-0.621757473672));
#472 = CARTESIAN_POINT('',(7.285837283433,-0.620304712303));
#473 = CARTESIAN_POINT('',(7.570052432068,-0.619357408015));
#474 = CARTESIAN_POINT('',(7.759442564053,-0.619104576194));
#475 = CARTESIAN_POINT('',(7.854133767704,-0.619085993532));
#476 = ( GEOMETRIC_REPRESENTATION_CONTEXT(2) 
PARAMETRIC_REPRESENTATION_CONTEXT() REPRESENTATION_CONTEXT('2D SPACE',''
  ) );
#477 = ORIENTED_EDGE('',*,*,#478,.T.);
#478 = EDGE_CURVE('',#406,#379,#479,.T.);
#479 = SURFACE_CURVE('',#480,(#485,#514),.PCURVE_S1.);
#480 = CIRCLE('',#481,24.015644);
#481 = AXIS2_PLACEMENT_3D('',#482,#483,#484);
#482 = CARTESIAN_POINT('',(33.822601829466,-16.82611411751,
    232.58571991278));
#483 = DIRECTION('',(2.133740857914E-03,-0.147353375215,-0.989081609354)
  );
#484 = DIRECTION('',(9.75781955237E-19,0.989083860932,-0.147353710655));
#485 = PCURVE('',#310,#486);
#486 = DEFINITIONAL_REPRESENTATION('',(#487),#513);
#487 = B_SPLINE_CURVE_WITH_KNOTS('',3,(#488,#489,#490,#491,#492,#493,
    #494,#495,#496,#497,#498,#499,#500,#501,#502,#503,#504,#505,#506,
    #507,#508,#509,#510,#511,#512),.UNSPECIFIED.,.F.,.F.,(4,1,1,1,1,1,1,
    1,1,1,1,1,1,1,1,1,1,1,1,1,1,1,4),(0.,0.285599332145,0.571198664289,
    0.856797996434,1.142397328578,1.427996660723,1.713595992867,
    1.999195325012,2.284794657156,2.570393989301,2.855993321445,
    3.14159265359,3.427191985734,3.712791317879,3.998390650023,
    4.283989982168,4.569589314312,4.855188646457,5.140787978601,
    5.426387310746,5.711986642891,5.997585975035,6.28318530718),
  .QUASI_UNIFORM_KNOTS.);
#488 = CARTESIAN_POINT('',(0.,2.515061669516));
#489 = CARTESIAN_POINT('',(9.519977738151E-02,2.515061669516));
#490 = CARTESIAN_POINT('',(0.285599332145,2.515061669516));
#491 = CARTESIAN_POINT('',(0.571198664289,2.515061669516));
#492 = CARTESIAN_POINT('',(0.856797996434,2.515061669516));
#493 = CARTESIAN_POINT('',(1.142397328578,2.515061669516));
#494 = CARTESIAN_POINT('',(1.427996660723,2.515061669516));
#495 = CARTESIAN_POINT('',(1.713595992867,2.515061669516));
#496 = CARTESIAN_POINT('',(1.999195325012,2.515061669516));
#497 = CARTESIAN_POINT('',(2.284794657156,2.515061669516));
#498 = CARTESIAN_POINT('',(2.570393989301,2.515061669516));
#499 = CARTESIAN_POINT('',(2.855993321445,2.515061669516));
#500 = CARTESIAN_POINT('',(3.14159265359,2.515061669516));
#501 = CARTESIAN_POINT('',(3.427191985734,2.515061669516));
#502 = CARTESIAN_POINT('',(3.712791317879,2.515061669516));
#503 = CARTESIAN_POINT('',(3.998390650023,2.515061669516));
#504 = CARTESIAN_POINT('',(4.283989982168,2.515061669516));
#505 = CARTESIAN_POINT('',(4.569589314312,2.515061669516));
#506 = CARTESIAN_POINT('',(4.855188646457,2.515061669516));
#507 = CARTESIAN_POINT('',(5.140787978601,2.515061669516));
#508 = CARTESIAN_POINT('',(5.426387310746,2.515061669516));
#509 = CARTESIAN_POINT('',(5.711986642891,2.515061669516));
#510 = CARTESIAN_POINT('',(5.997585975035,2.515061669516));
#511 = CARTESIAN_POINT('',(6.187985529798,2.515061669516));
#512 = CARTESIAN_POINT('',(6.28318530718,2.515061669516));
#513 = ( GEOMETRIC_REPRESENTATION_CONTEXT(2) 
PARAMETRIC_REPRESENTATION_CONTEXT() REPRESENTATION_CONTEXT('2D SPACE',''
  ) );
#514 = PCURVE('',#444,#515);
#515 = DEFINITIONAL_REPRESENTATION('',(#516),#542);
#516 = B_SPLINE_CURVE_WITH_KNOTS('',3,(#517,#518,#519,#520,#521,#522,
    #523,#524,#525,#526,#527,#528,#529,#530,#531,#532,#533,#534,#535,
    #536,#537,#538,#539,#540,#541),.UNSPECIFIED.,.F.,.F.,(4,1,1,1,1,1,1,
    1,1,1,1,1,1,1,1,1,1,1,1,1,1,1,4),(0.,0.285599332145,0.571198664289,
    0.856797996434,1.142397328578,1.427996660723,1.713595992867,
    1.999195325012,2.284794657156,2.570393989301,2.855993321445,
    3.14159265359,3.427191985734,3.712791317879,3.998390650023,
    4.283989982168,4.569589314312,4.855188646457,5.140787978601,
    5.426387310746,5.711986642891,5.997585975035,6.28318530718),
  .QUASI_UNIFORM_KNOTS.);
#517 = CARTESIAN_POINT('',(-4.712236846656,-0.619085993532));
#518 = CARTESIAN_POINT('',(-4.617545489678,-0.619059837687));
#519 = CARTESIAN_POINT('',(-4.428164531259,-0.619223476522));
#520 = CARTESIAN_POINT('',(-4.143988612674,-0.620047449206));
#521 = CARTESIAN_POINT('',(-3.859592938697,-0.62139749831));
#522 = CARTESIAN_POINT('',(-3.57488157895,-0.623162038873));
#523 = CARTESIAN_POINT('',(-3.289781041968,-0.625200388766));
#524 = CARTESIAN_POINT('',(-3.004247811899,-0.627348008287));
#525 = CARTESIAN_POINT('',(-2.718272539002,-0.629431093364));
#526 = CARTESIAN_POINT('',(-2.431882141982,-0.631280198054));
#527 = CARTESIAN_POINT('',(-2.145138747172,-0.632744277692));
#528 = CARTESIAN_POINT('',(-1.85813531133,-0.633703291911));
#529 = CARTESIAN_POINT('',(-1.570988020692,-0.634078398385));
#530 = CARTESIAN_POINT('',(-1.283826100961,-0.633838712328));
#531 = CARTESIAN_POINT('',(-0.996780111382,-0.633003971597));
#532 = CARTESIAN_POINT('',(-0.709970081379,-0.63164283221));
#533 = CARTESIAN_POINT('',(-0.423494878482,-0.629866972124));
#534 = CARTESIAN_POINT('',(-0.137423961155,-0.627821581338));
#535 = CARTESIAN_POINT('',(0.148207738418,-0.625673205632));
#536 = CARTESIAN_POINT('',(0.433401609096,-0.623595890518));
#537 = CARTESIAN_POINT('',(0.718193877366,-0.621757473672));
#538 = CARTESIAN_POINT('',(1.002651976254,-0.620304712303));
#539 = CARTESIAN_POINT('',(1.286867124888,-0.619357408015));
#540 = CARTESIAN_POINT('',(1.476257256873,-0.619104576194));
#541 = CARTESIAN_POINT('',(1.570948460524,-0.619085993532));
#542 = ( GEOMETRIC_REPRESENTATION_CONTEXT(2) 
PARAMETRIC_REPRESENTATION_CONTEXT() REPRESENTATION_CONTEXT('2D SPACE',''
  ) );
#543 = ORIENTED_EDGE('',*,*,#378,.T.);
#544 = ORIENTED_EDGE('',*,*,#545,.T.);
#545 = EDGE_CURVE('',#301,#546,#548,.T.);
#546 = VERTEX_POINT('',#547);
#547 = CARTESIAN_POINT('',(2.576982811487,-9.597254165119E-15,
    312.08470856718));
#548 = SURFACE_CURVE('',#549,(#554,#583),.PCURVE_S1.);
#549 = CIRCLE('',#550,31.4608299);
#550 = AXIS2_PLACEMENT_3D('',#551,#552,#553);
#551 = CARTESIAN_POINT('',(33.64939105706,-4.864402908359,
    312.87643979698));
#552 = DIRECTION('',(-2.133740857914E-03,0.147353375215,0.989081609354)
  );
#553 = DIRECTION('',(-9.75781955237E-19,-0.989083860932,0.147353710655)
  );
#554 = PCURVE('',#310,#555);
#555 = DEFINITIONAL_REPRESENTATION('',(#556),#582);
#556 = B_SPLINE_CURVE_WITH_KNOTS('',3,(#557,#558,#559,#560,#561,#562,
    #563,#564,#565,#566,#567,#568,#569,#570,#571,#572,#573,#574,#575,
    #576,#577,#578,#579,#580,#581),.UNSPECIFIED.,.F.,.F.,(4,1,1,1,1,1,1,
    1,1,1,1,1,1,1,1,1,1,1,1,1,1,1,4),(3.113118953635E-17,0.285599332145,
    0.571198664289,0.856797996434,1.142397328578,1.427996660723,
    1.713595992867,1.999195325012,2.284794657156,2.570393989301,
    2.855993321445,3.14159265359,3.427191985734,3.712791317879,
    3.998390650023,4.283989982168,4.569589314312,4.855188646457,
    5.140787978601,5.426387310746,5.711986642891,5.997585975035,
    6.28318530718),.QUASI_UNIFORM_KNOTS.);
#557 = CARTESIAN_POINT('',(9.424777960769,3.951042718896));
#558 = CARTESIAN_POINT('',(9.329578183388,3.951042718896));
#559 = CARTESIAN_POINT('',(9.139178628625,3.951042718896));
#560 = CARTESIAN_POINT('',(8.85357929648,3.951042718896));
#561 = CARTESIAN_POINT('',(8.567979964336,3.951042718896));
#562 = CARTESIAN_POINT('',(8.282380632191,3.951042718896));
#563 = CARTESIAN_POINT('',(7.996781300047,3.951042718896));
#564 = CARTESIAN_POINT('',(7.711181967902,3.951042718896));
#565 = CARTESIAN_POINT('',(7.425582635758,3.951042718896));
#566 = CARTESIAN_POINT('',(7.139983303613,3.951042718896));
#567 = CARTESIAN_POINT('',(6.854383971469,3.951042718896));
#568 = CARTESIAN_POINT('',(6.568784639324,3.951042718896));
#569 = CARTESIAN_POINT('',(6.28318530718,3.951042718896));
#570 = CARTESIAN_POINT('',(5.997585975035,3.951042718896));
#571 = CARTESIAN_POINT('',(5.711986642891,3.951042718896));
#572 = CARTESIAN_POINT('',(5.426387310746,3.951042718896));
#573 = CARTESIAN_POINT('',(5.140787978601,3.951042718896));
#574 = CARTESIAN_POINT('',(4.855188646457,3.951042718896));
#575 = CARTESIAN_POINT('',(4.569589314312,3.951042718896));
#576 = CARTESIAN_POINT('',(4.283989982168,3.951042718896));
#577 = CARTESIAN_POINT('',(3.998390650023,3.951042718896));
#578 = CARTESIAN_POINT('',(3.712791317879,3.951042718896));
#579 = CARTESIAN_POINT('',(3.427191985734,3.951042718896));
#580 = CARTESIAN_POINT('',(3.236792430971,3.951042718896));
#581 = CARTESIAN_POINT('',(3.14159265359,3.951042718896));
#582 = ( GEOMETRIC_REPRESENTATION_CONTEXT(2) 
PARAMETRIC_REPRESENTATION_CONTEXT() REPRESENTATION_CONTEXT('2D SPACE',''
  ) );
#583 = PCURVE('',#344,#584);
#584 = DEFINITIONAL_REPRESENTATION('',(#585),#611);
#585 = B_SPLINE_CURVE_WITH_KNOTS('',3,(#586,#587,#588,#589,#590,#591,
    #592,#593,#594,#595,#596,#597,#598,#599,#600,#601,#602,#603,#604,
    #605,#606,#607,#608,#609,#610),.UNSPECIFIED.,.F.,.F.,(4,1,1,1,1,1,1,
    1,1,1,1,1,1,1,1,1,1,1,1,1,1,1,4),(3.14159265359,3.284392319662,
    3.427191985734,3.569991651807,3.712791317879,3.855590983951,
    3.998390650023,4.141190316096,4.283989982168,4.42678964824,
    4.569589314312,4.712388980385,4.855188646457,4.997988312529,
    5.140787978601,5.283587644674,5.426387310746,5.569186976818,
    5.711986642891,5.854786308963,5.997585975035,6.140385641107,
    6.28318530718),.QUASI_UNIFORM_KNOTS.);
#586 = CARTESIAN_POINT('',(1.570113996494,0.957341843533));
#587 = CARTESIAN_POINT('',(1.513061999605,0.957336979796));
#588 = CARTESIAN_POINT('',(1.398996815405,0.956089046755));
#589 = CARTESIAN_POINT('',(1.22897968422,0.950699049428));
#590 = CARTESIAN_POINT('',(1.061071553609,0.941944477287));
#591 = CARTESIAN_POINT('',(0.896076292238,0.930129339218));
#592 = CARTESIAN_POINT('',(0.734583632283,0.91562843991));
#593 = CARTESIAN_POINT('',(0.576944080767,0.898876459316));
#594 = CARTESIAN_POINT('',(0.423291953798,0.880339173216));
#595 = CARTESIAN_POINT('',(0.273581350689,0.860493552135));
#596 = CARTESIAN_POINT('',(0.127630636585,0.83981128142));
#597 = CARTESIAN_POINT('',(-1.483447714673E-02,0.818747345532));
#598 = CARTESIAN_POINT('',(-0.154143560188,0.797732458626));
#599 = CARTESIAN_POINT('',(-0.290651842492,0.777168477718));
#600 = CARTESIAN_POINT('',(-0.424718358352,0.757425811845));
#601 = CARTESIAN_POINT('',(-0.556690936082,0.738842051719));
#602 = CARTESIAN_POINT('',(-0.68689676048,0.721721245115));
#603 = CARTESIAN_POINT('',(-0.815637254979,0.706333428152));
#604 = CARTESIAN_POINT('',(-0.943186221786,0.692914231407));
#605 = CARTESIAN_POINT('',(-1.069790369246,0.681664314846));
#606 = CARTESIAN_POINT('',(-1.195671692006,0.672749160502));
#607 = CARTESIAN_POINT('',(-1.321030847141,0.666297223319));
#608 = CARTESIAN_POINT('',(-1.446052596159,0.662404099872));
#609 = CARTESIAN_POINT('',(-1.529289331717,0.661544322368));
#610 = CARTESIAN_POINT('',(-1.570909052007,0.661558210062));
#611 = ( GEOMETRIC_REPRESENTATION_CONTEXT(2) 
PARAMETRIC_REPRESENTATION_CONTEXT() REPRESENTATION_CONTEXT('2D SPACE',''
  ) );
#612 = ORIENTED_EDGE('',*,*,#613,.T.);
#613 = EDGE_CURVE('',#546,#299,#614,.T.);
#614 = SURFACE_CURVE('',#615,(#620,#649),.PCURVE_S1.);
#615 = CIRCLE('',#616,31.4608299);
#616 = AXIS2_PLACEMENT_3D('',#617,#618,#619);
#617 = CARTESIAN_POINT('',(33.64939105706,-4.864402908359,
    312.87643979698));
#618 = DIRECTION('',(-2.133740857914E-03,0.147353375215,0.989081609354)
  );
#619 = DIRECTION('',(-9.75781955237E-19,-0.989083860932,0.147353710655)
  );
#620 = PCURVE('',#310,#621);
#621 = DEFINITIONAL_REPRESENTATION('',(#622),#648);
#622 = B_SPLINE_CURVE_WITH_KNOTS('',3,(#623,#624,#625,#626,#627,#628,
    #629,#630,#631,#632,#633,#634,#635,#636,#637,#638,#639,#640,#641,
    #642,#643,#644,#645,#646,#647),.UNSPECIFIED.,.F.,.F.,(4,1,1,1,1,1,1,
    1,1,1,1,1,1,1,1,1,1,1,1,1,1,1,4),(3.113118953635E-17,0.285599332145,
    0.571198664289,0.856797996434,1.142397328578,1.427996660723,
    1.713595992867,1.999195325012,2.284794657156,2.570393989301,
    2.855993321445,3.14159265359,3.427191985734,3.712791317879,
    3.998390650023,4.283989982168,4.569589314312,4.855188646457,
    5.140787978601,5.426387310746,5.711986642891,5.997585975035,
    6.28318530718),.QUASI_UNIFORM_KNOTS.);
#623 = CARTESIAN_POINT('',(9.424777960769,3.951042718896));
#624 = CARTESIAN_POINT('',(9.329578183388,3.951042718896));
#625 = CARTESIAN_POINT('',(9.139178628625,3.951042718896));
#626 = CARTESIAN_POINT('',(8.85357929648,3.951042718896));
#627 = CARTESIAN_POINT('',(8.567979964336,3.951042718896));
#628 = CARTESIAN_POINT('',(8.282380632191,3.951042718896));
#629 = CARTESIAN_POINT('',(7.996781300047,3.951042718896));
#630 = CARTESIAN_POINT('',(7.711181967902,3.951042718896));
#631 = CARTESIAN_POINT('',(7.425582635758,3.951042718896));
#632 = CARTESIAN_POINT('',(7.139983303613,3.951042718896));
#633 = CARTESIAN_POINT('',(6.854383971469,3.951042718896));
#634 = CARTESIAN_POINT('',(6.568784639324,3.951042718896));
#635 = CARTESIAN_POINT('',(6.28318530718,3.951042718896));
#636 = CARTESIAN_POINT('',(5.997585975035,3.951042718896));
#637 = CARTESIAN_POINT('',(5.711986642891,3.951042718896));
#638 = CARTESIAN_POINT('',(5.426387310746,3.951042718896));
#639 = CARTESIAN_POINT('',(5.140787978601,3.951042718896));
#640 = CARTESIAN_POINT('',(4.855188646457,3.951042718896));
#641 = CARTESIAN_POINT('',(4.569589314312,3.951042718896));
#642 = CARTESIAN_POINT('',(4.283989982168,3.951042718896));
#643 = CARTESIAN_POINT('',(3.998390650023,3.951042718896));
#644 = CARTESIAN_POINT('',(3.712791317879,3.951042718896));
#645 = CARTESIAN_POINT('',(3.427191985734,3.951042718896));
#646 = CARTESIAN_POINT('',(3.236792430971,3.951042718896));
#647 = CARTESIAN_POINT('',(3.14159265359,3.951042718896));
#648 = ( GEOMETRIC_REPRESENTATION_CONTEXT(2) 
PARAMETRIC_REPRESENTATION_CONTEXT() REPRESENTATION_CONTEXT('2D SPACE',''
  ) );
#649 = PCURVE('',#344,#650);
#650 = DEFINITIONAL_REPRESENTATION('',(#651),#677);
#651 = B_SPLINE_CURVE_WITH_KNOTS('',3,(#652,#653,#654,#655,#656,#657,
    #658,#659,#660,#661,#662,#663,#664,#665,#666,#667,#668,#669,#670,
    #671,#672,#673,#674,#675,#676),.UNSPECIFIED.,.F.,.F.,(4,1,1,1,1,1,1,
    1,1,1,1,1,1,1,1,1,1,1,1,1,1,1,4),(3.14159265359,3.284392319662,
    3.427191985734,3.569991651807,3.712791317879,3.855590983951,
    3.998390650023,4.141190316096,4.283989982168,4.42678964824,
    4.569589314312,4.712388980385,4.855188646457,4.997988312529,
    5.140787978601,5.283587644674,5.426387310746,5.569186976818,
    5.711986642891,5.854786308963,5.997585975035,6.140385641107,
    6.28318530718),.QUASI_UNIFORM_KNOTS.);
#652 = CARTESIAN_POINT('',(7.853299303674,0.957341843533));
#653 = CARTESIAN_POINT('',(7.796247306784,0.957336979796));
#654 = CARTESIAN_POINT('',(7.682182122585,0.956089046755));
#655 = CARTESIAN_POINT('',(7.512164991399,0.950699049428));
#656 = CARTESIAN_POINT('',(7.344256860789,0.941944477287));
#657 = CARTESIAN_POINT('',(7.179261599418,0.930129339218));
#658 = CARTESIAN_POINT('',(7.017768939463,0.91562843991));
#659 = CARTESIAN_POINT('',(6.860129387947,0.898876459316));
#660 = CARTESIAN_POINT('',(6.706477260978,0.880339173216));
#661 = CARTESIAN_POINT('',(6.556766657869,0.860493552135));
#662 = CARTESIAN_POINT('',(6.410815943765,0.83981128142));
#663 = CARTESIAN_POINT('',(6.268350830033,0.818747345532));
#664 = CARTESIAN_POINT('',(6.129041746992,0.797732458626));
#665 = CARTESIAN_POINT('',(5.992533464688,0.777168477718));
#666 = CARTESIAN_POINT('',(5.858466948828,0.757425811845));
#667 = CARTESIAN_POINT('',(5.726494371098,0.738842051719));
#668 = CARTESIAN_POINT('',(5.5962885467,0.721721245115));
#669 = CARTESIAN_POINT('',(5.467548052201,0.706333428152));
#670 = CARTESIAN_POINT('',(5.339999085394,0.692914231407));
#671 = CARTESIAN_POINT('',(5.213394937934,0.681664314846));
#672 = CARTESIAN_POINT('',(5.087513615174,0.672749160502));
#673 = CARTESIAN_POINT('',(4.962154460039,0.666297223319));
#674 = CARTESIAN_POINT('',(4.837132711021,0.662404099872));
#675 = CARTESIAN_POINT('',(4.753895975462,0.661544322368));
#676 = CARTESIAN_POINT('',(4.712276255173,0.661558210062));
#677 = ( GEOMETRIC_REPRESENTATION_CONTEXT(2) 
PARAMETRIC_REPRESENTATION_CONTEXT() REPRESENTATION_CONTEXT('2D SPACE',''
  ) );
#678 = ADVANCED_FACE('',(#679),#444,.T.);
#679 = FACE_BOUND('',#680,.T.);
#680 = EDGE_LOOP('',(#681,#710,#711,#712));
#681 = ORIENTED_EDGE('',*,*,#682,.F.);
#682 = EDGE_CURVE('',#406,#683,#685,.T.);
#683 = VERTEX_POINT('',#684);
#684 = CARTESIAN_POINT('',(33.929939442328,-23.53762481643,
    186.03811523656));
#685 = SEAM_CURVE('',#686,(#696,#703),.PCURVE_S1.);
#686 = B_SPLINE_CURVE_WITH_KNOTS('',8,(#687,#688,#689,#690,#691,#692,
    #693,#694,#695),.UNSPECIFIED.,.F.,.F.,(9,9),(-0.626786733084,
    1.570796326795),.PIECEWISE_BEZIER_KNOTS.);
#687 = CARTESIAN_POINT('',(9.807359177257,-16.96129228442,
    232.55405081825));
#688 = CARTESIAN_POINT('',(5.046273433601,-17.88619711854,226.01198296)
  );
#689 = CARTESIAN_POINT('',(2.359450369076,-19.02034501772,
    217.98989004397));
#690 = CARTESIAN_POINT('',(2.294199452629,-20.25733420467,
    209.24037668596));
#691 = CARTESIAN_POINT('',(5.064582688761,-21.45733758005,
    200.75247260944));
#692 = CARTESIAN_POINT('',(10.416884334905,-22.47175224217,
    193.57728083707));
#693 = CARTESIAN_POINT('',(17.636232294651,-23.18512328268,
    188.53144089436));
#694 = CARTESIAN_POINT('',(25.78612793242,-23.54032608732,186.0190085168
    ));
#695 = CARTESIAN_POINT('',(33.929939442351,-23.53762481783,
    186.03811522666));
#696 = PCURVE('',#444,#697);
#697 = DEFINITIONAL_REPRESENTATION('',(#698),#702);
#698 = LINE('',#699,#700);
#699 = CARTESIAN_POINT('',(0.,0.));
#700 = VECTOR('',#701,1.);
#701 = DIRECTION('',(0.,1.));
#702 = ( GEOMETRIC_REPRESENTATION_CONTEXT(2) 
PARAMETRIC_REPRESENTATION_CONTEXT() REPRESENTATION_CONTEXT('2D SPACE',''
  ) );
#703 = PCURVE('',#444,#704);
#704 = DEFINITIONAL_REPRESENTATION('',(#705),#709);
#705 = LINE('',#706,#707);
#706 = CARTESIAN_POINT('',(6.28318530718,0.));
#707 = VECTOR('',#708,1.);
#708 = DIRECTION('',(0.,1.));
#709 = ( GEOMETRIC_REPRESENTATION_CONTEXT(2) 
PARAMETRIC_REPRESENTATION_CONTEXT() REPRESENTATION_CONTEXT('2D SPACE',''
  ) );
#710 = ORIENTED_EDGE('',*,*,#478,.T.);
#711 = ORIENTED_EDGE('',*,*,#405,.T.);
#712 = ORIENTED_EDGE('',*,*,#682,.T.);
#713 = ADVANCED_FACE('',(#714),#344,.T.);
#714 = FACE_BOUND('',#715,.T.);
#715 = EDGE_LOOP('',(#716,#745,#746,#747,#748));
#716 = ORIENTED_EDGE('',*,*,#717,.T.);
#717 = EDGE_CURVE('',#718,#546,#720,.T.);
#718 = VERTEX_POINT('',#719);
#719 = CARTESIAN_POINT('',(33.470898452644,0.,391.12993122497));
#720 = SEAM_CURVE('',#721,(#731,#738),.PCURVE_S1.);
#721 = B_SPLINE_CURVE_WITH_KNOTS('',8,(#722,#723,#724,#725,#726,#727,
    #728,#729,#730),.UNSPECIFIED.,.F.,.F.,(9,9),(-1.570796326795,
    0.820890023532),.PIECEWISE_BEZIER_KNOTS.);
#722 = CARTESIAN_POINT('',(33.470898452575,0.,391.12993125429));
#723 = CARTESIAN_POINT('',(19.837655841995,0.,391.09762736318));
#724 = CARTESIAN_POINT('',(6.215378405793,0.,386.40711544729));
#725 = CARTESIAN_POINT('',(-5.538561698819,0.,377.06394153069));
#726 = CARTESIAN_POINT('',(-13.57203281098,0.,363.95624252698));
#727 = CARTESIAN_POINT('',(-16.55589930035,0.,348.87496366689));
#728 = CARTESIAN_POINT('',(-14.25261125259,0.,334.03768389641));
#729 = CARTESIAN_POINT('',(-7.421197097844,0.,321.35308200166));
#730 = CARTESIAN_POINT('',(2.576982811487,0.,312.08470856718));
#731 = PCURVE('',#344,#732);
#732 = DEFINITIONAL_REPRESENTATION('',(#733),#737);
#733 = LINE('',#734,#735);
#734 = CARTESIAN_POINT('',(6.28318530718,0.));
#735 = VECTOR('',#736,1.);
#736 = DIRECTION('',(0.,1.));
#737 = ( GEOMETRIC_REPRESENTATION_CONTEXT(2) 
PARAMETRIC_REPRESENTATION_CONTEXT() REPRESENTATION_CONTEXT('2D SPACE',''
  ) );
#738 = PCURVE('',#344,#739);
#739 = DEFINITIONAL_REPRESENTATION('',(#740),#744);
#740 = LINE('',#741,#742);
#741 = CARTESIAN_POINT('',(0.,0.));
#742 = VECTOR('',#743,1.);
#743 = DIRECTION('',(0.,1.));
#744 = ( GEOMETRIC_REPRESENTATION_CONTEXT(2) 
PARAMETRIC_REPRESENTATION_CONTEXT() REPRESENTATION_CONTEXT('2D SPACE',''
  ) );
#745 = ORIENTED_EDGE('',*,*,#613,.T.);
#746 = ORIENTED_EDGE('',*,*,#298,.T.);
#747 = ORIENTED_EDGE('',*,*,#545,.T.);
#748 = ORIENTED_EDGE('',*,*,#717,.F.);
#749 = ( GEOMETRIC_REPRESENTATION_CONTEXT(3) 
GLOBAL_UNCERTAINTY_ASSIGNED_CONTEXT((#753)) GLOBAL_UNIT_ASSIGNED_CONTEXT
((#750,#751,#752)) REPRESENTATION_CONTEXT('Context #1',
  '3D Context with UNIT and UNCERTAINTY') );
#750 = ( LENGTH_UNIT() NAMED_UNIT(*) SI_UNIT(.MILLI.,.METRE.) );
#751 = ( NAMED_UNIT(*) PLANE_ANGLE_UNIT() SI_UNIT($,.RADIAN.) );
#752 = ( NAMED_UNIT(*) SI_UNIT($,.STERADIAN.) SOLID_ANGLE_UNIT() );
#753 = UNCERTAINTY_MEASURE_WITH_UNIT(LENGTH_MEASURE(1.E-04),#750,
  'distance_accuracy_value','confusion accuracy');
#754 = SHAPE_DEFINITION_REPRESENTATION(#755,#291);
#755 = PRODUCT_DEFINITION_SHAPE('','',#756);
#756 = PRODUCT_DEFINITION('design','',#757,#760);
#757 = PRODUCT_DEFINITION_FORMATION('','',#758);
#758 = PRODUCT('Open CASCADE STEP translator 7.5 1.2',
  'Open CASCADE STEP translator 7.5 1.2','',(#759));
#759 = PRODUCT_CONTEXT('',#2,'mechanical');
#760 = PRODUCT_DEFINITION_CONTEXT('part definition',#2,'design');
#761 = CONTEXT_DEPENDENT_SHAPE_REPRESENTATION(#762,#764);
#762 = ( REPRESENTATION_RELATIONSHIP('','',#291,#10) 
REPRESENTATION_RELATIONSHIP_WITH_TRANSFORMATION(#763) 
SHAPE_REPRESENTATION_RELATIONSHIP() );
#763 = ITEM_DEFINED_TRANSFORMATION('','',#11,#19);
#764 = PRODUCT_DEFINITION_SHAPE('Placement','Placement of an item',#765
  );
#765 = NEXT_ASSEMBLY_USAGE_OCCURRENCE('2','','',#5,#756,$);
#766 = PRODUCT_RELATED_PRODUCT_CATEGORY('part',$,(#758));
#767 = ADVANCED_BREP_SHAPE_REPRESENTATION('',(#11,#768),#1224);
#768 = MANIFOLD_SOLID_BREP('',#769);
#769 = CLOSED_SHELL('',(#770,#948,#1188));
#770 = ADVANCED_FACE('',(#771),#790,.T.);
#771 = FACE_BOUND('',#772,.T.);
#772 = EDGE_LOOP('',(#773,#808,#881,#947));
#773 = ORIENTED_EDGE('',*,*,#774,.T.);
#774 = EDGE_CURVE('',#775,#777,#779,.T.);
#775 = VERTEX_POINT('',#776);
#776 = CARTESIAN_POINT('',(-40.90937177472,-25.4625272328,
    461.04825960826));
#777 = VERTEX_POINT('',#778);
#778 = CARTESIAN_POINT('',(-33.30307820931,-20.72827078622,
    443.6512198317));
#779 = SEAM_CURVE('',#780,(#789,#801),.PCURVE_S1.);
#780 = B_SPLINE_CURVE_WITH_KNOTS('',7,(#781,#782,#783,#784,#785,#786,
    #787,#788),.UNSPECIFIED.,.F.,.F.,(8,8),(-1.570796326795,
    0.435090046832),.PIECEWISE_BEZIER_KNOTS.);
#781 = CARTESIAN_POINT('',(-40.90937177156,-25.46252723083,
    461.04825964853));
#782 = CARTESIAN_POINT('',(-38.09795078113,-23.71266209172,
    460.74178259533));
#783 = CARTESIAN_POINT('',(-35.37361243062,-22.01699832491,
    459.32814813202));
#784 = CARTESIAN_POINT('',(-33.11272069065,-20.60978978071,
    456.84900934687));
#785 = CARTESIAN_POINT('',(-31.67734801651,-19.71639508362,
    453.56603908552));
#786 = CARTESIAN_POINT('',(-31.27696108417,-19.46718902824,
    449.95832746884));
#787 = CARTESIAN_POINT('',(-31.88213423193,-19.84385669843,
    446.52502812544));
#788 = CARTESIAN_POINT('',(-33.30307820931,-20.72827078622,
    443.6512198317));
#789 = PCURVE('',#790,#795);
#790 = SPHERICAL_SURFACE('',#791,11.605668);
#791 = AXIS2_PLACEMENT_3D('',#792,#793,#794);
#792 = CARTESIAN_POINT('',(-41.81737865432,-26.02768257243,
    449.49197769165));
#793 = DIRECTION('',(-7.823822659409E-02,-4.869649395421E-02,
    -0.995744661736));
#794 = DIRECTION('',(0.845371207715,0.526170079482,-9.215513346537E-02)
  );
#795 = DEFINITIONAL_REPRESENTATION('',(#796),#800);
#796 = LINE('',#797,#798);
#797 = CARTESIAN_POINT('',(6.28318530718,0.));
#798 = VECTOR('',#799,1.);
#799 = DIRECTION('',(0.,1.));
#800 = ( GEOMETRIC_REPRESENTATION_CONTEXT(2) 
PARAMETRIC_REPRESENTATION_CONTEXT() REPRESENTATION_CONTEXT('2D SPACE',''
  ) );
#801 = PCURVE('',#790,#802);
#802 = DEFINITIONAL_REPRESENTATION('',(#803),#807);
#803 = LINE('',#804,#805);
#804 = CARTESIAN_POINT('',(0.,0.));
#805 = VECTOR('',#806,1.);
#806 = DIRECTION('',(0.,1.));
#807 = ( GEOMETRIC_REPRESENTATION_CONTEXT(2) 
PARAMETRIC_REPRESENTATION_CONTEXT() REPRESENTATION_CONTEXT('2D SPACE',''
  ) );
#808 = ORIENTED_EDGE('',*,*,#809,.T.);
#809 = EDGE_CURVE('',#777,#810,#812,.T.);
#810 = VERTEX_POINT('',#811);
#811 = CARTESIAN_POINT('',(-42.73094974062,-34.34667733367,
    441.45137803613));
#812 = SURFACE_CURVE('',#813,(#818,#847),.PCURVE_S1.);
#813 = CIRCLE('',#814,10.1852553);
#814 = AXIS2_PLACEMENT_3D('',#815,#816,#817);
#815 = CARTESIAN_POINT('',(-42.73094974062,-24.54183696931,
    444.20900935617));
#816 = DIRECTION('',(0.164209114847,-0.267072146817,0.949582979521));
#817 = DIRECTION('',(1.387778780781E-17,-0.962650429196,-0.27074739365)
  );
#818 = PCURVE('',#790,#819);
#819 = DEFINITIONAL_REPRESENTATION('',(#820),#846);
#820 = B_SPLINE_CURVE_WITH_KNOTS('',3,(#821,#822,#823,#824,#825,#826,
    #827,#828,#829,#830,#831,#832,#833,#834,#835,#836,#837,#838,#839,
    #840,#841,#842,#843,#844,#845),.UNSPECIFIED.,.F.,.F.,(4,1,1,1,1,1,1,
    1,1,1,1,1,1,1,1,1,1,1,1,1,1,1,4),(0.,0.285599332145,0.571198664289,
    0.856797996434,1.142397328578,1.427996660723,1.713595992867,
    1.999195325012,2.284794657156,2.570393989301,2.855993321445,
    3.14159265359,3.427191985734,3.712791317879,3.998390650023,
    4.283989982168,4.569589314312,4.855188646457,5.140787978601,
    5.426387310746,5.711986642891,5.997585975035,6.28318530718),
  .QUASI_UNIFORM_KNOTS.);
#821 = CARTESIAN_POINT('',(8.444284950632,0.81968815418));
#822 = CARTESIAN_POINT('',(8.322326747193,0.829749664287));
#823 = CARTESIAN_POINT('',(8.07379590657,0.837179308822));
#824 = CARTESIAN_POINT('',(7.703451419824,0.81461074071));
#825 = CARTESIAN_POINT('',(7.355624298774,0.760845128688));
#826 = CARTESIAN_POINT('',(7.037183328644,0.684877317654));
#827 = CARTESIAN_POINT('',(6.745479130004,0.595825732538));
#828 = CARTESIAN_POINT('',(6.473562221136,0.501976560169));
#829 = CARTESIAN_POINT('',(6.214129459462,0.410305212665));
#830 = CARTESIAN_POINT('',(5.961068553206,0.326773660401));
#831 = CARTESIAN_POINT('',(5.709967109447,0.256538131817));
#832 = CARTESIAN_POINT('',(5.458220392658,0.203976270337));
#833 = CARTESIAN_POINT('',(5.204945956239,0.17249729957));
#834 = CARTESIAN_POINT('',(4.95064418511,0.164230348321));
#835 = CARTESIAN_POINT('',(4.696544425227,0.17974788803));
#836 = CARTESIAN_POINT('',(4.443739080891,0.217980149563));
#837 = CARTESIAN_POINT('',(4.192359501302,0.276371129906));
#838 = CARTESIAN_POINT('',(3.941018794815,0.351184850947));
#839 = CARTESIAN_POINT('',(3.68655419283,0.437793331236));
#840 = CARTESIAN_POINT('',(3.424025509428,0.53080844958));
#841 = CARTESIAN_POINT('',(3.146813477991,0.623980289297));
#842 = CARTESIAN_POINT('',(2.847692322578,0.709976912906));
#843 = CARTESIAN_POINT('',(2.519688375037,0.780075416352));
#844 = CARTESIAN_POINT('',(2.283549600699,0.810234332864));
#845 = CARTESIAN_POINT('',(2.161099643452,0.81968815418));
#846 = ( GEOMETRIC_REPRESENTATION_CONTEXT(2) 
PARAMETRIC_REPRESENTATION_CONTEXT() REPRESENTATION_CONTEXT('2D SPACE',''
  ) );
#847 = PCURVE('',#848,#853);
#848 = TOROIDAL_SURFACE('',#849,69.0152651,67.03431);
#849 = AXIS2_PLACEMENT_3D('',#850,#851,#852);
#850 = CARTESIAN_POINT('',(-48.0077341224,-15.95959636444,
    413.69459704597));
#851 = DIRECTION('',(0.164209114847,-0.267072146817,0.949582979521));
#852 = DIRECTION('',(1.387778780781E-17,-0.962650429196,-0.27074739365)
  );
#853 = DEFINITIONAL_REPRESENTATION('',(#854),#880);
#854 = B_SPLINE_CURVE_WITH_KNOTS('',3,(#855,#856,#857,#858,#859,#860,
    #861,#862,#863,#864,#865,#866,#867,#868,#869,#870,#871,#872,#873,
    #874,#875,#876,#877,#878,#879),.UNSPECIFIED.,.F.,.F.,(4,1,1,1,1,1,1,
    1,1,1,1,1,1,1,1,1,1,1,1,1,1,1,4),(1.923682131745,2.121841366992,
    2.320000602239,2.518159837486,2.716319072733,2.91447830798,
    3.112637543227,3.310796778474,3.508956013721,3.707115248968,
    3.905274484215,4.103433719462,4.301592954709,4.499752189956,
    4.697911425203,4.89607066045,5.094229895697,5.292389130945,
    5.490548366192,5.688707601439,5.886866836686,6.085026071933,
    6.28318530718),.QUASI_UNIFORM_KNOTS.);
#855 = CARTESIAN_POINT('',(1.923682131745,2.641650789939));
#856 = CARTESIAN_POINT('',(1.989735210161,2.641650789939));
#857 = CARTESIAN_POINT('',(2.121841366992,2.641650789939));
#858 = CARTESIAN_POINT('',(2.320000602239,2.641650789939));
#859 = CARTESIAN_POINT('',(2.518159837486,2.641650789939));
#860 = CARTESIAN_POINT('',(2.716319072733,2.641650789939));
#861 = CARTESIAN_POINT('',(2.91447830798,2.641650789939));
#862 = CARTESIAN_POINT('',(3.112637543227,2.641650789939));
#863 = CARTESIAN_POINT('',(3.310796778474,2.641650789939));
#864 = CARTESIAN_POINT('',(3.508956013721,2.641650789939));
#865 = CARTESIAN_POINT('',(3.707115248968,2.641650789939));
#866 = CARTESIAN_POINT('',(3.905274484215,2.641650789939));
#867 = CARTESIAN_POINT('',(4.103433719462,2.641650789939));
#868 = CARTESIAN_POINT('',(4.301592954709,2.641650789939));
#869 = CARTESIAN_POINT('',(4.499752189956,2.641650789939));
#870 = CARTESIAN_POINT('',(4.697911425203,2.641650789939));
#871 = CARTESIAN_POINT('',(4.89607066045,2.641650789939));
#872 = CARTESIAN_POINT('',(5.094229895697,2.641650789939));
#873 = CARTESIAN_POINT('',(5.292389130945,2.641650789939));
#874 = CARTESIAN_POINT('',(5.490548366192,2.641650789939));
#875 = CARTESIAN_POINT('',(5.688707601439,2.641650789939));
#876 = CARTESIAN_POINT('',(5.886866836686,2.641650789939));
#877 = CARTESIAN_POINT('',(6.085026071933,2.641650789939));
#878 = CARTESIAN_POINT('',(6.217132228764,2.641650789939));
#879 = CARTESIAN_POINT('',(6.28318530718,2.641650789939));
#880 = ( GEOMETRIC_REPRESENTATION_CONTEXT(2) 
PARAMETRIC_REPRESENTATION_CONTEXT() REPRESENTATION_CONTEXT('2D SPACE',''
  ) );
#881 = ORIENTED_EDGE('',*,*,#882,.T.);
#882 = EDGE_CURVE('',#810,#777,#883,.T.);
#883 = SURFACE_CURVE('',#884,(#889,#918),.PCURVE_S1.);
#884 = CIRCLE('',#885,10.1852553);
#885 = AXIS2_PLACEMENT_3D('',#886,#887,#888);
#886 = CARTESIAN_POINT('',(-42.73094974062,-24.54183696931,
    444.20900935617));
#887 = DIRECTION('',(0.164209114847,-0.267072146817,0.949582979521));
#888 = DIRECTION('',(1.387778780781E-17,-0.962650429196,-0.27074739365)
  );
#889 = PCURVE('',#790,#890);
#890 = DEFINITIONAL_REPRESENTATION('',(#891),#917);
#891 = B_SPLINE_CURVE_WITH_KNOTS('',3,(#892,#893,#894,#895,#896,#897,
    #898,#899,#900,#901,#902,#903,#904,#905,#906,#907,#908,#909,#910,
    #911,#912,#913,#914,#915,#916),.UNSPECIFIED.,.F.,.F.,(4,1,1,1,1,1,1,
    1,1,1,1,1,1,1,1,1,1,1,1,1,1,1,4),(0.,0.285599332145,0.571198664289,
    0.856797996434,1.142397328578,1.427996660723,1.713595992867,
    1.999195325012,2.284794657156,2.570393989301,2.855993321445,
    3.14159265359,3.427191985734,3.712791317879,3.998390650023,
    4.283989982168,4.569589314312,4.855188646457,5.140787978601,
    5.426387310746,5.711986642891,5.997585975035,6.28318530718),
  .QUASI_UNIFORM_KNOTS.);
#892 = CARTESIAN_POINT('',(2.161099643452,0.81968815418));
#893 = CARTESIAN_POINT('',(2.039141440013,0.829749664287));
#894 = CARTESIAN_POINT('',(1.79061059939,0.837179308822));
#895 = CARTESIAN_POINT('',(1.420266112645,0.81461074071));
#896 = CARTESIAN_POINT('',(1.072438991594,0.760845128688));
#897 = CARTESIAN_POINT('',(0.753998021464,0.684877317654));
#898 = CARTESIAN_POINT('',(0.462293822824,0.595825732538));
#899 = CARTESIAN_POINT('',(0.190376913956,0.501976560169));
#900 = CARTESIAN_POINT('',(-6.90558477172E-02,0.410305212665));
#901 = CARTESIAN_POINT('',(-0.322116753974,0.326773660401));
#902 = CARTESIAN_POINT('',(-0.573218197732,0.256538131817));
#903 = CARTESIAN_POINT('',(-0.824964914522,0.203976270337));
#904 = CARTESIAN_POINT('',(-1.078239350941,0.17249729957));
#905 = CARTESIAN_POINT('',(-1.33254112207,0.164230348321));
#906 = CARTESIAN_POINT('',(-1.586640881953,0.17974788803));
#907 = CARTESIAN_POINT('',(-1.839446226288,0.217980149563));
#908 = CARTESIAN_POINT('',(-2.090825805878,0.276371129906));
#909 = CARTESIAN_POINT('',(-2.342166512365,0.351184850947));
#910 = CARTESIAN_POINT('',(-2.59663111435,0.437793331236));
#911 = CARTESIAN_POINT('',(-2.859159797752,0.53080844958));
#912 = CARTESIAN_POINT('',(-3.136371829188,0.623980289297));
#913 = CARTESIAN_POINT('',(-3.435492984602,0.709976912906));
#914 = CARTESIAN_POINT('',(-3.763496932143,0.780075416352));
#915 = CARTESIAN_POINT('',(-3.999635706481,0.810234332864));
#916 = CARTESIAN_POINT('',(-4.122085663727,0.81968815418));
#917 = ( GEOMETRIC_REPRESENTATION_CONTEXT(2) 
PARAMETRIC_REPRESENTATION_CONTEXT() REPRESENTATION_CONTEXT('2D SPACE',''
  ) );
#918 = PCURVE('',#848,#919);
#919 = DEFINITIONAL_REPRESENTATION('',(#920),#946);
#920 = B_SPLINE_CURVE_WITH_KNOTS('',3,(#921,#922,#923,#924,#925,#926,
    #927,#928,#929,#930,#931,#932,#933,#934,#935,#936,#937,#938,#939,
    #940,#941,#942,#943,#944,#945),.UNSPECIFIED.,.F.,.F.,(4,1,1,1,1,1,1,
    1,1,1,1,1,1,1,1,1,1,1,1,1,1,1,4),(0.,8.744009689751E-02,
    0.174880193795,0.262320290693,0.34976038759,0.437200484488,
    0.524640581385,0.612080678283,0.69952077518,0.786960872078,
    0.874400968975,0.961841065873,1.04928116277,1.136721259668,
    1.224161356565,1.311601453463,1.39904155036,1.486481647258,
    1.573921744155,1.661361841053,1.74880193795,1.836242034848,
    1.923682131745),.QUASI_UNIFORM_KNOTS.);
#921 = CARTESIAN_POINT('',(0.,2.641650789939));
#922 = CARTESIAN_POINT('',(2.914669896584E-02,2.641650789939));
#923 = CARTESIAN_POINT('',(8.744009689751E-02,2.641650789939));
#924 = CARTESIAN_POINT('',(0.174880193795,2.641650789939));
#925 = CARTESIAN_POINT('',(0.262320290693,2.641650789939));
#926 = CARTESIAN_POINT('',(0.34976038759,2.641650789939));
#927 = CARTESIAN_POINT('',(0.437200484488,2.641650789939));
#928 = CARTESIAN_POINT('',(0.524640581385,2.641650789939));
#929 = CARTESIAN_POINT('',(0.612080678283,2.641650789939));
#930 = CARTESIAN_POINT('',(0.69952077518,2.641650789939));
#931 = CARTESIAN_POINT('',(0.786960872078,2.641650789939));
#932 = CARTESIAN_POINT('',(0.874400968975,2.641650789939));
#933 = CARTESIAN_POINT('',(0.961841065873,2.641650789939));
#934 = CARTESIAN_POINT('',(1.04928116277,2.641650789939));
#935 = CARTESIAN_POINT('',(1.136721259668,2.641650789939));
#936 = CARTESIAN_POINT('',(1.224161356565,2.641650789939));
#937 = CARTESIAN_POINT('',(1.311601453463,2.641650789939));
#938 = CARTESIAN_POINT('',(1.39904155036,2.641650789939));
#939 = CARTESIAN_POINT('',(1.486481647258,2.641650789939));
#940 = CARTESIAN_POINT('',(1.573921744155,2.641650789939));
#941 = CARTESIAN_POINT('',(1.661361841053,2.641650789939));
#942 = CARTESIAN_POINT('',(1.74880193795,2.641650789939));
#943 = CARTESIAN_POINT('',(1.836242034848,2.641650789939));
#944 = CARTESIAN_POINT('',(1.894535432779,2.641650789939));
#945 = CARTESIAN_POINT('',(1.923682131745,2.641650789939));
#946 = ( GEOMETRIC_REPRESENTATION_CONTEXT(2) 
PARAMETRIC_REPRESENTATION_CONTEXT() REPRESENTATION_CONTEXT('2D SPACE',''
  ) );
#947 = ORIENTED_EDGE('',*,*,#774,.F.);
#948 = ADVANCED_FACE('',(#949),#848,.F.);
#949 = FACE_BOUND('',#950,.F.);
#950 = EDGE_LOOP('',(#951,#1026,#1094,#1119,#1120,#1121,#1122));
#951 = ORIENTED_EDGE('',*,*,#952,.T.);
#952 = EDGE_CURVE('',#953,#955,#957,.T.);
#953 = VERTEX_POINT('',#954);
#954 = CARTESIAN_POINT('',(-55.2131470137,13.412444490167,
    376.99233257532));
#955 = VERTEX_POINT('',#956);
#956 = CARTESIAN_POINT('',(-37.47107977763,5.286370622848E-16,
    370.15196599038));
#957 = SURFACE_CURVE('',#958,(#963,#992),.PCURVE_S1.);
#958 = CIRCLE('',#959,18.3379653);
#959 = AXIS2_PLACEMENT_3D('',#960,#961,#962);
#960 = CARTESIAN_POINT('',(-55.2131470137,-4.240605665477,
    372.02737626859));
#961 = DIRECTION('',(-0.164209114847,0.267072146817,-0.949582979521));
#962 = DIRECTION('',(-1.387778780781E-17,0.962650429196,0.27074739365));
#963 = PCURVE('',#848,#964);
#964 = DEFINITIONAL_REPRESENTATION('',(#965),#991);
#965 = B_SPLINE_CURVE_WITH_KNOTS('',3,(#966,#967,#968,#969,#970,#971,
    #972,#973,#974,#975,#976,#977,#978,#979,#980,#981,#982,#983,#984,
    #985,#986,#987,#988,#989,#990),.UNSPECIFIED.,.F.,.F.,(4,1,1,1,1,1,1,
    1,1,1,1,1,1,1,1,1,1,1,1,1,1,1,4),(0.,0.285599332145,0.571198664289,
    0.856797996434,1.142397328578,1.427996660723,1.713595992867,
    1.999195325012,2.284794657156,2.570393989301,2.855993321445,
    3.14159265359,3.427191985734,3.712791317879,3.998390650023,
    4.283989982168,4.569589314312,4.855188646457,5.140787978601,
    5.426387310746,5.711986642891,5.997585975035,6.28318530718),
  .QUASI_UNIFORM_KNOTS.);
#966 = CARTESIAN_POINT('',(3.14159265359,3.855223042085));
#967 = CARTESIAN_POINT('',(3.046392876208,3.855223042085));
#968 = CARTESIAN_POINT('',(2.855993321445,3.855223042085));
#969 = CARTESIAN_POINT('',(2.570393989301,3.855223042085));
#970 = CARTESIAN_POINT('',(2.284794657156,3.855223042085));
#971 = CARTESIAN_POINT('',(1.999195325012,3.855223042085));
#972 = CARTESIAN_POINT('',(1.713595992867,3.855223042085));
#973 = CARTESIAN_POINT('',(1.427996660723,3.855223042085));
#974 = CARTESIAN_POINT('',(1.142397328578,3.855223042085));
#975 = CARTESIAN_POINT('',(0.856797996434,3.855223042085));
#976 = CARTESIAN_POINT('',(0.571198664289,3.855223042085));
#977 = CARTESIAN_POINT('',(0.285599332145,3.855223042085));
#978 = CARTESIAN_POINT('',(-1.7763568394E-15,3.855223042085));
#979 = CARTESIAN_POINT('',(-0.285599332145,3.855223042085));
#980 = CARTESIAN_POINT('',(-0.571198664289,3.855223042085));
#981 = CARTESIAN_POINT('',(-0.856797996434,3.855223042085));
#982 = CARTESIAN_POINT('',(-1.142397328578,3.855223042085));
#983 = CARTESIAN_POINT('',(-1.427996660723,3.855223042085));
#984 = CARTESIAN_POINT('',(-1.713595992867,3.855223042085));
#985 = CARTESIAN_POINT('',(-1.999195325012,3.855223042085));
#986 = CARTESIAN_POINT('',(-2.284794657156,3.855223042085));
#987 = CARTESIAN_POINT('',(-2.570393989301,3.855223042085));
#988 = CARTESIAN_POINT('',(-2.855993321445,3.855223042085));
#989 = CARTESIAN_POINT('',(-3.046392876208,3.855223042085));
#990 = CARTESIAN_POINT('',(-3.14159265359,3.855223042085));
#991 = ( GEOMETRIC_REPRESENTATION_CONTEXT(2) 
PARAMETRIC_REPRESENTATION_CONTEXT() REPRESENTATION_CONTEXT('2D SPACE',''
  ) );
#992 = PCURVE('',#993,#998);
#993 = SPHERICAL_SURFACE('',#994,24.2568735);
#994 = AXIS2_PLACEMENT_3D('',#995,#996,#997);
#995 = CARTESIAN_POINT('',(-57.82048031687,0.,356.94977641105));
#996 = DIRECTION('',(-9.215513346537E-02,0.,-0.995744661736));
#997 = DIRECTION('',(0.995744661736,0.,-9.215513346537E-02));
#998 = DEFINITIONAL_REPRESENTATION('',(#999),#1025);
#999 = B_SPLINE_CURVE_WITH_KNOTS('',3,(#1000,#1001,#1002,#1003,#1004,
    #1005,#1006,#1007,#1008,#1009,#1010,#1011,#1012,#1013,#1014,#1015,
    #1016,#1017,#1018,#1019,#1020,#1021,#1022,#1023,#1024),
  .UNSPECIFIED.,.F.,.F.,(4,1,1,1,1,1,1,1,1,1,1,1,1,1,1,1,1,1,1,1,1,1,4),
  (0.,0.142799666072,0.285599332145,0.428398998217,0.571198664289,
    0.713998330361,0.856797996434,0.999597662506,1.142397328578,
    1.28519699465,1.427996660723,1.570796326795,1.713595992867,
    1.856395658939,1.999195325012,2.141994991084,2.284794657156,
    2.427594323228,2.570393989301,2.713193655373,2.855993321445,
    2.998792987518,3.14159265359),.QUASI_UNIFORM_KNOTS.);
#1000 = CARTESIAN_POINT('',(4.768190589035,-0.983880332058));
#1001 = CARTESIAN_POINT('',(4.83278226729,-0.979573677819));
#1002 = CARTESIAN_POINT('',(4.959866308571,-0.968484813281));
#1003 = CARTESIAN_POINT('',(5.143144372867,-0.945451948227));
#1004 = CARTESIAN_POINT('',(5.317658683037,-0.917007627625));
#1005 = CARTESIAN_POINT('',(5.483273448561,-0.884276419477));
#1006 = CARTESIAN_POINT('',(5.640405445242,-0.848348354751));
#1007 = CARTESIAN_POINT('',(5.789887640547,-0.810248072246));
#1008 = CARTESIAN_POINT('',(5.932725255193,-0.770906982586));
#1009 = CARTESIAN_POINT('',(6.069962715674,-0.731161897207));
#1010 = CARTESIAN_POINT('',(6.202596497203,-0.691761489588));
#1011 = CARTESIAN_POINT('',(6.33153153279,-0.653376814567));
#1012 = CARTESIAN_POINT('',(6.457562141405,-0.616611627397));
#1013 = CARTESIAN_POINT('',(6.581367684104,-0.582010899903));
#1014 = CARTESIAN_POINT('',(6.703515822439,-0.550066790928));
#1015 = CARTESIAN_POINT('',(6.824469568635,-0.521221992454));
#1016 = CARTESIAN_POINT('',(6.944596162377,-0.495870691676));
#1017 = CARTESIAN_POINT('',(7.064177004381,-0.474357554057));
#1018 = CARTESIAN_POINT('',(7.183418487511,-0.456975326449));
#1019 = CARTESIAN_POINT('',(7.302463869684,-0.443961397983));
#1020 = CARTESIAN_POINT('',(7.421406217685,-0.43549488327));
#1021 = CARTESIAN_POINT('',(7.540302851777,-0.431691255875));
#1022 = CARTESIAN_POINT('',(7.659189585155,-0.432608293101));
#1023 = CARTESIAN_POINT('',(7.738463281942,-0.436345551431));
#1024 = CARTESIAN_POINT('',(7.778109817755,-0.438994619519));
#1025 = ( GEOMETRIC_REPRESENTATION_CONTEXT(2) 
PARAMETRIC_REPRESENTATION_CONTEXT() REPRESENTATION_CONTEXT('2D SPACE',''
  ) );
#1026 = ORIENTED_EDGE('',*,*,#1027,.T.);
#1027 = EDGE_CURVE('',#955,#1028,#1030,.T.);
#1028 = VERTEX_POINT('',#1029);
#1029 = CARTESIAN_POINT('',(-55.21314701122,-21.89365585291,
    367.06241996839));
#1030 = SURFACE_CURVE('',#1031,(#1036,#1065),.PCURVE_S1.);
#1031 = CIRCLE('',#1032,18.3379653);
#1032 = AXIS2_PLACEMENT_3D('',#1033,#1034,#1035);
#1033 = CARTESIAN_POINT('',(-55.2131470137,-4.240605665477,
    372.02737626859));
#1034 = DIRECTION('',(-0.164209114847,0.267072146817,-0.949582979521));
#1035 = DIRECTION('',(-1.387778780781E-17,0.962650429196,0.27074739365)
  );
#1036 = PCURVE('',#848,#1037);
#1037 = DEFINITIONAL_REPRESENTATION('',(#1038),#1064);
#1038 = B_SPLINE_CURVE_WITH_KNOTS('',3,(#1039,#1040,#1041,#1042,#1043,
    #1044,#1045,#1046,#1047,#1048,#1049,#1050,#1051,#1052,#1053,#1054,
    #1055,#1056,#1057,#1058,#1059,#1060,#1061,#1062,#1063),
  .UNSPECIFIED.,.F.,.F.,(4,1,1,1,1,1,1,1,1,1,1,1,1,1,1,1,1,1,1,1,1,1,4),
  (0.,0.285599332145,0.571198664289,0.856797996434,1.142397328578,
    1.427996660723,1.713595992867,1.999195325012,2.284794657156,
    2.570393989301,2.855993321445,3.14159265359,3.427191985734,
    3.712791317879,3.998390650023,4.283989982168,4.569589314312,
    4.855188646457,5.140787978601,5.426387310746,5.711986642891,
    5.997585975035,6.28318530718),.QUASI_UNIFORM_KNOTS.);
#1039 = CARTESIAN_POINT('',(3.14159265359,3.855223042085));
#1040 = CARTESIAN_POINT('',(3.046392876208,3.855223042085));
#1041 = CARTESIAN_POINT('',(2.855993321445,3.855223042085));
#1042 = CARTESIAN_POINT('',(2.570393989301,3.855223042085));
#1043 = CARTESIAN_POINT('',(2.284794657156,3.855223042085));
#1044 = CARTESIAN_POINT('',(1.999195325012,3.855223042085));
#1045 = CARTESIAN_POINT('',(1.713595992867,3.855223042085));
#1046 = CARTESIAN_POINT('',(1.427996660723,3.855223042085));
#1047 = CARTESIAN_POINT('',(1.142397328578,3.855223042085));
#1048 = CARTESIAN_POINT('',(0.856797996434,3.855223042085));
#1049 = CARTESIAN_POINT('',(0.571198664289,3.855223042085));
#1050 = CARTESIAN_POINT('',(0.285599332145,3.855223042085));
#1051 = CARTESIAN_POINT('',(-1.7763568394E-15,3.855223042085));
#1052 = CARTESIAN_POINT('',(-0.285599332145,3.855223042085));
#1053 = CARTESIAN_POINT('',(-0.571198664289,3.855223042085));
#1054 = CARTESIAN_POINT('',(-0.856797996434,3.855223042085));
#1055 = CARTESIAN_POINT('',(-1.142397328578,3.855223042085));
#1056 = CARTESIAN_POINT('',(-1.427996660723,3.855223042085));
#1057 = CARTESIAN_POINT('',(-1.713595992867,3.855223042085));
#1058 = CARTESIAN_POINT('',(-1.999195325012,3.855223042085));
#1059 = CARTESIAN_POINT('',(-2.284794657156,3.855223042085));
#1060 = CARTESIAN_POINT('',(-2.570393989301,3.855223042085));
#1061 = CARTESIAN_POINT('',(-2.855993321445,3.855223042085));
#1062 = CARTESIAN_POINT('',(-3.046392876208,3.855223042085));
#1063 = CARTESIAN_POINT('',(-3.14159265359,3.855223042085));
#1064 = ( GEOMETRIC_REPRESENTATION_CONTEXT(2) 
PARAMETRIC_REPRESENTATION_CONTEXT() REPRESENTATION_CONTEXT('2D SPACE',''
  ) );
#1065 = PCURVE('',#993,#1066);
#1066 = DEFINITIONAL_REPRESENTATION('',(#1067),#1093);
#1067 = B_SPLINE_CURVE_WITH_KNOTS('',3,(#1068,#1069,#1070,#1071,#1072,
    #1073,#1074,#1075,#1076,#1077,#1078,#1079,#1080,#1081,#1082,#1083,
    #1084,#1085,#1086,#1087,#1088,#1089,#1090,#1091,#1092),
  .UNSPECIFIED.,.F.,.F.,(4,1,1,1,1,1,1,1,1,1,1,1,1,1,1,1,1,1,1,1,1,1,4),
  (0.,0.142799666072,0.285599332145,0.428398998217,0.571198664289,
    0.713998330361,0.856797996434,0.999597662506,1.142397328578,
    1.28519699465,1.427996660723,1.570796326795,1.713595992867,
    1.856395658939,1.999195325012,2.141994991084,2.284794657156,
    2.427594323228,2.570393989301,2.713193655373,2.855993321445,
    2.998792987518,3.14159265359),.QUASI_UNIFORM_KNOTS.);
#1068 = CARTESIAN_POINT('',(-1.514994718144,-0.983880332058));
#1069 = CARTESIAN_POINT('',(-1.450403039889,-0.979573677819));
#1070 = CARTESIAN_POINT('',(-1.323318998609,-0.968484813281));
#1071 = CARTESIAN_POINT('',(-1.140040934313,-0.945451948227));
#1072 = CARTESIAN_POINT('',(-0.965526624143,-0.917007627625));
#1073 = CARTESIAN_POINT('',(-0.799911858619,-0.884276419477));
#1074 = CARTESIAN_POINT('',(-0.642779861938,-0.848348354751));
#1075 = CARTESIAN_POINT('',(-0.493297666632,-0.810248072246));
#1076 = CARTESIAN_POINT('',(-0.350460051986,-0.770906982586));
#1077 = CARTESIAN_POINT('',(-0.213222591506,-0.731161897207));
#1078 = CARTESIAN_POINT('',(-8.05888099762E-02,-0.691761489588));
#1079 = CARTESIAN_POINT('',(4.834622561074E-02,-0.653376814567));
#1080 = CARTESIAN_POINT('',(0.174376834225,-0.616611627397));
#1081 = CARTESIAN_POINT('',(0.298182376924,-0.582010899903));
#1082 = CARTESIAN_POINT('',(0.420330515259,-0.550066790928));
#1083 = CARTESIAN_POINT('',(0.541284261456,-0.521221992454));
#1084 = CARTESIAN_POINT('',(0.661410855198,-0.495870691676));
#1085 = CARTESIAN_POINT('',(0.780991697202,-0.474357554057));
#1086 = CARTESIAN_POINT('',(0.900233180331,-0.456975326449));
#1087 = CARTESIAN_POINT('',(1.019278562504,-0.443961397983));
#1088 = CARTESIAN_POINT('',(1.138220910506,-0.43549488327));
#1089 = CARTESIAN_POINT('',(1.257117544598,-0.431691255875));
#1090 = CARTESIAN_POINT('',(1.376004277975,-0.432608293101));
#1091 = CARTESIAN_POINT('',(1.455277974762,-0.436345551431));
#1092 = CARTESIAN_POINT('',(1.494924510575,-0.438994619519));
#1093 = ( GEOMETRIC_REPRESENTATION_CONTEXT(2) 
PARAMETRIC_REPRESENTATION_CONTEXT() REPRESENTATION_CONTEXT('2D SPACE',''
  ) );
#1094 = ORIENTED_EDGE('',*,*,#1095,.F.);
#1095 = EDGE_CURVE('',#810,#1028,#1096,.T.);
#1096 = SEAM_CURVE('',#1097,(#1105,#1112),.PCURVE_S1.);
#1097 = ( BOUNDED_CURVE() B_SPLINE_CURVE(6,(#1098,#1099,#1100,#1101,
#1102,#1103,#1104),.UNSPECIFIED.,.F.,.F.) B_SPLINE_CURVE_WITH_KNOTS((7,7
),(2.641650789939,3.855223042085),.PIECEWISE_BEZIER_KNOTS.) CURVE() 
GEOMETRIC_REPRESENTATION_ITEM() RATIONAL_B_SPLINE_CURVE((1.018604694402,
    1.006047485857,0.998763403853,0.996365933266,0.998763403853,
1.006047485857,1.018604694402)) REPRESENTATION_ITEM('') );
#1098 = CARTESIAN_POINT('',(-42.73094974164,-34.34667736463,
    441.45137802105));
#1099 = CARTESIAN_POINT('',(-44.70927335972,-24.7941719414,
    431.79290643595));
#1100 = CARTESIAN_POINT('',(-46.92169567596,-17.79272789239,
    419.95612116709));
#1101 = CARTESIAN_POINT('',(-49.22552159021,-13.85327522666,
    406.68776793921));
#1102 = CARTESIAN_POINT('',(-51.46998512522,-13.25506956751,
    392.85011524962));
#1103 = CARTESIAN_POINT('',(-53.50898106903,-16.01503257722,
    379.35012945318));
#1104 = CARTESIAN_POINT('',(-55.21314701122,-21.89365585291,
    367.06241996839));
#1105 = PCURVE('',#848,#1106);
#1106 = DEFINITIONAL_REPRESENTATION('',(#1107),#1111);
#1107 = LINE('',#1108,#1109);
#1108 = CARTESIAN_POINT('',(0.,0.));
#1109 = VECTOR('',#1110,1.);
#1110 = DIRECTION('',(0.,1.));
#1111 = ( GEOMETRIC_REPRESENTATION_CONTEXT(2) 
PARAMETRIC_REPRESENTATION_CONTEXT() REPRESENTATION_CONTEXT('2D SPACE',''
  ) );
#1112 = PCURVE('',#848,#1113);
#1113 = DEFINITIONAL_REPRESENTATION('',(#1114),#1118);
#1114 = LINE('',#1115,#1116);
#1115 = CARTESIAN_POINT('',(6.28318530718,0.));
#1116 = VECTOR('',#1117,1.);
#1117 = DIRECTION('',(0.,1.));
#1118 = ( GEOMETRIC_REPRESENTATION_CONTEXT(2) 
PARAMETRIC_REPRESENTATION_CONTEXT() REPRESENTATION_CONTEXT('2D SPACE',''
  ) );
#1119 = ORIENTED_EDGE('',*,*,#882,.T.);
#1120 = ORIENTED_EDGE('',*,*,#809,.T.);
#1121 = ORIENTED_EDGE('',*,*,#1095,.T.);
#1122 = ORIENTED_EDGE('',*,*,#1123,.T.);
#1123 = EDGE_CURVE('',#1028,#953,#1124,.T.);
#1124 = SURFACE_CURVE('',#1125,(#1130,#1159),.PCURVE_S1.);
#1125 = CIRCLE('',#1126,18.3379653);
#1126 = AXIS2_PLACEMENT_3D('',#1127,#1128,#1129);
#1127 = CARTESIAN_POINT('',(-55.2131470137,-4.240605665477,
    372.02737626859));
#1128 = DIRECTION('',(-0.164209114847,0.267072146817,-0.949582979521));
#1129 = DIRECTION('',(-1.387778780781E-17,0.962650429196,0.27074739365)
  );
#1130 = PCURVE('',#848,#1131);
#1131 = DEFINITIONAL_REPRESENTATION('',(#1132),#1158);
#1132 = B_SPLINE_CURVE_WITH_KNOTS('',3,(#1133,#1134,#1135,#1136,#1137,
    #1138,#1139,#1140,#1141,#1142,#1143,#1144,#1145,#1146,#1147,#1148,
    #1149,#1150,#1151,#1152,#1153,#1154,#1155,#1156,#1157),
  .UNSPECIFIED.,.F.,.F.,(4,1,1,1,1,1,1,1,1,1,1,1,1,1,1,1,1,1,1,1,1,1,4),
  (0.,0.285599332145,0.571198664289,0.856797996434,1.142397328578,
    1.427996660723,1.713595992867,1.999195325012,2.284794657156,
    2.570393989301,2.855993321445,3.14159265359,3.427191985734,
    3.712791317879,3.998390650023,4.283989982168,4.569589314312,
    4.855188646457,5.140787978601,5.426387310746,5.711986642891,
    5.997585975035,6.28318530718),.QUASI_UNIFORM_KNOTS.);
#1133 = CARTESIAN_POINT('',(9.424777960769,3.855223042085));
#1134 = CARTESIAN_POINT('',(9.329578183388,3.855223042085));
#1135 = CARTESIAN_POINT('',(9.139178628625,3.855223042085));
#1136 = CARTESIAN_POINT('',(8.85357929648,3.855223042085));
#1137 = CARTESIAN_POINT('',(8.567979964336,3.855223042085));
#1138 = CARTESIAN_POINT('',(8.282380632191,3.855223042085));
#1139 = CARTESIAN_POINT('',(7.996781300047,3.855223042085));
#1140 = CARTESIAN_POINT('',(7.711181967902,3.855223042085));
#1141 = CARTESIAN_POINT('',(7.425582635758,3.855223042085));
#1142 = CARTESIAN_POINT('',(7.139983303613,3.855223042085));
#1143 = CARTESIAN_POINT('',(6.854383971469,3.855223042085));
#1144 = CARTESIAN_POINT('',(6.568784639324,3.855223042085));
#1145 = CARTESIAN_POINT('',(6.28318530718,3.855223042085));
#1146 = CARTESIAN_POINT('',(5.997585975035,3.855223042085));
#1147 = CARTESIAN_POINT('',(5.711986642891,3.855223042085));
#1148 = CARTESIAN_POINT('',(5.426387310746,3.855223042085));
#1149 = CARTESIAN_POINT('',(5.140787978601,3.855223042085));
#1150 = CARTESIAN_POINT('',(4.855188646457,3.855223042085));
#1151 = CARTESIAN_POINT('',(4.569589314312,3.855223042085));
#1152 = CARTESIAN_POINT('',(4.283989982168,3.855223042085));
#1153 = CARTESIAN_POINT('',(3.998390650023,3.855223042085));
#1154 = CARTESIAN_POINT('',(3.712791317879,3.855223042085));
#1155 = CARTESIAN_POINT('',(3.427191985734,3.855223042085));
#1156 = CARTESIAN_POINT('',(3.236792430971,3.855223042085));
#1157 = CARTESIAN_POINT('',(3.14159265359,3.855223042085));
#1158 = ( GEOMETRIC_REPRESENTATION_CONTEXT(2) 
PARAMETRIC_REPRESENTATION_CONTEXT() REPRESENTATION_CONTEXT('2D SPACE',''
  ) );
#1159 = PCURVE('',#993,#1160);
#1160 = DEFINITIONAL_REPRESENTATION('',(#1161),#1187);
#1161 = B_SPLINE_CURVE_WITH_KNOTS('',3,(#1162,#1163,#1164,#1165,#1166,
    #1167,#1168,#1169,#1170,#1171,#1172,#1173,#1174,#1175,#1176,#1177,
    #1178,#1179,#1180,#1181,#1182,#1183,#1184,#1185,#1186),
  .UNSPECIFIED.,.F.,.F.,(4,1,1,1,1,1,1,1,1,1,1,1,1,1,1,1,1,1,1,1,1,1,4),
  (3.14159265359,3.284392319662,3.427191985734,3.569991651807,
    3.712791317879,3.855590983951,3.998390650023,4.141190316096,
    4.283989982168,4.42678964824,4.569589314312,4.712388980385,
    4.855188646457,4.997988312529,5.140787978601,5.283587644674,
    5.426387310746,5.569186976818,5.711986642891,5.854786308963,
    5.997585975035,6.140385641107,6.28318530718),.QUASI_UNIFORM_KNOTS.);
#1162 = CARTESIAN_POINT('',(1.494924510575,-0.438994619519));
#1163 = CARTESIAN_POINT('',(1.534575393237,-0.441633262349));
#1164 = CARTESIAN_POINT('',(1.613885825783,-0.44846995621));
#1165 = CARTESIAN_POINT('',(1.732995802192,-0.463196194096));
#1166 = CARTESIAN_POINT('',(1.852347870718,-0.482209396147));
#1167 = CARTESIAN_POINT('',(1.972111760754,-0.505245548407));
#1168 = CARTESIAN_POINT('',(2.09252060965,-0.531992733081));
#1169 = CARTESIAN_POINT('',(2.213888060181,-0.562086550315));
#1170 = CARTESIAN_POINT('',(2.336617225602,-0.595114108393));
#1171 = CARTESIAN_POINT('',(2.461210662406,-0.630613781007));
#1172 = CARTESIAN_POINT('',(2.588278572764,-0.668073512617));
#1173 = CARTESIAN_POINT('',(2.718544736247,-0.706926431061));
#1174 = CARTESIAN_POINT('',(2.852847406031,-0.746543868099));
#1175 = CARTESIAN_POINT('',(2.992130316554,-0.786226007522));
#1176 = CARTESIAN_POINT('',(3.137415504985,-0.82519122056));
#1177 = CARTESIAN_POINT('',(3.289745400538,-0.862566476195));
#1178 = CARTESIAN_POINT('',(3.45007778648,-0.897383322646));
#1179 = CARTESIAN_POINT('',(3.61911783933,-0.928587024234));
#1180 = CARTESIAN_POINT('',(3.797083491717,-0.955068773166));
#1181 = CARTESIAN_POINT('',(3.983435740281,-0.975733430518));
#1182 = CARTESIAN_POINT('',(4.176656184897,-0.989600923154));
#1183 = CARTESIAN_POINT('',(4.374223641381,-0.995952467073));
#1184 = CARTESIAN_POINT('',(4.57284451037,-0.994399660855));
#1185 = CARTESIAN_POINT('',(4.703706732507,-0.988236816016));
#1186 = CARTESIAN_POINT('',(4.768190589035,-0.983880332058));
#1187 = ( GEOMETRIC_REPRESENTATION_CONTEXT(2) 
PARAMETRIC_REPRESENTATION_CONTEXT() REPRESENTATION_CONTEXT('2D SPACE',''
  ) );
#1188 = ADVANCED_FACE('',(#1189),#993,.T.);
#1189 = FACE_BOUND('',#1190,.T.);
#1190 = EDGE_LOOP('',(#1191,#1220,#1221,#1222,#1223));
#1191 = ORIENTED_EDGE('',*,*,#1192,.F.);
#1192 = EDGE_CURVE('',#955,#1193,#1195,.T.);
#1193 = VERTEX_POINT('',#1194);
#1194 = CARTESIAN_POINT('',(-60.05587573126,0.,332.79612411798));
#1195 = SEAM_CURVE('',#1196,(#1206,#1213),.PCURVE_S1.);
#1196 = B_SPLINE_CURVE_WITH_KNOTS('',8,(#1197,#1198,#1199,#1200,#1201,
    #1202,#1203,#1204,#1205),.UNSPECIFIED.,.F.,.F.,(9,9),(
    -0.667799902573,1.570796326795),.PIECEWISE_BEZIER_KNOTS.);
#1197 = CARTESIAN_POINT('',(-37.47107977763,4.664963142563E-15,
    370.15196599038));
#1198 = CARTESIAN_POINT('',(-33.77678330117,5.694482415425E-15,
    364.45770457576));
#1199 = CARTESIAN_POINT('',(-31.90352981369,6.306540491307E-15,
    357.58196635301));
#1200 = CARTESIAN_POINT('',(-32.29194886301,6.378330139172E-15,
    350.2045186744));
#1201 = CARTESIAN_POINT('',(-35.07923610404,5.856632221332E-15,
    343.20075257762));
#1202 = CARTESIAN_POINT('',(-39.98598504647,4.789101912965E-15,
    337.47838204459));
#1203 = CARTESIAN_POINT('',(-46.33823851282,3.325004408717E-15,
    333.70658147876));
#1204 = CARTESIAN_POINT('',(-53.29709136174,1.662499225533E-15,
    332.17060564467));
#1205 = CARTESIAN_POINT('',(-60.05587573172,0.,332.79612411302));
#1206 = PCURVE('',#993,#1207);
#1207 = DEFINITIONAL_REPRESENTATION('',(#1208),#1212);
#1208 = LINE('',#1209,#1210);
#1209 = CARTESIAN_POINT('',(0.,0.));
#1210 = VECTOR('',#1211,1.);
#1211 = DIRECTION('',(0.,1.));
#1212 = ( GEOMETRIC_REPRESENTATION_CONTEXT(2) 
PARAMETRIC_REPRESENTATION_CONTEXT() REPRESENTATION_CONTEXT('2D SPACE',''
  ) );
#1213 = PCURVE('',#993,#1214);
#1214 = DEFINITIONAL_REPRESENTATION('',(#1215),#1219);
#1215 = LINE('',#1216,#1217);
#1216 = CARTESIAN_POINT('',(6.28318530718,0.));
#1217 = VECTOR('',#1218,1.);
#1218 = DIRECTION('',(0.,1.));
#1219 = ( GEOMETRIC_REPRESENTATION_CONTEXT(2) 
PARAMETRIC_REPRESENTATION_CONTEXT() REPRESENTATION_CONTEXT('2D SPACE',''
  ) );
#1220 = ORIENTED_EDGE('',*,*,#1027,.T.);
#1221 = ORIENTED_EDGE('',*,*,#1123,.T.);
#1222 = ORIENTED_EDGE('',*,*,#952,.T.);
#1223 = ORIENTED_EDGE('',*,*,#1192,.T.);
#1224 = ( GEOMETRIC_REPRESENTATION_CONTEXT(3) 
GLOBAL_UNCERTAINTY_ASSIGNED_CONTEXT((#1228)) 
GLOBAL_UNIT_ASSIGNED_CONTEXT((#1225,#1226,#1227)) REPRESENTATION_CONTEXT
('Context #1','3D Context with UNIT and UNCERTAINTY') );
#1225 = ( LENGTH_UNIT() NAMED_UNIT(*) SI_UNIT(.MILLI.,.METRE.) );
#1226 = ( NAMED_UNIT(*) PLANE_ANGLE_UNIT() SI_UNIT($,.RADIAN.) );
#1227 = ( NAMED_UNIT(*) SI_UNIT($,.STERADIAN.) SOLID_ANGLE_UNIT() );
#1228 = UNCERTAINTY_MEASURE_WITH_UNIT(LENGTH_MEASURE(1.E-03),#1225,
  'distance_accuracy_value','confusion accuracy');
#1229 = SHAPE_DEFINITION_REPRESENTATION(#1230,#767);
#1230 = PRODUCT_DEFINITION_SHAPE('','',#1231);
#1231 = PRODUCT_DEFINITION('design','',#1232,#1235);
#1232 = PRODUCT_DEFINITION_FORMATION('','',#1233);
#1233 = PRODUCT('Open CASCADE STEP translator 7.5 1.3',
  'Open CASCADE STEP translator 7.5 1.3','',(#1234));
#1234 = PRODUCT_CONTEXT('',#2,'mechanical');
#1235 = PRODUCT_DEFINITION_CONTEXT('part definition',#2,'design');
#1236 = CONTEXT_DEPENDENT_SHAPE_REPRESENTATION(#1237,#1239);
#1237 = ( REPRESENTATION_RELATIONSHIP('','',#767,#10) 
REPRESENTATION_RELATIONSHIP_WITH_TRANSFORMATION(#1238) 
SHAPE_REPRESENTATION_RELATIONSHIP() );
#1238 = ITEM_DEFINED_TRANSFORMATION('','',#11,#23);
#1239 = PRODUCT_DEFINITION_SHAPE('Placement','Placement of an item',
  #1240);
#1240 = NEXT_ASSEMBLY_USAGE_OCCURRENCE('3','','',#5,#1231,$);
#1241 = PRODUCT_RELATED_PRODUCT_CATEGORY('part',$,(#1233));
#1242 = ADVANCED_BREP_SHAPE_REPRESENTATION('',(#11,#1243),#4462);
#1243 = MANIFOLD_SOLID_BREP('',#1244);
#1244 = CLOSED_SHELL('',(#1245,#1442,#2627,#2631,#3225,#3257,#3311,#3367
    ,#3443,#3492,#3541,#3590,#3639,#3666,#3742,#3791,#3840,#3889,#3938,
    #3965,#4021,#4077,#4133,#4189,#4194,#4199,#4292,#4297,#4369,#4419,
    #4424,#4428,#4437,#4446,#4450,#4454,#4458));
#1245 = ADVANCED_FACE('',(#1246),#1260,.T.);
#1246 = FACE_BOUND('',#1247,.T.);
#1247 = EDGE_LOOP('',(#1248,#1278,#1305,#1306,#1406));
#1248 = ORIENTED_EDGE('',*,*,#1249,.T.);
#1249 = EDGE_CURVE('',#1250,#1252,#1254,.T.);
#1250 = VERTEX_POINT('',#1251);
#1251 = CARTESIAN_POINT('',(70.776630246889,67.669783929121,
    314.40613202279));
#1252 = VERTEX_POINT('',#1253);
#1253 = CARTESIAN_POINT('',(70.849891506702,67.739600498594,
    314.38161925649));
#1254 = SEAM_CURVE('',#1255,(#1259,#1271),.PCURVE_S1.);
#1255 = LINE('',#1256,#1257);
#1256 = CARTESIAN_POINT('',(70.737319391624,67.632321441244,
    314.41928519284));
#1257 = VECTOR('',#1258,1.);
#1258 = DIRECTION('',(0.703575719236,0.670494108436,-0.235412102184));
#1259 = PCURVE('',#1260,#1265);
#1260 = CYLINDRICAL_SURFACE('',#1261,0.16);
#1261 = AXIS2_PLACEMENT_3D('',#1262,#1263,#1264);
#1262 = CARTESIAN_POINT('',(70.847700642997,67.51649407252,
    314.41928519284));
#1263 = DIRECTION('',(0.703575719236,0.670494108436,-0.235412102184));
#1264 = DIRECTION('',(-0.689882821079,0.723921054522,1.387778780781E-17)
  );
#1265 = DEFINITIONAL_REPRESENTATION('',(#1266),#1270);
#1266 = LINE('',#1267,#1268);
#1267 = CARTESIAN_POINT('',(6.28318530718,-0.));
#1268 = VECTOR('',#1269,1.);
#1269 = DIRECTION('',(0.,1.));
#1270 = ( GEOMETRIC_REPRESENTATION_CONTEXT(2) 
PARAMETRIC_REPRESENTATION_CONTEXT() REPRESENTATION_CONTEXT('2D SPACE',''
  ) );
#1271 = PCURVE('',#1260,#1272);
#1272 = DEFINITIONAL_REPRESENTATION('',(#1273),#1277);
#1273 = LINE('',#1274,#1275);
#1274 = CARTESIAN_POINT('',(0.,-0.));
#1275 = VECTOR('',#1276,1.);
#1276 = DIRECTION('',(0.,1.));
#1277 = ( GEOMETRIC_REPRESENTATION_CONTEXT(2) 
PARAMETRIC_REPRESENTATION_CONTEXT() REPRESENTATION_CONTEXT('2D SPACE',''
  ) );
#1278 = ORIENTED_EDGE('',*,*,#1279,.F.);
#1279 = EDGE_CURVE('',#1252,#1252,#1280,.T.);
#1280 = SURFACE_CURVE('',#1281,(#1286,#1293),.PCURVE_S1.);
#1281 = CIRCLE('',#1282,0.16);
#1282 = AXIS2_PLACEMENT_3D('',#1283,#1284,#1285);
#1283 = CARTESIAN_POINT('',(70.960272758075,67.62377312987,
    314.38161925649));
#1284 = DIRECTION('',(0.703575719236,0.670494108436,-0.235412102184));
#1285 = DIRECTION('',(-0.689882821079,0.723921054522,0.));
#1286 = PCURVE('',#1260,#1287);
#1287 = DEFINITIONAL_REPRESENTATION('',(#1288),#1292);
#1288 = LINE('',#1289,#1290);
#1289 = CARTESIAN_POINT('',(0.,0.16));
#1290 = VECTOR('',#1291,1.);
#1291 = DIRECTION('',(1.,0.));
#1292 = ( GEOMETRIC_REPRESENTATION_CONTEXT(2) 
PARAMETRIC_REPRESENTATION_CONTEXT() REPRESENTATION_CONTEXT('2D SPACE',''
  ) );
#1293 = PCURVE('',#1294,#1299);
#1294 = PLANE('',#1295);
#1295 = AXIS2_PLACEMENT_3D('',#1296,#1297,#1298);
#1296 = CARTESIAN_POINT('',(70.960272758075,67.62377312987,
    314.38161925649));
#1297 = DIRECTION('',(0.703575719236,0.670494108436,-0.235412102184));
#1298 = DIRECTION('',(-0.689882821079,0.723921054522,1.387778780781E-17)
  );
#1299 = DEFINITIONAL_REPRESENTATION('',(#1300),#1304);
#1300 = CIRCLE('',#1301,0.16);
#1301 = AXIS2_PLACEMENT_2D('',#1302,#1303);
#1302 = CARTESIAN_POINT('',(0.,0.));
#1303 = DIRECTION('',(1.,0.));
#1304 = ( GEOMETRIC_REPRESENTATION_CONTEXT(2) 
PARAMETRIC_REPRESENTATION_CONTEXT() REPRESENTATION_CONTEXT('2D SPACE',''
  ) );
#1305 = ORIENTED_EDGE('',*,*,#1249,.F.);
#1306 = ORIENTED_EDGE('',*,*,#1307,.F.);
#1307 = EDGE_CURVE('',#1308,#1250,#1310,.T.);
#1308 = VERTEX_POINT('',#1309);
#1309 = CARTESIAN_POINT('',(70.859353384314,67.528472376727,
    314.25061485584));
#1310 = SURFACE_CURVE('',#1311,(#1335,#1362),.PCURVE_S1.);
#1311 = B_SPLINE_CURVE_WITH_KNOTS('',8,(#1312,#1313,#1314,#1315,#1316,
    #1317,#1318,#1319,#1320,#1321,#1322,#1323,#1324,#1325,#1326,#1327,
    #1328,#1329,#1330,#1331,#1332,#1333,#1334),.UNSPECIFIED.,.F.,.F.,(9,
    7,7,9),(0.,7.287955083696E-02,0.545279907859,1.),.UNSPECIFIED.);
#1312 = CARTESIAN_POINT('',(70.859353384314,67.528472376727,
    314.25061485584));
#1313 = CARTESIAN_POINT('',(70.864089628925,67.523493213114,
    314.2505884557));
#1314 = CARTESIAN_POINT('',(70.868884161583,67.518567613937,
    314.25088997007));
#1315 = CARTESIAN_POINT('',(70.873723517185,67.513709725818,
    314.25151944743));
#1316 = CARTESIAN_POINT('',(70.878594160147,67.508933329067,
    314.25247566533));
#1317 = CARTESIAN_POINT('',(70.883482484409,67.504251837683,
    314.25375613038));
#1318 = CARTESIAN_POINT('',(70.888374813432,67.499678299351,
    314.25535707832));
#1319 = CARTESIAN_POINT('',(70.893257400198,67.495225395446,
    314.2572734739));
#1320 = CARTESIAN_POINT('',(70.929612314182,67.46290378646,
    314.27392479321));
#1321 = CARTESIAN_POINT('',(70.960161188044,67.440449464707,
    314.30135759517));
#1322 = CARTESIAN_POINT('',(70.985983032612,67.426930752594,
    314.34012779565));
#1323 = CARTESIAN_POINT('',(71.003478693836,67.424743214617,
    314.38625497957));
#1324 = CARTESIAN_POINT('',(71.010322831537,67.434400203381,
    314.43419757894));
#1325 = CARTESIAN_POINT('',(71.005902322769,67.454486877058,
    314.4781201221));
#1326 = CARTESIAN_POINT('',(70.991543122991,67.481907091291,
    314.51321337098));
#1327 = CARTESIAN_POINT('',(70.949002430252,67.542787558481,
    314.55933458088));
#1328 = CARTESIAN_POINT('',(70.92131643699,67.576043260641,
    314.57125930953));
#1329 = CARTESIAN_POINT('',(70.889094858394,67.609391973839,
    314.56994066601));
#1330 = CARTESIAN_POINT('',(70.855730775088,67.638987273308,
    314.55458363793));
#1331 = CARTESIAN_POINT('',(70.825007515802,67.661384542788,
    314.52666026733));
#1332 = CARTESIAN_POINT('',(70.80032092254,67.674219840647,
    314.4895257522));
#1333 = CARTESIAN_POINT('',(70.783937735397,67.676747824915,
    314.44780624383));
#1334 = CARTESIAN_POINT('',(70.776630246889,67.669783929121,
    314.40613202279));
#1335 = PCURVE('',#1260,#1336);
#1336 = DEFINITIONAL_REPRESENTATION('',(#1337),#1361);
#1337 = B_SPLINE_CURVE_WITH_KNOTS('',8,(#1338,#1339,#1340,#1341,#1342,
    #1343,#1344,#1345,#1346,#1347,#1348,#1349,#1350,#1351,#1352,#1353,
    #1354,#1355,#1356,#1357,#1358,#1359,#1360),.UNSPECIFIED.,.F.,.F.,(9,
    7,7,9),(0.,7.287955083696E-02,0.545279907859,1.),.UNSPECIFIED.);
#1338 = CARTESIAN_POINT('',(4.716340994169,5.593700686347E-02));
#1339 = CARTESIAN_POINT('',(4.673390813971,5.593702861587E-02));
#1340 = CARTESIAN_POINT('',(4.630440631518,5.593678001752E-02));
#1341 = CARTESIAN_POINT('',(4.587490435217,5.593626116382E-02));
#1342 = CARTESIAN_POINT('',(4.544540215919,5.593547614364E-02));
#1343 = CARTESIAN_POINT('',(4.501589966924,5.593443303927E-02));
#1344 = CARTESIAN_POINT('',(4.458639683974,5.593314392647E-02));
#1345 = CARTESIAN_POINT('',(4.415689365262,5.593162487442E-02));
#1346 = CARTESIAN_POINT('',(4.094337700565,5.591868914636E-02));
#1347 = CARTESIAN_POINT('',(3.81558637171,5.589863102282E-02));
#1348 = CARTESIAN_POINT('',(3.53702498221,5.587506266434E-02));
#1349 = CARTESIAN_POINT('',(3.258688846356,5.585895643333E-02));
#1350 = CARTESIAN_POINT('',(2.980356312672,5.586301150763E-02));
#1351 = CARTESIAN_POINT('',(2.70180756344,5.588094701256E-02));
#1352 = CARTESIAN_POINT('',(2.42308618247,5.590187930527E-02));
#1353 = CARTESIAN_POINT('',(1.876673634839,5.593378440663E-02));
#1354 = CARTESIAN_POINT('',(1.608416585681,5.594511871489E-02));
#1355 = CARTESIAN_POINT('',(1.340315090647,5.594533874568E-02));
#1356 = CARTESIAN_POINT('',(1.072389576431,5.592988403152E-02));
#1357 = CARTESIAN_POINT('',(0.804447363018,5.59044813879E-02));
#1358 = CARTESIAN_POINT('',(0.536301529758,5.588349964162E-02));
#1359 = CARTESIAN_POINT('',(0.267995738979,5.587296268928E-02));
#1360 = CARTESIAN_POINT('',(0.,5.587295608642E-02));
#1361 = ( GEOMETRIC_REPRESENTATION_CONTEXT(2) 
PARAMETRIC_REPRESENTATION_CONTEXT() REPRESENTATION_CONTEXT('2D SPACE',''
  ) );
#1362 = PCURVE('',#1363,#1380);
#1363 = ( BOUNDED_SURFACE() B_SPLINE_SURFACE(3,3,(
    (#1364,#1365,#1366,#1367)
    ,(#1368,#1369,#1370,#1371)
    ,(#1372,#1373,#1374,#1375)
    ,(#1376,#1377,#1378,#1379
)),.UNSPECIFIED.,.F.,.F.,.F.) B_SPLINE_SURFACE_WITH_KNOTS((4,4),(4,4),(
    0.,3.14159265359),(-0.284931287991,0.315970153983),
.PIECEWISE_BEZIER_KNOTS.) GEOMETRIC_REPRESENTATION_ITEM() 
RATIONAL_B_SPLINE_SURFACE((
    (1.,0.333333333333,0.333333333333,1.)
    ,(0.970135463289,0.323378487763,0.323378487763,0.970135463289)
    ,(0.970135463289,0.323378487763,0.323378487763,0.970135463289)
,(1.,0.333333333333,0.333333333333,1.
))) REPRESENTATION_ITEM('') SURFACE() );
#1364 = CARTESIAN_POINT('',(93.572500450992,0.,425.38395409574));
#1365 = CARTESIAN_POINT('',(93.572500450992,187.14500090198,
    425.38395409574));
#1366 = CARTESIAN_POINT('',(-93.57250045099,187.14500090198,
    425.38395409574));
#1367 = CARTESIAN_POINT('',(-93.57250045099,1.145932631655E-14,
    425.38395409574));
#1368 = CARTESIAN_POINT('',(106.4139763169,0.,386.10412987575));
#1369 = CARTESIAN_POINT('',(106.4139763169,212.8279526338,
    386.10412987575));
#1370 = CARTESIAN_POINT('',(-106.4139763169,212.8279526338,
    386.10412987575));
#1371 = CARTESIAN_POINT('',(-106.4139763169,1.30319535481E-14,
    386.10412987575));
#1372 = CARTESIAN_POINT('',(107.05530099263,0.,344.78347165461));
#1373 = CARTESIAN_POINT('',(107.05530099263,214.11060198527,
    344.78347165461));
#1374 = CARTESIAN_POINT('',(-107.0553009926,214.11060198527,
    344.78347165461));
#1375 = CARTESIAN_POINT('',(-107.0553009926,1.311049316924E-14,
    344.78347165461));
#1376 = CARTESIAN_POINT('',(95.439015885234,0.,305.12404637548));
#1377 = CARTESIAN_POINT('',(95.439015885234,190.87803177046,
    305.12404637548));
#1378 = CARTESIAN_POINT('',(-95.43901588523,190.87803177046,
    305.12404637548));
#1379 = CARTESIAN_POINT('',(-95.43901588523,1.168790853176E-14,
    305.12404637548));
#1380 = DEFINITIONAL_REPRESENTATION('',(#1381),#1405);
#1381 = B_SPLINE_CURVE_WITH_KNOTS('',8,(#1382,#1383,#1384,#1385,#1386,
    #1387,#1388,#1389,#1390,#1391,#1392,#1393,#1394,#1395,#1396,#1397,
    #1398,#1399,#1400,#1401,#1402,#1403,#1404),.UNSPECIFIED.,.F.,.F.,(9,
    7,7,9),(0.,7.287955083696E-02,0.545279907859,1.),.UNSPECIFIED.);
#1382 = CARTESIAN_POINT('',(2.895602345047,-0.113188107647));
#1383 = CARTESIAN_POINT('',(2.895603050111,-0.113200589768));
#1384 = CARTESIAN_POINT('',(2.895594997608,-0.11321307493));
#1385 = CARTESIAN_POINT('',(2.895578186245,-0.113225527614));
#1386 = CARTESIAN_POINT('',(2.895552648697,-0.113237912693));
#1387 = CARTESIAN_POINT('',(2.895518451612,-0.113250195428));
#1388 = CARTESIAN_POINT('',(2.895475695608,-0.113262341469));
#1389 = CARTESIAN_POINT('',(2.895424515272,-0.113274316855));
#1390 = CARTESIAN_POINT('',(2.894979818282,-0.113362387886));
#1391 = CARTESIAN_POINT('',(2.894247198434,-0.113430211636));
#1392 = CARTESIAN_POINT('',(2.893211847425,-0.113480351018));
#1393 = CARTESIAN_POINT('',(2.891980142449,-0.113505127192));
#1394 = CARTESIAN_POINT('',(2.890700157854,-0.11350095211));
#1395 = CARTESIAN_POINT('',(2.88952763555,-0.113468955064));
#1396 = CARTESIAN_POINT('',(2.888590875393,-0.11341488853));
#1397 = CARTESIAN_POINT('',(2.887359782144,-0.113281553879));
#1398 = CARTESIAN_POINT('',(2.8870415096,-0.113203173397));
#1399 = CARTESIAN_POINT('',(2.887076718188,-0.113119018243));
#1400 = CARTESIAN_POINT('',(2.887486591239,-0.113038386462));
#1401 = CARTESIAN_POINT('',(2.888231880305,-0.112970512904));
#1402 = CARTESIAN_POINT('',(2.889223139791,-0.112922735689));
#1403 = CARTESIAN_POINT('',(2.89033691275,-0.112898877878));
#1404 = CARTESIAN_POINT('',(2.891449575865,-0.112898847951));
#1405 = ( GEOMETRIC_REPRESENTATION_CONTEXT(2) 
PARAMETRIC_REPRESENTATION_CONTEXT() REPRESENTATION_CONTEXT('2D SPACE',''
  ) );
#1406 = ORIENTED_EDGE('',*,*,#1407,.F.);
#1407 = EDGE_CURVE('',#1250,#1308,#1408,.T.);
#1408 = SURFACE_CURVE('',#1409,(#1418,#1430),.PCURVE_S1.);
#1409 = B_SPLINE_CURVE_WITH_KNOTS('',7,(#1410,#1411,#1412,#1413,#1414,
    #1415,#1416,#1417),.UNSPECIFIED.,.F.,.F.,(8,8),(0.,1.),
  .PIECEWISE_BEZIER_KNOTS.);
#1410 = CARTESIAN_POINT('',(70.776630246889,67.669783929121,
    314.40613202279));
#1411 = CARTESIAN_POINT('',(70.770527613604,67.663968237147,
    314.37132902746));
#1412 = CARTESIAN_POINT('',(70.770878456881,67.65138675063,
    314.33651157442));
#1413 = CARTESIAN_POINT('',(70.778195123197,67.632509236725,
    314.30454888995));
#1414 = CARTESIAN_POINT('',(70.792165301654,67.608660179616,
    314.27829531931));
#1415 = CARTESIAN_POINT('',(70.811598451669,67.581859859147,
    314.259979278));
#1416 = CARTESIAN_POINT('',(70.834673017848,67.554418583644,
    314.25075242581));
#1417 = CARTESIAN_POINT('',(70.859353384314,67.528472376727,
    314.25061485584));
#1418 = PCURVE('',#1260,#1419);
#1419 = DEFINITIONAL_REPRESENTATION('',(#1420),#1429);
#1420 = B_SPLINE_CURVE_WITH_KNOTS('',7,(#1421,#1422,#1423,#1424,#1425,
    #1426,#1427,#1428),.UNSPECIFIED.,.F.,.F.,(8,8),(0.,1.),
  .PIECEWISE_BEZIER_KNOTS.);
#1421 = CARTESIAN_POINT('',(6.28318530718,5.587295608642E-02));
#1422 = CARTESIAN_POINT('',(6.059376577982,5.587295057223E-02));
#1423 = CARTESIAN_POINT('',(5.835486658818,5.588043261134E-02));
#1424 = CARTESIAN_POINT('',(5.611653372723,5.589540226392E-02));
#1425 = CARTESIAN_POINT('',(5.3878615607,5.59142365903E-02));
#1426 = CARTESIAN_POINT('',(5.164035293442,5.592928989913E-02));
#1427 = CARTESIAN_POINT('',(4.940152531424,5.593689351267E-02));
#1428 = CARTESIAN_POINT('',(4.716340994169,5.593700686347E-02));
#1429 = ( GEOMETRIC_REPRESENTATION_CONTEXT(2) 
PARAMETRIC_REPRESENTATION_CONTEXT() REPRESENTATION_CONTEXT('2D SPACE',''
  ) );
#1430 = PCURVE('',#1363,#1431);
#1431 = DEFINITIONAL_REPRESENTATION('',(#1432),#1441);
#1432 = B_SPLINE_CURVE_WITH_KNOTS('',7,(#1433,#1434,#1435,#1436,#1437,
    #1438,#1439,#1440),.UNSPECIFIED.,.F.,.F.,(8,8),(0.,1.),
  .PIECEWISE_BEZIER_KNOTS.);
#1433 = CARTESIAN_POINT('',(2.891449575865,-0.112898847951));
#1434 = CARTESIAN_POINT('',(2.892378783616,-0.112898822959));
#1435 = CARTESIAN_POINT('',(2.893308447976,-0.112915762845));
#1436 = CARTESIAN_POINT('',(2.894161963317,-0.112949699943));
#1437 = CARTESIAN_POINT('',(2.894863087209,-0.112998516662));
#1438 = CARTESIAN_POINT('',(2.895352250751,-0.113058078369));
#1439 = CARTESIAN_POINT('',(2.895598670985,-0.113123063853));
#1440 = CARTESIAN_POINT('',(2.895602345047,-0.113188107647));
#1441 = ( GEOMETRIC_REPRESENTATION_CONTEXT(2) 
PARAMETRIC_REPRESENTATION_CONTEXT() REPRESENTATION_CONTEXT('2D SPACE',''
  ) );
#1442 = ADVANCED_FACE('',(#1443,#1688,#1807,#1959,#2111,#2115,#2243,
    #2371,#2499),#1363,.T.);
#1443 = FACE_BOUND('',#1444,.T.);
#1444 = EDGE_LOOP('',(#1445,#1498,#1571,#1617));
#1445 = ORIENTED_EDGE('',*,*,#1446,.T.);
#1446 = EDGE_CURVE('',#1447,#1449,#1451,.T.);
#1447 = VERTEX_POINT('',#1448);
#1448 = CARTESIAN_POINT('',(-95.43901588523,1.168790853176E-14,
    305.12404637548));
#1449 = VERTEX_POINT('',#1450);
#1450 = CARTESIAN_POINT('',(-93.57250045099,1.145932631655E-14,
    425.38395409574));
#1451 = SURFACE_CURVE('',#1452,(#1457,#1486),.PCURVE_S1.);
#1452 = CIRCLE('',#1453,203.2);
#1453 = AXIS2_PLACEMENT_3D('',#1454,#1455,#1456);
#1454 = CARTESIAN_POINT('',(99.568157073557,-1.219358248571E-14,
    362.24184127882));
#1455 = DIRECTION('',(1.224646799147E-16,1.,0.));
#1456 = DIRECTION('',(-1.,1.224646799147E-16,0.));
#1457 = PCURVE('',#1363,#1458);
#1458 = DEFINITIONAL_REPRESENTATION('',(#1459),#1485);
#1459 = B_SPLINE_CURVE_WITH_KNOTS('',3,(#1460,#1461,#1462,#1463,#1464,
    #1465,#1466,#1467,#1468,#1469,#1470,#1471,#1472,#1473,#1474,#1475,
    #1476,#1477,#1478,#1479,#1480,#1481,#1482,#1483,#1484),
  .UNSPECIFIED.,.F.,.F.,(4,1,1,1,1,1,1,1,1,1,1,1,1,1,1,1,1,1,1,1,1,1,4),
  (5.998254019189,6.025567721097,6.052881423005,6.080195124913,
    6.107508826821,6.134822528729,6.162136230636,6.189449932544,
    6.216763634452,6.24407733636,6.271391038268,6.298704740176,
    6.326018442084,6.353332143992,6.3806458459,6.407959547808,
    6.435273249715,6.462586951623,6.489900653531,6.517214355439,
    6.544528057347,6.571841759255,6.599155461163),
  .QUASI_UNIFORM_KNOTS.);
#1460 = CARTESIAN_POINT('',(3.14159265359,0.315970153983));
#1461 = CARTESIAN_POINT('',(3.093269072734,0.315970153983));
#1462 = CARTESIAN_POINT('',(2.996821438361,0.315970153983));
#1463 = CARTESIAN_POINT('',(2.852692120604,0.315970153983));
#1464 = CARTESIAN_POINT('',(2.709048190227,0.315970153983));
#1465 = CARTESIAN_POINT('',(2.565833944533,0.315970153983));
#1466 = CARTESIAN_POINT('',(2.422994252462,0.315970153983));
#1467 = CARTESIAN_POINT('',(2.280474571336,0.315970153983));
#1468 = CARTESIAN_POINT('',(2.138220835024,0.315970153983));
#1469 = CARTESIAN_POINT('',(1.996179378602,0.315970153983));
#1470 = CARTESIAN_POINT('',(1.854296854923,0.315970153983));
#1471 = CARTESIAN_POINT('',(1.712520154722,0.315970153983));
#1472 = CARTESIAN_POINT('',(1.570796326795,0.315970153983));
#1473 = CARTESIAN_POINT('',(1.429072498868,0.315970153983));
#1474 = CARTESIAN_POINT('',(1.287295798666,0.315970153983));
#1475 = CARTESIAN_POINT('',(1.145413274988,0.315970153983));
#1476 = CARTESIAN_POINT('',(1.003371818566,0.315970153983));
#1477 = CARTESIAN_POINT('',(0.861118082254,0.315970153983));
#1478 = CARTESIAN_POINT('',(0.718598401128,0.315970153983));
#1479 = CARTESIAN_POINT('',(0.575758709056,0.315970153983));
#1480 = CARTESIAN_POINT('',(0.432544463363,0.315970153983));
#1481 = CARTESIAN_POINT('',(0.288900532986,0.315970153983));
#1482 = CARTESIAN_POINT('',(0.144771215229,0.315970153983));
#1483 = CARTESIAN_POINT('',(4.832358085619E-02,0.315970153983));
#1484 = CARTESIAN_POINT('',(0.,0.315970153983));
#1485 = ( GEOMETRIC_REPRESENTATION_CONTEXT(2) 
PARAMETRIC_REPRESENTATION_CONTEXT() REPRESENTATION_CONTEXT('2D SPACE',''
  ) );
#1486 = PCURVE('',#1487,#1492);
#1487 = PLANE('',#1488);
#1488 = AXIS2_PLACEMENT_3D('',#1489,#1490,#1491);
#1489 = CARTESIAN_POINT('',(-56.56791595214,6.927571720523E-15,
    268.11443648288));
#1490 = DIRECTION('',(1.224646799147E-16,1.,0.));
#1491 = DIRECTION('',(-1.,1.224646799147E-16,0.));
#1492 = DEFINITIONAL_REPRESENTATION('',(#1493),#1497);
#1493 = CIRCLE('',#1494,203.2);
#1494 = AXIS2_PLACEMENT_2D('',#1495,#1496);
#1495 = CARTESIAN_POINT('',(-156.1360730257,94.127404795935));
#1496 = DIRECTION('',(1.,0.));
#1497 = ( GEOMETRIC_REPRESENTATION_CONTEXT(2) 
PARAMETRIC_REPRESENTATION_CONTEXT() REPRESENTATION_CONTEXT('2D SPACE',''
  ) );
#1498 = ORIENTED_EDGE('',*,*,#1499,.F.);
#1499 = EDGE_CURVE('',#1500,#1449,#1502,.T.);
#1500 = VERTEX_POINT('',#1501);
#1501 = CARTESIAN_POINT('',(93.572500450993,0.,425.38395409574));
#1502 = SURFACE_CURVE('',#1503,(#1508,#1537),.PCURVE_S1.);
#1503 = CIRCLE('',#1504,93.5725005);
#1504 = AXIS2_PLACEMENT_3D('',#1505,#1506,#1507);
#1505 = CARTESIAN_POINT('',(0.,0.,425.38395409574));
#1506 = DIRECTION('',(0.,0.,1.));
#1507 = DIRECTION('',(1.,0.,-0.));
#1508 = PCURVE('',#1363,#1509);
#1509 = DEFINITIONAL_REPRESENTATION('',(#1510),#1536);
#1510 = B_SPLINE_CURVE_WITH_KNOTS('',3,(#1511,#1512,#1513,#1514,#1515,
    #1516,#1517,#1518,#1519,#1520,#1521,#1522,#1523,#1524,#1525,#1526,
    #1527,#1528,#1529,#1530,#1531,#1532,#1533,#1534,#1535),
  .UNSPECIFIED.,.F.,.F.,(4,1,1,1,1,1,1,1,1,1,1,1,1,1,1,1,1,1,1,1,1,1,4),
  (0.,0.142799666072,0.285599332145,0.428398998217,0.571198664289,
    0.713998330361,0.856797996434,0.999597662506,1.142397328578,
    1.28519699465,1.427996660723,1.570796326795,1.713595992867,
    1.856395658939,1.999195325012,2.141994991084,2.284794657156,
    2.427594323228,2.570393989301,2.713193655373,2.855993321445,
    2.998792987518,3.14159265359),.QUASI_UNIFORM_KNOTS.);
#1511 = CARTESIAN_POINT('',(0.,-0.284931287991));
#1512 = CARTESIAN_POINT('',(0.,-0.270661466634));
#1513 = CARTESIAN_POINT('',(0.,-0.244039154052));
#1514 = CARTESIAN_POINT('',(0.,-0.208806353217));
#1515 = CARTESIAN_POINT('',(0.,-0.177106390047));
#1516 = CARTESIAN_POINT('',(0.,-0.148179212257));
#1517 = CARTESIAN_POINT('',(0.,-0.12141119769));
#1518 = CARTESIAN_POINT('',(0.,-9.632687949708E-02));
#1519 = CARTESIAN_POINT('',(0.,-7.253863716352E-02));
#1520 = CARTESIAN_POINT('',(0.,-4.972372289588E-02));
#1521 = CARTESIAN_POINT('',(0.,-2.76041955804E-02));
#1522 = CARTESIAN_POINT('',(0.,-5.932649362725E-03));
#1523 = CARTESIAN_POINT('',(0.,1.551943299635E-02));
#1524 = CARTESIAN_POINT('',(0.,3.697151535542E-02));
#1525 = CARTESIAN_POINT('',(0.,5.864306157311E-02));
#1526 = CARTESIAN_POINT('',(0.,8.076258888858E-02));
#1527 = CARTESIAN_POINT('',(0.,0.103577503156));
#1528 = CARTESIAN_POINT('',(0.,0.12736574549));
#1529 = CARTESIAN_POINT('',(0.,0.152450063683));
#1530 = CARTESIAN_POINT('',(0.,0.17921807825));
#1531 = CARTESIAN_POINT('',(0.,0.20814525604));
#1532 = CARTESIAN_POINT('',(0.,0.23984521921));
#1533 = CARTESIAN_POINT('',(0.,0.275078020044));
#1534 = CARTESIAN_POINT('',(-0.,0.301700332627));
#1535 = CARTESIAN_POINT('',(0.,0.315970153983));
#1536 = ( GEOMETRIC_REPRESENTATION_CONTEXT(2) 
PARAMETRIC_REPRESENTATION_CONTEXT() REPRESENTATION_CONTEXT('2D SPACE',''
  ) );
#1537 = PCURVE('',#1538,#1543);
#1538 = CONICAL_SURFACE('',#1539,113.1358319,0.315970154);
#1539 = AXIS2_PLACEMENT_3D('',#1540,#1541,#1542);
#1540 = CARTESIAN_POINT('',(0.,0.,365.54315163135));
#1541 = DIRECTION('',(-0.,0.,-1.));
#1542 = DIRECTION('',(-1.,0.,0.));
#1543 = DEFINITIONAL_REPRESENTATION('',(#1544),#1570);
#1544 = B_SPLINE_CURVE_WITH_KNOTS('',3,(#1545,#1546,#1547,#1548,#1549,
    #1550,#1551,#1552,#1553,#1554,#1555,#1556,#1557,#1558,#1559,#1560,
    #1561,#1562,#1563,#1564,#1565,#1566,#1567,#1568,#1569),
  .UNSPECIFIED.,.F.,.F.,(4,1,1,1,1,1,1,1,1,1,1,1,1,1,1,1,1,1,1,1,1,1,4),
  (0.,0.142799666072,0.285599332145,0.428398998217,0.571198664289,
    0.713998330361,0.856797996434,0.999597662506,1.142397328578,
    1.28519699465,1.427996660723,1.570796326795,1.713595992867,
    1.856395658939,1.999195325012,2.141994991084,2.284794657156,
    2.427594323228,2.570393989301,2.713193655373,2.855993321445,
    2.998792987518,3.14159265359),.QUASI_UNIFORM_KNOTS.);
#1545 = CARTESIAN_POINT('',(3.14159265359,-59.84080244831));
#1546 = CARTESIAN_POINT('',(3.093992764899,-59.84080244831));
#1547 = CARTESIAN_POINT('',(2.998792987518,-59.84080244831));
#1548 = CARTESIAN_POINT('',(2.855993321445,-59.84080244831));
#1549 = CARTESIAN_POINT('',(2.713193655373,-59.84080244831));
#1550 = CARTESIAN_POINT('',(2.570393989301,-59.84080244831));
#1551 = CARTESIAN_POINT('',(2.427594323228,-59.84080244831));
#1552 = CARTESIAN_POINT('',(2.284794657156,-59.84080244831));
#1553 = CARTESIAN_POINT('',(2.141994991084,-59.84080244831));
#1554 = CARTESIAN_POINT('',(1.999195325012,-59.84080244831));
#1555 = CARTESIAN_POINT('',(1.856395658939,-59.84080244831));
#1556 = CARTESIAN_POINT('',(1.713595992867,-59.84080244831));
#1557 = CARTESIAN_POINT('',(1.570796326795,-59.84080244831));
#1558 = CARTESIAN_POINT('',(1.427996660723,-59.84080244831));
#1559 = CARTESIAN_POINT('',(1.28519699465,-59.84080244831));
#1560 = CARTESIAN_POINT('',(1.142397328578,-59.84080244831));
#1561 = CARTESIAN_POINT('',(0.999597662506,-59.84080244831));
#1562 = CARTESIAN_POINT('',(0.856797996434,-59.84080244831));
#1563 = CARTESIAN_POINT('',(0.713998330361,-59.84080244831));
#1564 = CARTESIAN_POINT('',(0.571198664289,-59.84080244831));
#1565 = CARTESIAN_POINT('',(0.428398998217,-59.84080244831));
#1566 = CARTESIAN_POINT('',(0.285599332145,-59.84080244831));
#1567 = CARTESIAN_POINT('',(0.142799666072,-59.84080244831));
#1568 = CARTESIAN_POINT('',(4.759988869075E-02,-59.84080244831));
#1569 = CARTESIAN_POINT('',(0.,-59.84080244831));
#1570 = ( GEOMETRIC_REPRESENTATION_CONTEXT(2) 
PARAMETRIC_REPRESENTATION_CONTEXT() REPRESENTATION_CONTEXT('2D SPACE',''
  ) );
#1571 = ORIENTED_EDGE('',*,*,#1572,.T.);
#1572 = EDGE_CURVE('',#1500,#1573,#1575,.T.);
#1573 = VERTEX_POINT('',#1574);
#1574 = CARTESIAN_POINT('',(95.439015885234,0.,305.12404637548));
#1575 = SURFACE_CURVE('',#1576,(#1581,#1610),.PCURVE_S1.);
#1576 = CIRCLE('',#1577,203.2);
#1577 = AXIS2_PLACEMENT_3D('',#1578,#1579,#1580);
#1578 = CARTESIAN_POINT('',(-99.56815707355,1.219358248571E-14,
    362.24184127882));
#1579 = DIRECTION('',(1.224646799147E-16,1.,0.));
#1580 = DIRECTION('',(-1.,1.224646799147E-16,0.));
#1581 = PCURVE('',#1363,#1582);
#1582 = DEFINITIONAL_REPRESENTATION('',(#1583),#1609);
#1583 = B_SPLINE_CURVE_WITH_KNOTS('',3,(#1584,#1585,#1586,#1587,#1588,
    #1589,#1590,#1591,#1592,#1593,#1594,#1595,#1596,#1597,#1598,#1599,
    #1600,#1601,#1602,#1603,#1604,#1605,#1606,#1607,#1608),
  .UNSPECIFIED.,.F.,.F.,(4,1,1,1,1,1,1,1,1,1,1,1,1,1,1,1,1,1,1,1,1,1,4),
  (2.825622499607,2.852936201514,2.880249903422,2.90756360533,
    2.934877307238,2.962191009146,2.989504711054,3.016818412962,
    3.04413211487,3.071445816778,3.098759518686,3.126073220593,
    3.153386922501,3.180700624409,3.208014326317,3.235328028225,
    3.262641730133,3.289955432041,3.317269133949,3.344582835857,
    3.371896537765,3.399210239672,3.42652394158),.QUASI_UNIFORM_KNOTS.);
#1584 = CARTESIAN_POINT('',(0.,-0.284931287991));
#1585 = CARTESIAN_POINT('',(4.832358085619E-02,-0.284931287991));
#1586 = CARTESIAN_POINT('',(0.144771215229,-0.284931287991));
#1587 = CARTESIAN_POINT('',(0.288900532986,-0.284931287991));
#1588 = CARTESIAN_POINT('',(0.432544463363,-0.284931287991));
#1589 = CARTESIAN_POINT('',(0.575758709056,-0.284931287991));
#1590 = CARTESIAN_POINT('',(0.718598401128,-0.284931287991));
#1591 = CARTESIAN_POINT('',(0.861118082254,-0.284931287991));
#1592 = CARTESIAN_POINT('',(1.003371818566,-0.284931287991));
#1593 = CARTESIAN_POINT('',(1.145413274988,-0.284931287991));
#1594 = CARTESIAN_POINT('',(1.287295798666,-0.284931287991));
#1595 = CARTESIAN_POINT('',(1.429072498868,-0.284931287991));
#1596 = CARTESIAN_POINT('',(1.570796326795,-0.284931287991));
#1597 = CARTESIAN_POINT('',(1.712520154722,-0.284931287991));
#1598 = CARTESIAN_POINT('',(1.854296854923,-0.284931287991));
#1599 = CARTESIAN_POINT('',(1.996179378602,-0.284931287991));
#1600 = CARTESIAN_POINT('',(2.138220835024,-0.284931287991));
#1601 = CARTESIAN_POINT('',(2.280474571336,-0.284931287991));
#1602 = CARTESIAN_POINT('',(2.422994252462,-0.284931287991));
#1603 = CARTESIAN_POINT('',(2.565833944533,-0.284931287991));
#1604 = CARTESIAN_POINT('',(2.709048190227,-0.284931287991));
#1605 = CARTESIAN_POINT('',(2.852692120604,-0.284931287991));
#1606 = CARTESIAN_POINT('',(2.996821438361,-0.284931287991));
#1607 = CARTESIAN_POINT('',(3.093269072734,-0.284931287991));
#1608 = CARTESIAN_POINT('',(3.14159265359,-0.284931287991));
#1609 = ( GEOMETRIC_REPRESENTATION_CONTEXT(2) 
PARAMETRIC_REPRESENTATION_CONTEXT() REPRESENTATION_CONTEXT('2D SPACE',''
  ) );
#1610 = PCURVE('',#1487,#1611);
#1611 = DEFINITIONAL_REPRESENTATION('',(#1612),#1616);
#1612 = CIRCLE('',#1613,203.2);
#1613 = AXIS2_PLACEMENT_2D('',#1614,#1615);
#1614 = CARTESIAN_POINT('',(43.000241121411,94.127404795935));
#1615 = DIRECTION('',(1.,0.));
#1616 = ( GEOMETRIC_REPRESENTATION_CONTEXT(2) 
PARAMETRIC_REPRESENTATION_CONTEXT() REPRESENTATION_CONTEXT('2D SPACE',''
  ) );
#1617 = ORIENTED_EDGE('',*,*,#1618,.F.);
#1618 = EDGE_CURVE('',#1447,#1573,#1619,.T.);
#1619 = SURFACE_CURVE('',#1620,(#1625,#1654),.PCURVE_S1.);
#1620 = CIRCLE('',#1621,95.4390159);
#1621 = AXIS2_PLACEMENT_3D('',#1622,#1623,#1624);
#1622 = CARTESIAN_POINT('',(0.,0.,305.12404637548));
#1623 = DIRECTION('',(0.,0.,-1.));
#1624 = DIRECTION('',(-1.,0.,0.));
#1625 = PCURVE('',#1363,#1626);
#1626 = DEFINITIONAL_REPRESENTATION('',(#1627),#1653);
#1627 = B_SPLINE_CURVE_WITH_KNOTS('',3,(#1628,#1629,#1630,#1631,#1632,
    #1633,#1634,#1635,#1636,#1637,#1638,#1639,#1640,#1641,#1642,#1643,
    #1644,#1645,#1646,#1647,#1648,#1649,#1650,#1651,#1652),
  .UNSPECIFIED.,.F.,.F.,(4,1,1,1,1,1,1,1,1,1,1,1,1,1,1,1,1,1,1,1,1,1,4),
  (1.224646799147E-16,0.142799666072,0.285599332145,0.428398998217,
    0.571198664289,0.713998330361,0.856797996434,0.999597662506,
    1.142397328578,1.28519699465,1.427996660723,1.570796326795,
    1.713595992867,1.856395658939,1.999195325012,2.141994991084,
    2.284794657156,2.427594323228,2.570393989301,2.713193655373,
    2.855993321445,2.998792987518,3.14159265359),.QUASI_UNIFORM_KNOTS.);
#1628 = CARTESIAN_POINT('',(3.14159265359,0.315970153983));
#1629 = CARTESIAN_POINT('',(3.14159265359,0.301700332627));
#1630 = CARTESIAN_POINT('',(3.14159265359,0.275078020044));
#1631 = CARTESIAN_POINT('',(3.14159265359,0.23984521921));
#1632 = CARTESIAN_POINT('',(3.14159265359,0.20814525604));
#1633 = CARTESIAN_POINT('',(3.14159265359,0.17921807825));
#1634 = CARTESIAN_POINT('',(3.14159265359,0.152450063683));
#1635 = CARTESIAN_POINT('',(3.14159265359,0.12736574549));
#1636 = CARTESIAN_POINT('',(3.14159265359,0.103577503156));
#1637 = CARTESIAN_POINT('',(3.14159265359,8.076258888858E-02));
#1638 = CARTESIAN_POINT('',(3.14159265359,5.86430615731E-02));
#1639 = CARTESIAN_POINT('',(3.14159265359,3.697151535542E-02));
#1640 = CARTESIAN_POINT('',(3.14159265359,1.551943299635E-02));
#1641 = CARTESIAN_POINT('',(3.14159265359,-5.932649362723E-03));
#1642 = CARTESIAN_POINT('',(3.14159265359,-2.760419558041E-02));
#1643 = CARTESIAN_POINT('',(3.14159265359,-4.972372289588E-02));
#1644 = CARTESIAN_POINT('',(3.14159265359,-7.253863716352E-02));
#1645 = CARTESIAN_POINT('',(3.14159265359,-9.632687949708E-02));
#1646 = CARTESIAN_POINT('',(3.14159265359,-0.12141119769));
#1647 = CARTESIAN_POINT('',(3.14159265359,-0.148179212257));
#1648 = CARTESIAN_POINT('',(3.14159265359,-0.177106390047));
#1649 = CARTESIAN_POINT('',(3.14159265359,-0.208806353217));
#1650 = CARTESIAN_POINT('',(3.14159265359,-0.244039154052));
#1651 = CARTESIAN_POINT('',(3.14159265359,-0.270661466634));
#1652 = CARTESIAN_POINT('',(3.14159265359,-0.284931287991));
#1653 = ( GEOMETRIC_REPRESENTATION_CONTEXT(2) 
PARAMETRIC_REPRESENTATION_CONTEXT() REPRESENTATION_CONTEXT('2D SPACE',''
  ) );
#1654 = PCURVE('',#1655,#1660);
#1655 = CONICAL_SURFACE('',#1656,36.6948444,0.284931288);
#1656 = AXIS2_PLACEMENT_3D('',#1657,#1658,#1659);
#1657 = CARTESIAN_POINT('',(0.,0.,104.56422400164));
#1658 = DIRECTION('',(-0.,-0.,1.));
#1659 = DIRECTION('',(1.,0.,0.));
#1660 = DEFINITIONAL_REPRESENTATION('',(#1661),#1687);
#1661 = B_SPLINE_CURVE_WITH_KNOTS('',3,(#1662,#1663,#1664,#1665,#1666,
    #1667,#1668,#1669,#1670,#1671,#1672,#1673,#1674,#1675,#1676,#1677,
    #1678,#1679,#1680,#1681,#1682,#1683,#1684,#1685,#1686),
  .UNSPECIFIED.,.F.,.F.,(4,1,1,1,1,1,1,1,1,1,1,1,1,1,1,1,1,1,1,1,1,1,4),
  (1.224646799147E-16,0.142799666072,0.285599332145,0.428398998217,
    0.571198664289,0.713998330361,0.856797996434,0.999597662506,
    1.142397328578,1.28519699465,1.427996660723,1.570796326795,
    1.713595992867,1.856395658939,1.999195325012,2.141994991084,
    2.284794657156,2.427594323228,2.570393989301,2.713193655373,
    2.855993321445,2.998792987518,3.14159265359),.QUASI_UNIFORM_KNOTS.);
#1662 = CARTESIAN_POINT('',(3.14159265359,200.55982238963));
#1663 = CARTESIAN_POINT('',(3.093992764899,200.55982238963));
#1664 = CARTESIAN_POINT('',(2.998792987518,200.55982238963));
#1665 = CARTESIAN_POINT('',(2.855993321445,200.55982238963));
#1666 = CARTESIAN_POINT('',(2.713193655373,200.55982238963));
#1667 = CARTESIAN_POINT('',(2.570393989301,200.55982238963));
#1668 = CARTESIAN_POINT('',(2.427594323228,200.55982238963));
#1669 = CARTESIAN_POINT('',(2.284794657156,200.55982238963));
#1670 = CARTESIAN_POINT('',(2.141994991084,200.55982238963));
#1671 = CARTESIAN_POINT('',(1.999195325012,200.55982238963));
#1672 = CARTESIAN_POINT('',(1.856395658939,200.55982238963));
#1673 = CARTESIAN_POINT('',(1.713595992867,200.55982238963));
#1674 = CARTESIAN_POINT('',(1.570796326795,200.55982238963));
#1675 = CARTESIAN_POINT('',(1.427996660723,200.55982238963));
#1676 = CARTESIAN_POINT('',(1.28519699465,200.55982238963));
#1677 = CARTESIAN_POINT('',(1.142397328578,200.55982238963));
#1678 = CARTESIAN_POINT('',(0.999597662506,200.55982238963));
#1679 = CARTESIAN_POINT('',(0.856797996434,200.55982238963));
#1680 = CARTESIAN_POINT('',(0.713998330361,200.55982238963));
#1681 = CARTESIAN_POINT('',(0.571198664289,200.55982238963));
#1682 = CARTESIAN_POINT('',(0.428398998217,200.55982238963));
#1683 = CARTESIAN_POINT('',(0.285599332145,200.55982238963));
#1684 = CARTESIAN_POINT('',(0.142799666072,200.55982238963));
#1685 = CARTESIAN_POINT('',(4.759988869075E-02,200.55982238963));
#1686 = CARTESIAN_POINT('',(0.,200.55982238963));
#1687 = ( GEOMETRIC_REPRESENTATION_CONTEXT(2) 
PARAMETRIC_REPRESENTATION_CONTEXT() REPRESENTATION_CONTEXT('2D SPACE',''
  ) );
#1688 = FACE_BOUND('',#1689,.T.);
#1689 = EDGE_LOOP('',(#1690,#1789));
#1690 = ORIENTED_EDGE('',*,*,#1691,.T.);
#1691 = EDGE_CURVE('',#1692,#1694,#1696,.T.);
#1692 = VERTEX_POINT('',#1693);
#1693 = CARTESIAN_POINT('',(73.72209819854,72.592623370154,
    370.51844712215));
#1694 = VERTEX_POINT('',#1695);
#1695 = CARTESIAN_POINT('',(73.722097669648,72.592622849519,
    370.51846532763));
#1696 = SURFACE_CURVE('',#1697,(#1724,#1754),.PCURVE_S1.);
#1697 = B_SPLINE_CURVE_WITH_KNOTS('',7,(#1698,#1699,#1700,#1701,#1702,
    #1703,#1704,#1705,#1706,#1707,#1708,#1709,#1710,#1711,#1712,#1713,
    #1714,#1715,#1716,#1717,#1718,#1719,#1720,#1721,#1722,#1723),
  .UNSPECIFIED.,.F.,.F.,(8,6,6,6,8),(0.,0.266363590775,0.515283668039,
    0.756354177196,1.),.UNSPECIFIED.);
#1698 = CARTESIAN_POINT('',(73.72209819854,72.592623370154,
    370.51844712215));
#1699 = CARTESIAN_POINT('',(73.723210014976,72.593714771476,
    370.48022881692));
#1700 = CARTESIAN_POINT('',(73.731801239401,72.587199398913,
    370.44199349924));
#1701 = CARTESIAN_POINT('',(73.747780828554,72.572960640536,
    370.40733902704));
#1702 = CARTESIAN_POINT('',(73.769966561981,72.551988189977,
    370.37984344404));
#1703 = CARTESIAN_POINT('',(73.796194083353,72.526317973753,
    370.36217857081));
#1704 = CARTESIAN_POINT('',(73.823824949035,72.498565823193,
    370.35550271599));
#1705 = CARTESIAN_POINT('',(73.875161591142,72.445818876296,
    370.36309561117));
#1706 = CARTESIAN_POINT('',(73.899022760611,72.4207452185,
    370.37602391893));
#1707 = CARTESIAN_POINT('',(73.919910926833,72.398169665867,
    370.39792104274));
#1708 = CARTESIAN_POINT('',(73.935924008784,72.380120597096,
    370.42733326124));
#1709 = CARTESIAN_POINT('',(73.945709097378,72.368130760814,
    370.46177795483));
#1710 = CARTESIAN_POINT('',(73.948737801164,72.362917645063,
    370.49823549006));
#1711 = CARTESIAN_POINT('',(73.94197707517,72.365739978079,
    370.56821248927));
#1712 = CARTESIAN_POINT('',(73.932586430409,72.373363858847,
    370.60181283469));
#1713 = CARTESIAN_POINT('',(73.917380295619,72.387122575957,
    370.63193564353));
#1714 = CARTESIAN_POINT('',(73.897320058302,72.406179080467,
    370.65604324179));
#1715 = CARTESIAN_POINT('',(73.873989274983,72.429022355667,
    370.67222640091));
#1716 = CARTESIAN_POINT('',(73.849297333578,72.453756792548,
    370.67956954652));
#1717 = CARTESIAN_POINT('',(73.800656891148,72.503465542919,
    370.67679474027));
#1718 = CARTESIAN_POINT('',(73.776705463438,72.528453584765,
    370.66648863416));
#1719 = CARTESIAN_POINT('',(73.755173626818,72.551480294512,
    370.64737248985));
#1720 = CARTESIAN_POINT('',(73.737913235806,72.570595871057,
    370.62061913885));
#1721 = CARTESIAN_POINT('',(73.726325695753,72.584256343091,
    370.58838968041));
#1722 = CARTESIAN_POINT('',(73.721083553893,72.591621772108,
    370.55342121674));
#1723 = CARTESIAN_POINT('',(73.722097669648,72.592622849519,
    370.51846532763));
#1724 = PCURVE('',#1363,#1725);
#1725 = DEFINITIONAL_REPRESENTATION('',(#1726),#1753);
#1726 = B_SPLINE_CURVE_WITH_KNOTS('',7,(#1727,#1728,#1729,#1730,#1731,
    #1732,#1733,#1734,#1735,#1736,#1737,#1738,#1739,#1740,#1741,#1742,
    #1743,#1744,#1745,#1746,#1747,#1748,#1749,#1750,#1751,#1752),
  .UNSPECIFIED.,.F.,.F.,(8,6,6,6,8),(0.,0.266363590775,0.515283668039,
    0.756354177196,1.),.UNSPECIFIED.);
#1727 = CARTESIAN_POINT('',(1.439912817174,-0.110292115425));
#1728 = CARTESIAN_POINT('',(1.440889693677,-0.110292119537));
#1729 = CARTESIAN_POINT('',(1.441866993576,-0.110310329139));
#1730 = CARTESIAN_POINT('',(1.442752754119,-0.110346775919));
#1731 = CARTESIAN_POINT('',(1.443455525462,-0.11039884443));
#1732 = CARTESIAN_POINT('',(1.443907027765,-0.110461478484));
#1733 = CARTESIAN_POINT('',(1.444077658575,-0.110528340605));
#1734 = CARTESIAN_POINT('',(1.443883588896,-0.110654033228));
#1735 = CARTESIAN_POINT('',(1.443553149287,-0.1107131442));
#1736 = CARTESIAN_POINT('',(1.442993471271,-0.110765664789));
#1737 = CARTESIAN_POINT('',(1.442241706664,-0.110806842566));
#1738 = CARTESIAN_POINT('',(1.441361302443,-0.110833180518));
#1739 = CARTESIAN_POINT('',(1.440429438157,-0.1108431671));
#1740 = CARTESIAN_POINT('',(1.438640788404,-0.110831640035));
#1741 = CARTESIAN_POINT('',(1.437781936182,-0.110811105649));
#1742 = CARTESIAN_POINT('',(1.437011963104,-0.110776128348));
#1743 = CARTESIAN_POINT('',(1.436395738466,-0.110728882734));
#1744 = CARTESIAN_POINT('',(1.435982072015,-0.110673113958));
#1745 = CARTESIAN_POINT('',(1.435794370063,-0.110613421365));
#1746 = CARTESIAN_POINT('',(1.435865298329,-0.110494652792));
#1747 = CARTESIAN_POINT('',(1.436128738055,-0.110435556793));
#1748 = CARTESIAN_POINT('',(1.436617375369,-0.110381756122));
#1749 = CARTESIAN_POINT('',(1.437301227179,-0.110337838299));
#1750 = CARTESIAN_POINT('',(1.438125045375,-0.110307351644));
#1751 = CARTESIAN_POINT('',(1.439018864101,-0.110292118463));
#1752 = CARTESIAN_POINT('',(1.439912351834,-0.110292115425));
#1753 = ( GEOMETRIC_REPRESENTATION_CONTEXT(2) 
PARAMETRIC_REPRESENTATION_CONTEXT() REPRESENTATION_CONTEXT('2D SPACE',''
  ) );
#1754 = PCURVE('',#1755,#1760);
#1755 = CYLINDRICAL_SURFACE('',#1756,0.16);
#1756 = AXIS2_PLACEMENT_3D('',#1757,#1758,#1759);
#1757 = CARTESIAN_POINT('',(73.794340262336,72.439332551638,
    370.51617120132));
#1758 = DIRECTION('',(0.713036013068,0.69994328411,4.07313527473E-02));
#1759 = DIRECTION('',(-0.7005246256,0.713628228792,3.469446951954E-18));
#1760 = DEFINITIONAL_REPRESENTATION('',(#1761),#1788);
#1761 = B_SPLINE_CURVE_WITH_KNOTS('',7,(#1762,#1763,#1764,#1765,#1766,
    #1767,#1768,#1769,#1770,#1771,#1772,#1773,#1774,#1775,#1776,#1777,
    #1778,#1779,#1780,#1781,#1782,#1783,#1784,#1785,#1786,#1787),
  .UNSPECIFIED.,.F.,.F.,(8,6,6,6,8),(0.,0.266363590775,0.515283668039,
    0.756354177196,1.),.UNSPECIFIED.);
#1762 = CARTESIAN_POINT('',(6.28318530718,5.587638712517E-02));
#1763 = CARTESIAN_POINT('',(6.044122509196,5.587638803801E-02));
#1764 = CARTESIAN_POINT('',(5.804951821892,5.58844729691E-02));
#1765 = CARTESIAN_POINT('',(5.565859566441,5.590064867756E-02));
#1766 = CARTESIAN_POINT('',(5.326826071378,5.592041737642E-02));
#1767 = CARTESIAN_POINT('',(5.087741623052,5.593437501788E-02));
#1768 = CARTESIAN_POINT('',(4.848570347757,5.593932932025E-02));
#1769 = CARTESIAN_POINT('',(4.386098082787,5.593360158565E-02));
#1770 = CARTESIAN_POINT('',(4.162632855911,5.592392381371E-02));
#1771 = CARTESIAN_POINT('',(3.939221593139,5.590823160027E-02));
#1772 = CARTESIAN_POINT('',(3.715834790225,5.589081068714E-02));
#1773 = CARTESIAN_POINT('',(3.49239720999,5.58787048276E-02));
#1774 = CARTESIAN_POINT('',(3.268902427887,5.587435906828E-02));
#1775 = CARTESIAN_POINT('',(2.82915581351,5.587944883951E-02));
#1776 = CARTESIAN_POINT('',(2.612744532694,5.588845260336E-02));
#1777 = CARTESIAN_POINT('',(2.396377055917,5.590319526955E-02));
#1778 = CARTESIAN_POINT('',(2.180036785683,5.591993107148E-02));
#1779 = CARTESIAN_POINT('',(1.963662185488,5.593240137709E-02));
#1780 = CARTESIAN_POINT('',(1.747240731459,5.593795715858E-02));
#1781 = CARTESIAN_POINT('',(1.312223129058,5.593585438572E-02));
#1782 = CARTESIAN_POINT('',(1.093506511114,5.592805429438E-02));
#1783 = CARTESIAN_POINT('',(0.874838860614,5.591384378199E-02));
#1784 = CARTESIAN_POINT('',(0.656195266296,5.589668263884E-02));
#1785 = CARTESIAN_POINT('',(0.43750828265,5.588315549506E-02));
#1786 = CARTESIAN_POINT('',(0.218769641505,5.587638930952E-02));
#1787 = CARTESIAN_POINT('',(1.138787711925E-04,5.587638712549E-02));
#1788 = ( GEOMETRIC_REPRESENTATION_CONTEXT(2) 
PARAMETRIC_REPRESENTATION_CONTEXT() REPRESENTATION_CONTEXT('2D SPACE',''
  ) );
#1789 = ORIENTED_EDGE('',*,*,#1790,.T.);
#1790 = EDGE_CURVE('',#1694,#1692,#1791,.T.);
#1791 = SURFACE_CURVE('',#1792,(#1795,#1801),.PCURVE_S1.);
#1792 = B_SPLINE_CURVE_WITH_KNOTS('',1,(#1793,#1794),.UNSPECIFIED.,.F.,
  .F.,(2,2),(0.,1.),.PIECEWISE_BEZIER_KNOTS.);
#1793 = CARTESIAN_POINT('',(73.722097669648,72.592622849519,
    370.51846532763));
#1794 = CARTESIAN_POINT('',(73.72209819854,72.592623370154,
    370.51844712215));
#1795 = PCURVE('',#1363,#1796);
#1796 = DEFINITIONAL_REPRESENTATION('',(#1797),#1800);
#1797 = B_SPLINE_CURVE_WITH_KNOTS('',1,(#1798,#1799),.UNSPECIFIED.,.F.,
  .F.,(2,2),(0.,1.),.PIECEWISE_BEZIER_KNOTS.);
#1798 = CARTESIAN_POINT('',(1.439912351834,-0.110292115425));
#1799 = CARTESIAN_POINT('',(1.439912817174,-0.110292115425));
#1800 = ( GEOMETRIC_REPRESENTATION_CONTEXT(2) 
PARAMETRIC_REPRESENTATION_CONTEXT() REPRESENTATION_CONTEXT('2D SPACE',''
  ) );
#1801 = PCURVE('',#1755,#1802);
#1802 = DEFINITIONAL_REPRESENTATION('',(#1803),#1806);
#1803 = B_SPLINE_CURVE_WITH_KNOTS('',1,(#1804,#1805),.UNSPECIFIED.,.F.,
  .F.,(2,2),(0.,1.),.PIECEWISE_BEZIER_KNOTS.);
#1804 = CARTESIAN_POINT('',(1.138787711926E-04,5.587638712549E-02));
#1805 = CARTESIAN_POINT('',(0.,5.587638712517E-02));
#1806 = ( GEOMETRIC_REPRESENTATION_CONTEXT(2) 
PARAMETRIC_REPRESENTATION_CONTEXT() REPRESENTATION_CONTEXT('2D SPACE',''
  ) );
#1807 = FACE_BOUND('',#1808,.T.);
#1808 = EDGE_LOOP('',(#1809,#1836,#1861,#1886,#1911,#1936));
#1809 = ORIENTED_EDGE('',*,*,#1810,.F.);
#1810 = EDGE_CURVE('',#1811,#1813,#1815,.T.);
#1811 = VERTEX_POINT('',#1812);
#1812 = CARTESIAN_POINT('',(25.116752606759,93.057428662221,
    416.01589310172));
#1813 = VERTEX_POINT('',#1814);
#1814 = CARTESIAN_POINT('',(25.039325603364,93.038800776902,
    416.15466652495));
#1815 = SURFACE_CURVE('',#1816,(#1819,#1825),.PCURVE_S1.);
#1816 = B_SPLINE_CURVE_WITH_KNOTS('',1,(#1817,#1818),.UNSPECIFIED.,.F.,
  .F.,(2,2),(0.,1.),.PIECEWISE_BEZIER_KNOTS.);
#1817 = CARTESIAN_POINT('',(25.116752606759,93.057428662221,
    416.01589310172));
#1818 = CARTESIAN_POINT('',(25.039325603364,93.038800776902,
    416.15466652495));
#1819 = PCURVE('',#1363,#1820);
#1820 = DEFINITIONAL_REPRESENTATION('',(#1821),#1824);
#1821 = B_SPLINE_CURVE_WITH_KNOTS('',1,(#1822,#1823),.UNSPECIFIED.,.F.,
  .F.,(2,2),(0.,1.),.PIECEWISE_BEZIER_KNOTS.);
#1822 = CARTESIAN_POINT('',(0.254649736466,-2.4314567037E-02));
#1823 = CARTESIAN_POINT('',(0.250915491385,-2.420367354862E-02));
#1824 = ( GEOMETRIC_REPRESENTATION_CONTEXT(2) 
PARAMETRIC_REPRESENTATION_CONTEXT() REPRESENTATION_CONTEXT('2D SPACE',''
  ) );
#1825 = PCURVE('',#1826,#1831);
#1826 = PLANE('',#1827);
#1827 = AXIS2_PLACEMENT_3D('',#1828,#1829,#1830);
#1828 = CARTESIAN_POINT('',(25.102655348703,93.005390997443,
    416.00106041236));
#1829 = DIRECTION('',(0.838050999009,-0.34703229304,0.420997756107));
#1830 = DIRECTION('',(-0.483848969873,-0.116166623273,0.867407337985));
#1831 = DEFINITIONAL_REPRESENTATION('',(#1832),#1835);
#1832 = B_SPLINE_CURVE_WITH_KNOTS('',1,(#1833,#1834),.UNSPECIFIED.,.F.,
  .F.,(2,2),(0.,1.),.PIECEWISE_BEZIER_KNOTS.);
#1833 = CARTESIAN_POINT('',(0.,-5.591654418603E-02));
#1834 = CARTESIAN_POINT('',(0.16,-5.587224564182E-02));
#1835 = ( GEOMETRIC_REPRESENTATION_CONTEXT(2) 
PARAMETRIC_REPRESENTATION_CONTEXT() REPRESENTATION_CONTEXT('2D SPACE',''
  ) );
#1836 = ORIENTED_EDGE('',*,*,#1837,.F.);
#1837 = EDGE_CURVE('',#1838,#1811,#1840,.T.);
#1838 = VERTEX_POINT('',#1839);
#1839 = CARTESIAN_POINT('',(25.271586308643,93.018643286043,
    416.00483781246));
#1840 = SURFACE_CURVE('',#1841,(#1844,#1850),.PCURVE_S1.);
#1841 = B_SPLINE_CURVE_WITH_KNOTS('',1,(#1842,#1843),.UNSPECIFIED.,.F.,
  .F.,(2,2),(0.,1.),.PIECEWISE_BEZIER_KNOTS.);
#1842 = CARTESIAN_POINT('',(25.271586308643,93.018643286043,
    416.00483781246));
#1843 = CARTESIAN_POINT('',(25.116752606759,93.057428662221,
    416.01589310172));
#1844 = PCURVE('',#1363,#1845);
#1845 = DEFINITIONAL_REPRESENTATION('',(#1846),#1849);
#1846 = B_SPLINE_CURVE_WITH_KNOTS('',1,(#1847,#1848),.UNSPECIFIED.,.F.,
  .F.,(2,2),(0.,1.),.PIECEWISE_BEZIER_KNOTS.);
#1847 = CARTESIAN_POINT('',(0.254947176857,-2.456769129697E-02));
#1848 = CARTESIAN_POINT('',(0.254649736466,-2.4314567037E-02));
#1849 = ( GEOMETRIC_REPRESENTATION_CONTEXT(2) 
PARAMETRIC_REPRESENTATION_CONTEXT() REPRESENTATION_CONTEXT('2D SPACE',''
  ) );
#1850 = PCURVE('',#1851,#1856);
#1851 = PLANE('',#1852);
#1852 = AXIS2_PLACEMENT_3D('',#1853,#1854,#1855);
#1853 = CARTESIAN_POINT('',(25.257487019062,92.966598122232,
    415.9900029856));
#1854 = DIRECTION('',(7.188694084448E-15,-0.274119393346,0.961695668178)
  );
#1855 = DIRECTION('',(-0.967697939745,0.24245547007,6.910891726797E-02)
  );
#1856 = DEFINITIONAL_REPRESENTATION('',(#1857),#1860);
#1857 = B_SPLINE_CURVE_WITH_KNOTS('',1,(#1858,#1859),.UNSPECIFIED.,.F.,
  .F.,(2,2),(0.,1.),.PIECEWISE_BEZIER_KNOTS.);
#1858 = CARTESIAN_POINT('',(-7.919220834651E-15,-5.592460219604E-02));
#1859 = CARTESIAN_POINT('',(0.16,-5.591654418601E-02));
#1860 = ( GEOMETRIC_REPRESENTATION_CONTEXT(2) 
PARAMETRIC_REPRESENTATION_CONTEXT() REPRESENTATION_CONTEXT('2D SPACE',''
  ) );
#1861 = ORIENTED_EDGE('',*,*,#1862,.T.);
#1862 = EDGE_CURVE('',#1838,#1863,#1865,.T.);
#1863 = VERTEX_POINT('',#1864);
#1864 = CARTESIAN_POINT('',(25.348988945113,92.961215030286,
    416.13255167251));
#1865 = SURFACE_CURVE('',#1866,(#1869,#1875),.PCURVE_S1.);
#1866 = B_SPLINE_CURVE_WITH_KNOTS('',1,(#1867,#1868),.UNSPECIFIED.,.F.,
  .F.,(2,2),(0.,1.),.PIECEWISE_BEZIER_KNOTS.);
#1867 = CARTESIAN_POINT('',(25.271586308643,93.018643286043,
    416.00483781246));
#1868 = CARTESIAN_POINT('',(25.348988945113,92.961215030286,
    416.13255167251));
#1869 = PCURVE('',#1363,#1870);
#1870 = DEFINITIONAL_REPRESENTATION('',(#1871),#1874);
#1871 = B_SPLINE_CURVE_WITH_KNOTS('',1,(#1872,#1873),.UNSPECIFIED.,.F.,
  .F.,(2,2),(0.,1.),.PIECEWISE_BEZIER_KNOTS.);
#1872 = CARTESIAN_POINT('',(0.254947176857,-2.456769129697E-02));
#1873 = CARTESIAN_POINT('',(0.251510649729,-2.471012063066E-02));
#1874 = ( GEOMETRIC_REPRESENTATION_CONTEXT(2) 
PARAMETRIC_REPRESENTATION_CONTEXT() REPRESENTATION_CONTEXT('2D SPACE',''
  ) );
#1875 = PCURVE('',#1876,#1881);
#1876 = PLANE('',#1877);
#1877 = AXIS2_PLACEMENT_3D('',#1878,#1879,#1880);
#1878 = CARTESIAN_POINT('',(25.334902854242,92.909218587297,
    416.11773073292));
#1879 = DIRECTION('',(-0.838050999009,7.291289969371E-02,0.540697912071)
  );
#1880 = DIRECTION('',(-0.483848969873,0.358622093343,-0.798298420717));
#1881 = DEFINITIONAL_REPRESENTATION('',(#1882),#1885);
#1882 = B_SPLINE_CURVE_WITH_KNOTS('',1,(#1883,#1884),.UNSPECIFIED.,.F.,
  .F.,(2,2),(0.,1.),.PIECEWISE_BEZIER_KNOTS.);
#1883 = CARTESIAN_POINT('',(0.16,-5.592460219605E-02));
#1884 = CARTESIAN_POINT('',(0.,-5.587224973116E-02));
#1885 = ( GEOMETRIC_REPRESENTATION_CONTEXT(2) 
PARAMETRIC_REPRESENTATION_CONTEXT() REPRESENTATION_CONTEXT('2D SPACE',''
  ) );
#1886 = ORIENTED_EDGE('',*,*,#1887,.T.);
#1887 = EDGE_CURVE('',#1863,#1888,#1890,.T.);
#1888 = VERTEX_POINT('',#1889);
#1889 = CARTESIAN_POINT('',(25.271584273354,92.942669578455,
    416.27134859239));
#1890 = SURFACE_CURVE('',#1891,(#1894,#1900),.PCURVE_S1.);
#1891 = B_SPLINE_CURVE_WITH_KNOTS('',1,(#1892,#1893),.UNSPECIFIED.,.F.,
  .F.,(2,2),(0.,1.),.PIECEWISE_BEZIER_KNOTS.);
#1892 = CARTESIAN_POINT('',(25.348988945113,92.961215030286,
    416.13255167251));
#1893 = CARTESIAN_POINT('',(25.271584273354,92.942669578455,
    416.27134859239));
#1894 = PCURVE('',#1363,#1895);
#1895 = DEFINITIONAL_REPRESENTATION('',(#1896),#1899);
#1896 = B_SPLINE_CURVE_WITH_KNOTS('',1,(#1897,#1898),.UNSPECIFIED.,.F.,
  .F.,(2,2),(0.,1.),.PIECEWISE_BEZIER_KNOTS.);
#1897 = CARTESIAN_POINT('',(0.251510649729,-2.471012063066E-02));
#1898 = CARTESIAN_POINT('',(0.247774877558,-2.459930881563E-02));
#1899 = ( GEOMETRIC_REPRESENTATION_CONTEXT(2) 
PARAMETRIC_REPRESENTATION_CONTEXT() REPRESENTATION_CONTEXT('2D SPACE',''
  ) );
#1900 = PCURVE('',#1901,#1906);
#1901 = PLANE('',#1902);
#1902 = AXIS2_PLACEMENT_3D('',#1903,#1904,#1905);
#1903 = CARTESIAN_POINT('',(25.257487019062,92.890631927573,
    416.25651590699));
#1904 = DIRECTION('',(-0.838050999009,0.34703229304,-0.420997756107));
#1905 = DIRECTION('',(0.483848969873,0.116166623273,-0.867407337985));
#1906 = DEFINITIONAL_REPRESENTATION('',(#1907),#1910);
#1907 = B_SPLINE_CURVE_WITH_KNOTS('',1,(#1908,#1909),.UNSPECIFIED.,.F.,
  .F.,(2,2),(0.,1.),.PIECEWISE_BEZIER_KNOTS.);
#1908 = CARTESIAN_POINT('',(0.16,-5.587224973118E-02));
#1909 = CARTESIAN_POINT('',(-1.434963259328E-14,-5.591652925397E-02));
#1910 = ( GEOMETRIC_REPRESENTATION_CONTEXT(2) 
PARAMETRIC_REPRESENTATION_CONTEXT() REPRESENTATION_CONTEXT('2D SPACE',''
  ) );
#1911 = ORIENTED_EDGE('',*,*,#1912,.T.);
#1912 = EDGE_CURVE('',#1888,#1913,#1915,.T.);
#1913 = VERTEX_POINT('',#1914);
#1914 = CARTESIAN_POINT('',(25.116754635804,92.981469957442,
    416.28240815801));
#1915 = SURFACE_CURVE('',#1916,(#1919,#1925),.PCURVE_S1.);
#1916 = B_SPLINE_CURVE_WITH_KNOTS('',1,(#1917,#1918),.UNSPECIFIED.,.F.,
  .F.,(2,2),(0.,1.),.PIECEWISE_BEZIER_KNOTS.);
#1917 = CARTESIAN_POINT('',(25.271584273354,92.942669578455,
    416.27134859239));
#1918 = CARTESIAN_POINT('',(25.116754635804,92.981469957442,
    416.28240815801));
#1919 = PCURVE('',#1363,#1920);
#1920 = DEFINITIONAL_REPRESENTATION('',(#1921),#1924);
#1921 = B_SPLINE_CURVE_WITH_KNOTS('',1,(#1922,#1923),.UNSPECIFIED.,.F.,
  .F.,(2,2),(0.,1.),.PIECEWISE_BEZIER_KNOTS.);
#1922 = CARTESIAN_POINT('',(0.247774877558,-2.459930881563E-02));
#1923 = CARTESIAN_POINT('',(0.247477159237,-2.434598590388E-02));
#1924 = ( GEOMETRIC_REPRESENTATION_CONTEXT(2) 
PARAMETRIC_REPRESENTATION_CONTEXT() REPRESENTATION_CONTEXT('2D SPACE',''
  ) );
#1925 = PCURVE('',#1926,#1931);
#1926 = PLANE('',#1927);
#1927 = AXIS2_PLACEMENT_3D('',#1928,#1929,#1930);
#1928 = CARTESIAN_POINT('',(25.102655348703,92.929424802784,
    416.26757333376));
#1929 = DIRECTION('',(-7.188694084448E-15,0.274119393346,-0.961695668178
    ));
#1930 = DIRECTION('',(0.967697939745,-0.24245547007,-6.910891726797E-02)
  );
#1931 = DEFINITIONAL_REPRESENTATION('',(#1932),#1935);
#1932 = B_SPLINE_CURVE_WITH_KNOTS('',1,(#1933,#1934),.UNSPECIFIED.,.F.,
  .F.,(2,2),(0.,1.),.PIECEWISE_BEZIER_KNOTS.);
#1933 = CARTESIAN_POINT('',(0.16,-5.591652925399E-02));
#1934 = CARTESIAN_POINT('',(0.,-5.59245923599E-02));
#1935 = ( GEOMETRIC_REPRESENTATION_CONTEXT(2) 
PARAMETRIC_REPRESENTATION_CONTEXT() REPRESENTATION_CONTEXT('2D SPACE',''
  ) );
#1936 = ORIENTED_EDGE('',*,*,#1937,.F.);
#1937 = EDGE_CURVE('',#1813,#1913,#1938,.T.);
#1938 = SURFACE_CURVE('',#1939,(#1942,#1948),.PCURVE_S1.);
#1939 = B_SPLINE_CURVE_WITH_KNOTS('',1,(#1940,#1941),.UNSPECIFIED.,.F.,
  .F.,(2,2),(0.,1.),.PIECEWISE_BEZIER_KNOTS.);
#1940 = CARTESIAN_POINT('',(25.039325603364,93.038800776902,
    416.15466652495));
#1941 = CARTESIAN_POINT('',(25.116754635804,92.981469957442,
    416.28240815801));
#1942 = PCURVE('',#1363,#1943);
#1943 = DEFINITIONAL_REPRESENTATION('',(#1944),#1947);
#1944 = B_SPLINE_CURVE_WITH_KNOTS('',1,(#1945,#1946),.UNSPECIFIED.,.F.,
  .F.,(2,2),(0.,1.),.PIECEWISE_BEZIER_KNOTS.);
#1945 = CARTESIAN_POINT('',(0.250915491385,-2.420367354862E-02));
#1946 = CARTESIAN_POINT('',(0.247477159237,-2.434598590388E-02));
#1947 = ( GEOMETRIC_REPRESENTATION_CONTEXT(2) 
PARAMETRIC_REPRESENTATION_CONTEXT() REPRESENTATION_CONTEXT('2D SPACE',''
  ) );
#1948 = PCURVE('',#1949,#1954);
#1949 = PLANE('',#1950);
#1950 = AXIS2_PLACEMENT_3D('',#1951,#1952,#1953);
#1951 = CARTESIAN_POINT('',(25.025239513524,92.986804337719,
    416.13984558644));
#1952 = DIRECTION('',(0.838050999009,-7.291289969371E-02,-0.540697912071
    ));
#1953 = DIRECTION('',(0.483848969873,-0.358622093343,0.798298420717));
#1954 = DEFINITIONAL_REPRESENTATION('',(#1955),#1958);
#1955 = B_SPLINE_CURVE_WITH_KNOTS('',1,(#1956,#1957),.UNSPECIFIED.,.F.,
  .F.,(2,2),(0.,1.),.PIECEWISE_BEZIER_KNOTS.);
#1956 = CARTESIAN_POINT('',(-1.229238932865E-14,-5.587224564182E-02));
#1957 = CARTESIAN_POINT('',(0.16,-5.592459235985E-02));
#1958 = ( GEOMETRIC_REPRESENTATION_CONTEXT(2) 
PARAMETRIC_REPRESENTATION_CONTEXT() REPRESENTATION_CONTEXT('2D SPACE',''
  ) );
#1959 = FACE_BOUND('',#1960,.T.);
#1960 = EDGE_LOOP('',(#1961,#1988,#2013,#2038,#2063,#2088));
#1961 = ORIENTED_EDGE('',*,*,#1962,.F.);
#1962 = EDGE_CURVE('',#1963,#1965,#1967,.T.);
#1963 = VERTEX_POINT('',#1964);
#1964 = CARTESIAN_POINT('',(97.891647500456,29.284679189852,
    337.97907349402));
#1965 = VERTEX_POINT('',#1966);
#1966 = CARTESIAN_POINT('',(97.866948950001,29.408254583244,
    338.07765902252));
#1967 = SURFACE_CURVE('',#1968,(#1971,#1977),.PCURVE_S1.);
#1968 = B_SPLINE_CURVE_WITH_KNOTS('',1,(#1969,#1970),.UNSPECIFIED.,.F.,
  .F.,(2,2),(0.,1.),.PIECEWISE_BEZIER_KNOTS.);
#1969 = CARTESIAN_POINT('',(97.891647500456,29.284679189852,
    337.97907349402));
#1970 = CARTESIAN_POINT('',(97.866948950001,29.408254583244,
    338.07765902252));
#1971 = PCURVE('',#1363,#1972);
#1972 = DEFINITIONAL_REPRESENTATION('',(#1973),#1976);
#1973 = B_SPLINE_CURVE_WITH_KNOTS('',1,(#1974,#1975),.UNSPECIFIED.,.F.,
  .F.,(2,2),(0.,1.),.PIECEWISE_BEZIER_KNOTS.);
#1974 = CARTESIAN_POINT('',(2.273428846536,-0.208206347063));
#1975 = CARTESIAN_POINT('',(2.270881802675,-0.207919756635));
#1976 = ( GEOMETRIC_REPRESENTATION_CONTEXT(2) 
PARAMETRIC_REPRESENTATION_CONTEXT() REPRESENTATION_CONTEXT('2D SPACE',''
  ) );
#1977 = PCURVE('',#1978,#1983);
#1978 = PLANE('',#1979);
#1979 = AXIS2_PLACEMENT_3D('',#1980,#1981,#1982);
#1980 = CARTESIAN_POINT('',(97.838433140997,29.268773088072,
    337.98570914058));
#1981 = DIRECTION('',(0.266836916167,-0.567870090673,0.77866656554));
#1982 = DIRECTION('',(-0.154058365379,0.772438144763,0.61612119958));
#1983 = DEFINITIONAL_REPRESENTATION('',(#1984),#1987);
#1984 = B_SPLINE_CURVE_WITH_KNOTS('',1,(#1985,#1986),.UNSPECIFIED.,.F.,
  .F.,(2,2),(0.,1.),.PIECEWISE_BEZIER_KNOTS.);
#1985 = CARTESIAN_POINT('',(-1.097039126208E-14,-5.593571248866E-02));
#1986 = CARTESIAN_POINT('',(0.16,-5.588398382007E-02));
#1987 = ( GEOMETRIC_REPRESENTATION_CONTEXT(2) 
PARAMETRIC_REPRESENTATION_CONTEXT() REPRESENTATION_CONTEXT('2D SPACE',''
  ) );
#1988 = ORIENTED_EDGE('',*,*,#1989,.F.);
#1989 = EDGE_CURVE('',#1990,#1963,#1992,.T.);
#1990 = VERTEX_POINT('',#1991);
#1991 = CARTESIAN_POINT('',(97.940911499578,29.14418738493,
    338.03768332655));
#1992 = SURFACE_CURVE('',#1993,(#1996,#2002),.PCURVE_S1.);
#1993 = B_SPLINE_CURVE_WITH_KNOTS('',1,(#1994,#1995),.UNSPECIFIED.,.F.,
  .F.,(2,2),(0.,1.),.PIECEWISE_BEZIER_KNOTS.);
#1994 = CARTESIAN_POINT('',(97.940911499578,29.14418738493,
    338.03768332655));
#1995 = CARTESIAN_POINT('',(97.891647500456,29.284679189852,
    337.97907349402));
#1996 = PCURVE('',#1363,#1997);
#1997 = DEFINITIONAL_REPRESENTATION('',(#1998),#2001);
#1998 = B_SPLINE_CURVE_WITH_KNOTS('',1,(#1999,#2000),.UNSPECIFIED.,.F.,
  .F.,(2,2),(0.,1.),.PIECEWISE_BEZIER_KNOTS.);
#1999 = CARTESIAN_POINT('',(2.27191458181,-0.208546393025));
#2000 = CARTESIAN_POINT('',(2.273428846536,-0.208206347063));
#2001 = ( GEOMETRIC_REPRESENTATION_CONTEXT(2) 
PARAMETRIC_REPRESENTATION_CONTEXT() REPRESENTATION_CONTEXT('2D SPACE',''
  ) );
#2002 = PCURVE('',#2003,#2008);
#2003 = PLANE('',#2004);
#2004 = AXIS2_PLACEMENT_3D('',#2005,#2006,#2007);
#2005 = CARTESIAN_POINT('',(97.887731817918,29.12829164856,
    338.0443146489));
#2006 = DIRECTION('',(3.794187186656E-14,0.38501601088,0.922909893416));
#2007 = DIRECTION('',(-0.308116730758,0.878008996954,-0.366284427045));
#2008 = DEFINITIONAL_REPRESENTATION('',(#2009),#2012);
#2009 = B_SPLINE_CURVE_WITH_KNOTS('',1,(#2010,#2011),.UNSPECIFIED.,.F.,
  .F.,(2,2),(0.,1.),.PIECEWISE_BEZIER_KNOTS.);
#2010 = CARTESIAN_POINT('',(-1.271649452406E-14,-5.589926128652E-02));
#2011 = CARTESIAN_POINT('',(0.16,-5.593571248864E-02));
#2012 = ( GEOMETRIC_REPRESENTATION_CONTEXT(2) 
PARAMETRIC_REPRESENTATION_CONTEXT() REPRESENTATION_CONTEXT('2D SPACE',''
  ) );
#2013 = ORIENTED_EDGE('',*,*,#2014,.T.);
#2014 = EDGE_CURVE('',#1990,#2015,#2017,.T.);
#2015 = VERTEX_POINT('',#2016);
#2016 = CARTESIAN_POINT('',(97.965546310755,29.127291706285,
    338.19487003831));
#2017 = SURFACE_CURVE('',#2018,(#2021,#2027),.PCURVE_S1.);
#2018 = B_SPLINE_CURVE_WITH_KNOTS('',1,(#2019,#2020),.UNSPECIFIED.,.F.,
  .F.,(2,2),(0.,1.),.PIECEWISE_BEZIER_KNOTS.);
#2019 = CARTESIAN_POINT('',(97.940911499578,29.14418738493,
    338.03768332655));
#2020 = CARTESIAN_POINT('',(97.965546310755,29.127291706285,
    338.19487003831));
#2021 = PCURVE('',#1363,#2022);
#2022 = DEFINITIONAL_REPRESENTATION('',(#2023),#2026);
#2023 = B_SPLINE_CURVE_WITH_KNOTS('',1,(#2024,#2025),.UNSPECIFIED.,.F.,
  .F.,(2,2),(0.,1.),.PIECEWISE_BEZIER_KNOTS.);
#2024 = CARTESIAN_POINT('',(2.27191458181,-0.208546393025));
#2025 = CARTESIAN_POINT('',(2.267853856087,-0.208599509678));
#2026 = ( GEOMETRIC_REPRESENTATION_CONTEXT(2) 
PARAMETRIC_REPRESENTATION_CONTEXT() REPRESENTATION_CONTEXT('2D SPACE',''
  ) );
#2027 = PCURVE('',#2028,#2033);
#2028 = PLANE('',#2029);
#2029 = AXIS2_PLACEMENT_3D('',#2030,#2031,#2032);
#2030 = CARTESIAN_POINT('',(97.912381156379,29.111400312209,
    338.20149954916));
#2031 = DIRECTION('',(-0.266836916167,0.952886101553,0.144243327877));
#2032 = DIRECTION('',(-0.154058365379,0.105570852191,-0.982405626625));
#2033 = DEFINITIONAL_REPRESENTATION('',(#2034),#2037);
#2034 = B_SPLINE_CURVE_WITH_KNOTS('',1,(#2035,#2036),.UNSPECIFIED.,.F.,
  .F.,(2,2),(0.,1.),.PIECEWISE_BEZIER_KNOTS.);
#2035 = CARTESIAN_POINT('',(0.16,-5.589926128653E-02));
#2036 = CARTESIAN_POINT('',(0.,-5.588399108524E-02));
#2037 = ( GEOMETRIC_REPRESENTATION_CONTEXT(2) 
PARAMETRIC_REPRESENTATION_CONTEXT() REPRESENTATION_CONTEXT('2D SPACE',''
  ) );
#2038 = ORIENTED_EDGE('',*,*,#2039,.T.);
#2039 = EDGE_CURVE('',#2015,#2040,#2042,.T.);
#2040 = VERTEX_POINT('',#2041);
#2041 = CARTESIAN_POINT('',(97.94094617783,29.250896517286,
    338.29344329448));
#2042 = SURFACE_CURVE('',#2043,(#2046,#2052),.PCURVE_S1.);
#2043 = B_SPLINE_CURVE_WITH_KNOTS('',1,(#2044,#2045),.UNSPECIFIED.,.F.,
  .F.,(2,2),(0.,1.),.PIECEWISE_BEZIER_KNOTS.);
#2044 = CARTESIAN_POINT('',(97.965546310755,29.127291706285,
    338.19487003831));
#2045 = CARTESIAN_POINT('',(97.94094617783,29.250896517286,
    338.29344329448));
#2046 = PCURVE('',#1363,#2047);
#2047 = DEFINITIONAL_REPRESENTATION('',(#2048),#2051);
#2048 = B_SPLINE_CURVE_WITH_KNOTS('',1,(#2049,#2050),.UNSPECIFIED.,.F.,
  .F.,(2,2),(0.,1.),.PIECEWISE_BEZIER_KNOTS.);
#2049 = CARTESIAN_POINT('',(2.267853856087,-0.208599509678));
#2050 = CARTESIAN_POINT('',(2.265307638011,-0.208312586927));
#2051 = ( GEOMETRIC_REPRESENTATION_CONTEXT(2) 
PARAMETRIC_REPRESENTATION_CONTEXT() REPRESENTATION_CONTEXT('2D SPACE',''
  ) );
#2052 = PCURVE('',#2053,#2058);
#2053 = PLANE('',#2054);
#2054 = AXIS2_PLACEMENT_3D('',#2055,#2056,#2057);
#2055 = CARTESIAN_POINT('',(97.887731817918,29.234990415371,
    338.3000789411));
#2056 = DIRECTION('',(-0.266836916167,0.567870090673,-0.77866656554));
#2057 = DIRECTION('',(0.154058365379,-0.772438144763,-0.61612119958));
#2058 = DEFINITIONAL_REPRESENTATION('',(#2059),#2062);
#2059 = B_SPLINE_CURVE_WITH_KNOTS('',1,(#2060,#2061),.UNSPECIFIED.,.F.,
  .F.,(2,2),(0.,1.),.PIECEWISE_BEZIER_KNOTS.);
#2060 = CARTESIAN_POINT('',(0.16,-5.588399108524E-02));
#2061 = CARTESIAN_POINT('',(-6.665779039849E-15,-5.593571296461E-02));
#2062 = ( GEOMETRIC_REPRESENTATION_CONTEXT(2) 
PARAMETRIC_REPRESENTATION_CONTEXT() REPRESENTATION_CONTEXT('2D SPACE',''
  ) );
#2063 = ORIENTED_EDGE('',*,*,#2064,.T.);
#2064 = EDGE_CURVE('',#2040,#2065,#2067,.T.);
#2065 = VERTEX_POINT('',#2066);
#2066 = CARTESIAN_POINT('',(97.891612830933,29.391367593728,
    338.23484210938));
#2067 = SURFACE_CURVE('',#2068,(#2071,#2077),.PCURVE_S1.);
#2068 = B_SPLINE_CURVE_WITH_KNOTS('',1,(#2069,#2070),.UNSPECIFIED.,.F.,
  .F.,(2,2),(0.,1.),.PIECEWISE_BEZIER_KNOTS.);
#2069 = CARTESIAN_POINT('',(97.94094617783,29.250896517286,
    338.29344329448));
#2070 = CARTESIAN_POINT('',(97.891612830933,29.391367593728,
    338.23484210938));
#2071 = PCURVE('',#1363,#2072);
#2072 = DEFINITIONAL_REPRESENTATION('',(#2073),#2076);
#2073 = B_SPLINE_CURVE_WITH_KNOTS('',1,(#2074,#2075),.UNSPECIFIED.,.F.,
  .F.,(2,2),(0.,1.),.PIECEWISE_BEZIER_KNOTS.);
#2074 = CARTESIAN_POINT('',(2.265307638011,-0.208312586927));
#2075 = CARTESIAN_POINT('',(2.266821320865,-0.207972879805));
#2076 = ( GEOMETRIC_REPRESENTATION_CONTEXT(2) 
PARAMETRIC_REPRESENTATION_CONTEXT() REPRESENTATION_CONTEXT('2D SPACE',''
  ) );
#2077 = PCURVE('',#2078,#2083);
#2078 = PLANE('',#2079);
#2079 = AXIS2_PLACEMENT_3D('',#2080,#2081,#2082);
#2080 = CARTESIAN_POINT('',(97.838433140997,29.375471854884,
    338.24147343277));
#2081 = DIRECTION('',(-3.794187186656E-14,-0.38501601088,-0.922909893416
    ));
#2082 = DIRECTION('',(0.308116730758,-0.878008996954,0.366284427045));
#2083 = DEFINITIONAL_REPRESENTATION('',(#2084),#2087);
#2084 = B_SPLINE_CURVE_WITH_KNOTS('',1,(#2085,#2086),.UNSPECIFIED.,.F.,
  .F.,(2,2),(0.,1.),.PIECEWISE_BEZIER_KNOTS.);
#2085 = CARTESIAN_POINT('',(0.16,-5.593571296463E-02));
#2086 = CARTESIAN_POINT('',(0.,-5.58992699857E-02));
#2087 = ( GEOMETRIC_REPRESENTATION_CONTEXT(2) 
PARAMETRIC_REPRESENTATION_CONTEXT() REPRESENTATION_CONTEXT('2D SPACE',''
  ) );
#2088 = ORIENTED_EDGE('',*,*,#2089,.F.);
#2089 = EDGE_CURVE('',#1965,#2065,#2090,.T.);
#2090 = SURFACE_CURVE('',#2091,(#2094,#2100),.PCURVE_S1.);
#2091 = B_SPLINE_CURVE_WITH_KNOTS('',1,(#2092,#2093),.UNSPECIFIED.,.F.,
  .F.,(2,2),(0.,1.),.PIECEWISE_BEZIER_KNOTS.);
#2092 = CARTESIAN_POINT('',(97.866948950001,29.408254583244,
    338.07765902252));
#2093 = CARTESIAN_POINT('',(97.891612830933,29.391367593728,
    338.23484210938));
#2094 = PCURVE('',#1363,#2095);
#2095 = DEFINITIONAL_REPRESENTATION('',(#2096),#2099);
#2096 = B_SPLINE_CURVE_WITH_KNOTS('',1,(#2097,#2098),.UNSPECIFIED.,.F.,
  .F.,(2,2),(0.,1.),.PIECEWISE_BEZIER_KNOTS.);
#2097 = CARTESIAN_POINT('',(2.270881802675,-0.207919756635));
#2098 = CARTESIAN_POINT('',(2.266821320865,-0.207972879805));
#2099 = ( GEOMETRIC_REPRESENTATION_CONTEXT(2) 
PARAMETRIC_REPRESENTATION_CONTEXT() REPRESENTATION_CONTEXT('2D SPACE',''
  ) );
#2100 = PCURVE('',#2101,#2106);
#2101 = PLANE('',#2102);
#2102 = AXIS2_PLACEMENT_3D('',#2103,#2104,#2105);
#2103 = CARTESIAN_POINT('',(97.813783802536,29.392363191234,
    338.08428853251));
#2104 = DIRECTION('',(0.266836916167,-0.952886101553,-0.144243327877));
#2105 = DIRECTION('',(0.154058365379,-0.105570852191,0.982405626625));
#2106 = DEFINITIONAL_REPRESENTATION('',(#2107),#2110);
#2107 = B_SPLINE_CURVE_WITH_KNOTS('',1,(#2108,#2109),.UNSPECIFIED.,.F.,
  .F.,(2,2),(0.,1.),.PIECEWISE_BEZIER_KNOTS.);
#2108 = CARTESIAN_POINT('',(-2.615269112383E-14,-5.588398382007E-02));
#2109 = CARTESIAN_POINT('',(0.16,-5.589926998571E-02));
#2110 = ( GEOMETRIC_REPRESENTATION_CONTEXT(2) 
PARAMETRIC_REPRESENTATION_CONTEXT() REPRESENTATION_CONTEXT('2D SPACE',''
  ) );
#2111 = FACE_BOUND('',#2112,.T.);
#2112 = EDGE_LOOP('',(#2113,#2114));
#2113 = ORIENTED_EDGE('',*,*,#1407,.T.);
#2114 = ORIENTED_EDGE('',*,*,#1307,.T.);
#2115 = FACE_BOUND('',#2116,.T.);
#2116 = EDGE_LOOP('',(#2117,#2162));
#2117 = ORIENTED_EDGE('',*,*,#2118,.T.);
#2118 = EDGE_CURVE('',#2119,#2121,#2123,.T.);
#2119 = VERTEX_POINT('',#2120);
#2120 = CARTESIAN_POINT('',(-69.85384887156,66.348353902363,
    416.18336198499));
#2121 = VERTEX_POINT('',#2122);
#2122 = CARTESIAN_POINT('',(-69.77683688791,66.490806133797,
    416.02916207289));
#2123 = SURFACE_CURVE('',#2124,(#2133,#2145),.PCURVE_S1.);
#2124 = B_SPLINE_CURVE_WITH_KNOTS('',7,(#2125,#2126,#2127,#2128,#2129,
    #2130,#2131,#2132),.UNSPECIFIED.,.F.,.F.,(8,8),(0.,1.),
  .PIECEWISE_BEZIER_KNOTS.);
#2125 = CARTESIAN_POINT('',(-69.85384887156,66.348353902363,
    416.18336198499));
#2126 = CARTESIAN_POINT('',(-69.86064488775,66.35483037489,
    416.14926664523));
#2127 = CARTESIAN_POINT('',(-69.8611574257,66.36791549172,
    416.11516131941));
#2128 = CARTESIAN_POINT('',(-69.85483165881,66.387097722031,
    416.08378641063));
#2129 = CARTESIAN_POINT('',(-69.84189111265,66.411049316606,
    416.05786778264));
#2130 = CARTESIAN_POINT('',(-69.82340272255,66.437785147018,
    416.03954634587));
#2131 = CARTESIAN_POINT('',(-69.80106787376,66.465060026167,
    416.02996028163));
#2132 = CARTESIAN_POINT('',(-69.77683688791,66.490806133797,
    416.02916207289));
#2133 = PCURVE('',#1363,#2134);
#2134 = DEFINITIONAL_REPRESENTATION('',(#2135),#2144);
#2135 = B_SPLINE_CURVE_WITH_KNOTS('',7,(#2136,#2137,#2138,#2139,#2140,
    #2141,#2142,#2143),.UNSPECIFIED.,.F.,.F.,(8,8),(0.,1.),
  .PIECEWISE_BEZIER_KNOTS.);
#2136 = CARTESIAN_POINT('',(0.250143194411,0.144523500438));
#2137 = CARTESIAN_POINT('',(0.251060848421,0.144523471645));
#2138 = CARTESIAN_POINT('',(0.251978696174,0.14450660216));
#2139 = CARTESIAN_POINT('',(0.252822981616,0.144472878065));
#2140 = CARTESIAN_POINT('',(0.253520375455,0.144424373188));
#2141 = CARTESIAN_POINT('',(0.254013330892,0.144365110201));
#2142 = CARTESIAN_POINT('',(0.254271252029,0.144300251289));
#2143 = CARTESIAN_POINT('',(0.254292728505,0.144235033353));
#2144 = ( GEOMETRIC_REPRESENTATION_CONTEXT(2) 
PARAMETRIC_REPRESENTATION_CONTEXT() REPRESENTATION_CONTEXT('2D SPACE',''
  ) );
#2145 = PCURVE('',#2146,#2151);
#2146 = CYLINDRICAL_SURFACE('',#2147,0.16);
#2147 = AXIS2_PLACEMENT_3D('',#2148,#2149,#2150);
#2148 = CARTESIAN_POINT('',(-69.70447193284,66.427019132165,
    416.16853020612));
#2149 = DIRECTION('',(-0.697948042759,0.665131041152,0.265460407038));
#2150 = DIRECTION('',(-0.689882821079,-0.723921054522,0.));
#2151 = DEFINITIONAL_REPRESENTATION('',(#2152),#2161);
#2152 = B_SPLINE_CURVE_WITH_KNOTS('',7,(#2153,#2154,#2155,#2156,#2157,
    #2158,#2159,#2160),.UNSPECIFIED.,.F.,.F.,(8,8),(0.,1.),
  .PIECEWISE_BEZIER_KNOTS.);
#2153 = CARTESIAN_POINT('',(6.28318530718,5.587190586728E-02));
#2154 = CARTESIAN_POINT('',(6.062159403215,5.587191221101E-02));
#2155 = CARTESIAN_POINT('',(5.841056243576,5.58793407744E-02));
#2156 = CARTESIAN_POINT('',(5.620003112817,5.589418492048E-02));
#2157 = CARTESIAN_POINT('',(5.398987040442,5.591293555429E-02));
#2158 = CARTESIAN_POINT('',(5.177937488507,5.592821452735E-02));
#2159 = CARTESIAN_POINT('',(4.95683470143,5.593629877952E-02));
#2160 = CARTESIAN_POINT('',(4.735807282446,5.593697218353E-02));
#2161 = ( GEOMETRIC_REPRESENTATION_CONTEXT(2) 
PARAMETRIC_REPRESENTATION_CONTEXT() REPRESENTATION_CONTEXT('2D SPACE',''
  ) );
#2162 = ORIENTED_EDGE('',*,*,#2163,.T.);
#2163 = EDGE_CURVE('',#2121,#2119,#2164,.T.);
#2164 = SURFACE_CURVE('',#2165,(#2189,#2216),.PCURVE_S1.);
#2165 = B_SPLINE_CURVE_WITH_KNOTS('',8,(#2166,#2167,#2168,#2169,#2170,
    #2171,#2172,#2173,#2174,#2175,#2176,#2177,#2178,#2179,#2180,#2181,
    #2182,#2183,#2184,#2185,#2186,#2187,#2188),.UNSPECIFIED.,.F.,.F.,(9,
    7,7,9),(0.,9.532860483691E-02,0.550607045945,1.),.UNSPECIFIED.);
#2166 = CARTESIAN_POINT('',(-69.77683688791,66.490806133797,
    416.02916207289));
#2167 = CARTESIAN_POINT('',(-69.77065239927,66.497377327845,
    416.02895834561));
#2168 = CARTESIAN_POINT('',(-69.7643463736,66.503851539738,
    416.02931537879));
#2169 = CARTESIAN_POINT('',(-69.75794880848,66.510196877161,
    416.03023419684));
#2170 = CARTESIAN_POINT('',(-69.75149052652,66.516382149775,
    416.03171194839));
#2171 = CARTESIAN_POINT('',(-69.74500286542,66.522377160681,
    416.03374198654));
#2172 = CARTESIAN_POINT('',(-69.7385173681,66.528152997893,
    416.03631394921));
#2173 = CARTESIAN_POINT('',(-69.73206547289,66.533682325805,
    416.03941383945));
#2174 = CARTESIAN_POINT('',(-69.69517334071,66.564048179043,
    416.06026632176));
#2175 = CARTESIAN_POINT('',(-69.66610775667,66.582981803456,
    416.08916926491));
#2176 = CARTESIAN_POINT('',(-69.64191465982,66.592898789943,
    416.12784875529));
#2177 = CARTESIAN_POINT('',(-69.62578349042,66.59198875859,
    416.17249348093));
#2178 = CARTESIAN_POINT('',(-69.61974088561,66.580149551635,
    416.21806777525));
#2179 = CARTESIAN_POINT('',(-69.62426448673,66.558934118396,
    416.2594001597));
#2180 = CARTESIAN_POINT('',(-69.6381417635,66.531281357986,
    416.29227743378));
#2181 = CARTESIAN_POINT('',(-69.67960187609,66.470378890146,
    416.33598423493));
#2182 = CARTESIAN_POINT('',(-69.70704414644,66.437148937677,
    416.3471343611));
#2183 = CARTESIAN_POINT('',(-69.73910483466,66.40423448771,
    416.34530873103));
#2184 = CARTESIAN_POINT('',(-69.77245965181,66.375397745685,
    416.32980491416));
#2185 = CARTESIAN_POINT('',(-69.80340050533,66.353950181029,
    416.30209761266));
#2186 = CARTESIAN_POINT('',(-69.82856989861,66.342128844296,
    416.26546241405));
#2187 = CARTESIAN_POINT('',(-69.84567147771,66.340561003533,
    416.22438764088));
#2188 = CARTESIAN_POINT('',(-69.85384887156,66.348353902363,
    416.18336198499));
#2189 = PCURVE('',#1363,#2190);
#2190 = DEFINITIONAL_REPRESENTATION('',(#2191),#2215);
#2191 = B_SPLINE_CURVE_WITH_KNOTS('',8,(#2192,#2193,#2194,#2195,#2196,
    #2197,#2198,#2199,#2200,#2201,#2202,#2203,#2204,#2205,#2206,#2207,
    #2208,#2209,#2210,#2211,#2212,#2213,#2214),.UNSPECIFIED.,.F.,.F.,(9,
    7,7,9),(0.,9.532860483691E-02,0.550607045945,1.),.UNSPECIFIED.);
#2192 = CARTESIAN_POINT('',(0.254292728505,0.144235033353));
#2193 = CARTESIAN_POINT('',(0.254298209959,0.144218387741));
#2194 = CARTESIAN_POINT('',(0.254288603677,0.144201717766));
#2195 = CARTESIAN_POINT('',(0.254263882128,0.144185104089));
#2196 = CARTESIAN_POINT('',(0.254224121954,0.144168627464));
#2197 = CARTESIAN_POINT('',(0.254169501822,0.144152367953));
#2198 = CARTESIAN_POINT('',(0.254100300276,0.144136404158));
#2199 = CARTESIAN_POINT('',(0.254016893581,0.144120812437));
#2200 = CARTESIAN_POINT('',(0.253455824102,0.144033329127));
#2201 = CARTESIAN_POINT('',(0.252678125378,0.14397106911));
#2202 = CARTESIAN_POINT('',(0.251637309532,0.143927034052));
#2203 = CARTESIAN_POINT('',(0.250435853022,0.143907685723));
#2204 = CARTESIAN_POINT('',(0.2492091886,0.14391574754));
#2205 = CARTESIAN_POINT('',(0.248096568955,0.143949790277));
#2206 = CARTESIAN_POINT('',(0.247211490654,0.144004364157));
#2207 = CARTESIAN_POINT('',(0.246034833425,0.144138492835));
#2208 = CARTESIAN_POINT('',(0.245734624384,0.144217841572));
#2209 = CARTESIAN_POINT('',(0.245783763642,0.144302679204));
#2210 = CARTESIAN_POINT('',(0.246201200248,0.144383736683));
#2211 = CARTESIAN_POINT('',(0.246947182794,0.144451833922));
#2212 = CARTESIAN_POINT('',(0.247933407941,0.144499685305));
#2213 = CARTESIAN_POINT('',(0.249039015426,0.144523535083));
#2214 = CARTESIAN_POINT('',(0.250143194411,0.144523500438));
#2215 = ( GEOMETRIC_REPRESENTATION_CONTEXT(2) 
PARAMETRIC_REPRESENTATION_CONTEXT() REPRESENTATION_CONTEXT('2D SPACE',''
  ) );
#2216 = PCURVE('',#2146,#2217);
#2217 = DEFINITIONAL_REPRESENTATION('',(#2218),#2242);
#2218 = B_SPLINE_CURVE_WITH_KNOTS('',8,(#2219,#2220,#2221,#2222,#2223,
    #2224,#2225,#2226,#2227,#2228,#2229,#2230,#2231,#2232,#2233,#2234,
    #2235,#2236,#2237,#2238,#2239,#2240,#2241),.UNSPECIFIED.,.F.,.F.,(9,
    7,7,9),(0.,9.532860483691E-02,0.550607045945,1.),.UNSPECIFIED.);
#2219 = CARTESIAN_POINT('',(4.735807282446,5.593697218353E-02));
#2220 = CARTESIAN_POINT('',(4.679394325552,5.593714405683E-02));
#2221 = CARTESIAN_POINT('',(4.62298130291,5.593684324839E-02));
#2222 = CARTESIAN_POINT('',(4.566568321773,5.5936065902E-02));
#2223 = CARTESIAN_POINT('',(4.510155356477,5.593482198887E-02));
#2224 = CARTESIAN_POINT('',(4.453742320596,5.593313421632E-02));
#2225 = CARTESIAN_POINT('',(4.397329139093,5.593103693643E-02));
#2226 = CARTESIAN_POINT('',(4.340915820477,5.592857505469E-02));
#2227 = CARTESIAN_POINT('',(4.015079143778,5.59125636316E-02));
#2228 = CARTESIAN_POINT('',(3.745347449636,5.589222451049E-02));
#2229 = CARTESIAN_POINT('',(3.475766539878,5.587066871967E-02));
#2230 = CARTESIAN_POINT('',(3.206381671718,5.585806755163E-02));
#2231 = CARTESIAN_POINT('',(2.937011253538,5.586419001736E-02));
#2232 = CARTESIAN_POINT('',(2.667467397291,5.588249696857E-02));
#2233 = CARTESIAN_POINT('',(2.397774898446,5.590302036689E-02));
#2234 = CARTESIAN_POINT('',(1.862374383486,5.593432818572E-02));
#2235 = CARTESIAN_POINT('',(1.596151328037,5.594525121616E-02));
#2236 = CARTESIAN_POINT('',(1.330090250665,5.594489092449E-02));
#2237 = CARTESIAN_POINT('',(1.064207423472,5.592895849124E-02));
#2238 = CARTESIAN_POINT('',(0.798308265172,5.590343410261E-02));
#2239 = CARTESIAN_POINT('',(0.532207773188,5.588243013617E-02));
#2240 = CARTESIAN_POINT('',(0.26595226044,5.58718982341E-02));
#2241 = CARTESIAN_POINT('',(0.,5.587190586728E-02));
#2242 = ( GEOMETRIC_REPRESENTATION_CONTEXT(2) 
PARAMETRIC_REPRESENTATION_CONTEXT() REPRESENTATION_CONTEXT('2D SPACE',''
  ) );
#2243 = FACE_BOUND('',#2244,.T.);
#2244 = EDGE_LOOP('',(#2245,#2290));
#2245 = ORIENTED_EDGE('',*,*,#2246,.T.);
#2246 = EDGE_CURVE('',#2247,#2249,#2251,.T.);
#2247 = VERTEX_POINT('',#2248);
#2248 = CARTESIAN_POINT('',(-97.15219278798,28.872397718056,
    392.59735702742));
#2249 = VERTEX_POINT('',#2250);
#2250 = CARTESIAN_POINT('',(-97.12922984069,29.032895117971,
    392.43916205566));
#2251 = SURFACE_CURVE('',#2252,(#2261,#2273),.PCURVE_S1.);
#2252 = B_SPLINE_CURVE_WITH_KNOTS('',7,(#2253,#2254,#2255,#2256,#2257,
    #2258,#2259,#2260),.UNSPECIFIED.,.F.,.F.,(8,8),(0.,1.),
  .PIECEWISE_BEZIER_KNOTS.);
#2253 = CARTESIAN_POINT('',(-97.15219278798,28.872397718056,
    392.59735702742));
#2254 = CARTESIAN_POINT('',(-97.15733828973,28.873935740413,
    392.5618106699));
#2255 = CARTESIAN_POINT('',(-97.15979366509,28.884505145652,
    392.52625344265));
#2256 = CARTESIAN_POINT('',(-97.1591280092,28.903990060734,
    392.49363760425));
#2257 = CARTESIAN_POINT('',(-97.15525423353,28.931120954029,
    392.46689806823));
#2258 = CARTESIAN_POINT('',(-97.14849764467,28.963576117102,
    392.4483226306));
#2259 = CARTESIAN_POINT('',(-97.13953664712,28.998454738133,
    392.43908405913));
#2260 = CARTESIAN_POINT('',(-97.12922984069,29.032895117971,
    392.43916205566));
#2261 = PCURVE('',#1363,#2262);
#2262 = DEFINITIONAL_REPRESENTATION('',(#2263),#2272);
#2263 = B_SPLINE_CURVE_WITH_KNOTS('',7,(#2264,#2265,#2266,#2267,#2268,
    #2269,#2270,#2271),.UNSPECIFIED.,.F.,.F.,(8,8),(0.,1.),
  .PIECEWISE_BEZIER_KNOTS.);
#2264 = CARTESIAN_POINT('',(0.872224993692,0.239667270423));
#2265 = CARTESIAN_POINT('',(0.873147136376,0.239667250863));
#2266 = CARTESIAN_POINT('',(0.874069519468,0.239645489548));
#2267 = CARTESIAN_POINT('',(0.87491555564,0.2396019643));
#2268 = CARTESIAN_POINT('',(0.87560912786,0.239539440092));
#2269 = CARTESIAN_POINT('',(0.876090928733,0.239463284057));
#2270 = CARTESIAN_POINT('',(0.876330554413,0.239380354225));
#2271 = CARTESIAN_POINT('',(0.876328531376,0.239297529301));
#2272 = ( GEOMETRIC_REPRESENTATION_CONTEXT(2) 
PARAMETRIC_REPRESENTATION_CONTEXT() REPRESENTATION_CONTEXT('2D SPACE',''
  ) );
#2273 = PCURVE('',#2274,#2279);
#2274 = CYLINDRICAL_SURFACE('',#2275,0.16);
#2275 = AXIS2_PLACEMENT_3D('',#2276,#2277,#2278);
#2276 = CARTESIAN_POINT('',(-97.05343695829,29.00987368856,
    392.58900998385));
#2277 = DIRECTION('',(-0.947362984369,0.283172666266,0.149387472458));
#2278 = DIRECTION('',(-0.28638628318,-0.958114239956,-6.938893903907E-18
    ));
#2279 = DEFINITIONAL_REPRESENTATION('',(#2280),#2289);
#2280 = B_SPLINE_CURVE_WITH_KNOTS('',7,(#2281,#2282,#2283,#2284,#2285,
    #2286,#2287,#2288),.UNSPECIFIED.,.F.,.F.,(8,8),(0.,1.),
  .PIECEWISE_BEZIER_KNOTS.);
#2281 = CARTESIAN_POINT('',(6.28318530718,5.587512416947E-02));
#2282 = CARTESIAN_POINT('',(6.058499308083,5.587512744858E-02));
#2283 = CARTESIAN_POINT('',(5.83373817891,5.588242153298E-02));
#2284 = CARTESIAN_POINT('',(5.609033111093,5.589700147541E-02));
#2285 = CARTESIAN_POINT('',(5.384363059187,5.591530548884E-02));
#2286 = CARTESIAN_POINT('',(5.159650679593,5.592984068081E-02));
#2287 = CARTESIAN_POINT('',(4.934879700124,5.593706857752E-02));
#2288 = CARTESIAN_POINT('',(4.710194494494,5.593700756631E-02));
#2289 = ( GEOMETRIC_REPRESENTATION_CONTEXT(2) 
PARAMETRIC_REPRESENTATION_CONTEXT() REPRESENTATION_CONTEXT('2D SPACE',''
  ) );
#2290 = ORIENTED_EDGE('',*,*,#2291,.T.);
#2291 = EDGE_CURVE('',#2249,#2247,#2292,.T.);
#2292 = SURFACE_CURVE('',#2293,(#2317,#2344),.PCURVE_S1.);
#2293 = B_SPLINE_CURVE_WITH_KNOTS('',8,(#2294,#2295,#2296,#2297,#2298,
    #2299,#2300,#2301,#2302,#2303,#2304,#2305,#2306,#2307,#2308,#2309,
    #2310,#2311,#2312,#2313,#2314,#2315,#2316),.UNSPECIFIED.,.F.,.F.,(9,
    7,7,9),(0.,8.803464578057E-02,0.529072733847,1.),.UNSPECIFIED.);
#2294 = CARTESIAN_POINT('',(-97.12922984069,29.032895117971,
    392.43916205566));
#2295 = CARTESIAN_POINT('',(-97.12685300485,29.040837357849,
    392.43918004232));
#2296 = CARTESIAN_POINT('',(-97.12440585038,29.048757465976,
    392.43968337631));
#2297 = CARTESIAN_POINT('',(-97.12189810191,29.056622934292,
    392.44067200781));
#2298 = CARTESIAN_POINT('',(-97.11933989394,29.064401405612,
    392.44214306381));
#2299 = CARTESIAN_POINT('',(-97.11674168255,29.072060936661,
    392.44409090474));
#2300 = CARTESIAN_POINT('',(-97.1141141571,29.079570261099,
    392.44650718095));
#2301 = CARTESIAN_POINT('',(-97.11146815194,29.086899052553,
    392.44938088937));
#2302 = CARTESIAN_POINT('',(-97.09552051989,29.129683802063,
    392.46931872496));
#2303 = CARTESIAN_POINT('',(-97.08202278469,29.160122928224,
    392.49709491172));
#2304 = CARTESIAN_POINT('',(-97.06970884313,29.181602154612,
    392.53433776547));
#2305 = CARTESIAN_POINT('',(-97.05999384879,29.191206544042,
    392.5776551961));
#2306 = CARTESIAN_POINT('',(-97.05397013589,29.187690625794,
    392.6225377801));
#2307 = CARTESIAN_POINT('',(-97.05219893417,29.171662640218,
    392.66424794137));
#2308 = CARTESIAN_POINT('',(-97.05458637592,29.145530217947,
    392.69876408251));
#2309 = CARTESIAN_POINT('',(-97.06681881686,29.077690783582,
    392.74999783386));
#2310 = CARTESIAN_POINT('',(-97.0771707548,29.03497859545,
    392.76540365305));
#2311 = CARTESIAN_POINT('',(-97.09081972401,28.98871184038,
    392.76656766506));
#2312 = CARTESIAN_POINT('',(-97.10632049171,28.944360204374,
    392.75224503601));
#2313 = CARTESIAN_POINT('',(-97.12182021239,28.90738175077,
    392.72387285041));
#2314 = CARTESIAN_POINT('',(-97.13547611897,28.882062929367,
    392.68512013905));
#2315 = CARTESIAN_POINT('',(-97.14584512837,28.870500363266,
    392.64120817916));
#2316 = CARTESIAN_POINT('',(-97.15219278798,28.872397718056,
    392.59735702742));
#2317 = PCURVE('',#1363,#2318);
#2318 = DEFINITIONAL_REPRESENTATION('',(#2319),#2343);
#2319 = B_SPLINE_CURVE_WITH_KNOTS('',8,(#2320,#2321,#2322,#2323,#2324,
    #2325,#2326,#2327,#2328,#2329,#2330,#2331,#2332,#2333,#2334,#2335,
    #2336,#2337,#2338,#2339,#2340,#2341,#2342),.UNSPECIFIED.,.F.,.F.,(9,
    7,7,9),(0.,8.803464578057E-02,0.529072733847,1.),.UNSPECIFIED.);
#2320 = CARTESIAN_POINT('',(0.876328531376,0.239297529301));
#2321 = CARTESIAN_POINT('',(0.876328064847,0.239278429181));
#2322 = CARTESIAN_POINT('',(0.876315009608,0.239259332845));
#2323 = CARTESIAN_POINT('',(0.876289366952,0.239240318413));
#2324 = CARTESIAN_POINT('',(0.876251211359,0.239221463912));
#2325 = CARTESIAN_POINT('',(0.87620068903,0.239202846638));
#2326 = CARTESIAN_POINT('',(0.876138016425,0.239184542524));
#2327 = CARTESIAN_POINT('',(0.876063478801,0.239166625506));
#2328 = CARTESIAN_POINT('',(0.875546333103,0.239061702282));
#2329 = CARTESIAN_POINT('',(0.87482586816,0.238985655619));
#2330 = CARTESIAN_POINT('',(0.873859827856,0.238930162398));
#2331 = CARTESIAN_POINT('',(0.872736161461,0.238902561901));
#2332 = CARTESIAN_POINT('',(0.871571803732,0.238906307148));
#2333 = CARTESIAN_POINT('',(0.870489678076,0.238940454952));
#2334 = CARTESIAN_POINT('',(0.869594158026,0.238999659565));
#2335 = CARTESIAN_POINT('',(0.868264870656,0.239157419168));
#2336 = CARTESIAN_POINT('',(0.867865135776,0.239258531136));
#2337 = CARTESIAN_POINT('',(0.867834922151,0.239369716045));
#2338 = CARTESIAN_POINT('',(0.868206559213,0.239477953092));
#2339 = CARTESIAN_POINT('',(0.86894273773,0.239569929701));
#2340 = CARTESIAN_POINT('',(0.869948183237,0.239634907789));
#2341 = CARTESIAN_POINT('',(0.871087408252,0.239667294554));
#2342 = CARTESIAN_POINT('',(0.872224993692,0.239667270423));
#2343 = ( GEOMETRIC_REPRESENTATION_CONTEXT(2) 
PARAMETRIC_REPRESENTATION_CONTEXT() REPRESENTATION_CONTEXT('2D SPACE',''
  ) );
#2344 = PCURVE('',#2274,#2345);
#2345 = DEFINITIONAL_REPRESENTATION('',(#2346),#2370);
#2346 = B_SPLINE_CURVE_WITH_KNOTS('',8,(#2347,#2348,#2349,#2350,#2351,
    #2352,#2353,#2354,#2355,#2356,#2357,#2358,#2359,#2360,#2361,#2362,
    #2363,#2364,#2365,#2366,#2367,#2368,#2369),.UNSPECIFIED.,.F.,.F.,(9,
    7,7,9),(0.,8.803464578057E-02,0.529072733847,1.),.UNSPECIFIED.);
#2347 = CARTESIAN_POINT('',(4.710194494494,5.593700756631E-02));
#2348 = CARTESIAN_POINT('',(4.658380205322,5.593699349662E-02));
#2349 = CARTESIAN_POINT('',(4.606565855961,5.593659985918E-02));
#2350 = CARTESIAN_POINT('',(4.554751520492,5.593582657856E-02));
#2351 = CARTESIAN_POINT('',(4.502937184417,5.593468284693E-02));
#2352 = CARTESIAN_POINT('',(4.451122791473,5.593318641475E-02));
#2353 = CARTESIAN_POINT('',(4.399308290447,5.593136288157E-02));
#2354 = CARTESIAN_POINT('',(4.347493681989,5.592924498666E-02));
#2355 = CARTESIAN_POINT('',(4.036096951803,5.591498315211E-02));
#2356 = CARTESIAN_POINT('',(3.776255057782,5.589667130597E-02));
#2357 = CARTESIAN_POINT('',(3.516551231384,5.587684447189E-02));
#2358 = CARTESIAN_POINT('',(3.257007132941,5.586400048284E-02));
#2359 = CARTESIAN_POINT('',(2.997463772322,5.586664168333E-02));
#2360 = CARTESIAN_POINT('',(2.737765932933,5.588095889377E-02));
#2361 = CARTESIAN_POINT('',(2.477947422304,5.589902422797E-02));
#2362 = CARTESIAN_POINT('',(1.941148543759,5.593099309718E-02));
#2363 = CARTESIAN_POINT('',(1.663638993316,5.594454811327E-02));
#2364 = CARTESIAN_POINT('',(1.386315606353,5.594748473997E-02));
#2365 = CARTESIAN_POINT('',(1.109212791915,5.593354591019E-02));
#2366 = CARTESIAN_POINT('',(0.832096871158,5.590767115794E-02));
#2367 = CARTESIAN_POINT('',(0.55473801146,5.588600379911E-02));
#2368 = CARTESIAN_POINT('',(0.277180013083,5.587512012426E-02));
#2369 = CARTESIAN_POINT('',(0.,5.587512416947E-02));
#2370 = ( GEOMETRIC_REPRESENTATION_CONTEXT(2) 
PARAMETRIC_REPRESENTATION_CONTEXT() REPRESENTATION_CONTEXT('2D SPACE',''
  ) );
#2371 = FACE_BOUND('',#2372,.T.);
#2372 = EDGE_LOOP('',(#2373,#2418));
#2373 = ORIENTED_EDGE('',*,*,#2374,.T.);
#2374 = EDGE_CURVE('',#2375,#2377,#2379,.T.);
#2375 = VERTEX_POINT('',#2376);
#2376 = CARTESIAN_POINT('',(-25.45244711988,94.565343459139,
    314.44620539895));
#2377 = VERTEX_POINT('',#2378);
#2378 = CARTESIAN_POINT('',(-25.61691861163,94.559842710282,
    314.6017011701));
#2379 = SURFACE_CURVE('',#2380,(#2389,#2401),.PCURVE_S1.);
#2380 = B_SPLINE_CURVE_WITH_KNOTS('',7,(#2381,#2382,#2383,#2384,#2385,
    #2386,#2387,#2388),.UNSPECIFIED.,.F.,.F.,(8,8),(0.,1.),
  .PIECEWISE_BEZIER_KNOTS.);
#2381 = CARTESIAN_POINT('',(-25.45244711988,94.565343459139,
    314.44620539895));
#2382 = CARTESIAN_POINT('',(-25.45465674907,94.573499934836,
    314.48112401937));
#2383 = CARTESIAN_POINT('',(-25.46595301825,94.579205687569,
    314.51605404454));
#2384 = CARTESIAN_POINT('',(-25.48616613901,94.581780056349,
    314.54809730329));
#2385 = CARTESIAN_POINT('',(-25.51396322385,94.580857656732,
    314.57437199912));
#2386 = CARTESIAN_POINT('',(-25.54696738224,94.576512381662,
    314.59263755204));
#2387 = CARTESIAN_POINT('',(-25.58224460907,94.569246371421,
    314.60174212368));
#2388 = CARTESIAN_POINT('',(-25.61691861163,94.559842710282,
    314.6017011701));
#2389 = PCURVE('',#1363,#2390);
#2390 = DEFINITIONAL_REPRESENTATION('',(#2391),#2400);
#2391 = B_SPLINE_CURVE_WITH_KNOTS('',7,(#2392,#2393,#2394,#2395,#2396,
    #2397,#2398,#2399),.UNSPECIFIED.,.F.,.F.,(8,8),(0.,1.),
  .PIECEWISE_BEZIER_KNOTS.);
#2392 = CARTESIAN_POINT('',(2.89037969392,5.524598568481E-02));
#2393 = CARTESIAN_POINT('',(2.889447468949,5.524600723412E-02));
#2394 = CARTESIAN_POINT('',(2.888515010501,5.526071809358E-02));
#2395 = CARTESIAN_POINT('',(2.887659691159,5.529013330285E-02));
#2396 = CARTESIAN_POINT('',(2.886958411671,5.533238751388E-02));
#2397 = CARTESIAN_POINT('',(2.886470916294,5.53838723193E-02));
#2398 = CARTESIAN_POINT('',(2.886227921404,5.543997076632E-02));
#2399 = CARTESIAN_POINT('',(2.886229014427,5.549603607425E-02));
#2400 = ( GEOMETRIC_REPRESENTATION_CONTEXT(2) 
PARAMETRIC_REPRESENTATION_CONTEXT() REPRESENTATION_CONTEXT('2D SPACE',''
  ) );
#2401 = PCURVE('',#2402,#2407);
#2402 = CYLINDRICAL_SURFACE('',#2403,0.16);
#2403 = AXIS2_PLACEMENT_3D('',#2404,#2405,#2406);
#2404 = CARTESIAN_POINT('',(-25.59268079534,94.471090671268,
    314.4593475517));
#2405 = DIRECTION('',(-0.254143588637,0.938128451554,-0.235214890556));
#2406 = DIRECTION('',(0.965208941452,0.26147982588,-6.938893903907E-18)
  );
#2407 = DEFINITIONAL_REPRESENTATION('',(#2408),#2417);
#2408 = B_SPLINE_CURVE_WITH_KNOTS('',7,(#2409,#2410,#2411,#2412,#2413,
    #2414,#2415,#2416),.UNSPECIFIED.,.F.,.F.,(8,8),(0.,1.),
  .PIECEWISE_BEZIER_KNOTS.);
#2409 = CARTESIAN_POINT('',(6.28318530718,5.587296243222E-02));
#2410 = CARTESIAN_POINT('',(6.05864405534,5.587296795872E-02));
#2411 = CARTESIAN_POINT('',(5.834018465915,5.588050927533E-02));
#2412 = CARTESIAN_POINT('',(5.609451661087,5.589558132036E-02));
#2413 = CARTESIAN_POINT('',(5.384930052436,5.591450318826E-02));
#2414 = CARTESIAN_POINT('',(5.160373849163,5.592954223716E-02));
#2415 = CARTESIAN_POINT('',(4.935756857626,5.593704150224E-02));
#2416 = CARTESIAN_POINT('',(4.71121592196,5.593700777615E-02));
#2417 = ( GEOMETRIC_REPRESENTATION_CONTEXT(2) 
PARAMETRIC_REPRESENTATION_CONTEXT() REPRESENTATION_CONTEXT('2D SPACE',''
  ) );
#2418 = ORIENTED_EDGE('',*,*,#2419,.T.);
#2419 = EDGE_CURVE('',#2377,#2375,#2420,.T.);
#2420 = SURFACE_CURVE('',#2421,(#2445,#2472),.PCURVE_S1.);
#2421 = B_SPLINE_CURVE_WITH_KNOTS('',8,(#2422,#2423,#2424,#2425,#2426,
    #2427,#2428,#2429,#2430,#2431,#2432,#2433,#2434,#2435,#2436,#2437,
    #2438,#2439,#2440,#2441,#2442,#2443,#2444),.UNSPECIFIED.,.F.,.F.,(9,
    7,7,9),(0.,9.206917854398E-02,0.577493203125,1.),.UNSPECIFIED.);
#2422 = CARTESIAN_POINT('',(-25.61691861163,94.559842710282,
    314.6017011701));
#2423 = CARTESIAN_POINT('',(-25.62528843956,94.557572795654,
    314.60169128446));
#2424 = CARTESIAN_POINT('',(-25.63362452383,94.555180682081,
    314.60115938992));
#2425 = CARTESIAN_POINT('',(-25.64188937429,94.552676529077,
    314.60010550053));
#2426 = CARTESIAN_POINT('',(-25.65004574434,94.550071276533,
    314.59853295693));
#2427 = CARTESIAN_POINT('',(-25.65805696075,94.54737653625,
    314.59644835405));
#2428 = CARTESIAN_POINT('',(-25.66588725339,94.544604483476,
    314.59386146886));
#2429 = CARTESIAN_POINT('',(-25.673502085,94.541767748444,
    314.59078518817));
#2430 = CARTESIAN_POINT('',(-25.71970694604,94.523650341453,
    314.56851978323));
#2431 = CARTESIAN_POINT('',(-25.75169512063,94.50696235752,
    314.53661632489));
#2432 = CARTESIAN_POINT('',(-25.77188104859,94.490739728203,
    314.49382007705));
#2433 = CARTESIAN_POINT('',(-25.77661758454,94.477182063383,
    314.44491099829));
#2434 = CARTESIAN_POINT('',(-25.76496086641,94.468119715163,
    314.39612218002));
#2435 = CARTESIAN_POINT('',(-25.73873999565,94.464605139243,
    314.35367666385));
#2436 = CARTESIAN_POINT('',(-25.70227750356,94.466635479662,
    314.32228569933));
#2437 = CARTESIAN_POINT('',(-25.62475079423,94.479171619727,
    314.28841075569));
#2438 = CARTESIAN_POINT('',(-25.58483337754,94.488554788841,
    314.28268014252));
#2439 = CARTESIAN_POINT('',(-25.54450810333,94.50093761049,
    314.28851680873));
#2440 = CARTESIAN_POINT('',(-25.50771802691,94.515278857527,
    314.30603618026));
#2441 = CARTESIAN_POINT('',(-25.47813523901,94.530218067204,
    314.33375127297));
#2442 = CARTESIAN_POINT('',(-25.45846992064,94.544315087449,
    314.36880518616));
#2443 = CARTESIAN_POINT('',(-25.44999947219,94.556308378,314.40752538807
    ));
#2444 = CARTESIAN_POINT('',(-25.45244711988,94.565343459139,
    314.44620539895));
#2445 = PCURVE('',#1363,#2446);
#2446 = DEFINITIONAL_REPRESENTATION('',(#2447),#2471);
#2447 = B_SPLINE_CURVE_WITH_KNOTS('',8,(#2448,#2449,#2450,#2451,#2452,
    #2453,#2454,#2455,#2456,#2457,#2458,#2459,#2460,#2461,#2462,#2463,
    #2464,#2465,#2466,#2467,#2468,#2469,#2470),.UNSPECIFIED.,.F.,.F.,(9,
    7,7,9),(0.,9.206917854398E-02,0.577493203125,1.),.UNSPECIFIED.);
#2448 = CARTESIAN_POINT('',(2.886229014427,5.549603607425E-02));
#2449 = CARTESIAN_POINT('',(2.886229278268,5.550956946946E-02));
#2450 = CARTESIAN_POINT('',(2.886243474178,5.55231020848E-02));
#2451 = CARTESIAN_POINT('',(2.886271601777,5.553657337482E-02));
#2452 = CARTESIAN_POINT('',(2.886313571988,5.554992283725E-02));
#2453 = CARTESIAN_POINT('',(2.886369208951,5.556309055139E-02));
#2454 = CARTESIAN_POINT('',(2.886438251944,5.55760177166E-02));
#2455 = CARTESIAN_POINT('',(2.886520357305,5.558864719067E-02));
#2456 = CARTESIAN_POINT('',(2.88711462203,5.566565222552E-02));
#2457 = CARTESIAN_POINT('',(2.887966146728,5.572067069055E-02));
#2458 = CARTESIAN_POINT('',(2.889108469869,5.575773772076E-02));
#2459 = CARTESIAN_POINT('',(2.890414096056,5.577045505787E-02));
#2460 = CARTESIAN_POINT('',(2.89171672511,5.575662530889E-02));
#2461 = CARTESIAN_POINT('',(2.892850111538,5.571855693909E-02));
#2462 = CARTESIAN_POINT('',(2.89368836256,5.566277086149E-02));
#2463 = CARTESIAN_POINT('',(2.894592964928,5.554078805549E-02));
#2464 = CARTESIAN_POINT('',(2.894746010169,5.547678012594E-02));
#2465 = CARTESIAN_POINT('',(2.894590144825,5.541093312651E-02));
#2466 = CARTESIAN_POINT('',(2.89412226981,5.534962683545E-02));
#2467 = CARTESIAN_POINT('',(2.893382146733,5.529895761713E-02));
#2468 = CARTESIAN_POINT('',(2.892446138228,5.526359357125E-02));
#2469 = CARTESIAN_POINT('',(2.891412337009,5.524596181423E-02));
#2470 = CARTESIAN_POINT('',(2.89037969392,5.524598568481E-02));
#2471 = ( GEOMETRIC_REPRESENTATION_CONTEXT(2) 
PARAMETRIC_REPRESENTATION_CONTEXT() REPRESENTATION_CONTEXT('2D SPACE',''
  ) );
#2472 = PCURVE('',#2402,#2473);
#2473 = DEFINITIONAL_REPRESENTATION('',(#2474),#2498);
#2474 = B_SPLINE_CURVE_WITH_KNOTS('',8,(#2475,#2476,#2477,#2478,#2479,
    #2480,#2481,#2482,#2483,#2484,#2485,#2486,#2487,#2488,#2489,#2490,
    #2491,#2492,#2493,#2494,#2495,#2496,#2497),.UNSPECIFIED.,.F.,.F.,(9,
    7,7,9),(0.,9.206917854398E-02,0.577493203125,1.),.UNSPECIFIED.);
#2475 = CARTESIAN_POINT('',(4.71121592196,5.593700777615E-02));
#2476 = CARTESIAN_POINT('',(4.657014824436,5.593699963514E-02));
#2477 = CARTESIAN_POINT('',(4.602813655847,5.593656172121E-02));
#2478 = CARTESIAN_POINT('',(4.548612510667,5.593569377123E-02));
#2479 = CARTESIAN_POINT('',(4.494411372071,5.59344070626E-02));
#2480 = CARTESIAN_POINT('',(4.440210170681,5.593272346182E-02));
#2481 = CARTESIAN_POINT('',(4.386008843307,5.593067447285E-02));
#2482 = CARTESIAN_POINT('',(4.331807391685,5.592830028565E-02));
#2483 = CARTESIAN_POINT('',(3.991835104146,5.591166930482E-02));
#2484 = CARTESIAN_POINT('',(3.705653038913,5.588995472368E-02));
#2485 = CARTESIAN_POINT('',(3.419695383338,5.586748352748E-02));
#2486 = CARTESIAN_POINT('',(3.134001482446,5.585655627389E-02));
#2487 = CARTESIAN_POINT('',(2.848312401726,5.586828594428E-02));
#2488 = CARTESIAN_POINT('',(2.562371660967,5.589111352518E-02));
#2489 = CARTESIAN_POINT('',(2.276230127601,5.591274733177E-02));
#2490 = CARTESIAN_POINT('',(1.741679475778,5.593823203667E-02));
#2491 = CARTESIAN_POINT('',(1.492756766976,5.594401996919E-02));
#2492 = CARTESIAN_POINT('',(1.243942777894,5.593941656562E-02));
#2493 = CARTESIAN_POINT('',(0.995250407232,5.592256933878E-02));
#2494 = CARTESIAN_POINT('',(0.746546306213,5.59001886032E-02));
#2495 = CARTESIAN_POINT('',(0.497696488145,5.588198743752E-02));
#2496 = CARTESIAN_POINT('',(0.248728556892,5.58729563104E-02));
#2497 = CARTESIAN_POINT('',(0.,5.587296243222E-02));
#2498 = ( GEOMETRIC_REPRESENTATION_CONTEXT(2) 
PARAMETRIC_REPRESENTATION_CONTEXT() REPRESENTATION_CONTEXT('2D SPACE',''
  ) );
#2499 = FACE_BOUND('',#2500,.T.);
#2500 = EDGE_LOOP('',(#2501,#2546));
#2501 = ORIENTED_EDGE('',*,*,#2502,.T.);
#2502 = EDGE_CURVE('',#2503,#2505,#2507,.T.);
#2503 = VERTEX_POINT('',#2504);
#2504 = CARTESIAN_POINT('',(-74.05977711759,72.475689092203,
    360.27006986125));
#2505 = VERTEX_POINT('',#2506);
#2506 = CARTESIAN_POINT('',(-73.94667777979,72.588774093539,
    360.11007682241));
#2507 = SURFACE_CURVE('',#2508,(#2517,#2529),.PCURVE_S1.);
#2508 = B_SPLINE_CURVE_WITH_KNOTS('',7,(#2509,#2510,#2511,#2512,#2513,
    #2514,#2515,#2516),.UNSPECIFIED.,.F.,.F.,(8,8),(0.,1.),
  .PIECEWISE_BEZIER_KNOTS.);
#2509 = CARTESIAN_POINT('',(-74.05977711759,72.475689092203,
    360.27006986125));
#2510 = CARTESIAN_POINT('',(-74.05952858692,72.475445125043,
    360.23418145815));
#2511 = CARTESIAN_POINT('',(-74.05270553139,72.481908661227,
    360.1982824399));
#2512 = CARTESIAN_POINT('',(-74.03932095996,72.495107570183,
    360.16534176688));
#2513 = CARTESIAN_POINT('',(-74.02022072323,72.514216146305,
    360.138312027));
#2514 = CARTESIAN_POINT('',(-73.99702789043,72.537602517364,
    360.11949992044));
#2515 = CARTESIAN_POINT('',(-73.97181923062,72.563162563375,
    360.11009263092));
#2516 = CARTESIAN_POINT('',(-73.94667777979,72.588774093539,
    360.11007682241));
#2517 = PCURVE('',#1363,#2518);
#2518 = DEFINITIONAL_REPRESENTATION('',(#2519),#2528);
#2519 = B_SPLINE_CURVE_WITH_KNOTS('',7,(#2520,#2521,#2522,#2523,#2524,
    #2525,#2526,#2527),.UNSPECIFIED.,.F.,.F.,(8,8),(0.,1.),
  .PIECEWISE_BEZIER_KNOTS.);
#2520 = CARTESIAN_POINT('',(1.701679934498,0.141877017036));
#2521 = CARTESIAN_POINT('',(1.70259653959,0.141877017954));
#2522 = CARTESIAN_POINT('',(1.703513420015,0.141860994168));
#2523 = CARTESIAN_POINT('',(1.704354747318,0.141828927014));
#2524 = CARTESIAN_POINT('',(1.705045109203,0.14178283623));
#2525 = CARTESIAN_POINT('',(1.705525587075,0.141726656715));
#2526 = CARTESIAN_POINT('',(1.705765857588,0.141665434644));
#2527 = CARTESIAN_POINT('',(1.705766261351,0.141604240582));
#2528 = ( GEOMETRIC_REPRESENTATION_CONTEXT(2) 
PARAMETRIC_REPRESENTATION_CONTEXT() REPRESENTATION_CONTEXT('2D SPACE',''
  ) );
#2529 = PCURVE('',#2530,#2535);
#2530 = CYLINDRICAL_SURFACE('',#2531,0.16);
#2531 = AXIS2_PLACEMENT_3D('',#2532,#2533,#2534);
#2532 = CARTESIAN_POINT('',(-73.90782002127,72.55072860134,
    360.27061206456));
#2533 = DIRECTION('',(-0.713594630399,0.700491644139,-9.703605394465E-03
    ));
#2534 = DIRECTION('',(-0.7005246256,-0.713628228792,8.673617379884E-19)
  );
#2535 = DEFINITIONAL_REPRESENTATION('',(#2536),#2545);
#2536 = B_SPLINE_CURVE_WITH_KNOTS('',7,(#2537,#2538,#2539,#2540,#2541,
    #2542,#2543,#2544),.UNSPECIFIED.,.F.,.F.,(8,8),(0.,1.),
  .PIECEWISE_BEZIER_KNOTS.);
#2537 = CARTESIAN_POINT('',(6.28318530718,5.587648017896E-02));
#2538 = CARTESIAN_POINT('',(6.058872226868,5.587647997554E-02));
#2539 = CARTESIAN_POINT('',(5.834493581822,5.588358718579E-02));
#2540 = CARTESIAN_POINT('',(5.610169136732,5.589779760407E-02));
#2541 = CARTESIAN_POINT('',(5.385875303685,5.591565507231E-02));
#2542 = CARTESIAN_POINT('',(5.161536026603,5.592987689701E-02));
#2543 = CARTESIAN_POINT('',(4.937137726305,5.59369958912E-02));
#2544 = CARTESIAN_POINT('',(4.712829477436,5.593700785251E-02));
#2545 = ( GEOMETRIC_REPRESENTATION_CONTEXT(2) 
PARAMETRIC_REPRESENTATION_CONTEXT() REPRESENTATION_CONTEXT('2D SPACE',''
  ) );
#2546 = ORIENTED_EDGE('',*,*,#2547,.T.);
#2547 = EDGE_CURVE('',#2505,#2503,#2548,.T.);
#2548 = SURFACE_CURVE('',#2549,(#2573,#2600),.PCURVE_S1.);
#2549 = B_SPLINE_CURVE_WITH_KNOTS('',8,(#2550,#2551,#2552,#2553,#2554,
    #2555,#2556,#2557,#2558,#2559,#2560,#2561,#2562,#2563,#2564,#2565,
    #2566,#2567,#2568,#2569,#2570,#2571,#2572),.UNSPECIFIED.,.F.,.F.,(9,
    7,7,9),(0.,0.451833780931,0.695930149982,1.),.UNSPECIFIED.);
#2550 = CARTESIAN_POINT('',(-73.94667777979,72.588774093539,
    360.11007682241));
#2551 = CARTESIAN_POINT('',(-73.91684552847,72.619164129882,
    360.1100580644));
#2552 = CARTESIAN_POINT('',(-73.88706652596,72.649665347328,
    360.12299215826));
#2553 = CARTESIAN_POINT('',(-73.86060211473,72.676956068543,
    360.14892277244));
#2554 = CARTESIAN_POINT('',(-73.84069449414,72.697713331025,
    360.18581975985));
#2555 = CARTESIAN_POINT('',(-73.82972409759,72.709476389684,
    360.22975738721));
#2556 = CARTESIAN_POINT('',(-73.82873769661,72.711117879298,
    360.27574534442));
#2557 = CARTESIAN_POINT('',(-73.83717460337,72.703133483169,
    360.31875431147));
#2558 = CARTESIAN_POINT('',(-73.86192555758,72.678721801677,
    360.37436944678));
#2559 = CARTESIAN_POINT('',(-73.87283989398,72.667858743043,
    360.39187433569));
#2560 = CARTESIAN_POINT('',(-73.88571319281,72.654964211615,
    360.40676011771));
#2561 = CARTESIAN_POINT('',(-73.90017080699,72.640410783152,
    360.41850079113));
#2562 = CARTESIAN_POINT('',(-73.91576076915,72.624651785478,
    360.42670161065));
#2563 = CARTESIAN_POINT('',(-73.93198117878,72.60819415811,
    360.43112537872));
#2564 = CARTESIAN_POINT('',(-73.94831166678,72.591566766969,
    360.43170484762));
#2565 = CARTESIAN_POINT('',(-73.98410193049,72.555001014851,
    360.42460032955));
#2566 = CARTESIAN_POINT('',(-74.00334933938,72.535248198088,
    360.41485012004));
#2567 = CARTESIAN_POINT('',(-74.02101624421,72.51702234186,
    360.39948106159));
#2568 = CARTESIAN_POINT('',(-74.03617472752,72.501279460954,
    360.3790887508));
#2569 = CARTESIAN_POINT('',(-74.04804363726,72.488832560002,
    360.35463934122));
#2570 = CARTESIAN_POINT('',(-74.0560690929,72.480266731172,
    360.32738187187));
#2571 = CARTESIAN_POINT('',(-74.05997553489,72.475883866176,
    360.29872177861));
#2572 = CARTESIAN_POINT('',(-74.05977711759,72.475689092203,
    360.27006986125));
#2573 = PCURVE('',#1363,#2574);
#2574 = DEFINITIONAL_REPRESENTATION('',(#2575),#2599);
#2575 = B_SPLINE_CURVE_WITH_KNOTS('',8,(#2576,#2577,#2578,#2579,#2580,
    #2581,#2582,#2583,#2584,#2585,#2586,#2587,#2588,#2589,#2590,#2591,
    #2592,#2593,#2594,#2595,#2596,#2597,#2598),.UNSPECIFIED.,.F.,.F.,(9,
    7,7,9),(0.,0.451833780931,0.695930149982,1.),.UNSPECIFIED.);
#2576 = CARTESIAN_POINT('',(1.705766261351,0.141604240582));
#2577 = CARTESIAN_POINT('',(1.705766740447,0.141531629156));
#2578 = CARTESIAN_POINT('',(1.70543639222,0.141458960372));
#2579 = CARTESIAN_POINT('',(1.70477410139,0.141394171805));
#2580 = CARTESIAN_POINT('',(1.703831722239,0.14134517161));
#2581 = CARTESIAN_POINT('',(1.702709527836,0.141317778226));
#2582 = CARTESIAN_POINT('',(1.701534975748,0.141314604602));
#2583 = CARTESIAN_POINT('',(1.700436514438,0.1413343833));
#2584 = CARTESIAN_POINT('',(1.699016093251,0.141393618243));
#2585 = CARTESIAN_POINT('',(1.698569016224,0.141419859378));
#2586 = CARTESIAN_POINT('',(1.698188832449,0.141450911566));
#2587 = CARTESIAN_POINT('',(1.697888975508,0.141485875812));
#2588 = CARTESIAN_POINT('',(1.697679526717,0.141523662374));
#2589 = CARTESIAN_POINT('',(1.697566543782,0.141563056094));
#2590 = CARTESIAN_POINT('',(1.697551744119,0.141602792314));
#2591 = CARTESIAN_POINT('',(1.697733193459,0.141690040012));
#2592 = CARTESIAN_POINT('',(1.697982213787,0.14173707432));
#2593 = CARTESIAN_POINT('',(1.698374739768,0.141780368473));
#2594 = CARTESIAN_POINT('',(1.698895560597,0.141817648462));
#2595 = CARTESIAN_POINT('',(1.699520001845,0.141846988094));
#2596 = CARTESIAN_POINT('',(1.700216163983,0.141867010164));
#2597 = CARTESIAN_POINT('',(1.700948152333,0.141877016304));
#2598 = CARTESIAN_POINT('',(1.701679934498,0.141877017036));
#2599 = ( GEOMETRIC_REPRESENTATION_CONTEXT(2) 
PARAMETRIC_REPRESENTATION_CONTEXT() REPRESENTATION_CONTEXT('2D SPACE',''
  ) );
#2600 = PCURVE('',#2530,#2601);
#2601 = DEFINITIONAL_REPRESENTATION('',(#2602),#2626);
#2602 = B_SPLINE_CURVE_WITH_KNOTS('',8,(#2603,#2604,#2605,#2606,#2607,
    #2608,#2609,#2610,#2611,#2612,#2613,#2614,#2615,#2616,#2617,#2618,
    #2619,#2620,#2621,#2622,#2623,#2624,#2625),.UNSPECIFIED.,.F.,.F.,(9,
    7,7,9),(0.,0.451833780931,0.695930149982,1.),.UNSPECIFIED.);
#2603 = CARTESIAN_POINT('',(4.712829477436,5.593700785251E-02));
#2604 = CARTESIAN_POINT('',(4.446670611046,5.593702204551E-02));
#2605 = CARTESIAN_POINT('',(4.180283197297,5.592722636659E-02));
#2606 = CARTESIAN_POINT('',(3.914044255051,5.590766634055E-02));
#2607 = CARTESIAN_POINT('',(3.647961111667,5.588395030896E-02));
#2608 = CARTESIAN_POINT('',(3.38185649318,5.586910513609E-02));
#2609 = CARTESIAN_POINT('',(3.115568667797,5.586881546081E-02));
#2610 = CARTESIAN_POINT('',(2.849153683994,5.587900200333E-02));
#2611 = CARTESIAN_POINT('',(2.439238358022,5.590130379799E-02));
#2612 = CARTESIAN_POINT('',(2.295451990825,5.591037330896E-02));
#2613 = CARTESIAN_POINT('',(2.151673592193,5.591973295131E-02));
#2614 = CARTESIAN_POINT('',(2.007904669408,5.592812690674E-02));
#2615 = CARTESIAN_POINT('',(1.864138008326,5.593441648809E-02));
#2616 = CARTESIAN_POINT('',(1.720365522769,5.593785674679E-02));
#2617 = CARTESIAN_POINT('',(1.576586980591,5.593823379961E-02));
#2618 = CARTESIAN_POINT('',(1.253729175617,5.593290942349E-02));
#2619 = CARTESIAN_POINT('',(1.074613967261,5.592568615386E-02));
#2620 = CARTESIAN_POINT('',(0.89551486978,5.591476985989E-02));
#2621 = CARTESIAN_POINT('',(0.716430042346,5.590190455859E-02));
#2622 = CARTESIAN_POINT('',(0.537336834807,5.588979212701E-02));
#2623 = CARTESIAN_POINT('',(0.358217090263,5.588091839007E-02));
#2624 = CARTESIAN_POINT('',(0.17908291494,5.587648034137E-02));
#2625 = CARTESIAN_POINT('',(0.,5.587648017896E-02));
#2626 = ( GEOMETRIC_REPRESENTATION_CONTEXT(2) 
PARAMETRIC_REPRESENTATION_CONTEXT() REPRESENTATION_CONTEXT('2D SPACE',''
  ) );
#2627 = ADVANCED_FACE('',(#2628),#1294,.T.);
#2628 = FACE_BOUND('',#2629,.T.);
#2629 = EDGE_LOOP('',(#2630));
#2630 = ORIENTED_EDGE('',*,*,#1279,.T.);
#2631 = ADVANCED_FACE('',(#2632,#2868),#1487,.F.);
#2632 = FACE_BOUND('',#2633,.T.);
#2633 = EDGE_LOOP('',(#2634,#2679,#2680,#2725,#2753,#2796,#2797,#2842));
#2634 = ORIENTED_EDGE('',*,*,#2635,.T.);
#2635 = EDGE_CURVE('',#2636,#1573,#2638,.T.);
#2636 = VERTEX_POINT('',#2637);
#2637 = CARTESIAN_POINT('',(36.694844445858,0.,104.56422400164));
#2638 = SURFACE_CURVE('',#2639,(#2643,#2650),.PCURVE_S1.);
#2639 = LINE('',#2640,#2641);
#2640 = CARTESIAN_POINT('',(73.126622819978,0.,228.9467937178));
#2641 = VECTOR('',#2642,1.);
#2642 = DIRECTION('',(0.281091510351,0.,0.959680969285));
#2643 = PCURVE('',#1487,#2644);
#2644 = DEFINITIONAL_REPRESENTATION('',(#2645),#2649);
#2645 = LINE('',#2646,#2647);
#2646 = CARTESIAN_POINT('',(-129.6945387721,-39.16764276507));
#2647 = VECTOR('',#2648,1.);
#2648 = DIRECTION('',(-0.281091510351,0.959680969285));
#2649 = ( GEOMETRIC_REPRESENTATION_CONTEXT(2) 
PARAMETRIC_REPRESENTATION_CONTEXT() REPRESENTATION_CONTEXT('2D SPACE',''
  ) );
#2650 = PCURVE('',#1655,#2651);
#2651 = DEFINITIONAL_REPRESENTATION('',(#2652),#2678);
#2652 = B_SPLINE_CURVE_WITH_KNOTS('',3,(#2653,#2654,#2655,#2656,#2657,
    #2658,#2659,#2660,#2661,#2662,#2663,#2664,#2665,#2666,#2667,#2668,
    #2669,#2670,#2671,#2672,#2673,#2674,#2675,#2676,#2677),
  .UNSPECIFIED.,.F.,.F.,(4,1,1,1,1,1,1,1,1,1,1,1,1,1,1,1,1,1,1,1,1,1,4),
  (-129.6082486753,-120.1088881022,-110.609527529,-101.1101669558,
    -91.61080638271,-82.11144580954,-72.61208523637,-63.11272466321,
    -53.61336409004,-44.11400351688,-34.61464294371,-25.11528237055,
    -15.61592179738,-6.116561224218,3.382799348947,12.882159922113,
    22.381520495279,31.880881068444,41.38024164161,50.879602214776,
    60.378962787941,69.878323361107,79.377683934273),.UNSPECIFIED.);
#2653 = CARTESIAN_POINT('',(0.,1.237048646249E-08));
#2654 = CARTESIAN_POINT('',(0.,3.038785199844));
#2655 = CARTESIAN_POINT('',(0.,9.116355574792));
#2656 = CARTESIAN_POINT('',(0.,18.232711137214));
#2657 = CARTESIAN_POINT('',(0.,27.349066699636));
#2658 = CARTESIAN_POINT('',(0.,36.465422262058));
#2659 = CARTESIAN_POINT('',(0.,45.58177782448));
#2660 = CARTESIAN_POINT('',(0.,54.698133386902));
#2661 = CARTESIAN_POINT('',(0.,63.814488949323));
#2662 = CARTESIAN_POINT('',(0.,72.930844511745));
#2663 = CARTESIAN_POINT('',(0.,82.047200074167));
#2664 = CARTESIAN_POINT('',(0.,91.163555636589));
#2665 = CARTESIAN_POINT('',(0.,100.27991119901));
#2666 = CARTESIAN_POINT('',(0.,109.39626676143));
#2667 = CARTESIAN_POINT('',(0.,118.51262232385));
#2668 = CARTESIAN_POINT('',(0.,127.62897788627));
#2669 = CARTESIAN_POINT('',(0.,136.74533344869));
#2670 = CARTESIAN_POINT('',(0.,145.86168901112));
#2671 = CARTESIAN_POINT('',(0.,154.97804457354));
#2672 = CARTESIAN_POINT('',(0.,164.09440013596));
#2673 = CARTESIAN_POINT('',(0.,173.21075569838));
#2674 = CARTESIAN_POINT('',(0.,182.3271112608));
#2675 = CARTESIAN_POINT('',(0.,191.44346682322));
#2676 = CARTESIAN_POINT('',(0.,197.52103719817));
#2677 = CARTESIAN_POINT('',(0.,200.55982238565));
#2678 = ( GEOMETRIC_REPRESENTATION_CONTEXT(2) 
PARAMETRIC_REPRESENTATION_CONTEXT() REPRESENTATION_CONTEXT('2D SPACE',''
  ) );
#2679 = ORIENTED_EDGE('',*,*,#1572,.F.);
#2680 = ORIENTED_EDGE('',*,*,#2681,.T.);
#2681 = EDGE_CURVE('',#1500,#2682,#2684,.T.);
#2682 = VERTEX_POINT('',#2683);
#2683 = CARTESIAN_POINT('',(75.150882127449,0.,481.7324561801));
#2684 = SURFACE_CURVE('',#2685,(#2689,#2696),.PCURVE_S1.);
#2685 = LINE('',#2686,#2687);
#2686 = CARTESIAN_POINT('',(94.125380594081,0.,423.69279062964));
#2687 = VECTOR('',#2688,1.);
#2688 = DIRECTION('',(-0.310738744178,0.,0.950495361833));
#2689 = PCURVE('',#1487,#2690);
#2690 = DEFINITIONAL_REPRESENTATION('',(#2691),#2695);
#2691 = LINE('',#2692,#2693);
#2692 = CARTESIAN_POINT('',(-150.6932965462,155.57835414675));
#2693 = VECTOR('',#2694,1.);
#2694 = DIRECTION('',(0.310738744178,0.950495361833));
#2695 = ( GEOMETRIC_REPRESENTATION_CONTEXT(2) 
PARAMETRIC_REPRESENTATION_CONTEXT() REPRESENTATION_CONTEXT('2D SPACE',''
  ) );
#2696 = PCURVE('',#1538,#2697);
#2697 = DEFINITIONAL_REPRESENTATION('',(#2698),#2724);
#2698 = B_SPLINE_CURVE_WITH_KNOTS('',3,(#2699,#2700,#2701,#2702,#2703,
    #2704,#2705,#2706,#2707,#2708,#2709,#2710,#2711,#2712,#2713,#2714,
    #2715,#2716,#2717,#2718,#2719,#2720,#2721,#2722,#2723),
  .UNSPECIFIED.,.F.,.F.,(4,1,1,1,1,1,1,1,1,1,1,1,1,1,1,1,1,1,1,1,1,1,4),
  (1.779244311974,4.473939785657,7.168635259341,9.863330733024,
    12.558026206707,15.25272168039,17.947417154074,20.642112627757,
    23.33680810144,26.031503575123,28.726199048807,31.42089452249,
    34.115589996173,36.810285469856,39.504980943539,42.199676417223,
    44.894371890906,47.589067364589,50.283762838272,52.978458311956,
    55.673153785639,58.367849259322,61.062544733005),
  .QUASI_UNIFORM_KNOTS.);
#2699 = CARTESIAN_POINT('',(3.14159265359,-59.84080246278));
#2700 = CARTESIAN_POINT('',(3.14159265359,-60.69456764588));
#2701 = CARTESIAN_POINT('',(3.14159265359,-62.40209801206));
#2702 = CARTESIAN_POINT('',(3.14159265359,-64.96339356133));
#2703 = CARTESIAN_POINT('',(3.14159265359,-67.52468911061));
#2704 = CARTESIAN_POINT('',(3.14159265359,-70.08598465989));
#2705 = CARTESIAN_POINT('',(3.14159265359,-72.64728020916));
#2706 = CARTESIAN_POINT('',(3.14159265359,-75.20857575844));
#2707 = CARTESIAN_POINT('',(3.14159265359,-77.76987130771));
#2708 = CARTESIAN_POINT('',(3.14159265359,-80.33116685699));
#2709 = CARTESIAN_POINT('',(3.14159265359,-82.89246240626));
#2710 = CARTESIAN_POINT('',(3.14159265359,-85.45375795554));
#2711 = CARTESIAN_POINT('',(3.14159265359,-88.01505350481));
#2712 = CARTESIAN_POINT('',(3.14159265359,-90.57634905409));
#2713 = CARTESIAN_POINT('',(3.14159265359,-93.13764460336));
#2714 = CARTESIAN_POINT('',(3.14159265359,-95.69894015264));
#2715 = CARTESIAN_POINT('',(3.14159265359,-98.26023570191));
#2716 = CARTESIAN_POINT('',(3.14159265359,-100.8215312511));
#2717 = CARTESIAN_POINT('',(3.14159265359,-103.3828268004));
#2718 = CARTESIAN_POINT('',(3.14159265359,-105.9441223497));
#2719 = CARTESIAN_POINT('',(3.14159265359,-108.505417899));
#2720 = CARTESIAN_POINT('',(3.14159265359,-111.0667134482));
#2721 = CARTESIAN_POINT('',(3.14159265359,-113.6280089975));
#2722 = CARTESIAN_POINT('',(3.14159265359,-115.3355393637));
#2723 = CARTESIAN_POINT('',(3.14159265359,-116.1893045468));
#2724 = ( GEOMETRIC_REPRESENTATION_CONTEXT(2) 
PARAMETRIC_REPRESENTATION_CONTEXT() REPRESENTATION_CONTEXT('2D SPACE',''
  ) );
#2725 = ORIENTED_EDGE('',*,*,#2726,.F.);
#2726 = EDGE_CURVE('',#2727,#2682,#2729,.T.);
#2727 = VERTEX_POINT('',#2728);
#2728 = CARTESIAN_POINT('',(-75.15088212744,9.203328725048E-15,
    481.7324561801));
#2729 = SURFACE_CURVE('',#2730,(#2734,#2741),.PCURVE_S1.);
#2730 = LINE('',#2731,#2732);
#2731 = CARTESIAN_POINT('',(-37.57544106372,4.601664362524E-15,
    481.7324561801));
#2732 = VECTOR('',#2733,1.);
#2733 = DIRECTION('',(1.,-1.224646799147E-16,-7.386626698156E-16));
#2734 = PCURVE('',#1487,#2735);
#2735 = DEFINITIONAL_REPRESENTATION('',(#2736),#2740);
#2736 = LINE('',#2737,#2738);
#2737 = CARTESIAN_POINT('',(-18.99247488842,213.61801969722));
#2738 = VECTOR('',#2739,1.);
#2739 = DIRECTION('',(-1.,-7.386626698156E-16));
#2740 = ( GEOMETRIC_REPRESENTATION_CONTEXT(2) 
PARAMETRIC_REPRESENTATION_CONTEXT() REPRESENTATION_CONTEXT('2D SPACE',''
  ) );
#2741 = PCURVE('',#2742,#2747);
#2742 = PLANE('',#2743);
#2743 = AXIS2_PLACEMENT_3D('',#2744,#2745,#2746);
#2744 = CARTESIAN_POINT('',(-37.57544106372,4.601664362524E-15,
    481.7324561801));
#2745 = DIRECTION('',(0.,0.,1.));
#2746 = DIRECTION('',(1.,0.,-0.));
#2747 = DEFINITIONAL_REPRESENTATION('',(#2748),#2752);
#2748 = LINE('',#2749,#2750);
#2749 = CARTESIAN_POINT('',(0.,0.));
#2750 = VECTOR('',#2751,1.);
#2751 = DIRECTION('',(1.,-1.224646799147E-16));
#2752 = ( GEOMETRIC_REPRESENTATION_CONTEXT(2) 
PARAMETRIC_REPRESENTATION_CONTEXT() REPRESENTATION_CONTEXT('2D SPACE',''
  ) );
#2753 = ORIENTED_EDGE('',*,*,#2754,.F.);
#2754 = EDGE_CURVE('',#1449,#2727,#2755,.T.);
#2755 = SURFACE_CURVE('',#2756,(#2760,#2767),.PCURVE_S1.);
#2756 = LINE('',#2757,#2758);
#2757 = CARTESIAN_POINT('',(-94.12538059408,1.152703460631E-14,
    423.69279062964));
#2758 = VECTOR('',#2759,1.);
#2759 = DIRECTION('',(0.310738744178,-3.805452084284E-17,0.950495361833)
  );
#2760 = PCURVE('',#1487,#2761);
#2761 = DEFINITIONAL_REPRESENTATION('',(#2762),#2766);
#2762 = LINE('',#2763,#2764);
#2763 = CARTESIAN_POINT('',(37.557464641935,155.57835414675));
#2764 = VECTOR('',#2765,1.);
#2765 = DIRECTION('',(-0.310738744178,0.950495361833));
#2766 = ( GEOMETRIC_REPRESENTATION_CONTEXT(2) 
PARAMETRIC_REPRESENTATION_CONTEXT() REPRESENTATION_CONTEXT('2D SPACE',''
  ) );
#2767 = PCURVE('',#1538,#2768);
#2768 = DEFINITIONAL_REPRESENTATION('',(#2769),#2795);
#2769 = B_SPLINE_CURVE_WITH_KNOTS('',3,(#2770,#2771,#2772,#2773,#2774,
    #2775,#2776,#2777,#2778,#2779,#2780,#2781,#2782,#2783,#2784,#2785,
    #2786,#2787,#2788,#2789,#2790,#2791,#2792,#2793,#2794),
  .UNSPECIFIED.,.F.,.F.,(4,1,1,1,1,1,1,1,1,1,1,1,1,1,1,1,1,1,1,1,1,1,4),
  (1.779244311974,4.473939785657,7.168635259341,9.863330733024,
    12.558026206707,15.25272168039,17.947417154074,20.642112627757,
    23.33680810144,26.031503575123,28.726199048807,31.42089452249,
    34.115589996173,36.810285469856,39.504980943539,42.199676417223,
    44.894371890906,47.589067364589,50.283762838272,52.978458311956,
    55.673153785639,58.367849259322,61.062544733005),
  .QUASI_UNIFORM_KNOTS.);
#2770 = CARTESIAN_POINT('',(0.,-59.84080246278));
#2771 = CARTESIAN_POINT('',(7.483952661456E-17,-60.69456764588));
#2772 = CARTESIAN_POINT('',(1.445675904826E-16,-62.40209801206));
#2773 = CARTESIAN_POINT('',(1.165422228774E-16,-64.96339356133));
#2774 = CARTESIAN_POINT('',(1.240515974961E-16,-67.52468911061));
#2775 = CARTESIAN_POINT('',(1.220394666265E-16,-70.08598465989));
#2776 = CARTESIAN_POINT('',(1.225786154864E-16,-72.64728020916));
#2777 = CARTESIAN_POINT('',(1.224341509163E-16,-75.20857575844));
#2778 = CARTESIAN_POINT('',(1.22472860337E-16,-77.76987130771));
#2779 = CARTESIAN_POINT('',(1.224624872242E-16,-80.33116685699));
#2780 = CARTESIAN_POINT('',(1.224652702545E-16,-82.89246240626));
#2781 = CARTESIAN_POINT('',(1.224645112462E-16,-85.45375795554));
#2782 = CARTESIAN_POINT('',(1.22464764249E-16,-88.01505350481));
#2783 = CARTESIAN_POINT('',(1.224645112462E-16,-90.57634905409));
#2784 = CARTESIAN_POINT('',(1.224652702545E-16,-93.13764460336));
#2785 = CARTESIAN_POINT('',(1.224624872242E-16,-95.69894015264));
#2786 = CARTESIAN_POINT('',(1.22472860337E-16,-98.26023570191));
#2787 = CARTESIAN_POINT('',(1.224341509163E-16,-100.8215312511));
#2788 = CARTESIAN_POINT('',(1.225786154864E-16,-103.3828268004));
#2789 = CARTESIAN_POINT('',(1.220394666265E-16,-105.9441223497));
#2790 = CARTESIAN_POINT('',(1.240515974961E-16,-108.505417899));
#2791 = CARTESIAN_POINT('',(1.165422228774E-16,-111.0667134482));
#2792 = CARTESIAN_POINT('',(1.445675904826E-16,-113.6280089975));
#2793 = CARTESIAN_POINT('',(7.483952661456E-17,-115.3355393637));
#2794 = CARTESIAN_POINT('',(0.,-116.1893045468));
#2795 = ( GEOMETRIC_REPRESENTATION_CONTEXT(2) 
PARAMETRIC_REPRESENTATION_CONTEXT() REPRESENTATION_CONTEXT('2D SPACE',''
  ) );
#2796 = ORIENTED_EDGE('',*,*,#1446,.F.);
#2797 = ORIENTED_EDGE('',*,*,#2798,.F.);
#2798 = EDGE_CURVE('',#2799,#1447,#2801,.T.);
#2799 = VERTEX_POINT('',#2800);
#2800 = CARTESIAN_POINT('',(-36.69484444585,4.493822379583E-15,
    104.56422400164));
#2801 = SURFACE_CURVE('',#2802,(#2806,#2813),.PCURVE_S1.);
#2802 = LINE('',#2803,#2804);
#2803 = CARTESIAN_POINT('',(-73.12662281997,8.955428456894E-15,
    228.9467937178));
#2804 = VECTOR('',#2805,1.);
#2805 = DIRECTION('',(-0.281091510351,3.44237818419E-17,0.959680969285)
  );
#2806 = PCURVE('',#1487,#2807);
#2807 = DEFINITIONAL_REPRESENTATION('',(#2808),#2812);
#2808 = LINE('',#2809,#2810);
#2809 = CARTESIAN_POINT('',(16.558706867831,-39.16764276507));
#2810 = VECTOR('',#2811,1.);
#2811 = DIRECTION('',(0.281091510351,0.959680969285));
#2812 = ( GEOMETRIC_REPRESENTATION_CONTEXT(2) 
PARAMETRIC_REPRESENTATION_CONTEXT() REPRESENTATION_CONTEXT('2D SPACE',''
  ) );
#2813 = PCURVE('',#1655,#2814);
#2814 = DEFINITIONAL_REPRESENTATION('',(#2815),#2841);
#2815 = B_SPLINE_CURVE_WITH_KNOTS('',3,(#2816,#2817,#2818,#2819,#2820,
    #2821,#2822,#2823,#2824,#2825,#2826,#2827,#2828,#2829,#2830,#2831,
    #2832,#2833,#2834,#2835,#2836,#2837,#2838,#2839,#2840),
  .UNSPECIFIED.,.F.,.F.,(4,1,1,1,1,1,1,1,1,1,1,1,1,1,1,1,1,1,1,1,1,1,4),
  (-129.6082486753,-120.1088881022,-110.609527529,-101.1101669558,
    -91.61080638271,-82.11144580954,-72.61208523637,-63.11272466321,
    -53.61336409004,-44.11400351688,-34.61464294371,-25.11528237055,
    -15.61592179738,-6.116561224218,3.382799348947,12.882159922113,
    22.381520495279,31.880881068444,41.38024164161,50.879602214776,
    60.378962787941,69.878323361107,79.377683934273),.UNSPECIFIED.);
#2816 = CARTESIAN_POINT('',(3.14159265359,1.237048646249E-08));
#2817 = CARTESIAN_POINT('',(3.14159265359,3.038785199844));
#2818 = CARTESIAN_POINT('',(3.14159265359,9.116355574792));
#2819 = CARTESIAN_POINT('',(3.14159265359,18.232711137214));
#2820 = CARTESIAN_POINT('',(3.14159265359,27.349066699636));
#2821 = CARTESIAN_POINT('',(3.14159265359,36.465422262058));
#2822 = CARTESIAN_POINT('',(3.14159265359,45.58177782448));
#2823 = CARTESIAN_POINT('',(3.14159265359,54.698133386902));
#2824 = CARTESIAN_POINT('',(3.14159265359,63.814488949323));
#2825 = CARTESIAN_POINT('',(3.14159265359,72.930844511745));
#2826 = CARTESIAN_POINT('',(3.14159265359,82.047200074167));
#2827 = CARTESIAN_POINT('',(3.14159265359,91.163555636589));
#2828 = CARTESIAN_POINT('',(3.14159265359,100.27991119901));
#2829 = CARTESIAN_POINT('',(3.14159265359,109.39626676143));
#2830 = CARTESIAN_POINT('',(3.14159265359,118.51262232385));
#2831 = CARTESIAN_POINT('',(3.14159265359,127.62897788627));
#2832 = CARTESIAN_POINT('',(3.14159265359,136.74533344869));
#2833 = CARTESIAN_POINT('',(3.14159265359,145.86168901112));
#2834 = CARTESIAN_POINT('',(3.14159265359,154.97804457354));
#2835 = CARTESIAN_POINT('',(3.14159265359,164.09440013596));
#2836 = CARTESIAN_POINT('',(3.14159265359,173.21075569838));
#2837 = CARTESIAN_POINT('',(3.14159265359,182.3271112608));
#2838 = CARTESIAN_POINT('',(3.14159265359,191.44346682322));
#2839 = CARTESIAN_POINT('',(3.14159265359,197.52103719817));
#2840 = CARTESIAN_POINT('',(3.14159265359,200.55982238565));
#2841 = ( GEOMETRIC_REPRESENTATION_CONTEXT(2) 
PARAMETRIC_REPRESENTATION_CONTEXT() REPRESENTATION_CONTEXT('2D SPACE',''
  ) );
#2842 = ORIENTED_EDGE('',*,*,#2843,.T.);
#2843 = EDGE_CURVE('',#2799,#2636,#2844,.T.);
#2844 = SURFACE_CURVE('',#2845,(#2849,#2856),.PCURVE_S1.);
#2845 = LINE('',#2846,#2847);
#2846 = CARTESIAN_POINT('',(-18.34742222292,2.246911189791E-15,
    104.56422400164));
#2847 = VECTOR('',#2848,1.);
#2848 = DIRECTION('',(1.,-1.224646799147E-16,0.));
#2849 = PCURVE('',#1487,#2850);
#2850 = DEFINITIONAL_REPRESENTATION('',(#2851),#2855);
#2851 = LINE('',#2852,#2853);
#2852 = CARTESIAN_POINT('',(-38.22049372921,-163.5502124812));
#2853 = VECTOR('',#2854,1.);
#2854 = DIRECTION('',(-1.,0.));
#2855 = ( GEOMETRIC_REPRESENTATION_CONTEXT(2) 
PARAMETRIC_REPRESENTATION_CONTEXT() REPRESENTATION_CONTEXT('2D SPACE',''
  ) );
#2856 = PCURVE('',#2857,#2862);
#2857 = PLANE('',#2858);
#2858 = AXIS2_PLACEMENT_3D('',#2859,#2860,#2861);
#2859 = CARTESIAN_POINT('',(-18.34742222292,2.246911189791E-15,
    104.56422400164));
#2860 = DIRECTION('',(0.,0.,1.));
#2861 = DIRECTION('',(1.,0.,-0.));
#2862 = DEFINITIONAL_REPRESENTATION('',(#2863),#2867);
#2863 = LINE('',#2864,#2865);
#2864 = CARTESIAN_POINT('',(0.,0.));
#2865 = VECTOR('',#2866,1.);
#2866 = DIRECTION('',(1.,-1.224646799147E-16));
#2867 = ( GEOMETRIC_REPRESENTATION_CONTEXT(2) 
PARAMETRIC_REPRESENTATION_CONTEXT() REPRESENTATION_CONTEXT('2D SPACE',''
  ) );
#2868 = FACE_BOUND('',#2869,.T.);
#2869 = EDGE_LOOP('',(#2870,#2922,#2950,#2995,#3058,#3108,#3136,#3181));
#2870 = ORIENTED_EDGE('',*,*,#2871,.T.);
#2871 = EDGE_CURVE('',#2872,#2874,#2876,.T.);
#2872 = VERTEX_POINT('',#2873);
#2873 = CARTESIAN_POINT('',(93.001426223249,0.,305.83801881177));
#2874 = VERTEX_POINT('',#2875);
#2875 = CARTESIAN_POINT('',(34.792100073352,-4.260803399045E-15,
    107.10422400164));
#2876 = SURFACE_CURVE('',#2877,(#2881,#2888),.PCURVE_S1.);
#2877 = LINE('',#2878,#2879);
#2878 = CARTESIAN_POINT('',(0.,0.,-11.68028243956));
#2879 = VECTOR('',#2880,1.);
#2880 = DIRECTION('',(-0.281091510351,3.44237818419E-17,-0.959680969285)
  );
#2881 = PCURVE('',#1487,#2882);
#2882 = DEFINITIONAL_REPRESENTATION('',(#2883),#2887);
#2883 = LINE('',#2884,#2885);
#2884 = CARTESIAN_POINT('',(-56.56791595214,-279.7947189224));
#2885 = VECTOR('',#2886,1.);
#2886 = DIRECTION('',(0.281091510351,-0.959680969285));
#2887 = ( GEOMETRIC_REPRESENTATION_CONTEXT(2) 
PARAMETRIC_REPRESENTATION_CONTEXT() REPRESENTATION_CONTEXT('2D SPACE',''
  ) );
#2888 = PCURVE('',#2889,#2894);
#2889 = CONICAL_SURFACE('',#2890,34.2572548,0.284931288);
#2890 = AXIS2_PLACEMENT_3D('',#2891,#2892,#2893);
#2891 = CARTESIAN_POINT('',(0.,0.,105.27819643793));
#2892 = DIRECTION('',(-0.,-0.,1.));
#2893 = DIRECTION('',(1.,0.,0.));
#2894 = DEFINITIONAL_REPRESENTATION('',(#2895),#2921);
#2895 = B_SPLINE_CURVE_WITH_KNOTS('',3,(#2896,#2897,#2898,#2899,#2900,
    #2901,#2902,#2903,#2904,#2905,#2906,#2907,#2908,#2909,#2910,#2911,
    #2912,#2913,#2914,#2915,#2916,#2917,#2918,#2919,#2920),
  .UNSPECIFIED.,.F.,.F.,(4,1,1,1,1,1,1,1,1,1,1,1,1,1,1,1,1,1,1,1,1,1,4),
  (-330.8581824726,-321.44531028,-312.0324380874,-302.6195658948,
    -293.2066937022,-283.7938215096,-274.380949317,-264.9680771244,
    -255.5552049318,-246.1423327392,-236.7294605466,-227.316588354,
    -217.9037161614,-208.4908439688,-199.0779717762,-189.6650995836,
    -180.252227391,-170.8393551984,-161.4264830058,-152.0136108132,
    -142.6007386206,-133.187866428,-123.7749942354),
  .QUASI_UNIFORM_KNOTS.);
#2896 = CARTESIAN_POINT('',(0.,200.55982236892));
#2897 = CARTESIAN_POINT('',(0.,197.54870426575));
#2898 = CARTESIAN_POINT('',(0.,191.5264680594));
#2899 = CARTESIAN_POINT('',(0.,182.49311374987));
#2900 = CARTESIAN_POINT('',(0.,173.45975944035));
#2901 = CARTESIAN_POINT('',(0.,164.42640513082));
#2902 = CARTESIAN_POINT('',(0.,155.39305082129));
#2903 = CARTESIAN_POINT('',(0.,146.35969651177));
#2904 = CARTESIAN_POINT('',(0.,137.32634220224));
#2905 = CARTESIAN_POINT('',(0.,128.29298789271));
#2906 = CARTESIAN_POINT('',(0.,119.25963358319));
#2907 = CARTESIAN_POINT('',(0.,110.22627927366));
#2908 = CARTESIAN_POINT('',(0.,101.19292496414));
#2909 = CARTESIAN_POINT('',(0.,92.159570654615));
#2910 = CARTESIAN_POINT('',(0.,83.126216345088));
#2911 = CARTESIAN_POINT('',(0.,74.092862035562));
#2912 = CARTESIAN_POINT('',(0.,65.059507726036));
#2913 = CARTESIAN_POINT('',(0.,56.02615341651));
#2914 = CARTESIAN_POINT('',(0.,46.992799106984));
#2915 = CARTESIAN_POINT('',(0.,37.959444797457));
#2916 = CARTESIAN_POINT('',(0.,28.926090487931));
#2917 = CARTESIAN_POINT('',(0.,19.892736178405));
#2918 = CARTESIAN_POINT('',(0.,10.859381868879));
#2919 = CARTESIAN_POINT('',(0.,4.837145662528));
#2920 = CARTESIAN_POINT('',(0.,1.826027559353));
#2921 = ( GEOMETRIC_REPRESENTATION_CONTEXT(2) 
PARAMETRIC_REPRESENTATION_CONTEXT() REPRESENTATION_CONTEXT('2D SPACE',''
  ) );
#2922 = ORIENTED_EDGE('',*,*,#2923,.F.);
#2923 = EDGE_CURVE('',#2924,#2874,#2926,.T.);
#2924 = VERTEX_POINT('',#2925);
#2925 = CARTESIAN_POINT('',(-34.79210007335,4.260803399045E-15,
    107.10422400164));
#2926 = SURFACE_CURVE('',#2927,(#2931,#2938),.PCURVE_S1.);
#2927 = LINE('',#2928,#2929);
#2928 = CARTESIAN_POINT('',(-56.56791595214,6.927571720523E-15,
    107.10422400164));
#2929 = VECTOR('',#2930,1.);
#2930 = DIRECTION('',(1.,-1.224646799147E-16,0.));
#2931 = PCURVE('',#1487,#2932);
#2932 = DEFINITIONAL_REPRESENTATION('',(#2933),#2937);
#2933 = LINE('',#2934,#2935);
#2934 = CARTESIAN_POINT('',(0.,-161.0102124812));
#2935 = VECTOR('',#2936,1.);
#2936 = DIRECTION('',(-1.,0.));
#2937 = ( GEOMETRIC_REPRESENTATION_CONTEXT(2) 
PARAMETRIC_REPRESENTATION_CONTEXT() REPRESENTATION_CONTEXT('2D SPACE',''
  ) );
#2938 = PCURVE('',#2939,#2944);
#2939 = PLANE('',#2940);
#2940 = AXIS2_PLACEMENT_3D('',#2941,#2942,#2943);
#2941 = CARTESIAN_POINT('',(-18.34742222292,2.246911189791E-15,
    107.10422400164));
#2942 = DIRECTION('',(0.,0.,1.));
#2943 = DIRECTION('',(1.,0.,-0.));
#2944 = DEFINITIONAL_REPRESENTATION('',(#2945),#2949);
#2945 = LINE('',#2946,#2947);
#2946 = CARTESIAN_POINT('',(-38.22049372921,4.680660530732E-15));
#2947 = VECTOR('',#2948,1.);
#2948 = DIRECTION('',(1.,-1.224646799147E-16));
#2949 = ( GEOMETRIC_REPRESENTATION_CONTEXT(2) 
PARAMETRIC_REPRESENTATION_CONTEXT() REPRESENTATION_CONTEXT('2D SPACE',''
  ) );
#2950 = ORIENTED_EDGE('',*,*,#2951,.T.);
#2951 = EDGE_CURVE('',#2924,#2952,#2954,.T.);
#2952 = VERTEX_POINT('',#2953);
#2953 = CARTESIAN_POINT('',(-93.00142622324,1.138938989404E-14,
    305.83801881177));
#2954 = SURFACE_CURVE('',#2955,(#2959,#2966),.PCURVE_S1.);
#2955 = LINE('',#2956,#2957);
#2956 = CARTESIAN_POINT('',(0.,0.,-11.68028243956));
#2957 = VECTOR('',#2958,1.);
#2958 = DIRECTION('',(-0.281091510351,3.44237818419E-17,0.959680969285)
  );
#2959 = PCURVE('',#1487,#2960);
#2960 = DEFINITIONAL_REPRESENTATION('',(#2961),#2965);
#2961 = LINE('',#2962,#2963);
#2962 = CARTESIAN_POINT('',(-56.56791595214,-279.7947189224));
#2963 = VECTOR('',#2964,1.);
#2964 = DIRECTION('',(0.281091510351,0.959680969285));
#2965 = ( GEOMETRIC_REPRESENTATION_CONTEXT(2) 
PARAMETRIC_REPRESENTATION_CONTEXT() REPRESENTATION_CONTEXT('2D SPACE',''
  ) );
#2966 = PCURVE('',#2889,#2967);
#2967 = DEFINITIONAL_REPRESENTATION('',(#2968),#2994);
#2968 = B_SPLINE_CURVE_WITH_KNOTS('',3,(#2969,#2970,#2971,#2972,#2973,
    #2974,#2975,#2976,#2977,#2978,#2979,#2980,#2981,#2982,#2983,#2984,
    #2985,#2986,#2987,#2988,#2989,#2990,#2991,#2992,#2993),
  .UNSPECIFIED.,.F.,.F.,(4,1,1,1,1,1,1,1,1,1,1,1,1,1,1,1,1,1,1,1,1,1,4),
  (123.77499423549,133.18786642809,142.60073862068,152.01361081328,
    161.42648300588,170.83935519848,180.25222739107,189.66509958367,
    199.07797177627,208.49084396886,217.90371616146,227.31658835406,
    236.72946054666,246.14233273925,255.55520493185,264.96807712445,
    274.38094931704,283.79382150964,293.20669370224,302.61956589484,
    312.03243808743,321.44531028003,330.85818247263),
  .QUASI_UNIFORM_KNOTS.);
#2969 = CARTESIAN_POINT('',(3.14159265359,1.826027559353));
#2970 = CARTESIAN_POINT('',(3.14159265359,4.837145662528));
#2971 = CARTESIAN_POINT('',(3.14159265359,10.859381868879));
#2972 = CARTESIAN_POINT('',(3.14159265359,19.892736178405));
#2973 = CARTESIAN_POINT('',(3.14159265359,28.926090487931));
#2974 = CARTESIAN_POINT('',(3.14159265359,37.959444797457));
#2975 = CARTESIAN_POINT('',(3.14159265359,46.992799106984));
#2976 = CARTESIAN_POINT('',(3.14159265359,56.02615341651));
#2977 = CARTESIAN_POINT('',(3.14159265359,65.059507726036));
#2978 = CARTESIAN_POINT('',(3.14159265359,74.092862035562));
#2979 = CARTESIAN_POINT('',(3.14159265359,83.126216345088));
#2980 = CARTESIAN_POINT('',(3.14159265359,92.159570654615));
#2981 = CARTESIAN_POINT('',(3.14159265359,101.19292496414));
#2982 = CARTESIAN_POINT('',(3.14159265359,110.22627927366));
#2983 = CARTESIAN_POINT('',(3.14159265359,119.25963358319));
#2984 = CARTESIAN_POINT('',(3.14159265359,128.29298789272));
#2985 = CARTESIAN_POINT('',(3.14159265359,137.32634220224));
#2986 = CARTESIAN_POINT('',(3.14159265359,146.35969651177));
#2987 = CARTESIAN_POINT('',(3.14159265359,155.39305082129));
#2988 = CARTESIAN_POINT('',(3.14159265359,164.42640513082));
#2989 = CARTESIAN_POINT('',(3.14159265359,173.45975944035));
#2990 = CARTESIAN_POINT('',(3.14159265359,182.49311374987));
#2991 = CARTESIAN_POINT('',(3.14159265359,191.5264680594));
#2992 = CARTESIAN_POINT('',(3.14159265359,197.54870426575));
#2993 = CARTESIAN_POINT('',(3.14159265359,200.55982236892));
#2994 = ( GEOMETRIC_REPRESENTATION_CONTEXT(2) 
PARAMETRIC_REPRESENTATION_CONTEXT() REPRESENTATION_CONTEXT('2D SPACE',''
  ) );
#2995 = ORIENTED_EDGE('',*,*,#2996,.T.);
#2996 = EDGE_CURVE('',#2952,#2997,#2999,.T.);
#2997 = VERTEX_POINT('',#2998);
#2998 = CARTESIAN_POINT('',(-91.15824223193,1.116366495652E-14,
    424.59467768552));
#2999 = SURFACE_CURVE('',#3000,(#3005,#3012),.PCURVE_S1.);
#3000 = CIRCLE('',#3001,200.66);
#3001 = AXIS2_PLACEMENT_3D('',#3002,#3003,#3004);
#3002 = CARTESIAN_POINT('',(99.568157073557,-1.219358248571E-14,
    362.24184127882));
#3003 = DIRECTION('',(1.224646799147E-16,1.,0.));
#3004 = DIRECTION('',(-1.,1.224646799147E-16,0.));
#3005 = PCURVE('',#1487,#3006);
#3006 = DEFINITIONAL_REPRESENTATION('',(#3007),#3011);
#3007 = CIRCLE('',#3008,200.66);
#3008 = AXIS2_PLACEMENT_2D('',#3009,#3010);
#3009 = CARTESIAN_POINT('',(-156.1360730257,94.127404795935));
#3010 = DIRECTION('',(1.,0.));
#3011 = ( GEOMETRIC_REPRESENTATION_CONTEXT(2) 
PARAMETRIC_REPRESENTATION_CONTEXT() REPRESENTATION_CONTEXT('2D SPACE',''
  ) );
#3012 = PCURVE('',#3013,#3030);
#3013 = ( BOUNDED_SURFACE() B_SPLINE_SURFACE(3,3,(
    (#3014,#3015,#3016,#3017)
    ,(#3018,#3019,#3020,#3021)
    ,(#3022,#3023,#3024,#3025)
    ,(#3026,#3027,#3028,#3029
)),.UNSPECIFIED.,.F.,.F.,.F.) B_SPLINE_SURFACE_WITH_KNOTS((4,4),(4,4),(
    0.,3.14159265359),(-0.284931287991,0.315970153983),
.PIECEWISE_BEZIER_KNOTS.) GEOMETRIC_REPRESENTATION_ITEM() 
RATIONAL_B_SPLINE_SURFACE((
    (1.,0.333333333333,0.333333333333,1.)
    ,(0.970135463289,0.323378487763,0.323378487763,0.970135463289)
    ,(0.970135463289,0.323378487763,0.323378487763,0.970135463289)
,(1.,0.333333333333,0.333333333333,1.
))) REPRESENTATION_ITEM('') SURFACE() );
#3014 = CARTESIAN_POINT('',(91.158242231936,0.,424.59467768552));
#3015 = CARTESIAN_POINT('',(91.158242231936,182.31648446387,
    424.59467768552));
#3016 = CARTESIAN_POINT('',(-91.15824223193,182.31648446387,
    424.59467768552));
#3017 = CARTESIAN_POINT('',(-91.15824223193,1.116366495652E-14,
    424.59467768552));
#3018 = CARTESIAN_POINT('',(103.83919964952,0.,385.80585126829));
#3019 = CARTESIAN_POINT('',(103.83919964952,207.67839929904,
    385.80585126829));
#3020 = CARTESIAN_POINT('',(-103.8391996495,207.67839929904,
    385.80585126829));
#3021 = CARTESIAN_POINT('',(-103.8391996495,1.271663434768E-14,
    385.80585126829));
#3022 = CARTESIAN_POINT('',(104.47250776681,0.,345.00170127491));
#3023 = CARTESIAN_POINT('',(104.47250776681,208.94501553361,
    345.00170127491));
#3024 = CARTESIAN_POINT('',(-104.4725077668,208.94501553361,
    345.00170127491));
#3025 = CARTESIAN_POINT('',(-104.4725077668,1.279419222355E-14,
    345.00170127491));
#3026 = CARTESIAN_POINT('',(93.001426223249,0.,305.83801881177));
#3027 = CARTESIAN_POINT('',(93.001426223249,186.00285244649,
    305.83801881177));
#3028 = CARTESIAN_POINT('',(-93.00142622324,186.00285244649,
    305.83801881177));
#3029 = CARTESIAN_POINT('',(-93.00142622324,1.138938989404E-14,
    305.83801881177));
#3030 = DEFINITIONAL_REPRESENTATION('',(#3031),#3057);
#3031 = B_SPLINE_CURVE_WITH_KNOTS('',3,(#3032,#3033,#3034,#3035,#3036,
    #3037,#3038,#3039,#3040,#3041,#3042,#3043,#3044,#3045,#3046,#3047,
    #3048,#3049,#3050,#3051,#3052,#3053,#3054,#3055,#3056),
  .UNSPECIFIED.,.F.,.F.,(4,1,1,1,1,1,1,1,1,1,1,1,1,1,1,1,1,1,1,1,1,1,4),
  (5.998254019189,6.025567721097,6.052881423005,6.080195124913,
    6.107508826821,6.134822528729,6.162136230636,6.189449932544,
    6.216763634452,6.24407733636,6.271391038268,6.298704740176,
    6.326018442084,6.353332143992,6.3806458459,6.407959547808,
    6.435273249715,6.462586951623,6.489900653531,6.517214355439,
    6.544528057347,6.571841759255,6.599155461163),
  .QUASI_UNIFORM_KNOTS.);
#3032 = CARTESIAN_POINT('',(3.14159265359,0.315970153983));
#3033 = CARTESIAN_POINT('',(3.093269072734,0.315970153983));
#3034 = CARTESIAN_POINT('',(2.996821438361,0.315970153983));
#3035 = CARTESIAN_POINT('',(2.852692120604,0.315970153983));
#3036 = CARTESIAN_POINT('',(2.709048190227,0.315970153983));
#3037 = CARTESIAN_POINT('',(2.565833944533,0.315970153983));
#3038 = CARTESIAN_POINT('',(2.422994252462,0.315970153983));
#3039 = CARTESIAN_POINT('',(2.280474571336,0.315970153983));
#3040 = CARTESIAN_POINT('',(2.138220835024,0.315970153983));
#3041 = CARTESIAN_POINT('',(1.996179378602,0.315970153983));
#3042 = CARTESIAN_POINT('',(1.854296854923,0.315970153983));
#3043 = CARTESIAN_POINT('',(1.712520154722,0.315970153983));
#3044 = CARTESIAN_POINT('',(1.570796326795,0.315970153983));
#3045 = CARTESIAN_POINT('',(1.429072498868,0.315970153983));
#3046 = CARTESIAN_POINT('',(1.287295798666,0.315970153983));
#3047 = CARTESIAN_POINT('',(1.145413274988,0.315970153983));
#3048 = CARTESIAN_POINT('',(1.003371818566,0.315970153983));
#3049 = CARTESIAN_POINT('',(0.861118082254,0.315970153983));
#3050 = CARTESIAN_POINT('',(0.718598401128,0.315970153983));
#3051 = CARTESIAN_POINT('',(0.575758709056,0.315970153983));
#3052 = CARTESIAN_POINT('',(0.432544463363,0.315970153983));
#3053 = CARTESIAN_POINT('',(0.288900532986,0.315970153983));
#3054 = CARTESIAN_POINT('',(0.144771215229,0.315970153983));
#3055 = CARTESIAN_POINT('',(4.832358085619E-02,0.315970153983));
#3056 = CARTESIAN_POINT('',(0.,0.315970153983));
#3057 = ( GEOMETRIC_REPRESENTATION_CONTEXT(2) 
PARAMETRIC_REPRESENTATION_CONTEXT() REPRESENTATION_CONTEXT('2D SPACE',''
  ) );
#3058 = ORIENTED_EDGE('',*,*,#3059,.T.);
#3059 = EDGE_CURVE('',#2997,#3060,#3062,.T.);
#3060 = VERTEX_POINT('',#3061);
#3061 = CARTESIAN_POINT('',(-73.3089756226,8.977760234499E-15,
    479.1924561801));
#3062 = SURFACE_CURVE('',#3063,(#3067,#3074),.PCURVE_S1.);
#3063 = LINE('',#3064,#3065);
#3064 = CARTESIAN_POINT('',(0.,0.,703.43176529626));
#3065 = VECTOR('',#3066,1.);
#3066 = DIRECTION('',(0.310738744178,-3.805452084283E-17,0.950495361833)
  );
#3067 = PCURVE('',#1487,#3068);
#3068 = DEFINITIONAL_REPRESENTATION('',(#3069),#3073);
#3069 = LINE('',#3070,#3071);
#3070 = CARTESIAN_POINT('',(-56.56791595214,435.31732881338));
#3071 = VECTOR('',#3072,1.);
#3072 = DIRECTION('',(-0.310738744178,0.950495361833));
#3073 = ( GEOMETRIC_REPRESENTATION_CONTEXT(2) 
PARAMETRIC_REPRESENTATION_CONTEXT() REPRESENTATION_CONTEXT('2D SPACE',''
  ) );
#3074 = PCURVE('',#3075,#3080);
#3075 = CONICAL_SURFACE('',#3076,110.7215737,0.315970154);
#3076 = AXIS2_PLACEMENT_3D('',#3077,#3078,#3079);
#3077 = CARTESIAN_POINT('',(0.,0.,364.75387522114));
#3078 = DIRECTION('',(-0.,0.,-1.));
#3079 = DIRECTION('',(-1.,0.,0.));
#3080 = DEFINITIONAL_REPRESENTATION('',(#3081),#3107);
#3081 = B_SPLINE_CURVE_WITH_KNOTS('',3,(#3082,#3083,#3084,#3085,#3086,
    #3087,#3088,#3089,#3090,#3091,#3092,#3093,#3094,#3095,#3096,#3097,
    #3098,#3099,#3100,#3101,#3102,#3103,#3104,#3105,#3106),
  .UNSPECIFIED.,.F.,.F.,(4,1,1,1,1,1,1,1,1,1,1,1,1,1,1,1,1,1,1,1,1,1,4),
  (-293.3597561937,-290.748783743,-288.1378112922,-285.5268388415,
    -282.9158663908,-280.30489394,-277.6939214893,-275.0829490385,
    -272.4719765878,-269.8610041371,-267.2500316863,-264.6390592356,
    -262.0280867849,-259.4171143341,-256.8061418834,-254.1951694327,
    -251.5841969819,-248.9732245312,-246.3622520805,-243.7512796297,
    -241.140307179,-238.5293347283,-235.9183622775),
  .QUASI_UNIFORM_KNOTS.);
#3082 = CARTESIAN_POINT('',(0.,-59.84080246841));
#3083 = CARTESIAN_POINT('',(7.483952661456E-17,-60.66804153651));
#3084 = CARTESIAN_POINT('',(1.445675904826E-16,-62.3225196727));
#3085 = CARTESIAN_POINT('',(1.165422228774E-16,-64.80423687698));
#3086 = CARTESIAN_POINT('',(1.240515974961E-16,-67.28595408127));
#3087 = CARTESIAN_POINT('',(1.220394666265E-16,-69.76767128555));
#3088 = CARTESIAN_POINT('',(1.225786154864E-16,-72.24938848984));
#3089 = CARTESIAN_POINT('',(1.224341509163E-16,-74.73110569413));
#3090 = CARTESIAN_POINT('',(1.22472860337E-16,-77.21282289841));
#3091 = CARTESIAN_POINT('',(1.224624872242E-16,-79.6945401027));
#3092 = CARTESIAN_POINT('',(1.224652702545E-16,-82.17625730698));
#3093 = CARTESIAN_POINT('',(1.224645112462E-16,-84.65797451127));
#3094 = CARTESIAN_POINT('',(1.22464764249E-16,-87.13969171555));
#3095 = CARTESIAN_POINT('',(1.224645112462E-16,-89.62140891984));
#3096 = CARTESIAN_POINT('',(1.224652702545E-16,-92.10312612412));
#3097 = CARTESIAN_POINT('',(1.224624872242E-16,-94.58484332841));
#3098 = CARTESIAN_POINT('',(1.22472860337E-16,-97.06656053269));
#3099 = CARTESIAN_POINT('',(1.224341509163E-16,-99.54827773698));
#3100 = CARTESIAN_POINT('',(1.225786154864E-16,-102.0299949412));
#3101 = CARTESIAN_POINT('',(1.220394666265E-16,-104.5117121455));
#3102 = CARTESIAN_POINT('',(1.240515974961E-16,-106.9934293498));
#3103 = CARTESIAN_POINT('',(1.165422228774E-16,-109.4751465541));
#3104 = CARTESIAN_POINT('',(1.445675904826E-16,-111.9568637584));
#3105 = CARTESIAN_POINT('',(7.483952661456E-17,-113.6113418946));
#3106 = CARTESIAN_POINT('',(0.,-114.4385809626));
#3107 = ( GEOMETRIC_REPRESENTATION_CONTEXT(2) 
PARAMETRIC_REPRESENTATION_CONTEXT() REPRESENTATION_CONTEXT('2D SPACE',''
  ) );
#3108 = ORIENTED_EDGE('',*,*,#3109,.T.);
#3109 = EDGE_CURVE('',#3060,#3110,#3112,.T.);
#3110 = VERTEX_POINT('',#3111);
#3111 = CARTESIAN_POINT('',(73.308975622602,-8.977760234499E-15,
    479.1924561801));
#3112 = SURFACE_CURVE('',#3113,(#3117,#3124),.PCURVE_S1.);
#3113 = LINE('',#3114,#3115);
#3114 = CARTESIAN_POINT('',(-56.56791595214,6.927571720523E-15,
    479.1924561801));
#3115 = VECTOR('',#3116,1.);
#3116 = DIRECTION('',(1.,-1.224646799147E-16,0.));
#3117 = PCURVE('',#1487,#3118);
#3118 = DEFINITIONAL_REPRESENTATION('',(#3119),#3123);
#3119 = LINE('',#3120,#3121);
#3120 = CARTESIAN_POINT('',(0.,211.07801969722));
#3121 = VECTOR('',#3122,1.);
#3122 = DIRECTION('',(-1.,0.));
#3123 = ( GEOMETRIC_REPRESENTATION_CONTEXT(2) 
PARAMETRIC_REPRESENTATION_CONTEXT() REPRESENTATION_CONTEXT('2D SPACE',''
  ) );
#3124 = PCURVE('',#3125,#3130);
#3125 = PLANE('',#3126);
#3126 = AXIS2_PLACEMENT_3D('',#3127,#3128,#3129);
#3127 = CARTESIAN_POINT('',(-37.57544106372,4.601664362524E-15,
    479.1924561801));
#3128 = DIRECTION('',(0.,0.,1.));
#3129 = DIRECTION('',(1.,0.,-0.));
#3130 = DEFINITIONAL_REPRESENTATION('',(#3131),#3135);
#3131 = LINE('',#3132,#3133);
#3132 = CARTESIAN_POINT('',(-18.99247488842,2.325907357999E-15));
#3133 = VECTOR('',#3134,1.);
#3134 = DIRECTION('',(1.,-1.224646799147E-16));
#3135 = ( GEOMETRIC_REPRESENTATION_CONTEXT(2) 
PARAMETRIC_REPRESENTATION_CONTEXT() REPRESENTATION_CONTEXT('2D SPACE',''
  ) );
#3136 = ORIENTED_EDGE('',*,*,#3137,.T.);
#3137 = EDGE_CURVE('',#3110,#3138,#3140,.T.);
#3138 = VERTEX_POINT('',#3139);
#3139 = CARTESIAN_POINT('',(91.158242231936,0.,424.59467768552));
#3140 = SURFACE_CURVE('',#3141,(#3145,#3152),.PCURVE_S1.);
#3141 = LINE('',#3142,#3143);
#3142 = CARTESIAN_POINT('',(0.,0.,703.43176529626));
#3143 = VECTOR('',#3144,1.);
#3144 = DIRECTION('',(0.310738744178,-3.805452084283E-17,-0.950495361833
    ));
#3145 = PCURVE('',#1487,#3146);
#3146 = DEFINITIONAL_REPRESENTATION('',(#3147),#3151);
#3147 = LINE('',#3148,#3149);
#3148 = CARTESIAN_POINT('',(-56.56791595214,435.31732881338));
#3149 = VECTOR('',#3150,1.);
#3150 = DIRECTION('',(-0.310738744178,-0.950495361833));
#3151 = ( GEOMETRIC_REPRESENTATION_CONTEXT(2) 
PARAMETRIC_REPRESENTATION_CONTEXT() REPRESENTATION_CONTEXT('2D SPACE',''
  ) );
#3152 = PCURVE('',#3075,#3153);
#3153 = DEFINITIONAL_REPRESENTATION('',(#3154),#3180);
#3154 = B_SPLINE_CURVE_WITH_KNOTS('',3,(#3155,#3156,#3157,#3158,#3159,
    #3160,#3161,#3162,#3163,#3164,#3165,#3166,#3167,#3168,#3169,#3170,
    #3171,#3172,#3173,#3174,#3175,#3176,#3177,#3178,#3179),
  .UNSPECIFIED.,.F.,.F.,(4,1,1,1,1,1,1,1,1,1,1,1,1,1,1,1,1,1,1,1,1,1,4),
  (235.91836227756,238.5293347283,241.14030717903,243.75127962977,
    246.3622520805,248.97322453124,251.58419698197,254.19516943271,
    256.80614188344,259.41711433418,262.02808678492,264.63905923565,
    267.25003168639,269.86100413712,272.47197658786,275.08294903859,
    277.69392148933,280.30489394007,282.9158663908,285.52683884154,
    288.13781129227,290.74878374301,293.35975619374),
  .QUASI_UNIFORM_KNOTS.);
#3155 = CARTESIAN_POINT('',(3.14159265359,-114.4385809626));
#3156 = CARTESIAN_POINT('',(3.14159265359,-113.6113418946));
#3157 = CARTESIAN_POINT('',(3.14159265359,-111.9568637584));
#3158 = CARTESIAN_POINT('',(3.14159265359,-109.4751465541));
#3159 = CARTESIAN_POINT('',(3.14159265359,-106.9934293498));
#3160 = CARTESIAN_POINT('',(3.14159265359,-104.5117121455));
#3161 = CARTESIAN_POINT('',(3.14159265359,-102.0299949412));
#3162 = CARTESIAN_POINT('',(3.14159265359,-99.54827773698));
#3163 = CARTESIAN_POINT('',(3.14159265359,-97.06656053269));
#3164 = CARTESIAN_POINT('',(3.14159265359,-94.58484332841));
#3165 = CARTESIAN_POINT('',(3.14159265359,-92.10312612412));
#3166 = CARTESIAN_POINT('',(3.14159265359,-89.62140891984));
#3167 = CARTESIAN_POINT('',(3.14159265359,-87.13969171555));
#3168 = CARTESIAN_POINT('',(3.14159265359,-84.65797451127));
#3169 = CARTESIAN_POINT('',(3.14159265359,-82.17625730698));
#3170 = CARTESIAN_POINT('',(3.14159265359,-79.6945401027));
#3171 = CARTESIAN_POINT('',(3.14159265359,-77.21282289841));
#3172 = CARTESIAN_POINT('',(3.14159265359,-74.73110569413));
#3173 = CARTESIAN_POINT('',(3.14159265359,-72.24938848984));
#3174 = CARTESIAN_POINT('',(3.14159265359,-69.76767128555));
#3175 = CARTESIAN_POINT('',(3.14159265359,-67.28595408127));
#3176 = CARTESIAN_POINT('',(3.14159265359,-64.80423687698));
#3177 = CARTESIAN_POINT('',(3.14159265359,-62.3225196727));
#3178 = CARTESIAN_POINT('',(3.14159265359,-60.66804153651));
#3179 = CARTESIAN_POINT('',(3.14159265359,-59.84080246841));
#3180 = ( GEOMETRIC_REPRESENTATION_CONTEXT(2) 
PARAMETRIC_REPRESENTATION_CONTEXT() REPRESENTATION_CONTEXT('2D SPACE',''
  ) );
#3181 = ORIENTED_EDGE('',*,*,#3182,.T.);
#3182 = EDGE_CURVE('',#3138,#2872,#3183,.T.);
#3183 = SURFACE_CURVE('',#3184,(#3189,#3196),.PCURVE_S1.);
#3184 = CIRCLE('',#3185,200.66);
#3185 = AXIS2_PLACEMENT_3D('',#3186,#3187,#3188);
#3186 = CARTESIAN_POINT('',(-99.56815707355,1.219358248571E-14,
    362.24184127882));
#3187 = DIRECTION('',(1.224646799147E-16,1.,0.));
#3188 = DIRECTION('',(-1.,1.224646799147E-16,0.));
#3189 = PCURVE('',#1487,#3190);
#3190 = DEFINITIONAL_REPRESENTATION('',(#3191),#3195);
#3191 = CIRCLE('',#3192,200.66);
#3192 = AXIS2_PLACEMENT_2D('',#3193,#3194);
#3193 = CARTESIAN_POINT('',(43.000241121411,94.127404795935));
#3194 = DIRECTION('',(1.,0.));
#3195 = ( GEOMETRIC_REPRESENTATION_CONTEXT(2) 
PARAMETRIC_REPRESENTATION_CONTEXT() REPRESENTATION_CONTEXT('2D SPACE',''
  ) );
#3196 = PCURVE('',#3013,#3197);
#3197 = DEFINITIONAL_REPRESENTATION('',(#3198),#3224);
#3198 = B_SPLINE_CURVE_WITH_KNOTS('',3,(#3199,#3200,#3201,#3202,#3203,
    #3204,#3205,#3206,#3207,#3208,#3209,#3210,#3211,#3212,#3213,#3214,
    #3215,#3216,#3217,#3218,#3219,#3220,#3221,#3222,#3223),
  .UNSPECIFIED.,.F.,.F.,(4,1,1,1,1,1,1,1,1,1,1,1,1,1,1,1,1,1,1,1,1,1,4),
  (2.825622499607,2.852936201514,2.880249903422,2.90756360533,
    2.934877307238,2.962191009146,2.989504711054,3.016818412962,
    3.04413211487,3.071445816778,3.098759518686,3.126073220593,
    3.153386922501,3.180700624409,3.208014326317,3.235328028225,
    3.262641730133,3.289955432041,3.317269133949,3.344582835857,
    3.371896537765,3.399210239672,3.42652394158),.QUASI_UNIFORM_KNOTS.);
#3199 = CARTESIAN_POINT('',(0.,-0.284931287991));
#3200 = CARTESIAN_POINT('',(4.832358085619E-02,-0.284931287991));
#3201 = CARTESIAN_POINT('',(0.144771215229,-0.284931287991));
#3202 = CARTESIAN_POINT('',(0.288900532986,-0.284931287991));
#3203 = CARTESIAN_POINT('',(0.432544463363,-0.284931287991));
#3204 = CARTESIAN_POINT('',(0.575758709056,-0.284931287991));
#3205 = CARTESIAN_POINT('',(0.718598401128,-0.284931287991));
#3206 = CARTESIAN_POINT('',(0.861118082254,-0.284931287991));
#3207 = CARTESIAN_POINT('',(1.003371818566,-0.284931287991));
#3208 = CARTESIAN_POINT('',(1.145413274988,-0.284931287991));
#3209 = CARTESIAN_POINT('',(1.287295798666,-0.284931287991));
#3210 = CARTESIAN_POINT('',(1.429072498868,-0.284931287991));
#3211 = CARTESIAN_POINT('',(1.570796326795,-0.284931287991));
#3212 = CARTESIAN_POINT('',(1.712520154722,-0.284931287991));
#3213 = CARTESIAN_POINT('',(1.854296854923,-0.284931287991));
#3214 = CARTESIAN_POINT('',(1.996179378602,-0.284931287991));
#3215 = CARTESIAN_POINT('',(2.138220835024,-0.284931287991));
#3216 = CARTESIAN_POINT('',(2.280474571336,-0.284931287991));
#3217 = CARTESIAN_POINT('',(2.422994252462,-0.284931287991));
#3218 = CARTESIAN_POINT('',(2.565833944533,-0.284931287991));
#3219 = CARTESIAN_POINT('',(2.709048190227,-0.284931287991));
#3220 = CARTESIAN_POINT('',(2.852692120604,-0.284931287991));
#3221 = CARTESIAN_POINT('',(2.996821438361,-0.284931287991));
#3222 = CARTESIAN_POINT('',(3.093269072734,-0.284931287991));
#3223 = CARTESIAN_POINT('',(3.14159265359,-0.284931287991));
#3224 = ( GEOMETRIC_REPRESENTATION_CONTEXT(2) 
PARAMETRIC_REPRESENTATION_CONTEXT() REPRESENTATION_CONTEXT('2D SPACE',''
  ) );
#3225 = ADVANCED_FACE('',(#3226),#1655,.T.);
#3226 = FACE_BOUND('',#3227,.T.);
#3227 = EDGE_LOOP('',(#3228,#3229,#3230,#3231));
#3228 = ORIENTED_EDGE('',*,*,#2798,.T.);
#3229 = ORIENTED_EDGE('',*,*,#1618,.T.);
#3230 = ORIENTED_EDGE('',*,*,#2635,.F.);
#3231 = ORIENTED_EDGE('',*,*,#3232,.F.);
#3232 = EDGE_CURVE('',#2799,#2636,#3233,.T.);
#3233 = SURFACE_CURVE('',#3234,(#3239,#3246),.PCURVE_S1.);
#3234 = CIRCLE('',#3235,36.6948444);
#3235 = AXIS2_PLACEMENT_3D('',#3236,#3237,#3238);
#3236 = CARTESIAN_POINT('',(0.,0.,104.56422400164));
#3237 = DIRECTION('',(0.,0.,-1.));
#3238 = DIRECTION('',(-1.,0.,0.));
#3239 = PCURVE('',#1655,#3240);
#3240 = DEFINITIONAL_REPRESENTATION('',(#3241),#3245);
#3241 = LINE('',#3242,#3243);
#3242 = CARTESIAN_POINT('',(3.14159265359,0.));
#3243 = VECTOR('',#3244,1.);
#3244 = DIRECTION('',(-1.,0.));
#3245 = ( GEOMETRIC_REPRESENTATION_CONTEXT(2) 
PARAMETRIC_REPRESENTATION_CONTEXT() REPRESENTATION_CONTEXT('2D SPACE',''
  ) );
#3246 = PCURVE('',#2857,#3247);
#3247 = DEFINITIONAL_REPRESENTATION('',(#3248),#3256);
#3248 = ( BOUNDED_CURVE() B_SPLINE_CURVE(2,(#3249,#3250,#3251,#3252,
#3253,#3254,#3255),.UNSPECIFIED.,.T.,.F.) B_SPLINE_CURVE_WITH_KNOTS((1,2
    ,2,2,2,1),(-2.094395102393,0.,2.094395102393,4.188790204786,
6.28318530718,8.377580409573),.UNSPECIFIED.) CURVE() 
GEOMETRIC_REPRESENTATION_ITEM() RATIONAL_B_SPLINE_CURVE((1.,0.5,1.,0.5,
1.,0.5,1.)) REPRESENTATION_ITEM('') );
#3249 = CARTESIAN_POINT('',(-18.34742217707,-2.246911189791E-15));
#3250 = CARTESIAN_POINT('',(-18.34742217707,63.557334876634));
#3251 = CARTESIAN_POINT('',(36.694844422929,31.778667438317));
#3252 = CARTESIAN_POINT('',(91.737111022929,6.740733558143E-15));
#3253 = CARTESIAN_POINT('',(36.694844422929,-31.77866743831));
#3254 = CARTESIAN_POINT('',(-18.34742217707,-63.55733487663));
#3255 = CARTESIAN_POINT('',(-18.34742217707,-2.246911189791E-15));
#3256 = ( GEOMETRIC_REPRESENTATION_CONTEXT(2) 
PARAMETRIC_REPRESENTATION_CONTEXT() REPRESENTATION_CONTEXT('2D SPACE',''
  ) );
#3257 = ADVANCED_FACE('',(#3258),#1538,.T.);
#3258 = FACE_BOUND('',#3259,.T.);
#3259 = EDGE_LOOP('',(#3260,#3261,#3262,#3263));
#3260 = ORIENTED_EDGE('',*,*,#2681,.F.);
#3261 = ORIENTED_EDGE('',*,*,#1499,.T.);
#3262 = ORIENTED_EDGE('',*,*,#2754,.T.);
#3263 = ORIENTED_EDGE('',*,*,#3264,.T.);
#3264 = EDGE_CURVE('',#2727,#2682,#3265,.T.);
#3265 = SURFACE_CURVE('',#3266,(#3271,#3300),.PCURVE_S1.);
#3266 = CIRCLE('',#3267,75.1508821);
#3267 = AXIS2_PLACEMENT_3D('',#3268,#3269,#3270);
#3268 = CARTESIAN_POINT('',(0.,0.,481.7324561801));
#3269 = DIRECTION('',(0.,0.,-1.));
#3270 = DIRECTION('',(-1.,0.,0.));
#3271 = PCURVE('',#1538,#3272);
#3272 = DEFINITIONAL_REPRESENTATION('',(#3273),#3299);
#3273 = B_SPLINE_CURVE_WITH_KNOTS('',3,(#3274,#3275,#3276,#3277,#3278,
    #3279,#3280,#3281,#3282,#3283,#3284,#3285,#3286,#3287,#3288,#3289,
    #3290,#3291,#3292,#3293,#3294,#3295,#3296,#3297,#3298),
  .UNSPECIFIED.,.F.,.F.,(4,1,1,1,1,1,1,1,1,1,1,1,1,1,1,1,1,1,1,1,1,1,4),
  (1.224646799147E-16,0.142799666072,0.285599332145,0.428398998217,
    0.571198664289,0.713998330361,0.856797996434,0.999597662506,
    1.142397328578,1.28519699465,1.427996660723,1.570796326795,
    1.713595992867,1.856395658939,1.999195325012,2.141994991084,
    2.284794657156,2.427594323228,2.570393989301,2.713193655373,
    2.855993321445,2.998792987518,3.14159265359),.QUASI_UNIFORM_KNOTS.);
#3274 = CARTESIAN_POINT('',(0.,-116.1893045549));
#3275 = CARTESIAN_POINT('',(4.759988869075E-02,-116.1893045549));
#3276 = CARTESIAN_POINT('',(0.142799666072,-116.1893045549));
#3277 = CARTESIAN_POINT('',(0.285599332145,-116.1893045549));
#3278 = CARTESIAN_POINT('',(0.428398998217,-116.1893045549));
#3279 = CARTESIAN_POINT('',(0.571198664289,-116.1893045549));
#3280 = CARTESIAN_POINT('',(0.713998330361,-116.1893045549));
#3281 = CARTESIAN_POINT('',(0.856797996434,-116.1893045549));
#3282 = CARTESIAN_POINT('',(0.999597662506,-116.1893045549));
#3283 = CARTESIAN_POINT('',(1.142397328578,-116.1893045549));
#3284 = CARTESIAN_POINT('',(1.28519699465,-116.1893045549));
#3285 = CARTESIAN_POINT('',(1.427996660723,-116.1893045549));
#3286 = CARTESIAN_POINT('',(1.570796326795,-116.1893045549));
#3287 = CARTESIAN_POINT('',(1.713595992867,-116.1893045549));
#3288 = CARTESIAN_POINT('',(1.856395658939,-116.1893045549));
#3289 = CARTESIAN_POINT('',(1.999195325012,-116.1893045549));
#3290 = CARTESIAN_POINT('',(2.141994991084,-116.1893045549));
#3291 = CARTESIAN_POINT('',(2.284794657156,-116.1893045549));
#3292 = CARTESIAN_POINT('',(2.427594323228,-116.1893045549));
#3293 = CARTESIAN_POINT('',(2.570393989301,-116.1893045549));
#3294 = CARTESIAN_POINT('',(2.713193655373,-116.1893045549));
#3295 = CARTESIAN_POINT('',(2.855993321445,-116.1893045549));
#3296 = CARTESIAN_POINT('',(2.998792987518,-116.1893045549));
#3297 = CARTESIAN_POINT('',(3.093992764899,-116.1893045549));
#3298 = CARTESIAN_POINT('',(3.14159265359,-116.1893045549));
#3299 = ( GEOMETRIC_REPRESENTATION_CONTEXT(2) 
PARAMETRIC_REPRESENTATION_CONTEXT() REPRESENTATION_CONTEXT('2D SPACE',''
  ) );
#3300 = PCURVE('',#2742,#3301);
#3301 = DEFINITIONAL_REPRESENTATION('',(#3302),#3310);
#3302 = ( BOUNDED_CURVE() B_SPLINE_CURVE(2,(#3303,#3304,#3305,#3306,
#3307,#3308,#3309),.UNSPECIFIED.,.T.,.F.) B_SPLINE_CURVE_WITH_KNOTS((1,2
    ,2,2,2,1),(-2.094395102393,0.,2.094395102393,4.188790204786,
6.28318530718,8.377580409573),.UNSPECIFIED.) CURVE() 
GEOMETRIC_REPRESENTATION_ITEM() RATIONAL_B_SPLINE_CURVE((1.,0.5,1.,0.5,
1.,0.5,1.)) REPRESENTATION_ITEM('') );
#3303 = CARTESIAN_POINT('',(-37.57544103627,-4.601664362524E-15));
#3304 = CARTESIAN_POINT('',(-37.57544103627,130.16514603081));
#3305 = CARTESIAN_POINT('',(75.150882113725,65.082573015409));
#3306 = CARTESIAN_POINT('',(187.87720526372,1.380499308085E-14));
#3307 = CARTESIAN_POINT('',(75.150882113725,-65.0825730154));
#3308 = CARTESIAN_POINT('',(-37.57544103627,-130.1651460308));
#3309 = CARTESIAN_POINT('',(-37.57544103627,-4.601664362524E-15));
#3310 = ( GEOMETRIC_REPRESENTATION_CONTEXT(2) 
PARAMETRIC_REPRESENTATION_CONTEXT() REPRESENTATION_CONTEXT('2D SPACE',''
  ) );
#3311 = ADVANCED_FACE('',(#3312),#1755,.T.);
#3312 = FACE_BOUND('',#3313,.T.);
#3313 = EDGE_LOOP('',(#3314,#3337,#3364,#3365,#3366));
#3314 = ORIENTED_EDGE('',*,*,#3315,.T.);
#3315 = EDGE_CURVE('',#1692,#3316,#3318,.T.);
#3316 = VERTEX_POINT('',#3317);
#3317 = CARTESIAN_POINT('',(73.796342084331,72.665503993703,
    370.52268821776));
#3318 = SEAM_CURVE('',#3319,(#3323,#3330),.PCURVE_S1.);
#3319 = LINE('',#3320,#3321);
#3320 = CARTESIAN_POINT('',(73.68225632224,72.553513068245,
    370.51617120132));
#3321 = VECTOR('',#3322,1.);
#3322 = DIRECTION('',(0.713036013068,0.69994328411,4.07313527473E-02));
#3323 = PCURVE('',#1755,#3324);
#3324 = DEFINITIONAL_REPRESENTATION('',(#3325),#3329);
#3325 = LINE('',#3326,#3327);
#3326 = CARTESIAN_POINT('',(6.28318530718,-0.));
#3327 = VECTOR('',#3328,1.);
#3328 = DIRECTION('',(0.,1.));
#3329 = ( GEOMETRIC_REPRESENTATION_CONTEXT(2) 
PARAMETRIC_REPRESENTATION_CONTEXT() REPRESENTATION_CONTEXT('2D SPACE',''
  ) );
#3330 = PCURVE('',#1755,#3331);
#3331 = DEFINITIONAL_REPRESENTATION('',(#3332),#3336);
#3332 = LINE('',#3333,#3334);
#3333 = CARTESIAN_POINT('',(0.,-0.));
#3334 = VECTOR('',#3335,1.);
#3335 = DIRECTION('',(0.,1.));
#3336 = ( GEOMETRIC_REPRESENTATION_CONTEXT(2) 
PARAMETRIC_REPRESENTATION_CONTEXT() REPRESENTATION_CONTEXT('2D SPACE',''
  ) );
#3337 = ORIENTED_EDGE('',*,*,#3338,.F.);
#3338 = EDGE_CURVE('',#3316,#3316,#3339,.T.);
#3339 = SURFACE_CURVE('',#3340,(#3345,#3352),.PCURVE_S1.);
#3340 = CIRCLE('',#3341,0.16);
#3341 = AXIS2_PLACEMENT_3D('',#3342,#3343,#3344);
#3342 = CARTESIAN_POINT('',(73.908426024427,72.551323477096,
    370.52268821776));
#3343 = DIRECTION('',(0.713036013068,0.69994328411,4.07313527473E-02));
#3344 = DIRECTION('',(-0.7005246256,0.713628228792,6.938893903907E-18));
#3345 = PCURVE('',#1755,#3346);
#3346 = DEFINITIONAL_REPRESENTATION('',(#3347),#3351);
#3347 = LINE('',#3348,#3349);
#3348 = CARTESIAN_POINT('',(0.,0.16));
#3349 = VECTOR('',#3350,1.);
#3350 = DIRECTION('',(1.,0.));
#3351 = ( GEOMETRIC_REPRESENTATION_CONTEXT(2) 
PARAMETRIC_REPRESENTATION_CONTEXT() REPRESENTATION_CONTEXT('2D SPACE',''
  ) );
#3352 = PCURVE('',#3353,#3358);
#3353 = PLANE('',#3354);
#3354 = AXIS2_PLACEMENT_3D('',#3355,#3356,#3357);
#3355 = CARTESIAN_POINT('',(73.908426024427,72.551323477096,
    370.52268821776));
#3356 = DIRECTION('',(0.713036013068,0.69994328411,4.07313527473E-02));
#3357 = DIRECTION('',(-0.7005246256,0.713628228792,3.469446951954E-18));
#3358 = DEFINITIONAL_REPRESENTATION('',(#3359),#3363);
#3359 = CIRCLE('',#3360,0.16);
#3360 = AXIS2_PLACEMENT_2D('',#3361,#3362);
#3361 = CARTESIAN_POINT('',(0.,0.));
#3362 = DIRECTION('',(1.,0.));
#3363 = ( GEOMETRIC_REPRESENTATION_CONTEXT(2) 
PARAMETRIC_REPRESENTATION_CONTEXT() REPRESENTATION_CONTEXT('2D SPACE',''
  ) );
#3364 = ORIENTED_EDGE('',*,*,#3315,.F.);
#3365 = ORIENTED_EDGE('',*,*,#1790,.F.);
#3366 = ORIENTED_EDGE('',*,*,#1691,.F.);
#3367 = ADVANCED_FACE('',(#3368),#1826,.F.);
#3368 = FACE_BOUND('',#3369,.F.);
#3369 = EDGE_LOOP('',(#3370,#3371,#3394,#3422));
#3370 = ORIENTED_EDGE('',*,*,#1810,.F.);
#3371 = ORIENTED_EDGE('',*,*,#3372,.T.);
#3372 = EDGE_CURVE('',#1811,#3373,#3375,.T.);
#3373 = VERTEX_POINT('',#3374);
#3374 = CARTESIAN_POINT('',(25.142993343866,93.154291944124,
    416.04350277591));
#3375 = SURFACE_CURVE('',#3376,(#3380,#3387),.PCURVE_S1.);
#3376 = LINE('',#3377,#3378);
#3377 = CARTESIAN_POINT('',(25.102655348703,93.005390997443,
    416.00106041236));
#3378 = VECTOR('',#3379,1.);
#3379 = DIRECTION('',(0.252112469768,0.930630916757,0.265264772186));
#3380 = PCURVE('',#1826,#3381);
#3381 = DEFINITIONAL_REPRESENTATION('',(#3382),#3386);
#3382 = LINE('',#3383,#3384);
#3383 = CARTESIAN_POINT('',(0.,-0.));
#3384 = VECTOR('',#3385,1.);
#3385 = DIRECTION('',(5.012656956183E-14,-1.));
#3386 = ( GEOMETRIC_REPRESENTATION_CONTEXT(2) 
PARAMETRIC_REPRESENTATION_CONTEXT() REPRESENTATION_CONTEXT('2D SPACE',''
  ) );
#3387 = PCURVE('',#1851,#3388);
#3388 = DEFINITIONAL_REPRESENTATION('',(#3389),#3393);
#3389 = LINE('',#3390,#3391);
#3390 = CARTESIAN_POINT('',(0.16,1.301042606983E-17));
#3391 = VECTOR('',#3392,1.);
#3392 = DIRECTION('',(-4.949513021657E-14,-1.));
#3393 = ( GEOMETRIC_REPRESENTATION_CONTEXT(2) 
PARAMETRIC_REPRESENTATION_CONTEXT() REPRESENTATION_CONTEXT('2D SPACE',''
  ) );
#3394 = ORIENTED_EDGE('',*,*,#3395,.T.);
#3395 = EDGE_CURVE('',#3373,#3396,#3398,.T.);
#3396 = VERTEX_POINT('',#3397);
#3397 = CARTESIAN_POINT('',(25.065577508687,93.1357052844,
    416.18228794999));
#3398 = SURFACE_CURVE('',#3399,(#3403,#3410),.PCURVE_S1.);
#3399 = LINE('',#3400,#3401);
#3400 = CARTESIAN_POINT('',(25.142993343866,93.154291944124,
    416.04350277591));
#3401 = VECTOR('',#3402,1.);
#3402 = DIRECTION('',(-0.483848969873,-0.116166623273,0.867407337985));
#3403 = PCURVE('',#1826,#3404);
#3404 = DEFINITIONAL_REPRESENTATION('',(#3405),#3409);
#3405 = LINE('',#3406,#3407);
#3406 = CARTESIAN_POINT('',(1.434963259328E-14,-0.16));
#3407 = VECTOR('',#3408,1.);
#3408 = DIRECTION('',(1.,2.775557561563E-17));
#3409 = ( GEOMETRIC_REPRESENTATION_CONTEXT(2) 
PARAMETRIC_REPRESENTATION_CONTEXT() REPRESENTATION_CONTEXT('2D SPACE',''
  ) );
#3410 = PCURVE('',#3411,#3416);
#3411 = PLANE('',#3412);
#3412 = AXIS2_PLACEMENT_3D('',#3413,#3414,#3415);
#3413 = CARTESIAN_POINT('',(25.220409179046,93.096912409189,
    416.17123052323));
#3414 = DIRECTION('',(0.252112469768,0.930630916757,0.265264772186));
#3415 = DIRECTION('',(0.,-0.274119393346,0.961695668178));
#3416 = DEFINITIONAL_REPRESENTATION('',(#3417),#3421);
#3417 = LINE('',#3418,#3419);
#3418 = CARTESIAN_POINT('',(-0.138564064606,-7.999999999999E-02));
#3419 = VECTOR('',#3420,1.);
#3420 = DIRECTION('',(0.866025403784,-0.5));
#3421 = ( GEOMETRIC_REPRESENTATION_CONTEXT(2) 
PARAMETRIC_REPRESENTATION_CONTEXT() REPRESENTATION_CONTEXT('2D SPACE',''
  ) );
#3422 = ORIENTED_EDGE('',*,*,#3423,.F.);
#3423 = EDGE_CURVE('',#1813,#3396,#3424,.T.);
#3424 = SURFACE_CURVE('',#3425,(#3429,#3436),.PCURVE_S1.);
#3425 = LINE('',#3426,#3427);
#3426 = CARTESIAN_POINT('',(25.025239513524,92.986804337719,
    416.13984558644));
#3427 = VECTOR('',#3428,1.);
#3428 = DIRECTION('',(0.252112469768,0.930630916757,0.265264772186));
#3429 = PCURVE('',#1826,#3430);
#3430 = DEFINITIONAL_REPRESENTATION('',(#3431),#3435);
#3431 = LINE('',#3432,#3433);
#3432 = CARTESIAN_POINT('',(0.16,0.));
#3433 = VECTOR('',#3434,1.);
#3434 = DIRECTION('',(5.012656956183E-14,-1.));
#3435 = ( GEOMETRIC_REPRESENTATION_CONTEXT(2) 
PARAMETRIC_REPRESENTATION_CONTEXT() REPRESENTATION_CONTEXT('2D SPACE',''
  ) );
#3436 = PCURVE('',#1949,#3437);
#3437 = DEFINITIONAL_REPRESENTATION('',(#3438),#3442);
#3438 = LINE('',#3439,#3440);
#3439 = CARTESIAN_POINT('',(0.,-0.));
#3440 = VECTOR('',#3441,1.);
#3441 = DIRECTION('',(-7.682743330406E-14,-1.));
#3442 = ( GEOMETRIC_REPRESENTATION_CONTEXT(2) 
PARAMETRIC_REPRESENTATION_CONTEXT() REPRESENTATION_CONTEXT('2D SPACE',''
  ) );
#3443 = ADVANCED_FACE('',(#3444),#1851,.F.);
#3444 = FACE_BOUND('',#3445,.F.);
#3445 = EDGE_LOOP('',(#3446,#3447,#3470,#3491));
#3446 = ORIENTED_EDGE('',*,*,#1837,.F.);
#3447 = ORIENTED_EDGE('',*,*,#3448,.T.);
#3448 = EDGE_CURVE('',#1838,#3449,#3451,.T.);
#3449 = VERTEX_POINT('',#3450);
#3450 = CARTESIAN_POINT('',(25.297825014225,93.115499068913,
    416.03244534915));
#3451 = SURFACE_CURVE('',#3452,(#3456,#3463),.PCURVE_S1.);
#3452 = LINE('',#3453,#3454);
#3453 = CARTESIAN_POINT('',(25.257487019062,92.966598122232,
    415.9900029856));
#3454 = VECTOR('',#3455,1.);
#3455 = DIRECTION('',(0.252112469768,0.930630916757,0.265264772186));
#3456 = PCURVE('',#1851,#3457);
#3457 = DEFINITIONAL_REPRESENTATION('',(#3458),#3462);
#3458 = LINE('',#3459,#3460);
#3459 = CARTESIAN_POINT('',(0.,-0.));
#3460 = VECTOR('',#3461,1.);
#3461 = DIRECTION('',(-4.949513021657E-14,-1.));
#3462 = ( GEOMETRIC_REPRESENTATION_CONTEXT(2) 
PARAMETRIC_REPRESENTATION_CONTEXT() REPRESENTATION_CONTEXT('2D SPACE',''
  ) );
#3463 = PCURVE('',#1876,#3464);
#3464 = DEFINITIONAL_REPRESENTATION('',(#3465),#3469);
#3465 = LINE('',#3466,#3467);
#3466 = CARTESIAN_POINT('',(0.16,-6.938893903907E-18));
#3467 = VECTOR('',#3468,1.);
#3468 = DIRECTION('',(7.682743330406E-14,-1.));
#3469 = ( GEOMETRIC_REPRESENTATION_CONTEXT(2) 
PARAMETRIC_REPRESENTATION_CONTEXT() REPRESENTATION_CONTEXT('2D SPACE',''
  ) );
#3470 = ORIENTED_EDGE('',*,*,#3471,.T.);
#3471 = EDGE_CURVE('',#3449,#3373,#3472,.T.);
#3472 = SURFACE_CURVE('',#3473,(#3477,#3484),.PCURVE_S1.);
#3473 = LINE('',#3474,#3475);
#3474 = CARTESIAN_POINT('',(25.297825014225,93.115499068913,
    416.03244534915));
#3475 = VECTOR('',#3476,1.);
#3476 = DIRECTION('',(-0.967697939745,0.24245547007,6.910891726797E-02)
  );
#3477 = PCURVE('',#1851,#3478);
#3478 = DEFINITIONAL_REPRESENTATION('',(#3479),#3483);
#3479 = LINE('',#3480,#3481);
#3480 = CARTESIAN_POINT('',(-5.882447307037E-15,-0.16));
#3481 = VECTOR('',#3482,1.);
#3482 = DIRECTION('',(1.,4.163336342344E-17));
#3483 = ( GEOMETRIC_REPRESENTATION_CONTEXT(2) 
PARAMETRIC_REPRESENTATION_CONTEXT() REPRESENTATION_CONTEXT('2D SPACE',''
  ) );
#3484 = PCURVE('',#3411,#3485);
#3485 = DEFINITIONAL_REPRESENTATION('',(#3486),#3490);
#3486 = LINE('',#3487,#3488);
#3487 = CARTESIAN_POINT('',(-0.138564064606,8.000000000001E-02));
#3488 = VECTOR('',#3489,1.);
#3489 = DIRECTION('',(3.372302437299E-15,-1.));
#3490 = ( GEOMETRIC_REPRESENTATION_CONTEXT(2) 
PARAMETRIC_REPRESENTATION_CONTEXT() REPRESENTATION_CONTEXT('2D SPACE',''
  ) );
#3491 = ORIENTED_EDGE('',*,*,#3372,.F.);
#3492 = ADVANCED_FACE('',(#3493),#1949,.F.);
#3493 = FACE_BOUND('',#3494,.F.);
#3494 = EDGE_LOOP('',(#3495,#3496,#3497,#3520));
#3495 = ORIENTED_EDGE('',*,*,#1937,.F.);
#3496 = ORIENTED_EDGE('',*,*,#3423,.T.);
#3497 = ORIENTED_EDGE('',*,*,#3498,.T.);
#3498 = EDGE_CURVE('',#3396,#3499,#3501,.T.);
#3499 = VERTEX_POINT('',#3500);
#3500 = CARTESIAN_POINT('',(25.142993343866,93.078325749466,
    416.31001569731));
#3501 = SURFACE_CURVE('',#3502,(#3506,#3513),.PCURVE_S1.);
#3502 = LINE('',#3503,#3504);
#3503 = CARTESIAN_POINT('',(25.065577508687,93.1357052844,
    416.18228794999));
#3504 = VECTOR('',#3505,1.);
#3505 = DIRECTION('',(0.483848969873,-0.358622093343,0.798298420717));
#3506 = PCURVE('',#1949,#3507);
#3507 = DEFINITIONAL_REPRESENTATION('',(#3508),#3512);
#3508 = LINE('',#3509,#3510);
#3509 = CARTESIAN_POINT('',(-6.28663787694E-15,-0.16));
#3510 = VECTOR('',#3511,1.);
#3511 = DIRECTION('',(1.,0.));
#3512 = ( GEOMETRIC_REPRESENTATION_CONTEXT(2) 
PARAMETRIC_REPRESENTATION_CONTEXT() REPRESENTATION_CONTEXT('2D SPACE',''
  ) );
#3513 = PCURVE('',#3411,#3514);
#3514 = DEFINITIONAL_REPRESENTATION('',(#3515),#3519);
#3515 = LINE('',#3516,#3517);
#3516 = CARTESIAN_POINT('',(-1.204765454066E-13,-0.16));
#3517 = VECTOR('',#3518,1.);
#3518 = DIRECTION('',(0.866025403784,0.5));
#3519 = ( GEOMETRIC_REPRESENTATION_CONTEXT(2) 
PARAMETRIC_REPRESENTATION_CONTEXT() REPRESENTATION_CONTEXT('2D SPACE',''
  ) );
#3520 = ORIENTED_EDGE('',*,*,#3521,.F.);
#3521 = EDGE_CURVE('',#1913,#3499,#3522,.T.);
#3522 = SURFACE_CURVE('',#3523,(#3527,#3534),.PCURVE_S1.);
#3523 = LINE('',#3524,#3525);
#3524 = CARTESIAN_POINT('',(25.102655348703,92.929424802784,
    416.26757333376));
#3525 = VECTOR('',#3526,1.);
#3526 = DIRECTION('',(0.252112469768,0.930630916757,0.265264772186));
#3527 = PCURVE('',#1949,#3528);
#3528 = DEFINITIONAL_REPRESENTATION('',(#3529),#3533);
#3529 = LINE('',#3530,#3531);
#3530 = CARTESIAN_POINT('',(0.16,6.938893903907E-18));
#3531 = VECTOR('',#3532,1.);
#3532 = DIRECTION('',(-7.682743330406E-14,-1.));
#3533 = ( GEOMETRIC_REPRESENTATION_CONTEXT(2) 
PARAMETRIC_REPRESENTATION_CONTEXT() REPRESENTATION_CONTEXT('2D SPACE',''
  ) );
#3534 = PCURVE('',#1926,#3535);
#3535 = DEFINITIONAL_REPRESENTATION('',(#3536),#3540);
#3536 = LINE('',#3537,#3538);
#3537 = CARTESIAN_POINT('',(0.,-0.));
#3538 = VECTOR('',#3539,1.);
#3539 = DIRECTION('',(4.949513021657E-14,-1.));
#3540 = ( GEOMETRIC_REPRESENTATION_CONTEXT(2) 
PARAMETRIC_REPRESENTATION_CONTEXT() REPRESENTATION_CONTEXT('2D SPACE',''
  ) );
#3541 = ADVANCED_FACE('',(#3542),#1876,.F.);
#3542 = FACE_BOUND('',#3543,.F.);
#3543 = EDGE_LOOP('',(#3544,#3545,#3568,#3589));
#3544 = ORIENTED_EDGE('',*,*,#1862,.T.);
#3545 = ORIENTED_EDGE('',*,*,#3546,.T.);
#3546 = EDGE_CURVE('',#1863,#3547,#3549,.T.);
#3547 = VERTEX_POINT('',#3548);
#3548 = CARTESIAN_POINT('',(25.375240849405,93.058119533978,
    416.16017309647));
#3549 = SURFACE_CURVE('',#3550,(#3554,#3561),.PCURVE_S1.);
#3550 = LINE('',#3551,#3552);
#3551 = CARTESIAN_POINT('',(25.334902854242,92.909218587297,
    416.11773073292));
#3552 = VECTOR('',#3553,1.);
#3553 = DIRECTION('',(0.252112469768,0.930630916757,0.265264772186));
#3554 = PCURVE('',#1876,#3555);
#3555 = DEFINITIONAL_REPRESENTATION('',(#3556),#3560);
#3556 = LINE('',#3557,#3558);
#3557 = CARTESIAN_POINT('',(0.,-0.));
#3558 = VECTOR('',#3559,1.);
#3559 = DIRECTION('',(7.682743330406E-14,-1.));
#3560 = ( GEOMETRIC_REPRESENTATION_CONTEXT(2) 
PARAMETRIC_REPRESENTATION_CONTEXT() REPRESENTATION_CONTEXT('2D SPACE',''
  ) );
#3561 = PCURVE('',#1901,#3562);
#3562 = DEFINITIONAL_REPRESENTATION('',(#3563),#3567);
#3563 = LINE('',#3564,#3565);
#3564 = CARTESIAN_POINT('',(0.16,0.));
#3565 = VECTOR('',#3566,1.);
#3566 = DIRECTION('',(-5.012656956183E-14,-1.));
#3567 = ( GEOMETRIC_REPRESENTATION_CONTEXT(2) 
PARAMETRIC_REPRESENTATION_CONTEXT() REPRESENTATION_CONTEXT('2D SPACE',''
  ) );
#3568 = ORIENTED_EDGE('',*,*,#3569,.T.);
#3569 = EDGE_CURVE('',#3547,#3449,#3570,.T.);
#3570 = SURFACE_CURVE('',#3571,(#3575,#3582),.PCURVE_S1.);
#3571 = LINE('',#3572,#3573);
#3572 = CARTESIAN_POINT('',(25.375240849405,93.058119533978,
    416.16017309647));
#3573 = VECTOR('',#3574,1.);
#3574 = DIRECTION('',(-0.483848969873,0.358622093343,-0.798298420717));
#3575 = PCURVE('',#1876,#3576);
#3576 = DEFINITIONAL_REPRESENTATION('',(#3577),#3581);
#3577 = LINE('',#3578,#3579);
#3578 = CARTESIAN_POINT('',(6.28663787694E-15,-0.16));
#3579 = VECTOR('',#3580,1.);
#3580 = DIRECTION('',(1.,0.));
#3581 = ( GEOMETRIC_REPRESENTATION_CONTEXT(2) 
PARAMETRIC_REPRESENTATION_CONTEXT() REPRESENTATION_CONTEXT('2D SPACE',''
  ) );
#3582 = PCURVE('',#3411,#3583);
#3583 = DEFINITIONAL_REPRESENTATION('',(#3584),#3588);
#3584 = LINE('',#3585,#3586);
#3585 = CARTESIAN_POINT('',(-1.13768369725E-13,0.16));
#3586 = VECTOR('',#3587,1.);
#3587 = DIRECTION('',(-0.866025403784,-0.5));
#3588 = ( GEOMETRIC_REPRESENTATION_CONTEXT(2) 
PARAMETRIC_REPRESENTATION_CONTEXT() REPRESENTATION_CONTEXT('2D SPACE',''
  ) );
#3589 = ORIENTED_EDGE('',*,*,#3448,.F.);
#3590 = ADVANCED_FACE('',(#3591),#1926,.F.);
#3591 = FACE_BOUND('',#3592,.F.);
#3592 = EDGE_LOOP('',(#3593,#3594,#3595,#3618));
#3593 = ORIENTED_EDGE('',*,*,#1912,.T.);
#3594 = ORIENTED_EDGE('',*,*,#3521,.T.);
#3595 = ORIENTED_EDGE('',*,*,#3596,.T.);
#3596 = EDGE_CURVE('',#3499,#3597,#3599,.T.);
#3597 = VERTEX_POINT('',#3598);
#3598 = CARTESIAN_POINT('',(25.297825014225,93.039532874254,
    416.29895827054));
#3599 = SURFACE_CURVE('',#3600,(#3604,#3611),.PCURVE_S1.);
#3600 = LINE('',#3601,#3602);
#3601 = CARTESIAN_POINT('',(25.142993343866,93.078325749466,
    416.31001569731));
#3602 = VECTOR('',#3603,1.);
#3603 = DIRECTION('',(0.967697939745,-0.24245547007,-6.910891726797E-02)
  );
#3604 = PCURVE('',#1926,#3605);
#3605 = DEFINITIONAL_REPRESENTATION('',(#3606),#3610);
#3606 = LINE('',#3607,#3608);
#3607 = CARTESIAN_POINT('',(5.882447307037E-15,-0.16));
#3608 = VECTOR('',#3609,1.);
#3609 = DIRECTION('',(1.,-4.163336342344E-17));
#3610 = ( GEOMETRIC_REPRESENTATION_CONTEXT(2) 
PARAMETRIC_REPRESENTATION_CONTEXT() REPRESENTATION_CONTEXT('2D SPACE',''
  ) );
#3611 = PCURVE('',#3411,#3612);
#3612 = DEFINITIONAL_REPRESENTATION('',(#3613),#3617);
#3613 = LINE('',#3614,#3615);
#3614 = CARTESIAN_POINT('',(0.138564064605,-7.999999999999E-02));
#3615 = VECTOR('',#3616,1.);
#3616 = DIRECTION('',(-3.372302437299E-15,1.));
#3617 = ( GEOMETRIC_REPRESENTATION_CONTEXT(2) 
PARAMETRIC_REPRESENTATION_CONTEXT() REPRESENTATION_CONTEXT('2D SPACE',''
  ) );
#3618 = ORIENTED_EDGE('',*,*,#3619,.F.);
#3619 = EDGE_CURVE('',#1888,#3597,#3620,.T.);
#3620 = SURFACE_CURVE('',#3621,(#3625,#3632),.PCURVE_S1.);
#3621 = LINE('',#3622,#3623);
#3622 = CARTESIAN_POINT('',(25.257487019062,92.890631927573,
    416.25651590699));
#3623 = VECTOR('',#3624,1.);
#3624 = DIRECTION('',(0.252112469768,0.930630916757,0.265264772186));
#3625 = PCURVE('',#1926,#3626);
#3626 = DEFINITIONAL_REPRESENTATION('',(#3627),#3631);
#3627 = LINE('',#3628,#3629);
#3628 = CARTESIAN_POINT('',(0.16,-1.301042606983E-17));
#3629 = VECTOR('',#3630,1.);
#3630 = DIRECTION('',(4.949513021657E-14,-1.));
#3631 = ( GEOMETRIC_REPRESENTATION_CONTEXT(2) 
PARAMETRIC_REPRESENTATION_CONTEXT() REPRESENTATION_CONTEXT('2D SPACE',''
  ) );
#3632 = PCURVE('',#1901,#3633);
#3633 = DEFINITIONAL_REPRESENTATION('',(#3634),#3638);
#3634 = LINE('',#3635,#3636);
#3635 = CARTESIAN_POINT('',(0.,-0.));
#3636 = VECTOR('',#3637,1.);
#3637 = DIRECTION('',(-5.012656956183E-14,-1.));
#3638 = ( GEOMETRIC_REPRESENTATION_CONTEXT(2) 
PARAMETRIC_REPRESENTATION_CONTEXT() REPRESENTATION_CONTEXT('2D SPACE',''
  ) );
#3639 = ADVANCED_FACE('',(#3640),#1901,.F.);
#3640 = FACE_BOUND('',#3641,.F.);
#3641 = EDGE_LOOP('',(#3642,#3643,#3644,#3665));
#3642 = ORIENTED_EDGE('',*,*,#1887,.T.);
#3643 = ORIENTED_EDGE('',*,*,#3619,.T.);
#3644 = ORIENTED_EDGE('',*,*,#3645,.T.);
#3645 = EDGE_CURVE('',#3597,#3547,#3646,.T.);
#3646 = SURFACE_CURVE('',#3647,(#3651,#3658),.PCURVE_S1.);
#3647 = LINE('',#3648,#3649);
#3648 = CARTESIAN_POINT('',(25.297825014225,93.039532874254,
    416.29895827054));
#3649 = VECTOR('',#3650,1.);
#3650 = DIRECTION('',(0.483848969873,0.116166623273,-0.867407337985));
#3651 = PCURVE('',#1901,#3652);
#3652 = DEFINITIONAL_REPRESENTATION('',(#3653),#3657);
#3653 = LINE('',#3654,#3655);
#3654 = CARTESIAN_POINT('',(-1.434963259328E-14,-0.16));
#3655 = VECTOR('',#3656,1.);
#3656 = DIRECTION('',(1.,-2.775557561563E-17));
#3657 = ( GEOMETRIC_REPRESENTATION_CONTEXT(2) 
PARAMETRIC_REPRESENTATION_CONTEXT() REPRESENTATION_CONTEXT('2D SPACE',''
  ) );
#3658 = PCURVE('',#3411,#3659);
#3659 = DEFINITIONAL_REPRESENTATION('',(#3660),#3664);
#3660 = LINE('',#3661,#3662);
#3661 = CARTESIAN_POINT('',(0.138564064605,8.000000000001E-02));
#3662 = VECTOR('',#3663,1.);
#3663 = DIRECTION('',(-0.866025403784,0.5));
#3664 = ( GEOMETRIC_REPRESENTATION_CONTEXT(2) 
PARAMETRIC_REPRESENTATION_CONTEXT() REPRESENTATION_CONTEXT('2D SPACE',''
  ) );
#3665 = ORIENTED_EDGE('',*,*,#3546,.F.);
#3666 = ADVANCED_FACE('',(#3667),#1978,.F.);
#3667 = FACE_BOUND('',#3668,.F.);
#3668 = EDGE_LOOP('',(#3669,#3670,#3693,#3721));
#3669 = ORIENTED_EDGE('',*,*,#1962,.F.);
#3670 = ORIENTED_EDGE('',*,*,#3671,.T.);
#3671 = EDGE_CURVE('',#1963,#3672,#3674,.T.);
#3672 = VERTEX_POINT('',#3673);
#3673 = CARTESIAN_POINT('',(97.990648910396,29.314271324735,
    337.96672836065));
#3674 = SURFACE_CURVE('',#3675,(#3679,#3686),.PCURVE_S1.);
#3675 = LINE('',#3676,#3677);
#3676 = CARTESIAN_POINT('',(97.838433140997,29.268773088072,
    337.98570914058));
#3677 = VECTOR('',#3678,1.);
#3678 = DIRECTION('',(0.951348558746,0.284363979143,-0.118629874562));
#3679 = PCURVE('',#1978,#3680);
#3680 = DEFINITIONAL_REPRESENTATION('',(#3681),#3685);
#3681 = LINE('',#3682,#3683);
#3682 = CARTESIAN_POINT('',(0.,0.));
#3683 = VECTOR('',#3684,1.);
#3684 = DIRECTION('',(4.166111899906E-14,-1.));
#3685 = ( GEOMETRIC_REPRESENTATION_CONTEXT(2) 
PARAMETRIC_REPRESENTATION_CONTEXT() REPRESENTATION_CONTEXT('2D SPACE',''
  ) );
#3686 = PCURVE('',#2003,#3687);
#3687 = DEFINITIONAL_REPRESENTATION('',(#3688),#3692);
#3688 = LINE('',#3689,#3690);
#3689 = CARTESIAN_POINT('',(0.16,-6.071532165919E-18));
#3690 = VECTOR('',#3691,1.);
#3691 = DIRECTION('',(-7.947809077535E-14,-1.));
#3692 = ( GEOMETRIC_REPRESENTATION_CONTEXT(2) 
PARAMETRIC_REPRESENTATION_CONTEXT() REPRESENTATION_CONTEXT('2D SPACE',''
  ) );
#3693 = ORIENTED_EDGE('',*,*,#3694,.T.);
#3694 = EDGE_CURVE('',#3672,#3695,#3697,.T.);
#3695 = VERTEX_POINT('',#3696);
#3696 = CARTESIAN_POINT('',(97.965999571936,29.437861427897,
    338.06530775258));
#3697 = SURFACE_CURVE('',#3698,(#3702,#3709),.PCURVE_S1.);
#3698 = LINE('',#3699,#3700);
#3699 = CARTESIAN_POINT('',(97.990648910396,29.314271324735,
    337.96672836065));
#3700 = VECTOR('',#3701,1.);
#3701 = DIRECTION('',(-0.154058365379,0.772438144763,0.61612119958));
#3702 = PCURVE('',#1978,#3703);
#3703 = DEFINITIONAL_REPRESENTATION('',(#3704),#3708);
#3704 = LINE('',#3705,#3706);
#3705 = CARTESIAN_POINT('',(-1.097039126208E-14,-0.16));
#3706 = VECTOR('',#3707,1.);
#3707 = DIRECTION('',(1.,9.71445146547E-17));
#3708 = ( GEOMETRIC_REPRESENTATION_CONTEXT(2) 
PARAMETRIC_REPRESENTATION_CONTEXT() REPRESENTATION_CONTEXT('2D SPACE',''
  ) );
#3709 = PCURVE('',#3710,#3715);
#3710 = PLANE('',#3711);
#3711 = AXIS2_PLACEMENT_3D('',#3712,#3713,#3714);
#3712 = CARTESIAN_POINT('',(98.015298248857,29.297379988385,
    338.12391326091));
#3713 = DIRECTION('',(0.951348558746,0.284363979143,-0.118629874562));
#3714 = DIRECTION('',(-0.28638628318,0.958114239956,0.));
#3715 = DEFINITIONAL_REPRESENTATION('',(#3716),#3720);
#3716 = LINE('',#3717,#3718);
#3717 = CARTESIAN_POINT('',(2.324306231391E-02,-0.158302748095));
#3718 = VECTOR('',#3719,1.);
#3719 = DIRECTION('',(0.784204188636,0.620502852955));
#3720 = ( GEOMETRIC_REPRESENTATION_CONTEXT(2) 
PARAMETRIC_REPRESENTATION_CONTEXT() REPRESENTATION_CONTEXT('2D SPACE',''
  ) );
#3721 = ORIENTED_EDGE('',*,*,#3722,.F.);
#3722 = EDGE_CURVE('',#1965,#3695,#3723,.T.);
#3723 = SURFACE_CURVE('',#3724,(#3728,#3735),.PCURVE_S1.);
#3724 = LINE('',#3725,#3726);
#3725 = CARTESIAN_POINT('',(97.813783802536,29.392363191234,
    338.08428853251));
#3726 = VECTOR('',#3727,1.);
#3727 = DIRECTION('',(0.951348558746,0.284363979143,-0.118629874562));
#3728 = PCURVE('',#1978,#3729);
#3729 = DEFINITIONAL_REPRESENTATION('',(#3730),#3734);
#3730 = LINE('',#3731,#3732);
#3731 = CARTESIAN_POINT('',(0.16,8.673617379884E-18));
#3732 = VECTOR('',#3733,1.);
#3733 = DIRECTION('',(4.166111899906E-14,-1.));
#3734 = ( GEOMETRIC_REPRESENTATION_CONTEXT(2) 
PARAMETRIC_REPRESENTATION_CONTEXT() REPRESENTATION_CONTEXT('2D SPACE',''
  ) );
#3735 = PCURVE('',#2101,#3736);
#3736 = DEFINITIONAL_REPRESENTATION('',(#3737),#3741);
#3737 = LINE('',#3738,#3739);
#3738 = CARTESIAN_POINT('',(0.,0.));
#3739 = VECTOR('',#3740,1.);
#3740 = DIRECTION('',(-6.047939926646E-14,-1.));
#3741 = ( GEOMETRIC_REPRESENTATION_CONTEXT(2) 
PARAMETRIC_REPRESENTATION_CONTEXT() REPRESENTATION_CONTEXT('2D SPACE',''
  ) );
#3742 = ADVANCED_FACE('',(#3743),#2003,.F.);
#3743 = FACE_BOUND('',#3744,.F.);
#3744 = EDGE_LOOP('',(#3745,#3746,#3769,#3790));
#3745 = ORIENTED_EDGE('',*,*,#1989,.F.);
#3746 = ORIENTED_EDGE('',*,*,#3747,.T.);
#3747 = EDGE_CURVE('',#1990,#3748,#3750,.T.);
#3748 = VERTEX_POINT('',#3749);
#3749 = CARTESIAN_POINT('',(98.039947587318,29.173789885223,
    338.02533386897));
#3750 = SURFACE_CURVE('',#3751,(#3755,#3762),.PCURVE_S1.);
#3751 = LINE('',#3752,#3753);
#3752 = CARTESIAN_POINT('',(97.887731817918,29.12829164856,
    338.0443146489));
#3753 = VECTOR('',#3754,1.);
#3754 = DIRECTION('',(0.951348558746,0.284363979143,-0.118629874562));
#3755 = PCURVE('',#2003,#3756);
#3756 = DEFINITIONAL_REPRESENTATION('',(#3757),#3761);
#3757 = LINE('',#3758,#3759);
#3758 = CARTESIAN_POINT('',(0.,0.));
#3759 = VECTOR('',#3760,1.);
#3760 = DIRECTION('',(-7.947809077535E-14,-1.));
#3761 = ( GEOMETRIC_REPRESENTATION_CONTEXT(2) 
PARAMETRIC_REPRESENTATION_CONTEXT() REPRESENTATION_CONTEXT('2D SPACE',''
  ) );
#3762 = PCURVE('',#2028,#3763);
#3763 = DEFINITIONAL_REPRESENTATION('',(#3764),#3768);
#3764 = LINE('',#3765,#3766);
#3765 = CARTESIAN_POINT('',(0.16,-3.469446951954E-18));
#3766 = VECTOR('',#3767,1.);
#3767 = DIRECTION('',(6.047939926646E-14,-1.));
#3768 = ( GEOMETRIC_REPRESENTATION_CONTEXT(2) 
PARAMETRIC_REPRESENTATION_CONTEXT() REPRESENTATION_CONTEXT('2D SPACE',''
  ) );
#3769 = ORIENTED_EDGE('',*,*,#3770,.T.);
#3770 = EDGE_CURVE('',#3748,#3672,#3771,.T.);
#3771 = SURFACE_CURVE('',#3772,(#3776,#3783),.PCURVE_S1.);
#3772 = LINE('',#3773,#3774);
#3773 = CARTESIAN_POINT('',(98.039947587318,29.173789885223,
    338.02533386897));
#3774 = VECTOR('',#3775,1.);
#3775 = DIRECTION('',(-0.308116730758,0.878008996954,-0.366284427045));
#3776 = PCURVE('',#2003,#3777);
#3777 = DEFINITIONAL_REPRESENTATION('',(#3778),#3782);
#3778 = LINE('',#3779,#3780);
#3779 = CARTESIAN_POINT('',(-2.533563636664E-15,-0.16));
#3780 = VECTOR('',#3781,1.);
#3781 = DIRECTION('',(1.,6.938893903907E-18));
#3782 = ( GEOMETRIC_REPRESENTATION_CONTEXT(2) 
PARAMETRIC_REPRESENTATION_CONTEXT() REPRESENTATION_CONTEXT('2D SPACE',''
  ) );
#3783 = PCURVE('',#3710,#3784);
#3784 = DEFINITIONAL_REPRESENTATION('',(#3785),#3789);
#3785 = LINE('',#3786,#3787);
#3786 = CARTESIAN_POINT('',(-0.125472670182,-9.928045647292E-02));
#3787 = VECTOR('',#3788,1.);
#3788 = DIRECTION('',(0.929473328098,-0.368889322635));
#3789 = ( GEOMETRIC_REPRESENTATION_CONTEXT(2) 
PARAMETRIC_REPRESENTATION_CONTEXT() REPRESENTATION_CONTEXT('2D SPACE',''
  ) );
#3790 = ORIENTED_EDGE('',*,*,#3671,.F.);
#3791 = ADVANCED_FACE('',(#3792),#2101,.F.);
#3792 = FACE_BOUND('',#3793,.F.);
#3793 = EDGE_LOOP('',(#3794,#3795,#3796,#3819));
#3794 = ORIENTED_EDGE('',*,*,#2089,.F.);
#3795 = ORIENTED_EDGE('',*,*,#3722,.T.);
#3796 = ORIENTED_EDGE('',*,*,#3797,.T.);
#3797 = EDGE_CURVE('',#3695,#3798,#3800,.T.);
#3798 = VERTEX_POINT('',#3799);
#3799 = CARTESIAN_POINT('',(97.990648910396,29.420970091547,
    338.22249265284));
#3800 = SURFACE_CURVE('',#3801,(#3805,#3812),.PCURVE_S1.);
#3801 = LINE('',#3802,#3803);
#3802 = CARTESIAN_POINT('',(97.965999571936,29.437861427897,
    338.06530775258));
#3803 = VECTOR('',#3804,1.);
#3804 = DIRECTION('',(0.154058365379,-0.105570852191,0.982405626625));
#3805 = PCURVE('',#2101,#3806);
#3806 = DEFINITIONAL_REPRESENTATION('',(#3807),#3811);
#3807 = LINE('',#3808,#3809);
#3808 = CARTESIAN_POINT('',(-2.615269112383E-14,-0.16));
#3809 = VECTOR('',#3810,1.);
#3810 = DIRECTION('',(1.,1.387778780781E-17));
#3811 = ( GEOMETRIC_REPRESENTATION_CONTEXT(2) 
PARAMETRIC_REPRESENTATION_CONTEXT() REPRESENTATION_CONTEXT('2D SPACE',''
  ) );
#3812 = PCURVE('',#3710,#3813);
#3813 = DEFINITIONAL_REPRESENTATION('',(#3814),#3818);
#3814 = LINE('',#3815,#3816);
#3815 = CARTESIAN_POINT('',(0.148715732496,-5.90222916217E-02));
#3816 = VECTOR('',#3817,1.);
#3817 = DIRECTION('',(-0.145269139462,0.989392175591));
#3818 = ( GEOMETRIC_REPRESENTATION_CONTEXT(2) 
PARAMETRIC_REPRESENTATION_CONTEXT() REPRESENTATION_CONTEXT('2D SPACE',''
  ) );
#3819 = ORIENTED_EDGE('',*,*,#3820,.F.);
#3820 = EDGE_CURVE('',#2065,#3798,#3821,.T.);
#3821 = SURFACE_CURVE('',#3822,(#3826,#3833),.PCURVE_S1.);
#3822 = LINE('',#3823,#3824);
#3823 = CARTESIAN_POINT('',(97.838433140997,29.375471854884,
    338.24147343277));
#3824 = VECTOR('',#3825,1.);
#3825 = DIRECTION('',(0.951348558746,0.284363979143,-0.118629874562));
#3826 = PCURVE('',#2101,#3827);
#3827 = DEFINITIONAL_REPRESENTATION('',(#3828),#3832);
#3828 = LINE('',#3829,#3830);
#3829 = CARTESIAN_POINT('',(0.16,3.469446951954E-18));
#3830 = VECTOR('',#3831,1.);
#3831 = DIRECTION('',(-6.047939926646E-14,-1.));
#3832 = ( GEOMETRIC_REPRESENTATION_CONTEXT(2) 
PARAMETRIC_REPRESENTATION_CONTEXT() REPRESENTATION_CONTEXT('2D SPACE',''
  ) );
#3833 = PCURVE('',#2078,#3834);
#3834 = DEFINITIONAL_REPRESENTATION('',(#3835),#3839);
#3835 = LINE('',#3836,#3837);
#3836 = CARTESIAN_POINT('',(0.,0.));
#3837 = VECTOR('',#3838,1.);
#3838 = DIRECTION('',(7.947809077535E-14,-1.));
#3839 = ( GEOMETRIC_REPRESENTATION_CONTEXT(2) 
PARAMETRIC_REPRESENTATION_CONTEXT() REPRESENTATION_CONTEXT('2D SPACE',''
  ) );
#3840 = ADVANCED_FACE('',(#3841),#2028,.F.);
#3841 = FACE_BOUND('',#3842,.F.);
#3842 = EDGE_LOOP('',(#3843,#3844,#3867,#3888));
#3843 = ORIENTED_EDGE('',*,*,#2014,.T.);
#3844 = ORIENTED_EDGE('',*,*,#3845,.T.);
#3845 = EDGE_CURVE('',#2015,#3846,#3848,.T.);
#3846 = VERTEX_POINT('',#3847);
#3847 = CARTESIAN_POINT('',(98.064596925778,29.156898548872,
    338.18251876923));
#3848 = SURFACE_CURVE('',#3849,(#3853,#3860),.PCURVE_S1.);
#3849 = LINE('',#3850,#3851);
#3850 = CARTESIAN_POINT('',(97.912381156379,29.111400312209,
    338.20149954916));
#3851 = VECTOR('',#3852,1.);
#3852 = DIRECTION('',(0.951348558746,0.284363979143,-0.118629874562));
#3853 = PCURVE('',#2028,#3854);
#3854 = DEFINITIONAL_REPRESENTATION('',(#3855),#3859);
#3855 = LINE('',#3856,#3857);
#3856 = CARTESIAN_POINT('',(0.,0.));
#3857 = VECTOR('',#3858,1.);
#3858 = DIRECTION('',(6.047939926646E-14,-1.));
#3859 = ( GEOMETRIC_REPRESENTATION_CONTEXT(2) 
PARAMETRIC_REPRESENTATION_CONTEXT() REPRESENTATION_CONTEXT('2D SPACE',''
  ) );
#3860 = PCURVE('',#2053,#3861);
#3861 = DEFINITIONAL_REPRESENTATION('',(#3862),#3866);
#3862 = LINE('',#3863,#3864);
#3863 = CARTESIAN_POINT('',(0.16,-8.673617379884E-18));
#3864 = VECTOR('',#3865,1.);
#3865 = DIRECTION('',(-4.166111899906E-14,-1.));
#3866 = ( GEOMETRIC_REPRESENTATION_CONTEXT(2) 
PARAMETRIC_REPRESENTATION_CONTEXT() REPRESENTATION_CONTEXT('2D SPACE',''
  ) );
#3867 = ORIENTED_EDGE('',*,*,#3868,.T.);
#3868 = EDGE_CURVE('',#3846,#3748,#3869,.T.);
#3869 = SURFACE_CURVE('',#3870,(#3874,#3881),.PCURVE_S1.);
#3870 = LINE('',#3871,#3872);
#3871 = CARTESIAN_POINT('',(98.064596925778,29.156898548872,
    338.18251876923));
#3872 = VECTOR('',#3873,1.);
#3873 = DIRECTION('',(-0.154058365379,0.105570852191,-0.982405626625));
#3874 = PCURVE('',#2028,#3875);
#3875 = DEFINITIONAL_REPRESENTATION('',(#3876),#3880);
#3876 = LINE('',#3877,#3878);
#3877 = CARTESIAN_POINT('',(2.615269112383E-14,-0.16));
#3878 = VECTOR('',#3879,1.);
#3879 = DIRECTION('',(1.,-1.387778780781E-17));
#3880 = ( GEOMETRIC_REPRESENTATION_CONTEXT(2) 
PARAMETRIC_REPRESENTATION_CONTEXT() REPRESENTATION_CONTEXT('2D SPACE',''
  ) );
#3881 = PCURVE('',#3710,#3882);
#3882 = DEFINITIONAL_REPRESENTATION('',(#3883),#3887);
#3883 = LINE('',#3884,#3885);
#3884 = CARTESIAN_POINT('',(-0.148715732496,5.902229162159E-02));
#3885 = VECTOR('',#3886,1.);
#3886 = DIRECTION('',(0.145269139462,-0.989392175591));
#3887 = ( GEOMETRIC_REPRESENTATION_CONTEXT(2) 
PARAMETRIC_REPRESENTATION_CONTEXT() REPRESENTATION_CONTEXT('2D SPACE',''
  ) );
#3888 = ORIENTED_EDGE('',*,*,#3747,.F.);
#3889 = ADVANCED_FACE('',(#3890),#2078,.F.);
#3890 = FACE_BOUND('',#3891,.F.);
#3891 = EDGE_LOOP('',(#3892,#3893,#3894,#3917));
#3892 = ORIENTED_EDGE('',*,*,#2064,.T.);
#3893 = ORIENTED_EDGE('',*,*,#3820,.T.);
#3894 = ORIENTED_EDGE('',*,*,#3895,.T.);
#3895 = EDGE_CURVE('',#3798,#3896,#3898,.T.);
#3896 = VERTEX_POINT('',#3897);
#3897 = CARTESIAN_POINT('',(98.039947587318,29.280488652034,
    338.28109816117));
#3898 = SURFACE_CURVE('',#3899,(#3903,#3910),.PCURVE_S1.);
#3899 = LINE('',#3900,#3901);
#3900 = CARTESIAN_POINT('',(97.990648910396,29.420970091547,
    338.22249265284));
#3901 = VECTOR('',#3902,1.);
#3902 = DIRECTION('',(0.308116730758,-0.878008996954,0.366284427045));
#3903 = PCURVE('',#2078,#3904);
#3904 = DEFINITIONAL_REPRESENTATION('',(#3905),#3909);
#3905 = LINE('',#3906,#3907);
#3906 = CARTESIAN_POINT('',(2.533563636664E-15,-0.16));
#3907 = VECTOR('',#3908,1.);
#3908 = DIRECTION('',(1.,-6.938893903907E-18));
#3909 = ( GEOMETRIC_REPRESENTATION_CONTEXT(2) 
PARAMETRIC_REPRESENTATION_CONTEXT() REPRESENTATION_CONTEXT('2D SPACE',''
  ) );
#3910 = PCURVE('',#3710,#3911);
#3911 = DEFINITIONAL_REPRESENTATION('',(#3912),#3916);
#3912 = LINE('',#3913,#3914);
#3913 = CARTESIAN_POINT('',(0.125472670182,9.92804564728E-02));
#3914 = VECTOR('',#3915,1.);
#3915 = DIRECTION('',(-0.929473328098,0.368889322635));
#3916 = ( GEOMETRIC_REPRESENTATION_CONTEXT(2) 
PARAMETRIC_REPRESENTATION_CONTEXT() REPRESENTATION_CONTEXT('2D SPACE',''
  ) );
#3917 = ORIENTED_EDGE('',*,*,#3918,.F.);
#3918 = EDGE_CURVE('',#2040,#3896,#3919,.T.);
#3919 = SURFACE_CURVE('',#3920,(#3924,#3931),.PCURVE_S1.);
#3920 = LINE('',#3921,#3922);
#3921 = CARTESIAN_POINT('',(97.887731817918,29.234990415371,
    338.3000789411));
#3922 = VECTOR('',#3923,1.);
#3923 = DIRECTION('',(0.951348558746,0.284363979143,-0.118629874562));
#3924 = PCURVE('',#2078,#3925);
#3925 = DEFINITIONAL_REPRESENTATION('',(#3926),#3930);
#3926 = LINE('',#3927,#3928);
#3927 = CARTESIAN_POINT('',(0.16,6.071532165919E-18));
#3928 = VECTOR('',#3929,1.);
#3929 = DIRECTION('',(7.947809077535E-14,-1.));
#3930 = ( GEOMETRIC_REPRESENTATION_CONTEXT(2) 
PARAMETRIC_REPRESENTATION_CONTEXT() REPRESENTATION_CONTEXT('2D SPACE',''
  ) );
#3931 = PCURVE('',#2053,#3932);
#3932 = DEFINITIONAL_REPRESENTATION('',(#3933),#3937);
#3933 = LINE('',#3934,#3935);
#3934 = CARTESIAN_POINT('',(0.,0.));
#3935 = VECTOR('',#3936,1.);
#3936 = DIRECTION('',(-4.166111899906E-14,-1.));
#3937 = ( GEOMETRIC_REPRESENTATION_CONTEXT(2) 
PARAMETRIC_REPRESENTATION_CONTEXT() REPRESENTATION_CONTEXT('2D SPACE',''
  ) );
#3938 = ADVANCED_FACE('',(#3939),#2053,.F.);
#3939 = FACE_BOUND('',#3940,.F.);
#3940 = EDGE_LOOP('',(#3941,#3942,#3943,#3964));
#3941 = ORIENTED_EDGE('',*,*,#2039,.T.);
#3942 = ORIENTED_EDGE('',*,*,#3918,.T.);
#3943 = ORIENTED_EDGE('',*,*,#3944,.T.);
#3944 = EDGE_CURVE('',#3896,#3846,#3945,.T.);
#3945 = SURFACE_CURVE('',#3946,(#3950,#3957),.PCURVE_S1.);
#3946 = LINE('',#3947,#3948);
#3947 = CARTESIAN_POINT('',(98.039947587318,29.280488652034,
    338.28109816117));
#3948 = VECTOR('',#3949,1.);
#3949 = DIRECTION('',(0.154058365379,-0.772438144763,-0.61612119958));
#3950 = PCURVE('',#2053,#3951);
#3951 = DEFINITIONAL_REPRESENTATION('',(#3952),#3956);
#3952 = LINE('',#3953,#3954);
#3953 = CARTESIAN_POINT('',(1.097039126208E-14,-0.16));
#3954 = VECTOR('',#3955,1.);
#3955 = DIRECTION('',(1.,-9.71445146547E-17));
#3956 = ( GEOMETRIC_REPRESENTATION_CONTEXT(2) 
PARAMETRIC_REPRESENTATION_CONTEXT() REPRESENTATION_CONTEXT('2D SPACE',''
  ) );
#3957 = PCURVE('',#3710,#3958);
#3958 = DEFINITIONAL_REPRESENTATION('',(#3959),#3963);
#3959 = LINE('',#3960,#3961);
#3960 = CARTESIAN_POINT('',(-2.32430623139E-02,0.158302748094));
#3961 = VECTOR('',#3962,1.);
#3962 = DIRECTION('',(-0.784204188636,-0.620502852955));
#3963 = ( GEOMETRIC_REPRESENTATION_CONTEXT(2) 
PARAMETRIC_REPRESENTATION_CONTEXT() REPRESENTATION_CONTEXT('2D SPACE',''
  ) );
#3964 = ORIENTED_EDGE('',*,*,#3845,.F.);
#3965 = ADVANCED_FACE('',(#3966),#2146,.T.);
#3966 = FACE_BOUND('',#3967,.T.);
#3967 = EDGE_LOOP('',(#3968,#3991,#4018,#4019,#4020));
#3968 = ORIENTED_EDGE('',*,*,#3969,.T.);
#3969 = EDGE_CURVE('',#2119,#3970,#3972,.T.);
#3970 = VERTEX_POINT('',#3971);
#3971 = CARTESIAN_POINT('',(-69.92652487106,66.417612730026,
    416.21100387124));
#3972 = SEAM_CURVE('',#3973,(#3977,#3984),.PCURVE_S1.);
#3973 = LINE('',#3974,#3975);
#3974 = CARTESIAN_POINT('',(-69.81485318422,66.311191763442,
    416.16853020612));
#3975 = VECTOR('',#3976,1.);
#3976 = DIRECTION('',(-0.697948042759,0.665131041152,0.265460407038));
#3977 = PCURVE('',#2146,#3978);
#3978 = DEFINITIONAL_REPRESENTATION('',(#3979),#3983);
#3979 = LINE('',#3980,#3981);
#3980 = CARTESIAN_POINT('',(6.28318530718,-0.));
#3981 = VECTOR('',#3982,1.);
#3982 = DIRECTION('',(0.,1.));
#3983 = ( GEOMETRIC_REPRESENTATION_CONTEXT(2) 
PARAMETRIC_REPRESENTATION_CONTEXT() REPRESENTATION_CONTEXT('2D SPACE',''
  ) );
#3984 = PCURVE('',#2146,#3985);
#3985 = DEFINITIONAL_REPRESENTATION('',(#3986),#3990);
#3986 = LINE('',#3987,#3988);
#3987 = CARTESIAN_POINT('',(0.,-0.));
#3988 = VECTOR('',#3989,1.);
#3989 = DIRECTION('',(0.,1.));
#3990 = ( GEOMETRIC_REPRESENTATION_CONTEXT(2) 
PARAMETRIC_REPRESENTATION_CONTEXT() REPRESENTATION_CONTEXT('2D SPACE',''
  ) );
#3991 = ORIENTED_EDGE('',*,*,#3992,.F.);
#3992 = EDGE_CURVE('',#3970,#3970,#3993,.T.);
#3993 = SURFACE_CURVE('',#3994,(#3999,#4006),.PCURVE_S1.);
#3994 = CIRCLE('',#3995,0.16);
#3995 = AXIS2_PLACEMENT_3D('',#3996,#3997,#3998);
#3996 = CARTESIAN_POINT('',(-69.81614361968,66.53344009875,
    416.21100387124));
#3997 = DIRECTION('',(-0.697948042759,0.665131041152,0.265460407038));
#3998 = DIRECTION('',(-0.689882821079,-0.723921054522,0.));
#3999 = PCURVE('',#2146,#4000);
#4000 = DEFINITIONAL_REPRESENTATION('',(#4001),#4005);
#4001 = LINE('',#4002,#4003);
#4002 = CARTESIAN_POINT('',(0.,0.16));
#4003 = VECTOR('',#4004,1.);
#4004 = DIRECTION('',(1.,0.));
#4005 = ( GEOMETRIC_REPRESENTATION_CONTEXT(2) 
PARAMETRIC_REPRESENTATION_CONTEXT() REPRESENTATION_CONTEXT('2D SPACE',''
  ) );
#4006 = PCURVE('',#4007,#4012);
#4007 = PLANE('',#4008);
#4008 = AXIS2_PLACEMENT_3D('',#4009,#4010,#4011);
#4009 = CARTESIAN_POINT('',(-69.81614361968,66.53344009875,
    416.21100387124));
#4010 = DIRECTION('',(-0.697948042759,0.665131041152,0.265460407038));
#4011 = DIRECTION('',(-0.689882821079,-0.723921054522,0.));
#4012 = DEFINITIONAL_REPRESENTATION('',(#4013),#4017);
#4013 = CIRCLE('',#4014,0.16);
#4014 = AXIS2_PLACEMENT_2D('',#4015,#4016);
#4015 = CARTESIAN_POINT('',(0.,0.));
#4016 = DIRECTION('',(1.,0.));
#4017 = ( GEOMETRIC_REPRESENTATION_CONTEXT(2) 
PARAMETRIC_REPRESENTATION_CONTEXT() REPRESENTATION_CONTEXT('2D SPACE',''
  ) );
#4018 = ORIENTED_EDGE('',*,*,#3969,.F.);
#4019 = ORIENTED_EDGE('',*,*,#2163,.F.);
#4020 = ORIENTED_EDGE('',*,*,#2118,.F.);
#4021 = ADVANCED_FACE('',(#4022),#2274,.T.);
#4022 = FACE_BOUND('',#4023,.T.);
#4023 = EDGE_LOOP('',(#4024,#4047,#4074,#4075,#4076));
#4024 = ORIENTED_EDGE('',*,*,#4025,.T.);
#4025 = EDGE_CURVE('',#2247,#4026,#4028,.T.);
#4026 = VERTEX_POINT('',#4027);
#4027 = CARTESIAN_POINT('',(-97.2508368411,28.90188303677,
    392.61291197944));
#4028 = SEAM_CURVE('',#4029,(#4033,#4040),.PCURVE_S1.);
#4029 = LINE('',#4030,#4031);
#4030 = CARTESIAN_POINT('',(-97.0992587636,28.856575410167,
    392.58900998385));
#4031 = VECTOR('',#4032,1.);
#4032 = DIRECTION('',(-0.947362984369,0.283172666266,0.149387472458));
#4033 = PCURVE('',#2274,#4034);
#4034 = DEFINITIONAL_REPRESENTATION('',(#4035),#4039);
#4035 = LINE('',#4036,#4037);
#4036 = CARTESIAN_POINT('',(6.28318530718,-0.));
#4037 = VECTOR('',#4038,1.);
#4038 = DIRECTION('',(0.,1.));
#4039 = ( GEOMETRIC_REPRESENTATION_CONTEXT(2) 
PARAMETRIC_REPRESENTATION_CONTEXT() REPRESENTATION_CONTEXT('2D SPACE',''
  ) );
#4040 = PCURVE('',#2274,#4041);
#4041 = DEFINITIONAL_REPRESENTATION('',(#4042),#4046);
#4042 = LINE('',#4043,#4044);
#4043 = CARTESIAN_POINT('',(0.,-0.));
#4044 = VECTOR('',#4045,1.);
#4045 = DIRECTION('',(0.,1.));
#4046 = ( GEOMETRIC_REPRESENTATION_CONTEXT(2) 
PARAMETRIC_REPRESENTATION_CONTEXT() REPRESENTATION_CONTEXT('2D SPACE',''
  ) );
#4047 = ORIENTED_EDGE('',*,*,#4048,.F.);
#4048 = EDGE_CURVE('',#4026,#4026,#4049,.T.);
#4049 = SURFACE_CURVE('',#4050,(#4055,#4062),.PCURVE_S1.);
#4050 = CIRCLE('',#4051,0.16);
#4051 = AXIS2_PLACEMENT_3D('',#4052,#4053,#4054);
#4052 = CARTESIAN_POINT('',(-97.20501503579,29.055181315163,
    392.61291197944));
#4053 = DIRECTION('',(-0.947362984369,0.283172666266,0.149387472458));
#4054 = DIRECTION('',(-0.28638628318,-0.958114239956,0.));
#4055 = PCURVE('',#2274,#4056);
#4056 = DEFINITIONAL_REPRESENTATION('',(#4057),#4061);
#4057 = LINE('',#4058,#4059);
#4058 = CARTESIAN_POINT('',(0.,0.16));
#4059 = VECTOR('',#4060,1.);
#4060 = DIRECTION('',(1.,0.));
#4061 = ( GEOMETRIC_REPRESENTATION_CONTEXT(2) 
PARAMETRIC_REPRESENTATION_CONTEXT() REPRESENTATION_CONTEXT('2D SPACE',''
  ) );
#4062 = PCURVE('',#4063,#4068);
#4063 = PLANE('',#4064);
#4064 = AXIS2_PLACEMENT_3D('',#4065,#4066,#4067);
#4065 = CARTESIAN_POINT('',(-97.20501503579,29.055181315163,
    392.61291197944));
#4066 = DIRECTION('',(-0.947362984369,0.283172666266,0.149387472458));
#4067 = DIRECTION('',(-0.28638628318,-0.958114239956,-6.938893903907E-18
    ));
#4068 = DEFINITIONAL_REPRESENTATION('',(#4069),#4073);
#4069 = CIRCLE('',#4070,0.16);
#4070 = AXIS2_PLACEMENT_2D('',#4071,#4072);
#4071 = CARTESIAN_POINT('',(0.,0.));
#4072 = DIRECTION('',(1.,0.));
#4073 = ( GEOMETRIC_REPRESENTATION_CONTEXT(2) 
PARAMETRIC_REPRESENTATION_CONTEXT() REPRESENTATION_CONTEXT('2D SPACE',''
  ) );
#4074 = ORIENTED_EDGE('',*,*,#4025,.F.);
#4075 = ORIENTED_EDGE('',*,*,#2291,.F.);
#4076 = ORIENTED_EDGE('',*,*,#2246,.F.);
#4077 = ADVANCED_FACE('',(#4078),#2402,.T.);
#4078 = FACE_BOUND('',#4079,.T.);
#4079 = EDGE_LOOP('',(#4080,#4103,#4130,#4131,#4132));
#4080 = ORIENTED_EDGE('',*,*,#4081,.T.);
#4081 = EDGE_CURVE('',#2375,#4082,#4084,.T.);
#4082 = VERTEX_POINT('',#4083);
#4083 = CARTESIAN_POINT('',(-25.47891033889,94.663027995657,
    314.42171316921));
#4084 = SEAM_CURVE('',#4085,(#4089,#4096),.PCURVE_S1.);
#4085 = LINE('',#4086,#4087);
#4086 = CARTESIAN_POINT('',(-25.4382473647,94.512927443409,
    314.4593475517));
#4087 = VECTOR('',#4088,1.);
#4088 = DIRECTION('',(-0.254143588637,0.938128451554,-0.235214890556));
#4089 = PCURVE('',#2402,#4090);
#4090 = DEFINITIONAL_REPRESENTATION('',(#4091),#4095);
#4091 = LINE('',#4092,#4093);
#4092 = CARTESIAN_POINT('',(6.28318530718,-0.));
#4093 = VECTOR('',#4094,1.);
#4094 = DIRECTION('',(0.,1.));
#4095 = ( GEOMETRIC_REPRESENTATION_CONTEXT(2) 
PARAMETRIC_REPRESENTATION_CONTEXT() REPRESENTATION_CONTEXT('2D SPACE',''
  ) );
#4096 = PCURVE('',#2402,#4097);
#4097 = DEFINITIONAL_REPRESENTATION('',(#4098),#4102);
#4098 = LINE('',#4099,#4100);
#4099 = CARTESIAN_POINT('',(0.,-0.));
#4100 = VECTOR('',#4101,1.);
#4101 = DIRECTION('',(0.,1.));
#4102 = ( GEOMETRIC_REPRESENTATION_CONTEXT(2) 
PARAMETRIC_REPRESENTATION_CONTEXT() REPRESENTATION_CONTEXT('2D SPACE',''
  ) );
#4103 = ORIENTED_EDGE('',*,*,#4104,.F.);
#4104 = EDGE_CURVE('',#4082,#4082,#4105,.T.);
#4105 = SURFACE_CURVE('',#4106,(#4111,#4118),.PCURVE_S1.);
#4106 = CIRCLE('',#4107,0.16);
#4107 = AXIS2_PLACEMENT_3D('',#4108,#4109,#4110);
#4108 = CARTESIAN_POINT('',(-25.63334376952,94.621191223517,
    314.42171316921));
#4109 = DIRECTION('',(-0.254143588637,0.938128451554,-0.235214890556));
#4110 = DIRECTION('',(0.965208941452,0.26147982588,0.));
#4111 = PCURVE('',#2402,#4112);
#4112 = DEFINITIONAL_REPRESENTATION('',(#4113),#4117);
#4113 = LINE('',#4114,#4115);
#4114 = CARTESIAN_POINT('',(0.,0.16));
#4115 = VECTOR('',#4116,1.);
#4116 = DIRECTION('',(1.,0.));
#4117 = ( GEOMETRIC_REPRESENTATION_CONTEXT(2) 
PARAMETRIC_REPRESENTATION_CONTEXT() REPRESENTATION_CONTEXT('2D SPACE',''
  ) );
#4118 = PCURVE('',#4119,#4124);
#4119 = PLANE('',#4120);
#4120 = AXIS2_PLACEMENT_3D('',#4121,#4122,#4123);
#4121 = CARTESIAN_POINT('',(-25.63334376952,94.621191223517,
    314.42171316921));
#4122 = DIRECTION('',(-0.254143588637,0.938128451554,-0.235214890556));
#4123 = DIRECTION('',(0.965208941452,0.26147982588,-6.938893903907E-18)
  );
#4124 = DEFINITIONAL_REPRESENTATION('',(#4125),#4129);
#4125 = CIRCLE('',#4126,0.16);
#4126 = AXIS2_PLACEMENT_2D('',#4127,#4128);
#4127 = CARTESIAN_POINT('',(0.,0.));
#4128 = DIRECTION('',(1.,0.));
#4129 = ( GEOMETRIC_REPRESENTATION_CONTEXT(2) 
PARAMETRIC_REPRESENTATION_CONTEXT() REPRESENTATION_CONTEXT('2D SPACE',''
  ) );
#4130 = ORIENTED_EDGE('',*,*,#4081,.F.);
#4131 = ORIENTED_EDGE('',*,*,#2419,.F.);
#4132 = ORIENTED_EDGE('',*,*,#2374,.F.);
#4133 = ADVANCED_FACE('',(#4134),#2530,.T.);
#4134 = FACE_BOUND('',#4135,.T.);
#4135 = EDGE_LOOP('',(#4136,#4159,#4186,#4187,#4188));
#4136 = ORIENTED_EDGE('',*,*,#4137,.T.);
#4137 = EDGE_CURVE('',#2503,#4138,#4140,.T.);
#4138 = VERTEX_POINT('',#4139);
#4139 = CARTESIAN_POINT('',(-74.13407910223,72.548626747796,
    360.2690594877));
#4140 = SEAM_CURVE('',#4141,(#4145,#4152),.PCURVE_S1.);
#4141 = LINE('',#4142,#4143);
#4142 = CARTESIAN_POINT('',(-74.01990396136,72.436548084733,
    360.27061206456));
#4143 = VECTOR('',#4144,1.);
#4144 = DIRECTION('',(-0.713594630399,0.700491644139,-9.703605394465E-03
    ));
#4145 = PCURVE('',#2530,#4146);
#4146 = DEFINITIONAL_REPRESENTATION('',(#4147),#4151);
#4147 = LINE('',#4148,#4149);
#4148 = CARTESIAN_POINT('',(6.28318530718,-0.));
#4149 = VECTOR('',#4150,1.);
#4150 = DIRECTION('',(0.,1.));
#4151 = ( GEOMETRIC_REPRESENTATION_CONTEXT(2) 
PARAMETRIC_REPRESENTATION_CONTEXT() REPRESENTATION_CONTEXT('2D SPACE',''
  ) );
#4152 = PCURVE('',#2530,#4153);
#4153 = DEFINITIONAL_REPRESENTATION('',(#4154),#4158);
#4154 = LINE('',#4155,#4156);
#4155 = CARTESIAN_POINT('',(0.,-0.));
#4156 = VECTOR('',#4157,1.);
#4157 = DIRECTION('',(0.,1.));
#4158 = ( GEOMETRIC_REPRESENTATION_CONTEXT(2) 
PARAMETRIC_REPRESENTATION_CONTEXT() REPRESENTATION_CONTEXT('2D SPACE',''
  ) );
#4159 = ORIENTED_EDGE('',*,*,#4160,.F.);
#4160 = EDGE_CURVE('',#4138,#4138,#4161,.T.);
#4161 = SURFACE_CURVE('',#4162,(#4167,#4174),.PCURVE_S1.);
#4162 = CIRCLE('',#4163,0.16);
#4163 = AXIS2_PLACEMENT_3D('',#4164,#4165,#4166);
#4164 = CARTESIAN_POINT('',(-74.02199516213,72.662807264402,
    360.2690594877));
#4165 = DIRECTION('',(-0.713594630399,0.700491644139,-9.703605394465E-03
    ));
#4166 = DIRECTION('',(-0.7005246256,-0.713628228792,0.));
#4167 = PCURVE('',#2530,#4168);
#4168 = DEFINITIONAL_REPRESENTATION('',(#4169),#4173);
#4169 = LINE('',#4170,#4171);
#4170 = CARTESIAN_POINT('',(0.,0.16));
#4171 = VECTOR('',#4172,1.);
#4172 = DIRECTION('',(1.,0.));
#4173 = ( GEOMETRIC_REPRESENTATION_CONTEXT(2) 
PARAMETRIC_REPRESENTATION_CONTEXT() REPRESENTATION_CONTEXT('2D SPACE',''
  ) );
#4174 = PCURVE('',#4175,#4180);
#4175 = PLANE('',#4176);
#4176 = AXIS2_PLACEMENT_3D('',#4177,#4178,#4179);
#4177 = CARTESIAN_POINT('',(-74.02199516213,72.662807264402,
    360.2690594877));
#4178 = DIRECTION('',(-0.713594630399,0.700491644139,-9.703605394465E-03
    ));
#4179 = DIRECTION('',(-0.7005246256,-0.713628228792,8.673617379884E-19)
  );
#4180 = DEFINITIONAL_REPRESENTATION('',(#4181),#4185);
#4181 = CIRCLE('',#4182,0.16);
#4182 = AXIS2_PLACEMENT_2D('',#4183,#4184);
#4183 = CARTESIAN_POINT('',(0.,0.));
#4184 = DIRECTION('',(1.,0.));
#4185 = ( GEOMETRIC_REPRESENTATION_CONTEXT(2) 
PARAMETRIC_REPRESENTATION_CONTEXT() REPRESENTATION_CONTEXT('2D SPACE',''
  ) );
#4186 = ORIENTED_EDGE('',*,*,#4137,.F.);
#4187 = ORIENTED_EDGE('',*,*,#2547,.F.);
#4188 = ORIENTED_EDGE('',*,*,#2502,.F.);
#4189 = ADVANCED_FACE('',(#4190),#2742,.T.);
#4190 = FACE_BOUND('',#4191,.T.);
#4191 = EDGE_LOOP('',(#4192,#4193));
#4192 = ORIENTED_EDGE('',*,*,#2726,.T.);
#4193 = ORIENTED_EDGE('',*,*,#3264,.F.);
#4194 = ADVANCED_FACE('',(#4195),#2857,.F.);
#4195 = FACE_BOUND('',#4196,.T.);
#4196 = EDGE_LOOP('',(#4197,#4198));
#4197 = ORIENTED_EDGE('',*,*,#3232,.T.);
#4198 = ORIENTED_EDGE('',*,*,#2843,.F.);
#4199 = ADVANCED_FACE('',(#4200),#2889,.F.);
#4200 = FACE_BOUND('',#4201,.F.);
#4201 = EDGE_LOOP('',(#4202,#4268,#4269,#4291));
#4202 = ORIENTED_EDGE('',*,*,#4203,.F.);
#4203 = EDGE_CURVE('',#2872,#2952,#4204,.T.);
#4204 = SURFACE_CURVE('',#4205,(#4210,#4239),.PCURVE_S1.);
#4205 = CIRCLE('',#4206,93.0014262);
#4206 = AXIS2_PLACEMENT_3D('',#4207,#4208,#4209);
#4207 = CARTESIAN_POINT('',(0.,0.,305.83801881177));
#4208 = DIRECTION('',(0.,0.,1.));
#4209 = DIRECTION('',(1.,0.,-0.));
#4210 = PCURVE('',#2889,#4211);
#4211 = DEFINITIONAL_REPRESENTATION('',(#4212),#4238);
#4212 = B_SPLINE_CURVE_WITH_KNOTS('',3,(#4213,#4214,#4215,#4216,#4217,
    #4218,#4219,#4220,#4221,#4222,#4223,#4224,#4225,#4226,#4227,#4228,
    #4229,#4230,#4231,#4232,#4233,#4234,#4235,#4236,#4237),
  .UNSPECIFIED.,.F.,.F.,(4,1,1,1,1,1,1,1,1,1,1,1,1,1,1,1,1,1,1,1,1,1,4),
  (0.,0.142799666072,0.285599332145,0.428398998217,0.571198664289,
    0.713998330361,0.856797996434,0.999597662506,1.142397328578,
    1.28519699465,1.427996660723,1.570796326795,1.713595992867,
    1.856395658939,1.999195325012,2.141994991084,2.284794657156,
    2.427594323228,2.570393989301,2.713193655373,2.855993321445,
    2.998792987518,3.14159265359),.QUASI_UNIFORM_KNOTS.);
#4213 = CARTESIAN_POINT('',(0.,200.55982236265));
#4214 = CARTESIAN_POINT('',(4.759988869075E-02,200.55982236265));
#4215 = CARTESIAN_POINT('',(0.142799666072,200.55982236265));
#4216 = CARTESIAN_POINT('',(0.285599332145,200.55982236265));
#4217 = CARTESIAN_POINT('',(0.428398998217,200.55982236265));
#4218 = CARTESIAN_POINT('',(0.571198664289,200.55982236265));
#4219 = CARTESIAN_POINT('',(0.713998330361,200.55982236265));
#4220 = CARTESIAN_POINT('',(0.856797996434,200.55982236265));
#4221 = CARTESIAN_POINT('',(0.999597662506,200.55982236265));
#4222 = CARTESIAN_POINT('',(1.142397328578,200.55982236265));
#4223 = CARTESIAN_POINT('',(1.28519699465,200.55982236265));
#4224 = CARTESIAN_POINT('',(1.427996660723,200.55982236265));
#4225 = CARTESIAN_POINT('',(1.570796326795,200.55982236265));
#4226 = CARTESIAN_POINT('',(1.713595992867,200.55982236265));
#4227 = CARTESIAN_POINT('',(1.856395658939,200.55982236265));
#4228 = CARTESIAN_POINT('',(1.999195325012,200.55982236265));
#4229 = CARTESIAN_POINT('',(2.141994991084,200.55982236265));
#4230 = CARTESIAN_POINT('',(2.284794657156,200.55982236265));
#4231 = CARTESIAN_POINT('',(2.427594323228,200.55982236265));
#4232 = CARTESIAN_POINT('',(2.570393989301,200.55982236265));
#4233 = CARTESIAN_POINT('',(2.713193655373,200.55982236265));
#4234 = CARTESIAN_POINT('',(2.855993321445,200.55982236265));
#4235 = CARTESIAN_POINT('',(2.998792987518,200.55982236265));
#4236 = CARTESIAN_POINT('',(3.093992764899,200.55982236265));
#4237 = CARTESIAN_POINT('',(3.14159265359,200.55982236265));
#4238 = ( GEOMETRIC_REPRESENTATION_CONTEXT(2) 
PARAMETRIC_REPRESENTATION_CONTEXT() REPRESENTATION_CONTEXT('2D SPACE',''
  ) );
#4239 = PCURVE('',#3013,#4240);
#4240 = DEFINITIONAL_REPRESENTATION('',(#4241),#4267);
#4241 = B_SPLINE_CURVE_WITH_KNOTS('',3,(#4242,#4243,#4244,#4245,#4246,
    #4247,#4248,#4249,#4250,#4251,#4252,#4253,#4254,#4255,#4256,#4257,
    #4258,#4259,#4260,#4261,#4262,#4263,#4264,#4265,#4266),
  .UNSPECIFIED.,.F.,.F.,(4,1,1,1,1,1,1,1,1,1,1,1,1,1,1,1,1,1,1,1,1,1,4),
  (0.,0.142799666072,0.285599332145,0.428398998217,0.571198664289,
    0.713998330361,0.856797996434,0.999597662506,1.142397328578,
    1.28519699465,1.427996660723,1.570796326795,1.713595992867,
    1.856395658939,1.999195325012,2.141994991084,2.284794657156,
    2.427594323228,2.570393989301,2.713193655373,2.855993321445,
    2.998792987518,3.14159265359),.QUASI_UNIFORM_KNOTS.);
#4242 = CARTESIAN_POINT('',(3.14159265359,-0.284931287991));
#4243 = CARTESIAN_POINT('',(3.14159265359,-0.270661466634));
#4244 = CARTESIAN_POINT('',(3.14159265359,-0.244039154052));
#4245 = CARTESIAN_POINT('',(3.14159265359,-0.208806353217));
#4246 = CARTESIAN_POINT('',(3.14159265359,-0.177106390047));
#4247 = CARTESIAN_POINT('',(3.14159265359,-0.148179212257));
#4248 = CARTESIAN_POINT('',(3.14159265359,-0.12141119769));
#4249 = CARTESIAN_POINT('',(3.14159265359,-9.632687949708E-02));
#4250 = CARTESIAN_POINT('',(3.14159265359,-7.253863716352E-02));
#4251 = CARTESIAN_POINT('',(3.14159265359,-4.972372289588E-02));
#4252 = CARTESIAN_POINT('',(3.14159265359,-2.76041955804E-02));
#4253 = CARTESIAN_POINT('',(3.14159265359,-5.932649362725E-03));
#4254 = CARTESIAN_POINT('',(3.14159265359,1.551943299635E-02));
#4255 = CARTESIAN_POINT('',(3.14159265359,3.697151535542E-02));
#4256 = CARTESIAN_POINT('',(3.14159265359,5.864306157311E-02));
#4257 = CARTESIAN_POINT('',(3.14159265359,8.076258888858E-02));
#4258 = CARTESIAN_POINT('',(3.14159265359,0.103577503156));
#4259 = CARTESIAN_POINT('',(3.14159265359,0.12736574549));
#4260 = CARTESIAN_POINT('',(3.14159265359,0.152450063683));
#4261 = CARTESIAN_POINT('',(3.14159265359,0.17921807825));
#4262 = CARTESIAN_POINT('',(3.14159265359,0.20814525604));
#4263 = CARTESIAN_POINT('',(3.14159265359,0.23984521921));
#4264 = CARTESIAN_POINT('',(3.14159265359,0.275078020044));
#4265 = CARTESIAN_POINT('',(3.14159265359,0.301700332627));
#4266 = CARTESIAN_POINT('',(3.14159265359,0.315970153983));
#4267 = ( GEOMETRIC_REPRESENTATION_CONTEXT(2) 
PARAMETRIC_REPRESENTATION_CONTEXT() REPRESENTATION_CONTEXT('2D SPACE',''
  ) );
#4268 = ORIENTED_EDGE('',*,*,#2871,.T.);
#4269 = ORIENTED_EDGE('',*,*,#4270,.T.);
#4270 = EDGE_CURVE('',#2874,#2924,#4271,.T.);
#4271 = SURFACE_CURVE('',#4272,(#4277,#4284),.PCURVE_S1.);
#4272 = CIRCLE('',#4273,34.7921001);
#4273 = AXIS2_PLACEMENT_3D('',#4274,#4275,#4276);
#4274 = CARTESIAN_POINT('',(0.,0.,107.10422400164));
#4275 = DIRECTION('',(0.,0.,1.));
#4276 = DIRECTION('',(1.,0.,-0.));
#4277 = PCURVE('',#2889,#4278);
#4278 = DEFINITIONAL_REPRESENTATION('',(#4279),#4283);
#4279 = LINE('',#4280,#4281);
#4280 = CARTESIAN_POINT('',(0.,1.826027566541));
#4281 = VECTOR('',#4282,1.);
#4282 = DIRECTION('',(1.,0.));
#4283 = ( GEOMETRIC_REPRESENTATION_CONTEXT(2) 
PARAMETRIC_REPRESENTATION_CONTEXT() REPRESENTATION_CONTEXT('2D SPACE',''
  ) );
#4284 = PCURVE('',#2939,#4285);
#4285 = DEFINITIONAL_REPRESENTATION('',(#4286),#4290);
#4286 = CIRCLE('',#4287,34.7921001);
#4287 = AXIS2_PLACEMENT_2D('',#4288,#4289);
#4288 = CARTESIAN_POINT('',(18.347422222929,-2.246911189791E-15));
#4289 = DIRECTION('',(1.,0.));
#4290 = ( GEOMETRIC_REPRESENTATION_CONTEXT(2) 
PARAMETRIC_REPRESENTATION_CONTEXT() REPRESENTATION_CONTEXT('2D SPACE',''
  ) );
#4291 = ORIENTED_EDGE('',*,*,#2951,.T.);
#4292 = ADVANCED_FACE('',(#4293),#2939,.T.);
#4293 = FACE_BOUND('',#4294,.T.);
#4294 = EDGE_LOOP('',(#4295,#4296));
#4295 = ORIENTED_EDGE('',*,*,#4270,.T.);
#4296 = ORIENTED_EDGE('',*,*,#2923,.T.);
#4297 = ADVANCED_FACE('',(#4298),#3013,.F.);
#4298 = FACE_BOUND('',#4299,.F.);
#4299 = EDGE_LOOP('',(#4300,#4366,#4367,#4368));
#4300 = ORIENTED_EDGE('',*,*,#4301,.T.);
#4301 = EDGE_CURVE('',#2997,#3138,#4302,.T.);
#4302 = SURFACE_CURVE('',#4303,(#4308,#4337),.PCURVE_S1.);
#4303 = CIRCLE('',#4304,91.1582422);
#4304 = AXIS2_PLACEMENT_3D('',#4305,#4306,#4307);
#4305 = CARTESIAN_POINT('',(0.,0.,424.59467768552));
#4306 = DIRECTION('',(0.,0.,-1.));
#4307 = DIRECTION('',(-1.,0.,0.));
#4308 = PCURVE('',#3013,#4309);
#4309 = DEFINITIONAL_REPRESENTATION('',(#4310),#4336);
#4310 = B_SPLINE_CURVE_WITH_KNOTS('',3,(#4311,#4312,#4313,#4314,#4315,
    #4316,#4317,#4318,#4319,#4320,#4321,#4322,#4323,#4324,#4325,#4326,
    #4327,#4328,#4329,#4330,#4331,#4332,#4333,#4334,#4335),
  .UNSPECIFIED.,.F.,.F.,(4,1,1,1,1,1,1,1,1,1,1,1,1,1,1,1,1,1,1,1,1,1,4),
  (1.224646799147E-16,0.142799666072,0.285599332145,0.428398998217,
    0.571198664289,0.713998330361,0.856797996434,0.999597662506,
    1.142397328578,1.28519699465,1.427996660723,1.570796326795,
    1.713595992867,1.856395658939,1.999195325012,2.141994991084,
    2.284794657156,2.427594323228,2.570393989301,2.713193655373,
    2.855993321445,2.998792987518,3.14159265359),.QUASI_UNIFORM_KNOTS.);
#4311 = CARTESIAN_POINT('',(0.,0.315970153983));
#4312 = CARTESIAN_POINT('',(0.,0.301700332627));
#4313 = CARTESIAN_POINT('',(0.,0.275078020044));
#4314 = CARTESIAN_POINT('',(0.,0.23984521921));
#4315 = CARTESIAN_POINT('',(0.,0.20814525604));
#4316 = CARTESIAN_POINT('',(0.,0.17921807825));
#4317 = CARTESIAN_POINT('',(0.,0.152450063683));
#4318 = CARTESIAN_POINT('',(0.,0.12736574549));
#4319 = CARTESIAN_POINT('',(0.,0.103577503156));
#4320 = CARTESIAN_POINT('',(0.,8.076258888858E-02));
#4321 = CARTESIAN_POINT('',(0.,5.86430615731E-02));
#4322 = CARTESIAN_POINT('',(0.,3.697151535542E-02));
#4323 = CARTESIAN_POINT('',(0.,1.551943299635E-02));
#4324 = CARTESIAN_POINT('',(0.,-5.932649362724E-03));
#4325 = CARTESIAN_POINT('',(0.,-2.760419558041E-02));
#4326 = CARTESIAN_POINT('',(0.,-4.972372289588E-02));
#4327 = CARTESIAN_POINT('',(0.,-7.253863716352E-02));
#4328 = CARTESIAN_POINT('',(0.,-9.632687949708E-02));
#4329 = CARTESIAN_POINT('',(0.,-0.12141119769));
#4330 = CARTESIAN_POINT('',(0.,-0.148179212257));
#4331 = CARTESIAN_POINT('',(0.,-0.177106390047));
#4332 = CARTESIAN_POINT('',(0.,-0.208806353217));
#4333 = CARTESIAN_POINT('',(0.,-0.244039154052));
#4334 = CARTESIAN_POINT('',(-0.,-0.270661466634));
#4335 = CARTESIAN_POINT('',(0.,-0.284931287991));
#4336 = ( GEOMETRIC_REPRESENTATION_CONTEXT(2) 
PARAMETRIC_REPRESENTATION_CONTEXT() REPRESENTATION_CONTEXT('2D SPACE',''
  ) );
#4337 = PCURVE('',#3075,#4338);
#4338 = DEFINITIONAL_REPRESENTATION('',(#4339),#4365);
#4339 = B_SPLINE_CURVE_WITH_KNOTS('',3,(#4340,#4341,#4342,#4343,#4344,
    #4345,#4346,#4347,#4348,#4349,#4350,#4351,#4352,#4353,#4354,#4355,
    #4356,#4357,#4358,#4359,#4360,#4361,#4362,#4363,#4364),
  .UNSPECIFIED.,.F.,.F.,(4,1,1,1,1,1,1,1,1,1,1,1,1,1,1,1,1,1,1,1,1,1,4),
  (1.224646799147E-16,0.142799666072,0.285599332145,0.428398998217,
    0.571198664289,0.713998330361,0.856797996434,0.999597662506,
    1.142397328578,1.28519699465,1.427996660723,1.570796326795,
    1.713595992867,1.856395658939,1.999195325012,2.141994991084,
    2.284794657156,2.427594323228,2.570393989301,2.713193655373,
    2.855993321445,2.998792987518,3.14159265359),.QUASI_UNIFORM_KNOTS.);
#4340 = CARTESIAN_POINT('',(0.,-59.84080247785));
#4341 = CARTESIAN_POINT('',(4.759988869075E-02,-59.84080247785));
#4342 = CARTESIAN_POINT('',(0.142799666072,-59.84080247785));
#4343 = CARTESIAN_POINT('',(0.285599332145,-59.84080247785));
#4344 = CARTESIAN_POINT('',(0.428398998217,-59.84080247785));
#4345 = CARTESIAN_POINT('',(0.571198664289,-59.84080247785));
#4346 = CARTESIAN_POINT('',(0.713998330361,-59.84080247785));
#4347 = CARTESIAN_POINT('',(0.856797996434,-59.84080247785));
#4348 = CARTESIAN_POINT('',(0.999597662506,-59.84080247785));
#4349 = CARTESIAN_POINT('',(1.142397328578,-59.84080247785));
#4350 = CARTESIAN_POINT('',(1.28519699465,-59.84080247785));
#4351 = CARTESIAN_POINT('',(1.427996660723,-59.84080247785));
#4352 = CARTESIAN_POINT('',(1.570796326795,-59.84080247785));
#4353 = CARTESIAN_POINT('',(1.713595992867,-59.84080247785));
#4354 = CARTESIAN_POINT('',(1.856395658939,-59.84080247785));
#4355 = CARTESIAN_POINT('',(1.999195325012,-59.84080247785));
#4356 = CARTESIAN_POINT('',(2.141994991084,-59.84080247785));
#4357 = CARTESIAN_POINT('',(2.284794657156,-59.84080247785));
#4358 = CARTESIAN_POINT('',(2.427594323228,-59.84080247785));
#4359 = CARTESIAN_POINT('',(2.570393989301,-59.84080247785));
#4360 = CARTESIAN_POINT('',(2.713193655373,-59.84080247785));
#4361 = CARTESIAN_POINT('',(2.855993321445,-59.84080247785));
#4362 = CARTESIAN_POINT('',(2.998792987518,-59.84080247785));
#4363 = CARTESIAN_POINT('',(3.093992764899,-59.84080247785));
#4364 = CARTESIAN_POINT('',(3.14159265359,-59.84080247785));
#4365 = ( GEOMETRIC_REPRESENTATION_CONTEXT(2) 
PARAMETRIC_REPRESENTATION_CONTEXT() REPRESENTATION_CONTEXT('2D SPACE',''
  ) );
#4366 = ORIENTED_EDGE('',*,*,#3182,.T.);
#4367 = ORIENTED_EDGE('',*,*,#4203,.T.);
#4368 = ORIENTED_EDGE('',*,*,#2996,.T.);
#4369 = ADVANCED_FACE('',(#4370),#3075,.F.);
#4370 = FACE_BOUND('',#4371,.F.);
#4371 = EDGE_LOOP('',(#4372,#4373,#4374,#4418));
#4372 = ORIENTED_EDGE('',*,*,#4301,.F.);
#4373 = ORIENTED_EDGE('',*,*,#3059,.T.);
#4374 = ORIENTED_EDGE('',*,*,#4375,.F.);
#4375 = EDGE_CURVE('',#3110,#3060,#4376,.T.);
#4376 = SURFACE_CURVE('',#4377,(#4382,#4411),.PCURVE_S1.);
#4377 = CIRCLE('',#4378,73.3089756);
#4378 = AXIS2_PLACEMENT_3D('',#4379,#4380,#4381);
#4379 = CARTESIAN_POINT('',(0.,0.,479.1924561801));
#4380 = DIRECTION('',(0.,0.,1.));
#4381 = DIRECTION('',(1.,0.,-0.));
#4382 = PCURVE('',#3075,#4383);
#4383 = DEFINITIONAL_REPRESENTATION('',(#4384),#4410);
#4384 = B_SPLINE_CURVE_WITH_KNOTS('',3,(#4385,#4386,#4387,#4388,#4389,
    #4390,#4391,#4392,#4393,#4394,#4395,#4396,#4397,#4398,#4399,#4400,
    #4401,#4402,#4403,#4404,#4405,#4406,#4407,#4408,#4409),
  .UNSPECIFIED.,.F.,.F.,(4,1,1,1,1,1,1,1,1,1,1,1,1,1,1,1,1,1,1,1,1,1,4),
  (0.,0.142799666072,0.285599332145,0.428398998217,0.571198664289,
    0.713998330361,0.856797996434,0.999597662506,1.142397328578,
    1.28519699465,1.427996660723,1.570796326795,1.713595992867,
    1.856395658939,1.999195325012,2.141994991084,2.284794657156,
    2.427594323228,2.570393989301,2.713193655373,2.855993321445,
    2.998792987518,3.14159265359),.QUASI_UNIFORM_KNOTS.);
#4385 = CARTESIAN_POINT('',(3.14159265359,-114.4385809693));
#4386 = CARTESIAN_POINT('',(3.093992764899,-114.4385809693));
#4387 = CARTESIAN_POINT('',(2.998792987518,-114.4385809693));
#4388 = CARTESIAN_POINT('',(2.855993321445,-114.4385809693));
#4389 = CARTESIAN_POINT('',(2.713193655373,-114.4385809693));
#4390 = CARTESIAN_POINT('',(2.570393989301,-114.4385809693));
#4391 = CARTESIAN_POINT('',(2.427594323228,-114.4385809693));
#4392 = CARTESIAN_POINT('',(2.284794657156,-114.4385809693));
#4393 = CARTESIAN_POINT('',(2.141994991084,-114.4385809693));
#4394 = CARTESIAN_POINT('',(1.999195325012,-114.4385809693));
#4395 = CARTESIAN_POINT('',(1.856395658939,-114.4385809693));
#4396 = CARTESIAN_POINT('',(1.713595992867,-114.4385809693));
#4397 = CARTESIAN_POINT('',(1.570796326795,-114.4385809693));
#4398 = CARTESIAN_POINT('',(1.427996660723,-114.4385809693));
#4399 = CARTESIAN_POINT('',(1.28519699465,-114.4385809693));
#4400 = CARTESIAN_POINT('',(1.142397328578,-114.4385809693));
#4401 = CARTESIAN_POINT('',(0.999597662506,-114.4385809693));
#4402 = CARTESIAN_POINT('',(0.856797996434,-114.4385809693));
#4403 = CARTESIAN_POINT('',(0.713998330361,-114.4385809693));
#4404 = CARTESIAN_POINT('',(0.571198664289,-114.4385809693));
#4405 = CARTESIAN_POINT('',(0.428398998217,-114.4385809693));
#4406 = CARTESIAN_POINT('',(0.285599332145,-114.4385809693));
#4407 = CARTESIAN_POINT('',(0.142799666072,-114.4385809693));
#4408 = CARTESIAN_POINT('',(4.759988869075E-02,-114.4385809693));
#4409 = CARTESIAN_POINT('',(0.,-114.4385809693));
#4410 = ( GEOMETRIC_REPRESENTATION_CONTEXT(2) 
PARAMETRIC_REPRESENTATION_CONTEXT() REPRESENTATION_CONTEXT('2D SPACE',''
  ) );
#4411 = PCURVE('',#3125,#4412);
#4412 = DEFINITIONAL_REPRESENTATION('',(#4413),#4417);
#4413 = CIRCLE('',#4414,73.3089756);
#4414 = AXIS2_PLACEMENT_2D('',#4415,#4416);
#4415 = CARTESIAN_POINT('',(37.575441063725,-4.601664362524E-15));
#4416 = DIRECTION('',(1.,0.));
#4417 = ( GEOMETRIC_REPRESENTATION_CONTEXT(2) 
PARAMETRIC_REPRESENTATION_CONTEXT() REPRESENTATION_CONTEXT('2D SPACE',''
  ) );
#4418 = ORIENTED_EDGE('',*,*,#3137,.T.);
#4419 = ADVANCED_FACE('',(#4420),#3125,.F.);
#4420 = FACE_BOUND('',#4421,.T.);
#4421 = EDGE_LOOP('',(#4422,#4423));
#4422 = ORIENTED_EDGE('',*,*,#3109,.F.);
#4423 = ORIENTED_EDGE('',*,*,#4375,.F.);
#4424 = ADVANCED_FACE('',(#4425),#3353,.T.);
#4425 = FACE_BOUND('',#4426,.T.);
#4426 = EDGE_LOOP('',(#4427));
#4427 = ORIENTED_EDGE('',*,*,#3338,.T.);
#4428 = ADVANCED_FACE('',(#4429),#3411,.T.);
#4429 = FACE_BOUND('',#4430,.T.);
#4430 = EDGE_LOOP('',(#4431,#4432,#4433,#4434,#4435,#4436));
#4431 = ORIENTED_EDGE('',*,*,#3395,.T.);
#4432 = ORIENTED_EDGE('',*,*,#3498,.T.);
#4433 = ORIENTED_EDGE('',*,*,#3596,.T.);
#4434 = ORIENTED_EDGE('',*,*,#3645,.T.);
#4435 = ORIENTED_EDGE('',*,*,#3569,.T.);
#4436 = ORIENTED_EDGE('',*,*,#3471,.T.);
#4437 = ADVANCED_FACE('',(#4438),#3710,.T.);
#4438 = FACE_BOUND('',#4439,.T.);
#4439 = EDGE_LOOP('',(#4440,#4441,#4442,#4443,#4444,#4445));
#4440 = ORIENTED_EDGE('',*,*,#3694,.T.);
#4441 = ORIENTED_EDGE('',*,*,#3797,.T.);
#4442 = ORIENTED_EDGE('',*,*,#3895,.T.);
#4443 = ORIENTED_EDGE('',*,*,#3944,.T.);
#4444 = ORIENTED_EDGE('',*,*,#3868,.T.);
#4445 = ORIENTED_EDGE('',*,*,#3770,.T.);
#4446 = ADVANCED_FACE('',(#4447),#4007,.T.);
#4447 = FACE_BOUND('',#4448,.T.);
#4448 = EDGE_LOOP('',(#4449));
#4449 = ORIENTED_EDGE('',*,*,#3992,.T.);
#4450 = ADVANCED_FACE('',(#4451),#4063,.T.);
#4451 = FACE_BOUND('',#4452,.T.);
#4452 = EDGE_LOOP('',(#4453));
#4453 = ORIENTED_EDGE('',*,*,#4048,.T.);
#4454 = ADVANCED_FACE('',(#4455),#4119,.T.);
#4455 = FACE_BOUND('',#4456,.T.);
#4456 = EDGE_LOOP('',(#4457));
#4457 = ORIENTED_EDGE('',*,*,#4104,.T.);
#4458 = ADVANCED_FACE('',(#4459),#4175,.T.);
#4459 = FACE_BOUND('',#4460,.T.);
#4460 = EDGE_LOOP('',(#4461));
#4461 = ORIENTED_EDGE('',*,*,#4160,.T.);
#4462 = ( GEOMETRIC_REPRESENTATION_CONTEXT(3) 
GLOBAL_UNCERTAINTY_ASSIGNED_CONTEXT((#4466)) 
GLOBAL_UNIT_ASSIGNED_CONTEXT((#4463,#4464,#4465)) REPRESENTATION_CONTEXT
('Context #1','3D Context with UNIT and UNCERTAINTY') );
#4463 = ( LENGTH_UNIT() NAMED_UNIT(*) SI_UNIT(.MILLI.,.METRE.) );
#4464 = ( NAMED_UNIT(*) PLANE_ANGLE_UNIT() SI_UNIT($,.RADIAN.) );
#4465 = ( NAMED_UNIT(*) SI_UNIT($,.STERADIAN.) SOLID_ANGLE_UNIT() );
#4466 = UNCERTAINTY_MEASURE_WITH_UNIT(LENGTH_MEASURE(5.E-06),#4463,
  'distance_accuracy_value','confusion accuracy');
#4467 = SHAPE_DEFINITION_REPRESENTATION(#4468,#1242);
#4468 = PRODUCT_DEFINITION_SHAPE('','',#4469);
#4469 = PRODUCT_DEFINITION('design','',#4470,#4473);
#4470 = PRODUCT_DEFINITION_FORMATION('','',#4471);
#4471 = PRODUCT('Open CASCADE STEP translator 7.5 1.4',
  'Open CASCADE STEP translator 7.5 1.4','',(#4472));
#4472 = PRODUCT_CONTEXT('',#2,'mechanical');
#4473 = PRODUCT_DEFINITION_CONTEXT('part definition',#2,'design');
#4474 = CONTEXT_DEPENDENT_SHAPE_REPRESENTATION(#4475,#4477);
#4475 = ( REPRESENTATION_RELATIONSHIP('','',#1242,#10) 
REPRESENTATION_RELATIONSHIP_WITH_TRANSFORMATION(#4476) 
SHAPE_REPRESENTATION_RELATIONSHIP() );
#4476 = ITEM_DEFINED_TRANSFORMATION('','',#11,#27);
#4477 = PRODUCT_DEFINITION_SHAPE('Placement','Placement of an item',
  #4478);
#4478 = NEXT_ASSEMBLY_USAGE_OCCURRENCE('4','','',#5,#4469,$);
#4479 = PRODUCT_RELATED_PRODUCT_CATEGORY('part',$,(#4471));
#4480 = ADVANCED_BREP_SHAPE_REPRESENTATION('',(#11,#4481),#4582);
#4481 = MANIFOLD_SOLID_BREP('',#4482);
#4482 = CLOSED_SHELL('',(#4483,#4524,#4578));
#4483 = ADVANCED_FACE('',(#4484),#4497,.T.);
#4484 = FACE_BOUND('',#4485,.T.);
#4485 = EDGE_LOOP('',(#4486));
#4486 = ORIENTED_EDGE('',*,*,#4487,.F.);
#4487 = EDGE_CURVE('',#4488,#4488,#4490,.T.);
#4488 = VERTEX_POINT('',#4489);
#4489 = CARTESIAN_POINT('',(-36.69484444585,0.,104.56422400164));
#4490 = SURFACE_CURVE('',#4491,(#4496,#4512),.PCURVE_S1.);
#4491 = CIRCLE('',#4492,36.6948444);
#4492 = AXIS2_PLACEMENT_3D('',#4493,#4494,#4495);
#4493 = CARTESIAN_POINT('',(0.,0.,104.56422400164));
#4494 = DIRECTION('',(0.,0.,-1.));
#4495 = DIRECTION('',(-1.,0.,0.));
#4496 = PCURVE('',#4497,#4502);
#4497 = PLANE('',#4498);
#4498 = AXIS2_PLACEMENT_3D('',#4499,#4500,#4501);
#4499 = CARTESIAN_POINT('',(18.347422222929,0.,104.56422400164));
#4500 = DIRECTION('',(0.,0.,1.));
#4501 = DIRECTION('',(1.,0.,-0.));
#4502 = DEFINITIONAL_REPRESENTATION('',(#4503),#4511);
#4503 = ( BOUNDED_CURVE() B_SPLINE_CURVE(2,(#4504,#4505,#4506,#4507,
#4508,#4509,#4510),.UNSPECIFIED.,.T.,.F.) B_SPLINE_CURVE_WITH_KNOTS((1,2
    ,2,2,2,1),(-2.094395102393,0.,2.094395102393,4.188790204786,
6.28318530718,8.377580409573),.UNSPECIFIED.) CURVE() 
GEOMETRIC_REPRESENTATION_ITEM() RATIONAL_B_SPLINE_CURVE((1.,0.5,1.,0.5,
1.,0.5,1.)) REPRESENTATION_ITEM('') );
#4504 = CARTESIAN_POINT('',(-55.04226662292,0.));
#4505 = CARTESIAN_POINT('',(-55.04226662292,63.557334876634));
#4506 = CARTESIAN_POINT('',(-2.292890499689E-08,31.778667438317));
#4507 = CARTESIAN_POINT('',(55.042266577071,8.987644747934E-15));
#4508 = CARTESIAN_POINT('',(-2.292888012789E-08,-31.77866743831));
#4509 = CARTESIAN_POINT('',(-55.04226662292,-63.55733487663));
#4510 = CARTESIAN_POINT('',(-55.04226662292,0.));
#4511 = ( GEOMETRIC_REPRESENTATION_CONTEXT(2) 
PARAMETRIC_REPRESENTATION_CONTEXT() REPRESENTATION_CONTEXT('2D SPACE',''
  ) );
#4512 = PCURVE('',#4513,#4518);
#4513 = CONICAL_SURFACE('',#4514,101.6,0.5555159887);
#4514 = AXIS2_PLACEMENT_3D('',#4515,#4516,#4517);
#4515 = CARTESIAN_POINT('',(0.,0.,0.));
#4516 = DIRECTION('',(-0.,0.,-1.));
#4517 = DIRECTION('',(-1.,0.,0.));
#4518 = DEFINITIONAL_REPRESENTATION('',(#4519),#4523);
#4519 = LINE('',#4520,#4521);
#4520 = CARTESIAN_POINT('',(0.,-104.5642240227));
#4521 = VECTOR('',#4522,1.);
#4522 = DIRECTION('',(1.,0.));
#4523 = ( GEOMETRIC_REPRESENTATION_CONTEXT(2) 
PARAMETRIC_REPRESENTATION_CONTEXT() REPRESENTATION_CONTEXT('2D SPACE',''
  ) );
#4524 = ADVANCED_FACE('',(#4525),#4513,.T.);
#4525 = FACE_BOUND('',#4526,.T.);
#4526 = EDGE_LOOP('',(#4527,#4528,#4550,#4577));
#4527 = ORIENTED_EDGE('',*,*,#4487,.T.);
#4528 = ORIENTED_EDGE('',*,*,#4529,.T.);
#4529 = EDGE_CURVE('',#4488,#4530,#4532,.T.);
#4530 = VERTEX_POINT('',#4531);
#4531 = CARTESIAN_POINT('',(-101.6,0.,0.));
#4532 = SEAM_CURVE('',#4533,(#4536,#4543),.PCURVE_S1.);
#4533 = B_SPLINE_CURVE_WITH_KNOTS('',1,(#4534,#4535),.UNSPECIFIED.,.F.,
  .F.,(2,2),(-123.0705332909,0.),.PIECEWISE_BEZIER_KNOTS.);
#4534 = CARTESIAN_POINT('',(-36.69484443392,0.,104.5642240227));
#4535 = CARTESIAN_POINT('',(-101.6,0.,0.));
#4536 = PCURVE('',#4513,#4537);
#4537 = DEFINITIONAL_REPRESENTATION('',(#4538),#4542);
#4538 = LINE('',#4539,#4540);
#4539 = CARTESIAN_POINT('',(6.28318530718,0.));
#4540 = VECTOR('',#4541,1.);
#4541 = DIRECTION('',(0.,1.));
#4542 = ( GEOMETRIC_REPRESENTATION_CONTEXT(2) 
PARAMETRIC_REPRESENTATION_CONTEXT() REPRESENTATION_CONTEXT('2D SPACE',''
  ) );
#4543 = PCURVE('',#4513,#4544);
#4544 = DEFINITIONAL_REPRESENTATION('',(#4545),#4549);
#4545 = LINE('',#4546,#4547);
#4546 = CARTESIAN_POINT('',(0.,0.));
#4547 = VECTOR('',#4548,1.);
#4548 = DIRECTION('',(0.,1.));
#4549 = ( GEOMETRIC_REPRESENTATION_CONTEXT(2) 
PARAMETRIC_REPRESENTATION_CONTEXT() REPRESENTATION_CONTEXT('2D SPACE',''
  ) );
#4550 = ORIENTED_EDGE('',*,*,#4551,.F.);
#4551 = EDGE_CURVE('',#4530,#4530,#4552,.T.);
#4552 = SURFACE_CURVE('',#4553,(#4558,#4565),.PCURVE_S1.);
#4553 = CIRCLE('',#4554,101.6);
#4554 = AXIS2_PLACEMENT_3D('',#4555,#4556,#4557);
#4555 = CARTESIAN_POINT('',(0.,0.,0.));
#4556 = DIRECTION('',(0.,0.,-1.));
#4557 = DIRECTION('',(-1.,0.,0.));
#4558 = PCURVE('',#4513,#4559);
#4559 = DEFINITIONAL_REPRESENTATION('',(#4560),#4564);
#4560 = LINE('',#4561,#4562);
#4561 = CARTESIAN_POINT('',(0.,0.));
#4562 = VECTOR('',#4563,1.);
#4563 = DIRECTION('',(1.,0.));
#4564 = ( GEOMETRIC_REPRESENTATION_CONTEXT(2) 
PARAMETRIC_REPRESENTATION_CONTEXT() REPRESENTATION_CONTEXT('2D SPACE',''
  ) );
#4565 = PCURVE('',#4566,#4571);
#4566 = PLANE('',#4567);
#4567 = AXIS2_PLACEMENT_3D('',#4568,#4569,#4570);
#4568 = CARTESIAN_POINT('',(50.8,0.,7.285838599103E-14));
#4569 = DIRECTION('',(0.,0.,-1.));
#4570 = DIRECTION('',(-1.,0.,0.));
#4571 = DEFINITIONAL_REPRESENTATION('',(#4572),#4576);
#4572 = CIRCLE('',#4573,101.6);
#4573 = AXIS2_PLACEMENT_2D('',#4574,#4575);
#4574 = CARTESIAN_POINT('',(50.8,0.));
#4575 = DIRECTION('',(1.,0.));
#4576 = ( GEOMETRIC_REPRESENTATION_CONTEXT(2) 
PARAMETRIC_REPRESENTATION_CONTEXT() REPRESENTATION_CONTEXT('2D SPACE',''
  ) );
#4577 = ORIENTED_EDGE('',*,*,#4529,.F.);
#4578 = ADVANCED_FACE('',(#4579),#4566,.T.);
#4579 = FACE_BOUND('',#4580,.T.);
#4580 = EDGE_LOOP('',(#4581));
#4581 = ORIENTED_EDGE('',*,*,#4551,.T.);
#4582 = ( GEOMETRIC_REPRESENTATION_CONTEXT(3) 
GLOBAL_UNCERTAINTY_ASSIGNED_CONTEXT((#4586)) 
GLOBAL_UNIT_ASSIGNED_CONTEXT((#4583,#4584,#4585)) REPRESENTATION_CONTEXT
('Context #1','3D Context with UNIT and UNCERTAINTY') );
#4583 = ( LENGTH_UNIT() NAMED_UNIT(*) SI_UNIT(.MILLI.,.METRE.) );
#4584 = ( NAMED_UNIT(*) PLANE_ANGLE_UNIT() SI_UNIT($,.RADIAN.) );
#4585 = ( NAMED_UNIT(*) SI_UNIT($,.STERADIAN.) SOLID_ANGLE_UNIT() );
#4586 = UNCERTAINTY_MEASURE_WITH_UNIT(LENGTH_MEASURE(1.E-05),#4583,
  'distance_accuracy_value','confusion accuracy');
#4587 = SHAPE_DEFINITION_REPRESENTATION(#4588,#4480);
#4588 = PRODUCT_DEFINITION_SHAPE('','',#4589);
#4589 = PRODUCT_DEFINITION('design','',#4590,#4593);
#4590 = PRODUCT_DEFINITION_FORMATION('','',#4591);
#4591 = PRODUCT('Open CASCADE STEP translator 7.5 1.5',
  'Open CASCADE STEP translator 7.5 1.5','',(#4592));
#4592 = PRODUCT_CONTEXT('',#2,'mechanical');
#4593 = PRODUCT_DEFINITION_CONTEXT('part definition',#2,'design');
#4594 = CONTEXT_DEPENDENT_SHAPE_REPRESENTATION(#4595,#4597);
#4595 = ( REPRESENTATION_RELATIONSHIP('','',#4480,#10) 
REPRESENTATION_RELATIONSHIP_WITH_TRANSFORMATION(#4596) 
SHAPE_REPRESENTATION_RELATIONSHIP() );
#4596 = ITEM_DEFINED_TRANSFORMATION('','',#11,#31);
#4597 = PRODUCT_DEFINITION_SHAPE('Placement','Placement of an item',
  #4598);
#4598 = NEXT_ASSEMBLY_USAGE_OCCURRENCE('5','','',#5,#4589,$);
#4599 = PRODUCT_RELATED_PRODUCT_CATEGORY('part',$,(#4591));
#4600 = ADVANCED_BREP_SHAPE_REPRESENTATION('',(#11,#4601),#4750);
#4601 = MANIFOLD_SOLID_BREP('',#4602);
#4602 = CLOSED_SHELL('',(#4603,#4745));
#4603 = ADVANCED_FACE('',(#4604),#4623,.T.);
#4604 = FACE_BOUND('',#4605,.T.);
#4605 = EDGE_LOOP('',(#4606,#4641,#4696,#4744));
#4606 = ORIENTED_EDGE('',*,*,#4607,.T.);
#4607 = EDGE_CURVE('',#4608,#4610,#4612,.T.);
#4608 = VERTEX_POINT('',#4609);
#4609 = CARTESIAN_POINT('',(4.841332790565E-15,0.,536.22887296577));
#4610 = VERTEX_POINT('',#4611);
#4611 = CARTESIAN_POINT('',(75.150882133173,0.,481.73245619095));
#4612 = SEAM_CURVE('',#4613,(#4622,#4634),.PCURVE_S1.);
#4613 = B_SPLINE_CURVE_WITH_KNOTS('',7,(#4614,#4615,#4616,#4617,#4618,
    #4619,#4620,#4621),.UNSPECIFIED.,.F.,.F.,(8,8),(-1.570796326795,
    -0.315970154091),.PIECEWISE_BEZIER_KNOTS.);
#4614 = CARTESIAN_POINT('',(0.,0.,536.22887297458));
#4615 = CARTESIAN_POINT('',(14.173255274854,0.,536.22887297458));
#4616 = CARTESIAN_POINT('',(28.346498719036,0.,533.26469273515));
#4617 = CARTESIAN_POINT('',(41.775914587942,0.,527.33646963405));
#4618 = CARTESIAN_POINT('',(53.717298762504,0.,518.67705499404));
#4619 = CARTESIAN_POINT('',(63.525087147378,0.,507.75458610125));
#4620 = CARTESIAN_POINT('',(70.7467025867,0.,495.2040695913));
#4621 = CARTESIAN_POINT('',(75.150882133173,0.,481.73245619095));
#4622 = PCURVE('',#4623,#4628);
#4623 = SPHERICAL_SURFACE('',#4624,79.0649646);
#4624 = AXIS2_PLACEMENT_3D('',#4625,#4626,#4627);
#4625 = CARTESIAN_POINT('',(0.,0.,457.16390837458));
#4626 = DIRECTION('',(0.,0.,-1.));
#4627 = DIRECTION('',(1.,0.,0.));
#4628 = DEFINITIONAL_REPRESENTATION('',(#4629),#4633);
#4629 = LINE('',#4630,#4631);
#4630 = CARTESIAN_POINT('',(6.28318530718,0.));
#4631 = VECTOR('',#4632,1.);
#4632 = DIRECTION('',(0.,1.));
#4633 = ( GEOMETRIC_REPRESENTATION_CONTEXT(2) 
PARAMETRIC_REPRESENTATION_CONTEXT() REPRESENTATION_CONTEXT('2D SPACE',''
  ) );
#4634 = PCURVE('',#4623,#4635);
#4635 = DEFINITIONAL_REPRESENTATION('',(#4636),#4640);
#4636 = LINE('',#4637,#4638);
#4637 = CARTESIAN_POINT('',(0.,0.));
#4638 = VECTOR('',#4639,1.);
#4639 = DIRECTION('',(0.,1.));
#4640 = ( GEOMETRIC_REPRESENTATION_CONTEXT(2) 
PARAMETRIC_REPRESENTATION_CONTEXT() REPRESENTATION_CONTEXT('2D SPACE',''
  ) );
#4641 = ORIENTED_EDGE('',*,*,#4642,.F.);
#4642 = EDGE_CURVE('',#4643,#4610,#4645,.T.);
#4643 = VERTEX_POINT('',#4644);
#4644 = CARTESIAN_POINT('',(-75.15088212744,0.,481.7324561801));
#4645 = SURFACE_CURVE('',#4646,(#4651,#4680),.PCURVE_S1.);
#4646 = CIRCLE('',#4647,75.1508821);
#4647 = AXIS2_PLACEMENT_3D('',#4648,#4649,#4650);
#4648 = CARTESIAN_POINT('',(0.,0.,481.7324561801));
#4649 = DIRECTION('',(0.,0.,-1.));
#4650 = DIRECTION('',(-1.,0.,0.));
#4651 = PCURVE('',#4623,#4652);
#4652 = DEFINITIONAL_REPRESENTATION('',(#4653),#4679);
#4653 = B_SPLINE_CURVE_WITH_KNOTS('',3,(#4654,#4655,#4656,#4657,#4658,
    #4659,#4660,#4661,#4662,#4663,#4664,#4665,#4666,#4667,#4668,#4669,
    #4670,#4671,#4672,#4673,#4674,#4675,#4676,#4677,#4678),
  .UNSPECIFIED.,.F.,.F.,(4,1,1,1,1,1,1,1,1,1,1,1,1,1,1,1,1,1,1,1,1,1,4),
  (0.,0.285599332145,0.571198664289,0.856797996434,1.142397328578,
    1.427996660723,1.713595992867,1.999195325012,2.284794657156,
    2.570393989301,2.855993321445,3.14159265359,3.427191985734,
    3.712791317879,3.998390650023,4.283989982168,4.569589314312,
    4.855188646457,5.140787978601,5.426387310746,5.711986642891,
    5.997585975035,6.28318530718),.QUASI_UNIFORM_KNOTS.);
#4654 = CARTESIAN_POINT('',(3.14159265359,-0.315970154091));
#4655 = CARTESIAN_POINT('',(3.236792430971,-0.315970154091));
#4656 = CARTESIAN_POINT('',(3.427191985734,-0.315970154091));
#4657 = CARTESIAN_POINT('',(3.712791317879,-0.315970154091));
#4658 = CARTESIAN_POINT('',(3.998390650023,-0.315970154091));
#4659 = CARTESIAN_POINT('',(4.283989982168,-0.315970154091));
#4660 = CARTESIAN_POINT('',(4.569589314312,-0.315970154091));
#4661 = CARTESIAN_POINT('',(4.855188646457,-0.315970154091));
#4662 = CARTESIAN_POINT('',(5.140787978601,-0.315970154091));
#4663 = CARTESIAN_POINT('',(5.426387310746,-0.315970154091));
#4664 = CARTESIAN_POINT('',(5.711986642891,-0.315970154091));
#4665 = CARTESIAN_POINT('',(5.997585975035,-0.315970154091));
#4666 = CARTESIAN_POINT('',(6.28318530718,-0.315970154091));
#4667 = CARTESIAN_POINT('',(6.568784639324,-0.315970154091));
#4668 = CARTESIAN_POINT('',(6.854383971469,-0.315970154091));
#4669 = CARTESIAN_POINT('',(7.139983303613,-0.315970154091));
#4670 = CARTESIAN_POINT('',(7.425582635758,-0.315970154091));
#4671 = CARTESIAN_POINT('',(7.711181967902,-0.315970154091));
#4672 = CARTESIAN_POINT('',(7.996781300047,-0.315970154091));
#4673 = CARTESIAN_POINT('',(8.282380632191,-0.315970154091));
#4674 = CARTESIAN_POINT('',(8.567979964336,-0.315970154091));
#4675 = CARTESIAN_POINT('',(8.85357929648,-0.315970154091));
#4676 = CARTESIAN_POINT('',(9.139178628625,-0.315970154091));
#4677 = CARTESIAN_POINT('',(9.329578183388,-0.315970154091));
#4678 = CARTESIAN_POINT('',(9.424777960769,-0.315970154091));
#4679 = ( GEOMETRIC_REPRESENTATION_CONTEXT(2) 
PARAMETRIC_REPRESENTATION_CONTEXT() REPRESENTATION_CONTEXT('2D SPACE',''
  ) );
#4680 = PCURVE('',#4681,#4686);
#4681 = PLANE('',#4682);
#4682 = AXIS2_PLACEMENT_3D('',#4683,#4684,#4685);
#4683 = CARTESIAN_POINT('',(37.575441063725,0.,481.7324561801));
#4684 = DIRECTION('',(0.,0.,1.));
#4685 = DIRECTION('',(1.,0.,-0.));
#4686 = DEFINITIONAL_REPRESENTATION('',(#4687),#4695);
#4687 = ( BOUNDED_CURVE() B_SPLINE_CURVE(2,(#4688,#4689,#4690,#4691,
#4692,#4693,#4694),.UNSPECIFIED.,.T.,.F.) B_SPLINE_CURVE_WITH_KNOTS((1,2
    ,2,2,2,1),(-2.094395102393,0.,2.094395102393,4.188790204786,
6.28318530718,8.377580409573),.UNSPECIFIED.) CURVE() 
GEOMETRIC_REPRESENTATION_ITEM() RATIONAL_B_SPLINE_CURVE((1.,0.5,1.,0.5,
1.,0.5,1.)) REPRESENTATION_ITEM('') );
#4688 = CARTESIAN_POINT('',(-112.7263231637,0.));
#4689 = CARTESIAN_POINT('',(-112.7263231637,130.16514603081));
#4690 = CARTESIAN_POINT('',(-1.372472269168E-08,65.082573015409));
#4691 = CARTESIAN_POINT('',(112.72632313627,1.840665744337E-14));
#4692 = CARTESIAN_POINT('',(-1.372467295369E-08,-65.0825730154));
#4693 = CARTESIAN_POINT('',(-112.7263231637,-130.1651460308));
#4694 = CARTESIAN_POINT('',(-112.7263231637,0.));
#4695 = ( GEOMETRIC_REPRESENTATION_CONTEXT(2) 
PARAMETRIC_REPRESENTATION_CONTEXT() REPRESENTATION_CONTEXT('2D SPACE',''
  ) );
#4696 = ORIENTED_EDGE('',*,*,#4697,.F.);
#4697 = EDGE_CURVE('',#4610,#4643,#4698,.T.);
#4698 = SURFACE_CURVE('',#4699,(#4704,#4733),.PCURVE_S1.);
#4699 = CIRCLE('',#4700,75.1508821);
#4700 = AXIS2_PLACEMENT_3D('',#4701,#4702,#4703);
#4701 = CARTESIAN_POINT('',(0.,0.,481.7324561801));
#4702 = DIRECTION('',(0.,0.,-1.));
#4703 = DIRECTION('',(-1.,0.,0.));
#4704 = PCURVE('',#4623,#4705);
#4705 = DEFINITIONAL_REPRESENTATION('',(#4706),#4732);
#4706 = B_SPLINE_CURVE_WITH_KNOTS('',3,(#4707,#4708,#4709,#4710,#4711,
    #4712,#4713,#4714,#4715,#4716,#4717,#4718,#4719,#4720,#4721,#4722,
    #4723,#4724,#4725,#4726,#4727,#4728,#4729,#4730,#4731),
  .UNSPECIFIED.,.F.,.F.,(4,1,1,1,1,1,1,1,1,1,1,1,1,1,1,1,1,1,1,1,1,1,4),
  (0.,0.285599332145,0.571198664289,0.856797996434,1.142397328578,
    1.427996660723,1.713595992867,1.999195325012,2.284794657156,
    2.570393989301,2.855993321445,3.14159265359,3.427191985734,
    3.712791317879,3.998390650023,4.283989982168,4.569589314312,
    4.855188646457,5.140787978601,5.426387310746,5.711986642891,
    5.997585975035,6.28318530718),.QUASI_UNIFORM_KNOTS.);
#4707 = CARTESIAN_POINT('',(-3.14159265359,-0.315970154091));
#4708 = CARTESIAN_POINT('',(-3.046392876208,-0.315970154091));
#4709 = CARTESIAN_POINT('',(-2.855993321445,-0.315970154091));
#4710 = CARTESIAN_POINT('',(-2.570393989301,-0.315970154091));
#4711 = CARTESIAN_POINT('',(-2.284794657156,-0.315970154091));
#4712 = CARTESIAN_POINT('',(-1.999195325012,-0.315970154091));
#4713 = CARTESIAN_POINT('',(-1.713595992867,-0.315970154091));
#4714 = CARTESIAN_POINT('',(-1.427996660723,-0.315970154091));
#4715 = CARTESIAN_POINT('',(-1.142397328578,-0.315970154091));
#4716 = CARTESIAN_POINT('',(-0.856797996434,-0.315970154091));
#4717 = CARTESIAN_POINT('',(-0.571198664289,-0.315970154091));
#4718 = CARTESIAN_POINT('',(-0.285599332145,-0.315970154091));
#4719 = CARTESIAN_POINT('',(0.,-0.315970154091));
#4720 = CARTESIAN_POINT('',(0.285599332145,-0.315970154091));
#4721 = CARTESIAN_POINT('',(0.571198664289,-0.315970154091));
#4722 = CARTESIAN_POINT('',(0.856797996434,-0.315970154091));
#4723 = CARTESIAN_POINT('',(1.142397328578,-0.315970154091));
#4724 = CARTESIAN_POINT('',(1.427996660723,-0.315970154091));
#4725 = CARTESIAN_POINT('',(1.713595992867,-0.315970154091));
#4726 = CARTESIAN_POINT('',(1.999195325012,-0.315970154091));
#4727 = CARTESIAN_POINT('',(2.284794657156,-0.315970154091));
#4728 = CARTESIAN_POINT('',(2.570393989301,-0.315970154091));
#4729 = CARTESIAN_POINT('',(2.855993321445,-0.315970154091));
#4730 = CARTESIAN_POINT('',(3.046392876208,-0.315970154091));
#4731 = CARTESIAN_POINT('',(3.14159265359,-0.315970154091));
#4732 = ( GEOMETRIC_REPRESENTATION_CONTEXT(2) 
PARAMETRIC_REPRESENTATION_CONTEXT() REPRESENTATION_CONTEXT('2D SPACE',''
  ) );
#4733 = PCURVE('',#4681,#4734);
#4734 = DEFINITIONAL_REPRESENTATION('',(#4735),#4743);
#4735 = ( BOUNDED_CURVE() B_SPLINE_CURVE(2,(#4736,#4737,#4738,#4739,
#4740,#4741,#4742),.UNSPECIFIED.,.T.,.F.) B_SPLINE_CURVE_WITH_KNOTS((1,2
    ,2,2,2,1),(-2.094395102393,0.,2.094395102393,4.188790204786,
6.28318530718,8.377580409573),.UNSPECIFIED.) CURVE() 
GEOMETRIC_REPRESENTATION_ITEM() RATIONAL_B_SPLINE_CURVE((1.,0.5,1.,0.5,
1.,0.5,1.)) REPRESENTATION_ITEM('') );
#4736 = CARTESIAN_POINT('',(-112.7263231637,0.));
#4737 = CARTESIAN_POINT('',(-112.7263231637,130.16514603081));
#4738 = CARTESIAN_POINT('',(-1.372472269168E-08,65.082573015409));
#4739 = CARTESIAN_POINT('',(112.72632313627,1.840665744337E-14));
#4740 = CARTESIAN_POINT('',(-1.372467295369E-08,-65.0825730154));
#4741 = CARTESIAN_POINT('',(-112.7263231637,-130.1651460308));
#4742 = CARTESIAN_POINT('',(-112.7263231637,0.));
#4743 = ( GEOMETRIC_REPRESENTATION_CONTEXT(2) 
PARAMETRIC_REPRESENTATION_CONTEXT() REPRESENTATION_CONTEXT('2D SPACE',''
  ) );
#4744 = ORIENTED_EDGE('',*,*,#4607,.F.);
#4745 = ADVANCED_FACE('',(#4746),#4681,.F.);
#4746 = FACE_BOUND('',#4747,.T.);
#4747 = EDGE_LOOP('',(#4748,#4749));
#4748 = ORIENTED_EDGE('',*,*,#4642,.T.);
#4749 = ORIENTED_EDGE('',*,*,#4697,.T.);
#4750 = ( GEOMETRIC_REPRESENTATION_CONTEXT(3) 
GLOBAL_UNCERTAINTY_ASSIGNED_CONTEXT((#4754)) 
GLOBAL_UNIT_ASSIGNED_CONTEXT((#4751,#4752,#4753)) REPRESENTATION_CONTEXT
('Context #1','3D Context with UNIT and UNCERTAINTY') );
#4751 = ( LENGTH_UNIT() NAMED_UNIT(*) SI_UNIT(.MILLI.,.METRE.) );
#4752 = ( NAMED_UNIT(*) PLANE_ANGLE_UNIT() SI_UNIT($,.RADIAN.) );
#4753 = ( NAMED_UNIT(*) SI_UNIT($,.STERADIAN.) SOLID_ANGLE_UNIT() );
#4754 = UNCERTAINTY_MEASURE_WITH_UNIT(LENGTH_MEASURE(5.E-06),#4751,
  'distance_accuracy_value','confusion accuracy');
#4755 = SHAPE_DEFINITION_REPRESENTATION(#4756,#4600);
#4756 = PRODUCT_DEFINITION_SHAPE('','',#4757);
#4757 = PRODUCT_DEFINITION('design','',#4758,#4761);
#4758 = PRODUCT_DEFINITION_FORMATION('','',#4759);
#4759 = PRODUCT('Open CASCADE STEP translator 7.5 1.6',
  'Open CASCADE STEP translator 7.5 1.6','',(#4760));
#4760 = PRODUCT_CONTEXT('',#2,'mechanical');
#4761 = PRODUCT_DEFINITION_CONTEXT('part definition',#2,'design');
#4762 = CONTEXT_DEPENDENT_SHAPE_REPRESENTATION(#4763,#4765);
#4763 = ( REPRESENTATION_RELATIONSHIP('','',#4600,#10) 
REPRESENTATION_RELATIONSHIP_WITH_TRANSFORMATION(#4764) 
SHAPE_REPRESENTATION_RELATIONSHIP() );
#4764 = ITEM_DEFINED_TRANSFORMATION('','',#11,#35);
#4765 = PRODUCT_DEFINITION_SHAPE('Placement','Placement of an item',
  #4766);
#4766 = NEXT_ASSEMBLY_USAGE_OCCURRENCE('6','','',#5,#4757,$);
#4767 = PRODUCT_RELATED_PRODUCT_CATEGORY('part',$,(#4759));
ENDSEC;
END-ISO-10303-21;
