face_id,solid_index,surface_type,area,center_x,center_y,center_z,normal_x,normal_y,normal_z
1,1,6,463.361707,-9.008036,60.871490,-806.317900,-0.754814,0.655911,0.006042
2,1,6,1419.127107,-14.070503,58.060167,-797.430045,-0.493028,0.868718,-0.047455
3,1,6,13.274406,-1.541752,64.247877,-738.867223,-0.310668,0.949049,0.052840
4,1,6,0.128092,0.000113,65.071814,-742.451307,0.001432,0.990066,0.140594
5,1,6,17.958429,-0.000003,65.694913,-746.252237,-0.096332,0.974248,0.203866
6,1,6,896.038160,0.000000,134.039268,-856.750951,-0.340238,0.728701,0.594334
7,1,6,16856.616895,-4.560651,126.596053,-906.078146,-0.997087,0.076161,0.004069
8,1,6,208.404842,-0.000000,150.120510,-967.372001,-0.932373,-0.081251,-0.352249
9,1,6,7.741022,0.000014,55.771289,-949.463844,-0.079872,0.790271,-0.607529
10,1,6,93.101546,-2.328653,57.153341,-939.804729,-0.837575,0.495880,-0.229284
11,1,6,236.753979,-7.947099,56.487119,-898.642370,-0.898886,0.428201,-0.092990
12,1,6,218.168462,-10.005482,53.509713,-904.926299,-0.678588,0.731981,-0.061015
13,1,6,1126.929976,-19.047180,57.247485,-747.313167,-0.530516,0.847576,-0.012963
14,1,0,8360.016678,0.000006,52.000000,-813.742075,0.000000,-1.000000,0.000000
15,1,6,128.356181,-5.593393,53.985451,-939.640560,-0.647089,0.731921,-0.213465
16,1,0,433.784749,-0.000000,56.817402,-720.000000,0.000000,0.000000,1.000000
17,1,6,1126.891703,19.047332,57.247417,-747.312426,0.530516,0.847576,-0.012963
18,1,6,218.167820,10.005504,53.509699,-904.926178,0.678574,0.731994,-0.061013
19,1,6,1420.761125,14.067565,58.056907,-797.510809,0.493029,0.868718,-0.047456
20,1,6,697.357581,8.649824,59.403056,-837.269553,0.823729,0.566336,-0.027094
21,1,6,16.132872,1.427205,64.223636,-737.791387,0.293804,0.954486,0.051343
22,1,6,11.607371,0.000025,64.714118,-738.975908,0.050251,0.993520,0.101942
23,1,6,2.673984,-0.000041,64.284894,-733.340767,-0.028649,0.997710,0.061276
24,1,6,6.029724,-0.733741,64.098574,-731.279901,-0.140239,0.989788,0.025539
25,1,6,2.760683,-0.000006,64.130089,-729.349152,-0.040370,0.998852,0.025787
26,1,6,3.026465,0.525246,64.075429,-729.322390,0.099787,0.994901,0.014645
27,1,6,16860.122248,4.561240,126.581585,-906.061657,0.997087,0.076161,0.004069
28,1,6,92.491104,2.316689,57.150132,-939.877314,0.838090,0.495679,-0.227832
29,1,6,128.358648,5.593306,53.985463,-939.640801,0.647086,0.731924,-0.213466
30,1,6,1.942057,4.179946,57.642894,-928.552084,0.898589,0.425463,-0.107324
31,1,6,9.269716,0.000009,220.554554,-939.848387,-0.513333,0.574383,0.637631
32,1,6,10.991696,0.000012,222.428019,-941.542942,-0.514585,0.574974,0.636087
33,1,6,4.844105,0.000002,223.885600,-942.865170,-0.516689,0.575001,0.634355
34,1,6,86.883124,-0.000000,232.165882,-950.476521,-0.510601,0.583179,0.631815
35,1,3,3.114936,0.000000,240.236567,-957.900577,-0.000000,0.911068,0.412255
36,1,6,64.156223,-1.233330,240.059877,-972.376954,-0.736498,0.675836,-0.028558
37,1,6,4.312953,-0.000001,240.073503,-986.405411,-0.275567,0.954195,-0.116513
38,1,6,64.156176,1.233329,240.059878,-972.376960,0.736479,0.675857,-0.028558
39,1,0,17.906402,-0.000001,240.639040,-968.947699,0.000000,1.000000,0.000000
40,1,1,235.619449,0.000000,47.000000,-735.225352,0.535439,0.000000,0.844574
41,1,1,235.619449,-0.000000,47.000000,-744.774648,-0.535439,0.000000,-0.844574
42,1,0,176.714587,-0.000000,42.000000,-740.000000,0.000000,-1.000000,0.000000
43,1,0,176.714587,-0.000000,42.000000,-808.840000,0.000000,-1.000000,0.000000
44,1,1,235.619449,0.000000,47.000000,-804.065352,0.535439,0.000000,0.844574
45,1,1,235.619449,-0.000000,47.000000,-813.614648,-0.535439,0.000000,-0.844574
46,2,0,37.109869,-1.528306,39.030740,-959.932298,0.000000,0.000000,-1.000000
47,2,0,3518.745151,-0.000000,31.231925,-908.787344,1.000000,0.000000,0.000000
48,2,6,10.723038,-3.073289,36.109008,-959.787507,-0.405302,-0.133921,-0.904320
49,2,6,0.285988,-3.570646,41.811153,-959.812990,-0.445651,0.032605,-0.894613
50,2,6,0.289706,-3.483017,42.121135,-959.809236,-0.390629,0.224957,-0.892638
51,2,6,3.765084,-2.240236,44.341398,-959.839656,-0.296392,0.199999,-0.933891
52,2,6,0.165272,-0.176871,46.190766,-959.877287,-0.083423,0.279816,-0.956422
53,2,6,0.022633,-0.025258,46.324105,-959.852739,-0.041842,0.327208,-0.944026
54,2,6,1.037515,-0.072713,49.822290,-956.950568,-0.163010,0.693830,-0.701447
55,2,0,884.601632,-5.706989,52.000000,-905.193235,0.000000,1.000000,0.000000
56,2,0,1274.141002,-13.955325,24.126304,-870.000000,0.000000,0.000000,1.000000
57,2,6,3348.667064,-17.541739,21.382040,-897.140684,-0.097768,-0.959900,-0.262743
58,2,6,245.006648,-7.240848,48.444719,-946.099755,-0.789783,0.485210,-0.375254
59,2,6,887.237235,-9.283108,29.373957,-941.944503,-0.790363,-0.380319,-0.480297
60,2,6,57.209942,-14.845971,48.353858,-903.239673,-0.399411,0.915061,-0.055982
61,2,6,38.718956,-10.085521,45.019884,-943.845434,-0.495390,0.826923,-0.266057
62,2,6,0.518433,-12.903305,46.103870,-933.999474,-0.983106,0.135929,-0.122578
63,2,6,73.336287,-81.479498,53.916279,-958.433869,0.323912,-0.145142,-0.934888
64,2,6,3447.591632,-83.514068,55.036416,-940.731693,0.119545,0.992011,-0.040292
65,2,6,14.270067,-23.241029,49.302847,-903.804643,-0.960757,0.097960,-0.259518
66,2,6,10.504645,-36.409398,50.286124,-894.453658,0.427334,0.088408,-0.899761
67,2,6,80.179763,-112.994504,58.538993,-942.146159,0.542643,0.007653,-0.839929
68,2,6,0.593195,-180.113026,65.667821,-986.014108,0.992543,-0.121811,0.004421
69,2,6,0.402612,-180.224166,65.849627,-986.021486,-0.661394,0.749477,-0.029012
70,2,6,2.544041,-180.231701,65.719496,-981.595046,-0.666260,0.742000,0.074382
71,2,6,2.217277,-180.247221,64.033288,-981.591993,-0.749079,-0.661827,0.029415
72,2,0,23.728169,-180.306962,64.862513,-986.334673,-1.000000,0.000000,0.000000
73,2,6,2.549814,-180.238888,64.357710,-995.742610,-0.729766,-0.682768,-0.035646
74,2,6,0.321768,-180.243079,64.126853,-990.813486,-0.744058,-0.667570,-0.026962
75,2,6,1.053076,-180.243378,64.043019,-988.457694,-0.745296,-0.666391,-0.021368
76,2,6,0.345464,-180.243765,63.976937,-986.054731,-0.747473,-0.664151,-0.013709
77,2,6,8762.314210,-83.472552,51.744352,-945.820399,-0.121807,-0.992397,-0.017660
78,2,6,1978.606411,-77.650252,52.841824,-964.817046,0.154340,0.980674,-0.120241
79,2,6,73.690478,-81.699236,53.830026,-959.577568,-0.323561,0.148099,0.934545
80,2,6,170.364347,-91.465343,54.753410,-962.400626,0.148597,0.983537,-0.102834
81,2,6,2.848994,-161.225330,62.494630,-991.564909,-0.988285,0.151626,-0.017397
82,2,6,2.123569,-159.384728,62.629244,-987.630391,-0.474155,0.161605,0.865483
83,2,6,6.142051,-154.875091,62.387871,-983.244870,0.764303,-0.053642,0.642622
84,2,6,6.784952,-155.261221,62.528965,-982.307742,-0.142693,-0.062096,-0.987817
85,2,6,2.016853,-160.477082,62.847274,-987.100225,0.474640,-0.157776,-0.865924
86,2,6,3.279979,-162.225590,62.663517,-991.403350,0.988387,-0.150998,0.017025
87,2,6,71.921296,-44.791973,48.019676,-961.616141,0.158777,0.978045,-0.134977
88,2,6,110.314445,-46.409626,48.039140,-963.363128,0.159467,0.977593,-0.137410
89,2,6,0.012949,-8.182767,43.146255,-953.787741,0.160487,0.976883,-0.141222
90,2,6,147.948253,-16.284392,42.647394,-916.259959,-0.842870,-0.513575,-0.160659
91,2,6,2.281730,-20.583026,45.297951,-876.795350,-0.864414,0.243246,0.440023
92,2,6,3.064554,-180.216864,65.078998,-995.805733,-0.630521,0.771913,-0.081197
93,2,6,0.377467,-180.222701,65.555993,-990.787900,-0.655438,0.752830,-0.060396
94,2,6,0.550979,-180.113920,65.373964,-990.773167,0.990221,-0.139074,0.011033
95,2,6,88.745104,-99.836446,56.907623,-954.440299,-0.404119,0.119676,0.906844
96,2,6,384.401737,-96.590918,56.489030,-942.635339,0.114564,0.993082,-0.025761
97,2,6,80.459327,-112.753775,58.580475,-943.173511,-0.541151,0.013347,0.840820
98,2,6,9.874602,-36.499274,50.411633,-895.592592,-0.426494,-0.067445,0.901972
99,2,6,2803.285686,-82.061293,55.690003,-934.681277,0.111503,0.993596,-0.018293
100,2,6,1.236740,-180.223298,65.721535,-988.429368,-0.656468,0.752875,-0.047219
101,2,6,88.091843,-100.428551,57.044381,-953.613564,0.404849,-0.114603,-0.907174
102,2,6,13.251449,-24.162730,49.423271,-904.229179,0.960586,-0.098872,0.259804
103,2,6,4.782773,-0.472877,49.945723,-956.616219,-0.307048,0.686760,-0.658849
104,2,6,207.370342,-26.878266,14.887721,-885.285692,-0.876574,-0.365754,-0.312796
105,2,6,19.083045,-16.965057,50.182935,-871.679749,-0.727847,0.679499,-0.092300
106,2,1,235.619449,-14.000000,26.774648,-865.000000,0.535439,0.844574,0.000000
107,2,1,235.619449,-14.000000,17.225352,-865.000000,-0.535439,-0.844574,0.000000
108,2,0,176.714587,-14.000000,22.000000,-860.000000,0.000000,0.000000,1.000000
109,3,0,37.110184,1.528326,39.030650,-959.932298,0.000000,0.000000,-1.000000
110,3,0,3518.757676,0.000000,31.231906,-908.787366,-1.000000,0.000000,0.000000
111,3,6,0.021885,0.026122,46.327213,-959.851760,0.057942,0.376511,-0.924598
112,3,6,0.165273,0.176871,46.190767,-959.877286,0.083423,0.279816,-0.956422
113,3,6,3.765287,2.240130,44.341567,-959.839668,0.296291,0.200223,-0.933875
114,3,6,0.289722,3.483040,42.121140,-959.809223,0.390657,0.224973,-0.892622
115,3,6,38.721305,10.085397,45.019771,-943.846012,0.495390,0.826923,-0.266057
116,3,6,0.518433,12.903306,46.103871,-933.999474,0.983106,0.135929,-0.122578
117,3,6,73.690477,81.699236,53.830026,-959.577568,0.323561,0.148099,0.934545
118,3,6,1978.606449,77.650251,52.841824,-964.817046,-0.154340,0.980674,-0.120241
119,3,6,6.142051,154.875091,62.387871,-983.244870,-0.764303,-0.053642,0.642622
120,3,6,2.123569,159.384728,62.629244,-987.630391,0.474155,0.161605,0.865483
121,3,6,2.848994,161.225330,62.494630,-991.564909,0.988285,0.151626,-0.017397
122,3,6,8762.305474,83.472634,51.744363,-945.820434,0.121807,-0.992397,-0.017660
123,3,6,71.921290,44.792063,48.019687,-961.616165,-0.158777,0.978045,-0.134977
124,3,6,110.314452,46.409567,48.039132,-963.363112,-0.159467,0.977593,-0.137410
125,3,6,147.955178,16.284353,42.647380,-916.261186,0.842973,-0.513399,-0.160680
126,3,6,0.012948,8.182768,43.146256,-953.787739,-0.160487,0.976883,-0.141222
127,3,6,0.285986,3.570639,41.811150,-959.812993,0.445651,0.032605,-0.894613
128,3,6,10.723039,3.073320,36.108983,-959.787516,0.405338,-0.133202,-0.904411
129,3,6,245.007896,7.240871,48.444730,-946.099632,0.789783,0.485210,-0.375254
130,3,6,887.237556,9.283097,29.373954,-941.944514,0.790361,-0.380321,-0.480297
131,3,0,884.601101,5.706984,52.000000,-905.193244,0.000000,1.000000,0.000000
132,3,6,1.036843,0.072666,49.822134,-956.950516,0.194631,0.687858,-0.699264
133,3,6,4.783275,0.472810,49.945652,-956.616332,0.306692,0.686265,-0.659530
134,3,6,3348.682655,17.541668,21.382077,-897.140937,0.963155,0.200541,-0.179207
135,3,0,1274.140863,13.955325,24.126307,-870.000000,0.000000,0.000000,1.000000
136,3,6,19.084633,16.965141,50.182841,-871.679777,0.727840,0.679507,-0.092299
137,3,6,207.365273,26.878472,14.887564,-885.284927,0.876566,-0.365772,-0.312798
138,3,1,235.619449,14.000000,26.774648,-865.000000,0.535439,0.844574,0.000000
139,3,1,235.619449,14.000000,17.225352,-865.000000,-0.535439,-0.844574,0.000000
140,3,0,176.714587,14.000000,22.000000,-860.000000,0.000000,0.000000,1.000000
141,3,6,57.194309,14.846403,48.354062,-903.234255,0.399403,0.915065,-0.055981
142,3,6,3447.601649,83.513849,55.036391,-940.731666,-0.119545,0.992011,-0.040292
143,3,6,3.279979,162.225590,62.663517,-991.403350,-0.988387,-0.150998,0.017025
144,3,6,2.016853,160.477082,62.847274,-987.100225,-0.474640,-0.157776,-0.865924
145,3,6,6.784952,155.261221,62.528965,-982.307742,0.142693,-0.062096,-0.987817
146,3,6,73.336287,81.479499,53.916279,-958.433869,-0.323912,-0.145142,-0.934888
147,3,6,170.364345,91.465344,54.753410,-962.400626,-0.148597,0.983537,-0.102834
148,3,6,3.064544,180.216863,65.078995,-995.805758,0.630479,0.771947,-0.081201
149,3,6,2.549736,180.238891,64.357711,-995.742588,0.729755,-0.682778,-0.035646
150,3,6,0.321769,180.243079,64.126853,-990.813488,0.744073,-0.667554,-0.026962
151,3,0,23.728735,180.306962,64.862506,-986.334715,1.000000,0.000000,0.000000
152,3,6,1.053151,180.243379,64.043015,-988.457567,0.745297,-0.666390,-0.021368
153,3,6,0.345391,180.243765,63.976935,-986.054604,0.747473,-0.664150,-0.013709
154,3,6,2.217257,180.247221,64.033284,-981.592033,0.749082,-0.661824,0.029410
155,3,6,2.544031,180.231701,65.719497,-981.595052,0.666224,0.742030,0.074414
156,3,6,0.402612,180.224166,65.849627,-986.021486,0.661394,0.749477,-0.029012
157,3,6,0.593195,180.113026,65.667821,-986.014108,-0.992544,-0.121810,0.004421
158,3,6,80.179763,112.994504,58.538993,-942.146159,-0.542643,0.007653,-0.839929
159,3,6,10.504645,36.409398,50.286124,-894.453658,-0.427334,0.088408,-0.899761
160,3,6,14.270067,23.241029,49.302847,-903.804643,0.960757,0.097960,-0.259518
161,3,6,88.745104,99.836446,56.907623,-954.440299,0.404119,0.119676,0.906844
162,3,6,0.550970,180.113920,65.373963,-990.773176,-0.990221,-0.139074,0.011033
163,3,6,0.377461,180.222701,65.555993,-990.787908,0.655438,0.752830,-0.060396
164,3,6,1.236741,180.223298,65.721535,-988.429378,0.656467,0.752875,-0.047219
165,3,6,2803.142851,82.058996,55.689778,-934.679685,-0.111504,0.993596,-0.018294
166,3,6,13.251449,24.162730,49.423271,-904.229179,-0.960586,-0.098872,0.259804
167,3,6,9.874602,36.499274,50.411633,-895.592592,0.426494,-0.067445,0.901972
168,3,6,80.459327,112.753775,58.580475,-943.173511,0.541151,0.013347,0.840820
169,3,6,384.544175,96.602256,56.490187,-942.643950,-0.114564,0.993082,-0.025761
170,3,6,88.091847,100.428882,57.044475,-953.612831,-0.404864,-0.114531,-0.907176
171,3,6,2.281719,20.583035,45.297960,-876.795356,0.864413,0.243247,0.440023
172,4,6,19419.585366,28.933894,7.397208,-755.296030,0.691984,0.721409,0.026966
173,4,6,28.607790,26.322819,36.893711,-869.190573,0.881696,0.447623,-0.149149
174,4,6,4.339700,44.779247,-7.084997,-720.761908,0.498458,-0.718650,0.484852
175,4,6,13.077045,36.987040,-17.712577,-722.213724,0.538926,-0.510597,0.669962
176,4,6,5.696584,25.716098,-26.939561,-721.088942,0.627701,-0.536261,0.564284
177,4,6,15.228906,22.390580,-29.958231,-706.508764,0.944176,-0.328630,0.023112
178,4,6,6.535593,24.593107,-29.657958,-691.382322,0.614193,-0.461564,-0.640098
179,4,6,14.816732,37.190181,-19.072091,-689.971217,0.518120,-0.457104,-0.722916
180,4,6,4.280799,45.285974,-7.080565,-691.439773,0.508182,-0.699759,-0.502084
181,4,6,15.156120,45.743459,-5.539457,-706.098027,0.415148,-0.909734,-0.005968
182,4,6,2.344344,45.406566,-5.568812,-706.090606,-0.354841,-0.934915,0.004689
183,4,6,0.655821,44.459809,-7.054036,-720.666639,-0.259795,-0.646106,0.717672
184,4,6,2.064870,36.771122,-17.513216,-722.051700,0.038855,-0.036830,0.998566
185,4,6,0.874656,25.662858,-26.630296,-720.963902,0.573008,0.220026,0.789462
186,4,6,2.375877,22.387236,-29.622230,-706.472309,0.894836,0.434799,0.101087
187,4,6,1.004478,24.541377,-29.334206,-691.458682,0.583844,0.330207,-0.741680
188,4,6,2.340695,36.960393,-18.872378,-690.111001,-0.014142,0.012735,-0.999819
189,4,6,0.646625,44.962195,-7.061167,-691.524493,-0.260422,-0.651256,-0.712774
190,4,6,155.306689,32.611333,-20.412842,-705.813246,0.000000,0.000000,1.000000
191,4,6,2.343619,45.014625,-6.556735,-706.089589,0.381620,0.924302,-0.005603
192,4,6,13.622990,45.167393,-6.838617,-706.094593,0.925367,0.378781,-0.014836
193,4,6,877.672304,36.292151,-19.095423,-705.809930,0.725702,-0.686943,-0.038292
194,4,6,2.660100,44.379700,-7.884116,-719.891011,0.849399,0.119284,-0.514094
195,4,6,0.493820,44.204883,-7.668939,-720.016440,0.273247,0.639327,-0.718747
196,4,6,2.057622,36.854532,-17.507435,-721.052285,-0.038054,0.035814,-0.998634
197,4,6,11.718787,37.046430,-17.680447,-720.865410,0.492048,-0.450973,-0.744656
198,4,6,3.491196,27.018857,-26.233075,-720.112318,-0.024568,-0.800690,-0.598575
199,4,6,0.639915,26.777843,-26.075962,-720.232866,-0.566411,-0.245476,-0.786715
200,4,6,2.375328,24.302867,-28.635831,-706.371627,-0.876116,-0.471129,-0.102261
201,4,6,13.708838,24.598607,-28.759352,-706.367507,-0.277632,-0.953598,-0.116496
202,4,6,4.007996,25.831799,-28.868636,-692.257207,-0.026194,-0.881767,0.470957
203,4,6,0.736801,25.594218,-28.726435,-692.118454,-0.578556,-0.353665,0.734979
204,4,6,2.344341,36.929899,-18.874458,-691.110616,0.014753,-0.013327,0.999802
205,4,6,13.347408,37.110645,-19.037160,-691.315967,0.542114,-0.471521,0.695543
206,4,6,2.615573,44.886180,-7.884535,-692.304083,0.862464,0.148014,0.483992
207,4,6,0.486065,44.707897,-7.677923,-692.171257,0.275360,0.645936,0.712000
208,4,6,9.288231,41.945321,30.911330,-746.189315,0.985376,-0.168879,-0.022665
209,4,6,2.935204,43.929799,25.918760,-750.686385,0.681341,0.252063,0.687196
210,4,6,9.057943,45.661884,20.889818,-746.203423,0.633502,0.773557,-0.016893
211,4,6,2.935739,44.146168,25.922512,-741.711363,0.650768,0.242367,-0.719555
212,4,6,0.464900,43.858830,25.813256,-741.851532,-0.016721,-0.006400,-0.999840
213,4,6,1.417178,41.710543,30.690624,-746.183375,0.172810,-0.302647,0.937306
214,4,6,0.464448,43.647839,25.814347,-750.532373,0.025848,0.009735,0.999618
215,4,6,1.376974,45.339903,20.906661,-746.196371,-0.104624,0.329888,-0.938204
216,4,6,34.918915,43.519346,25.900492,-746.190180,0.937813,0.346386,-0.022882
217,4,6,0.464863,43.838809,25.814131,-742.851038,0.017751,0.006778,0.999819
218,4,6,2.937105,44.121875,25.919383,-743.002450,0.675282,0.251261,0.693443
219,4,6,56.894252,44.112334,26.016432,-746.202075,0.937286,0.347817,-0.022767
220,4,6,6.465106,45.440570,21.697203,-746.203380,0.935657,-0.352077,-0.024262
221,4,6,2.936178,43.965899,25.921927,-749.395354,0.645422,0.238953,-0.725487
222,4,6,6.625524,42.318147,30.114186,-746.191751,0.494539,0.869093,-0.010440
223,4,6,1.088743,42.008040,30.067615,-746.185590,-0.167396,0.303778,-0.937922
224,4,6,0.464608,43.676505,25.814819,-749.532884,-0.024781,-0.009348,-0.999649
225,4,6,1.061452,45.174229,21.532274,-746.195421,0.110248,-0.327484,0.938403
226,4,6,9.299013,42.170106,30.910404,-731.196449,0.986091,-0.165893,-0.010180
227,4,6,2.939660,44.241061,25.919165,-735.688778,0.669778,0.250799,0.698926
228,4,6,9.062216,45.933018,20.890493,-731.200487,0.628974,0.777380,-0.008456
229,4,6,2.936242,44.339442,25.923841,-726.712417,0.655137,0.246335,-0.714224
230,4,0,0.464935,44.053313,25.814930,-726.854932,-0.009119,-0.003822,-0.999951
231,4,6,1.419560,41.935609,30.688919,-731.192999,0.162274,-0.302572,0.939211
232,4,6,0.465242,43.957225,25.812730,-735.539678,0.010611,0.004144,0.999935
233,4,6,1.378817,45.610334,20.906422,-731.196423,-0.094411,0.331354,-0.938771
234,4,6,34.976015,43.766106,25.899007,-731.196375,0.936415,0.350735,-0.010543
235,4,0,0.470452,44.031855,25.840872,-727.854659,0.009670,0.004052,0.999945
236,4,6,2.973454,44.316291,25.946205,-728.003512,0.668602,0.252260,0.699526
237,4,6,56.975787,44.353241,26.016462,-731.201987,0.935952,0.351975,-0.010309
238,4,6,6.601452,42.538117,30.123177,-731.214063,0.491373,0.870899,-0.009335
239,4,6,1.085698,42.228530,30.075504,-731.211316,-0.154688,0.299785,-0.941382
240,4,6,0.465580,43.968900,25.812758,-734.540168,-0.009591,-0.003769,-0.999947
241,4,6,2.939807,44.255649,25.920490,-734.397703,0.655294,0.245617,-0.714327
242,4,6,6.471512,45.704398,21.697931,-731.200888,0.938091,-0.346208,-0.011187
243,4,6,1.063171,45.439044,21.531932,-731.196792,0.099839,-0.328692,0.939145
244,4,6,9.356309,42.307953,30.892007,-716.227634,0.986675,-0.162705,0.000723
245,4,6,1.428977,42.073919,30.669919,-716.225991,0.153359,-0.292183,0.943986
246,4,0,0.456648,44.129709,25.769587,-720.541390,0.007115,0.002378,0.999972
247,4,6,2.881407,44.413909,25.876059,-720.689039,0.666826,0.250494,0.701851
248,4,6,9.066325,46.076336,20.890364,-716.201837,0.627777,0.778382,-0.004183
249,4,6,2.939249,44.448931,25.922268,-711.713384,0.659276,0.248469,-0.709661
250,4,0,0.465550,44.163315,25.814254,-711.857845,-0.003438,-0.001442,-0.999993
251,4,6,34.995570,43.902341,25.897896,-716.199285,0.936050,0.351824,-0.005573
252,4,6,1.379789,45.753607,20.905944,-716.199645,-0.088919,0.331992,-0.939082
253,4,0,0.465344,44.159132,25.813957,-712.857674,0.003773,0.001583,0.999992
254,4,6,2.939666,44.443990,25.920699,-713.004517,0.664381,0.250617,0.704123
255,4,6,56.997269,44.491097,26.016415,-716.202085,0.935637,0.352920,-0.005502
256,4,6,6.473901,45.846884,21.698065,-716.201765,0.938683,-0.344737,-0.005535
257,4,6,2.942848,44.406268,25.921090,-719.398080,0.657153,0.247923,-0.711817
258,4,6,6.633077,42.674908,30.112961,-716.198905,0.491659,0.870784,-0.002372
259,4,6,1.090524,42.365110,30.065118,-716.197298,-0.153613,0.304730,-0.939970
260,4,0,0.465595,44.120019,25.813464,-719.541575,-0.006692,-0.002237,-0.999975
261,4,6,1.063571,45.581769,21.531294,-716.199885,0.094642,-0.329509,0.939397
262,4,6,9.296493,42.344707,30.910243,-701.202062,0.986306,-0.164922,-0.000518
263,4,6,2.941948,44.466884,25.920160,-705.690141,0.662717,0.249815,0.705974
264,4,6,9.044262,46.124587,20.884006,-701.211105,0.626591,0.779347,0.001505
265,4,6,2.959617,44.474304,25.906646,-696.714168,0.662328,0.249502,-0.706449
266,4,0,0.468558,44.188981,25.799848,-696.860029,0.000840,0.000352,-1.000000
267,4,6,1.419593,42.110669,30.688180,-701.201823,0.153744,-0.302802,0.940571
268,4,0,0.465919,44.181879,25.812731,-705.544063,0.001529,0.000512,0.999999
269,4,6,1.376969,45.801788,20.899363,-701.210651,-0.084608,0.335726,-0.938152
270,4,6,35.000089,43.947646,25.897153,-701.202065,0.935977,0.352060,-0.000323
271,4,0,0.467927,44.188759,25.803008,-697.859908,-0.000602,-0.000252,1.000000
272,4,6,2.954080,44.474057,25.910558,-698.005281,0.661253,0.249128,0.707587
273,4,6,56.998902,44.535325,26.016152,-701.202148,0.935602,0.353055,-0.000259
274,4,6,6.459554,45.893682,21.693455,-701.208429,0.938705,-0.344715,-0.002068
275,4,6,2.941662,44.468904,25.920026,-704.399007,0.660806,0.249195,-0.707981
276,4,6,6.633911,42.719423,30.112671,-701.201934,0.491937,0.870631,-0.000067
277,4,6,1.090770,42.409658,30.064851,-701.201856,-0.148618,0.305102,-0.940652
278,4,0,0.465814,44.183450,25.812608,-704.544215,-0.001214,-0.000406,-0.999999
279,4,6,1.061507,45.628695,21.526524,-701.208372,0.090249,-0.332644,0.938724
280,4,6,8.997492,46.102494,20.869856,-686.210625,0.625209,0.780447,0.003994
281,4,6,1.370167,45.779586,20.885375,-686.211251,-0.209712,0.819513,-0.533310
282,4,0,0.471956,44.152904,25.783710,-681.861405,0.003529,0.001478,-0.999993
283,4,6,2.981426,44.438060,25.889654,-681.714674,0.664387,0.249884,-0.704377
284,4,6,9.296703,42.321176,30.910201,-686.204517,0.986183,-0.165628,0.003280
285,4,6,2.963747,44.464804,25.902115,-690.690803,0.660114,0.248600,0.708836
286,4,0,0.469189,44.179006,25.795122,-690.545959,-0.002394,-0.000801,0.999997
287,4,6,34.999966,43.922397,25.896628,-686.203861,0.936038,0.351883,0.003201
288,4,6,1.419825,42.086956,30.688303,-686.205273,0.149919,-0.302526,0.941277
289,4,0,0.471490,44.155930,25.787013,-682.861339,-0.003401,-0.001424,0.999993
290,4,6,2.975440,44.441578,25.894963,-683.005807,0.659421,0.247913,0.709720
291,4,6,6.633957,42.695011,30.112600,-686.203954,0.492462,0.870333,0.001509
292,4,6,56.997968,44.509055,26.015877,-686.202269,0.935680,0.352835,0.003259
293,4,6,2.941328,44.455259,25.918777,-689.399659,0.663507,0.249876,-0.705209
294,4,0,0.466016,44.170347,25.811553,-689.546056,0.002593,0.000868,-0.999996
295,4,6,1.090867,42.385281,30.064894,-686.204896,-0.145076,0.305393,-0.941110
296,4,6,1.058099,45.604056,21.519494,-686.219634,0.087594,-0.336049,0.937762
297,4,6,6.437596,45.868955,21.686524,-686.218312,0.938393,-0.345567,-0.001245
298,4,6,8.982471,46.034536,20.865411,-671.209210,0.624747,0.780812,0.004913
299,4,6,1.368008,45.711577,20.880974,-671.210512,-0.208865,0.819620,-0.533478
300,4,0,0.472809,44.079250,25.779629,-666.861936,0.004567,0.001909,-0.999988
301,4,6,2.987425,44.364423,25.885136,-666.714811,0.665259,0.249824,-0.703575
302,4,6,9.295642,42.256924,30.910235,-671.205864,0.986022,-0.166538,0.005067
303,4,6,2.971142,44.408117,25.895355,-675.691152,0.658749,0.247773,0.710394
304,4,0,0.470321,44.121904,25.788567,-675.546998,-0.004548,-0.001521,0.999989
305,4,6,34.996917,43.855383,25.896173,-671.204731,0.936177,0.351495,0.004889
306,4,6,1.419919,42.022457,30.688588,-671.206969,0.148081,-0.302759,0.941493
307,4,0,0.472422,44.083593,25.782916,-667.861926,-0.004549,-0.001902,0.999988
308,4,6,2.979802,44.369357,25.890987,-668.005945,0.658572,0.247157,0.710772
309,4,6,6.633454,42.629667,30.112658,-671.204931,0.493108,0.869965,0.002263
310,4,6,56.988757,44.441074,26.015566,-671.202251,0.935825,0.352431,0.004945
311,4,6,2.940259,44.393264,25.918525,-674.400012,0.665032,0.250047,-0.703711
312,4,0,0.466017,44.108613,25.811491,-674.547039,0.004628,0.001547,-0.999988
313,4,6,1.090858,42.319970,30.065110,-671.206365,-0.143230,0.305601,-0.941325
314,4,6,1.057270,45.535054,21.517791,-671.222937,0.086225,-0.337517,0.937362
315,4,6,6.431678,45.799934,21.684787,-671.220987,0.938284,-0.345865,-0.000284
316,4,6,9.282526,41.461229,30.912386,-761.180158,0.984268,-0.171899,-0.040842
317,4,6,2.932613,43.350111,25.918152,-765.683860,0.692603,0.254478,0.674939
318,4,6,9.051854,45.144576,20.888205,-761.206366,0.636094,0.771105,-0.027962
319,4,6,2.933945,43.727776,25.922860,-756.708967,0.640077,0.235941,-0.731186
320,4,6,0.464232,43.437322,25.815345,-756.843930,-0.032594,-0.012180,-0.999394
321,4,6,1.416645,41.225968,30.692467,-761.169314,0.187326,-0.297694,0.936102
322,4,6,0.464072,43.070364,25.815322,-765.524840,0.041591,0.015428,0.999016
323,4,6,1.376435,44.822426,20.907863,-761.193221,-0.117990,0.326271,-0.937884
324,4,6,34.897389,43.019247,25.901950,-761.182482,0.938409,0.343231,-0.039760
325,4,6,0.464199,43.399611,25.815375,-757.843422,0.033655,0.012563,0.999355
326,4,6,2.933294,43.680429,25.919171,-757.999925,0.687014,0.253106,0.681138
327,4,6,56.863280,43.612878,26.016319,-761.202520,0.937820,0.344844,-0.039694
328,4,6,6.463570,44.926192,21.697272,-761.204340,0.933520,-0.356198,-0.040794
329,4,6,2.933554,43.408744,25.922867,-764.392997,0.634436,0.233173,-0.736968
330,4,6,6.624565,41.831892,30.114616,-761.184173,0.496182,0.868002,-0.019382
331,4,6,1.088543,41.521748,30.068983,-761.173010,-0.181773,0.298592,-0.936911
332,4,6,0.464129,43.117026,25.815503,-764.525319,-0.040589,-0.015067,-0.999062
333,4,6,1.061005,44.659394,21.533428,-761.191426,0.124072,-0.324717,0.937638
334,4,6,3.514682,32.256051,42.759193,-795.941156,0.804861,0.077922,-0.588325
335,4,6,9.310464,30.523791,43.936138,-805.352859,0.987534,-0.126783,-0.093285
336,4,6,3.412320,30.490110,42.746684,-814.772895,0.884041,0.111701,0.453866
337,4,6,25.115215,39.399721,22.650332,-815.851503,0.741834,0.211874,0.636232
338,4,6,3.171173,41.436807,1.314506,-814.710308,0.910980,0.165413,0.377828
339,4,6,9.403315,42.143029,0.175151,-805.356813,0.914626,0.390937,-0.103091
340,4,6,3.199263,43.477664,1.297085,-795.998286,0.800001,0.235150,-0.551999
341,4,6,25.113035,41.377442,22.658908,-794.863790,0.621764,0.180230,-0.762185
342,4,6,3.966173,41.075057,22.602594,-794.986593,-0.070513,-0.018621,-0.997337
343,4,6,0.531954,32.062275,42.493938,-796.016209,0.361220,-0.562656,-0.743598
344,4,6,1.459059,30.372115,43.634505,-805.338600,0.606748,-0.792815,-0.057450
345,4,6,0.514340,30.310271,42.486222,-814.658472,0.473456,-0.529063,0.704224
346,4,6,3.966143,39.121796,22.606510,-815.675023,0.099442,0.024747,0.994736
347,4,6,0.463548,41.199417,1.522536,-814.592872,0.344527,0.646082,0.681087
348,4,6,1.422805,41.916397,0.424525,-805.320463,0.363506,0.930743,-0.039758
349,4,6,0.471643,43.208975,1.489506,-796.060947,0.158099,0.679441,-0.716495
350,4,6,131.107610,38.472984,23.091115,-805.342495,0.000000,0.000000,1.000000
351,4,6,3.966049,40.995494,22.602955,-795.986015,0.071751,0.018922,0.997243
352,4,6,25.102592,41.277040,22.655016,-796.154199,0.723822,0.209266,0.657487
353,4,6,785.068061,40.308810,22.794599,-805.377071,0.965322,0.244826,-0.090629
354,4,6,1.886228,43.647459,2.113872,-796.821305,0.612355,-0.659528,0.435940
355,4,6,9.401280,42.606613,1.447255,-805.366874,0.452027,-0.890650,-0.049131
356,4,6,1.861342,41.827340,2.119801,-813.893389,0.482246,-0.665411,-0.569796
357,4,6,25.132154,39.538407,22.655355,-814.561787,0.600912,0.173569,-0.780243
358,4,6,2.020010,31.130795,41.982434,-813.937577,0.302713,0.748037,-0.590597
359,4,6,9.312097,31.455438,42.704673,-805.368983,0.149700,0.988630,-0.014174
360,4,6,2.102539,32.748233,41.982212,-796.787468,0.377808,0.778602,0.501039
361,4,6,0.353453,32.461890,41.880387,-796.673739,-0.354246,0.570150,0.741242
362,4,6,1.459208,31.124993,42.640998,-805.338089,-0.592416,0.803681,0.056036
363,4,6,0.341994,30.832306,41.875684,-813.999586,-0.466434,0.536511,-0.703274
364,4,6,3.966557,39.231631,22.606374,-814.675700,-0.097955,-0.024490,-0.994889
365,4,6,0.307819,41.509468,2.137878,-813.951113,-0.313774,-0.658711,-0.683847
366,4,6,1.419406,42.273988,1.403382,-805.319017,-0.316956,-0.947849,0.033493
367,4,6,0.313701,43.346907,2.113436,-796.699720,-0.135957,-0.687105,0.713725
368,4,0,2509.577589,0.000000,24.159097,-870.000000,0.000000,0.000000,-1.000000
369,4,6,1332.706476,-26.340239,40.914447,-848.114213,-0.828329,0.545717,-0.126746
370,4,0,6552.119780,-0.000002,52.000000,-789.280664,0.000000,1.000000,0.000000
371,4,6,1332.703102,26.340219,40.914451,-848.114349,0.828331,0.545714,-0.126746
372,4,0,433.784760,-0.000000,56.817402,-720.000000,0.000000,0.000000,-1.000000
373,4,6,28.608724,-26.323053,36.893368,-869.190464,-0.881697,0.447622,-0.149149
374,4,6,19419.474988,-28.933830,7.397309,-755.295978,-0.178667,-0.977911,-0.108477
375,4,6,4.277632,-45.286268,-7.079947,-691.439546,-0.508090,-0.699692,-0.502271
376,4,6,14.821372,-37.189454,-19.072456,-689.971216,-0.518099,-0.457141,-0.722907
377,4,6,6.533024,-24.591519,-29.658914,-691.382842,-0.614338,-0.461460,-0.640034
378,4,6,15.228321,-22.390562,-29.958270,-706.508387,-0.944173,-0.328637,0.023112
379,4,6,5.695541,-25.714926,-26.940303,-721.088442,-0.627700,-0.536257,0.564288
380,4,6,13.076362,-36.984952,-17.714854,-722.213723,-0.538882,-0.510628,0.669975
381,4,6,4.343261,-44.778750,-7.085945,-720.762191,-0.498505,-0.718687,0.484750
382,4,6,15.156366,-45.743486,-5.539458,-706.096066,-0.415150,-0.909733,-0.005968
383,4,6,2.344386,-45.406594,-5.568813,-706.088650,0.354839,-0.934916,0.004688
384,4,6,0.646138,-44.962480,-7.060563,-691.524268,0.260976,-0.652912,-0.711054
385,4,6,2.341204,-36.960461,-18.871975,-690.111001,0.014143,0.012738,-0.999819
386,4,6,1.004242,-24.540636,-29.334646,-691.458932,-0.584019,0.330299,-0.741501
387,4,6,2.375808,-22.387218,-29.622272,-706.471910,-0.894836,0.434799,0.101089
388,4,6,0.874487,-25.661613,-26.631083,-720.963381,-0.573290,0.220164,0.789219
389,4,6,2.065167,-36.770342,-17.513887,-722.051699,-0.038856,-0.036834,0.998566
390,4,6,0.656007,-44.460031,-7.053580,-720.666132,0.259585,-0.645541,0.718257
391,4,6,155.307570,-32.611404,-20.412775,-705.813193,0.000000,0.000000,1.000000
392,4,6,2.057536,-36.855483,-17.506471,-721.052287,0.038053,0.035811,-0.998634
393,4,6,11.718672,-37.046233,-17.680666,-720.865412,-0.492043,-0.450976,-0.744657
394,4,6,877.673627,-36.292152,-19.095421,-705.809952,-0.725703,-0.686941,-0.038292
395,4,6,3.490760,-27.018912,-26.233026,-720.112487,0.024401,-0.800623,-0.598672
396,4,6,13.709404,-24.598602,-28.759328,-706.367754,0.277684,-0.953535,-0.116887
397,4,6,4.007367,-25.831641,-28.868738,-692.257250,0.025125,-0.881428,0.471650
398,4,6,13.347658,-37.110287,-19.037535,-691.315967,-0.542115,-0.471521,0.695543
399,4,6,2.615009,-44.886019,-7.884907,-692.303609,-0.862365,0.147838,0.484221
400,4,6,13.623258,-45.167408,-6.838616,-706.093611,-0.925367,0.378782,-0.014835
401,4,6,2.660873,-44.379719,-7.884111,-719.890935,-0.849530,0.119548,-0.513815
402,4,6,0.493724,-44.205069,-7.668586,-720.016413,-0.273358,0.639485,-0.718564
403,4,6,2.343744,-45.014632,-6.556735,-706.089010,-0.381620,0.924302,-0.005603
404,4,6,0.485880,-44.707892,-7.677961,-692.170974,-0.275280,0.645756,0.712194
405,4,6,2.344216,-36.930702,-18.873617,-691.110616,-0.014750,-0.013322,0.999802
406,4,6,0.736957,-25.595005,-28.725965,-692.118211,0.577648,-0.353242,0.735896
407,4,6,2.375239,-24.302776,-28.636021,-706.369793,0.876116,-0.471129,-0.102260
408,4,6,0.640102,-26.778510,-26.075513,-720.233117,0.564385,-0.244231,-0.788556
409,4,6,9.063953,-46.026940,20.890542,-671.202918,-0.626634,0.779305,0.003743
410,4,6,2.938403,-44.398234,25.922647,-675.691130,-0.658859,0.247855,0.710262
411,4,6,9.293244,-42.256551,30.911041,-671.205497,-0.986012,-0.166596,0.005153
412,4,6,2.941474,-44.351489,25.920950,-666.714863,-0.665320,0.249978,-0.703464
413,4,0,0.466236,-44.066875,25.813940,-666.861994,-0.004977,0.001663,-0.999986
414,4,6,1.380495,-45.704131,20.905556,-671.204432,0.088147,0.330130,0.939811
415,4,0,0.465718,-44.112513,25.814560,-675.546939,0.004168,-0.001744,0.999990
416,4,6,1.419645,-42.022162,30.689246,-671.206559,-0.155941,-0.300182,-0.941049
417,4,6,34.997282,-43.855400,25.896129,-671.204758,-0.936177,0.351496,0.004889
418,4,0,0.465298,-44.107481,25.814388,-674.546977,-0.004243,0.001775,-0.999989
419,4,6,2.939075,-44.392365,25.920823,-674.399995,-0.664850,0.250340,-0.703778
420,4,6,56.984580,-44.441106,26.015482,-671.202309,-0.935825,0.352431,0.004945
421,4,6,6.631649,-42.629425,30.113204,-671.204941,-0.493032,0.870009,0.002116
422,4,6,1.090546,-42.319706,30.065701,-671.206200,0.151059,0.302488,0.941107
423,4,0,0.465732,-44.072613,25.813041,-667.861985,0.004959,-0.001657,0.999986
424,4,6,2.941614,-44.358654,25.920484,-668.005998,-0.658446,0.247827,0.710655
425,4,6,6.473285,-45.795801,21.697845,-671.202768,-0.939002,-0.343878,0.004860
426,4,6,1.063994,-45.530887,21.530953,-671.204354,-0.093645,-0.326981,-0.940380
427,4,6,9.064037,-46.096293,20.890337,-686.202866,-0.626734,0.779229,0.002515
428,4,6,2.939436,-44.457569,25.922052,-690.690784,-0.660152,0.248710,0.708761
429,4,6,9.294435,-42.320969,30.910654,-686.204549,-0.986178,-0.165653,0.003392
430,4,6,2.941810,-44.426876,25.920672,-681.714664,-0.664431,0.250046,-0.704279
431,4,0,0.466168,-44.142142,25.813501,-681.861453,-0.003858,0.001291,-0.999992
432,4,6,1.380288,-45.773520,20.905365,-686.203800,0.086454,0.330524,0.939830
433,4,0,0.465716,-44.172094,25.814217,-690.545922,0.002172,-0.000910,0.999997
434,4,6,1.419564,-42.086768,30.688718,-686.205153,-0.154603,-0.300198,-0.941265
435,4,6,35.000290,-43.922412,25.896589,-686.203865,-0.936038,0.351884,0.003201
436,4,0,0.465461,-44.169442,25.813902,-689.546016,-0.002357,0.000987,-0.999997
437,4,6,2.939971,-44.454483,25.920793,-689.399648,-0.663394,0.250046,-0.705256
438,4,6,56.994476,-44.509080,26.015813,-686.202290,-0.935680,0.352835,0.003259
439,4,6,6.632777,-42.694851,30.112961,-686.204028,-0.492410,0.870362,0.001342
440,4,6,1.090660,-42.385107,30.065285,-686.204800,0.149688,0.302484,0.941327
441,4,0,0.465759,-44.146544,25.812741,-682.861386,0.003720,-0.001245,0.999992
442,4,6,2.941852,-44.432356,25.920265,-683.005799,-0.659188,0.248407,0.709764
443,4,6,6.473299,-45.865421,21.697767,-686.202697,-0.939022,-0.343843,0.003143
444,4,6,1.063874,-45.600495,21.530815,-686.203731,-0.091979,-0.327251,-0.940450
445,4,6,3.198842,-43.477501,1.296621,-795.998662,-0.800115,0.235333,-0.551755
446,4,6,9.403581,-42.142956,0.175151,-805.357446,-0.914662,0.390850,-0.103097
447,4,6,3.170817,-41.436833,1.314721,-814.710690,-0.910892,0.165166,0.378149
448,4,6,25.115268,-39.399647,22.650588,-815.851503,-0.741827,0.211877,0.636240
449,4,6,3.412267,-30.490040,42.746784,-814.772859,-0.884205,0.111538,0.453587
450,4,6,9.310787,-30.523825,43.936138,-805.352488,-0.987537,-0.126765,-0.093285
451,4,6,3.513889,-32.255976,42.759304,-795.941095,-0.804762,0.077976,-0.588453
452,4,6,25.114048,-41.377391,22.658696,-794.863790,-0.621765,0.180225,-0.762186
453,4,6,3.966252,-41.075158,22.602211,-794.986593,0.070513,-0.018620,-0.997337
454,4,6,0.472103,-43.209634,1.490969,-796.059266,-0.158543,0.680419,-0.715468
455,4,6,1.422879,-41.916363,0.424524,-805.320775,-0.363506,0.930743,-0.039758
456,4,6,0.463534,-41.199425,1.522655,-814.593080,-0.344335,0.645432,0.681800
457,4,6,3.966039,-39.121887,22.606251,-815.675023,-0.099442,0.024747,0.994736
458,4,6,0.514338,-30.310233,42.486271,-814.658479,-0.473459,-0.529098,0.704196
459,4,6,1.459092,-30.372142,43.634504,-805.338290,-0.606747,-0.792816,-0.057450
460,4,6,0.531923,-32.062439,42.493733,-796.015971,-0.361626,-0.563110,-0.743057
461,4,6,131.107595,-38.472974,23.091105,-805.342564,0.000000,0.000000,1.000000
462,4,6,1.459204,-31.124985,42.640998,-805.338146,0.592415,0.803682,0.056036
463,4,6,9.312085,-31.455425,42.704672,-805.369091,-0.149705,0.988629,-0.014175
464,4,6,785.068100,-40.308809,22.794599,-805.377071,-0.965322,0.244825,-0.090629
465,4,6,2.102157,-32.748009,41.982492,-796.787674,-0.377782,0.778636,0.501006
466,4,6,0.353444,-32.461835,41.880444,-796.673809,0.354554,0.570507,0.740819
467,4,6,3.966168,-40.995484,22.602781,-795.986015,-0.071751,0.018921,0.997243
468,4,6,25.103797,-41.276983,22.654782,-796.154199,-0.723821,0.209263,0.657489
469,4,6,1.885727,-43.647288,2.113343,-796.821687,-0.612237,-0.659833,0.435644
470,4,6,0.313649,-43.346807,2.113127,-796.699932,0.136464,-0.688344,0.712432
471,4,6,1.419399,-42.273971,1.403382,-805.319174,0.316956,-0.947849,0.033493
472,4,6,9.401315,-42.606575,1.447255,-805.367215,-0.452023,-0.890652,-0.049131
473,4,6,1.861086,-41.827343,2.119866,-813.893534,-0.482231,-0.665210,-0.570043
474,4,6,0.307759,-41.509431,2.137738,-813.951082,0.313633,-0.658119,-0.684481
475,4,6,3.966459,-39.231489,22.606674,-814.675700,0.097956,-0.024489,-0.994889
476,4,6,25.132393,-39.538359,22.655434,-814.561787,-0.600922,0.173572,-0.780234
477,4,6,2.019759,-31.130733,41.982513,-813.937595,-0.302606,0.748243,-0.590391
478,4,6,0.341977,-30.832276,41.875715,-813.999615,0.466481,0.536612,-0.703167
479,4,6,9.051810,-45.144585,20.888187,-761.206258,-0.636171,0.771057,-0.027538
480,4,6,2.932589,-43.349689,25.919297,-765.683860,-0.692594,0.254491,0.674943
481,4,6,9.284292,-41.461124,30.912636,-761.179998,-0.984269,-0.171884,-0.040874
482,4,6,2.934110,-43.728116,25.921928,-756.708967,-0.640085,0.235932,-0.731182
483,4,6,0.464204,-43.437573,25.814671,-756.843930,0.032594,-0.012180,-0.999394
484,4,6,1.376445,-44.822412,20.907865,-761.193552,0.039517,0.338549,0.940119
485,4,6,0.464129,-43.070041,25.816178,-765.524840,-0.041591,0.015429,0.999016
486,4,6,1.416504,-41.225975,30.692487,-761.168860,-0.114134,-0.308214,-0.944446
487,4,6,34.897959,-43.019243,25.901965,-761.182423,-0.938409,0.343232,-0.039760
488,4,6,0.464055,-43.116945,25.815726,-764.525319,0.040589,-0.015067,-0.999062
489,4,6,2.932689,-43.408562,25.923383,-764.392998,-0.634434,0.233179,-0.736968
490,4,6,56.870199,-43.612886,26.016300,-761.202451,-0.937820,0.344845,-0.039694
491,4,6,6.625278,-41.831908,30.114570,-761.184302,-0.496189,0.867997,-0.019442
492,4,6,1.088494,-41.521686,30.069093,-761.173354,0.108751,0.310238,0.944418
493,4,6,0.464263,-43.399513,25.815631,-757.843422,-0.033654,0.012564,0.999355
494,4,6,2.933962,-43.680647,25.918557,-757.999925,-0.687017,0.253099,0.681138
495,4,6,6.464428,-44.926138,21.697455,-761.204343,-0.933483,-0.356216,-0.041459
496,4,6,1.061064,-44.659353,21.533539,-761.191598,-0.190703,-0.816000,-0.545688
497,4,6,9.053884,-45.662230,20.888558,-746.204425,-0.633565,0.773516,-0.016404
498,4,6,2.934934,-43.929432,25.919758,-750.686385,-0.681332,0.252073,0.687202
499,4,6,9.285699,-41.945074,30.911861,-746.189654,-0.985376,-0.168883,-0.022634
500,4,6,2.938262,-44.146703,25.921000,-741.711363,-0.650772,0.242349,-0.719557
501,4,6,0.464900,-43.858592,25.813848,-741.851532,0.016721,-0.006400,-0.999840
502,4,6,1.377054,-45.339854,20.906818,-746.196501,0.055828,0.334226,0.940838
503,4,6,0.464468,-43.647573,25.815051,-750.532374,-0.025848,0.009735,0.999618
504,4,6,1.416974,-41.710386,30.690969,-746.183537,-0.130172,-0.302285,-0.944287
505,4,6,34.919499,-43.519328,25.900542,-746.190148,-0.937812,0.346388,-0.022882
506,4,6,0.464580,-43.676814,25.813998,-749.532884,0.024782,-0.009348,-0.999649
507,4,6,2.933790,-43.965439,25.923235,-749.395354,-0.645420,0.238969,-0.725484
508,4,6,56.900544,-44.112349,26.016387,-746.202048,-0.937285,0.347819,-0.022767
509,4,6,6.626494,-42.318248,30.113933,-746.192173,-0.494533,0.869095,-0.010561
510,4,6,1.088885,-42.008127,30.067398,-746.185987,0.124478,0.303797,0.944570
511,4,6,0.464860,-43.838837,25.814064,-742.851038,-0.017751,0.006778,0.999819
512,4,6,2.937642,-44.122088,25.918792,-743.002450,-0.675285,0.251255,0.693442
513,4,6,6.468435,-45.440245,21.698164,-746.204681,-0.935607,-0.352159,-0.024990
514,4,6,1.061369,-45.174277,21.532127,-746.195195,-0.061944,-0.330353,-0.941822
515,4,6,2.984681,-44.354469,25.882194,-726.712375,-0.654898,0.246406,-0.714418
516,4,0,0.472047,-44.067436,25.775517,-726.854802,0.009959,-0.003323,-0.999945
517,4,6,1.371020,-45.614680,20.890936,-731.221713,0.200077,0.812281,0.547877
518,4,6,9.014303,-45.937155,20.875556,-731.227856,-0.628048,0.778169,-0.003079
519,4,6,2.937756,-44.240286,25.921287,-735.688778,-0.669769,0.250824,0.698925
520,4,6,9.300932,-42.170536,30.909525,-731.194056,-0.986100,-0.165835,-0.010305
521,4,6,1.420308,-41.935941,30.688252,-731.191334,-0.142846,-0.300865,-0.942908
522,4,6,34.981931,-43.766123,25.898997,-731.195851,-0.936415,0.350736,-0.010542
523,4,6,0.465130,-43.956767,25.813954,-735.539678,-0.010611,0.004144,0.999935
524,4,6,0.465685,-43.968998,25.812484,-734.540168,0.009591,-0.003769,-0.999947
525,4,6,2.937887,-44.255046,25.922150,-734.397703,-0.655290,0.245637,-0.714323
526,4,6,56.980151,-44.353209,26.016550,-731.201889,-0.935952,0.351977,-0.010310
527,4,6,6.637942,-42.543225,30.112143,-731.196180,-0.492952,0.870046,-0.004268
528,4,6,1.091587,-42.233700,30.064329,-731.193211,0.137676,0.303015,0.942989
529,4,0,0.466103,-44.043607,25.810905,-727.854511,-0.010539,0.003515,0.999938
530,4,6,2.938620,-44.327576,25.917276,-728.003432,-0.669202,0.251367,0.699273
531,4,6,6.470887,-45.704440,21.697672,-731.204140,-0.938012,-0.346389,-0.012144
532,4,6,1.062493,-45.439431,21.530607,-731.198390,-0.075649,-0.326666,-0.942107
533,4,6,8.983354,-46.083959,20.865079,-716.191872,-0.625959,0.779835,-0.005763
534,4,6,1.367200,-45.761154,20.881164,-716.189936,0.206695,0.818461,0.536096
535,4,0,0.473280,-44.125729,25.776731,-720.541447,-0.006556,0.002750,0.999975
536,4,6,2.992336,-44.410797,25.882084,-720.689408,-0.666619,0.250793,0.701941
537,4,6,9.298269,-42.300122,30.909604,-716.198263,-0.986348,-0.164573,-0.005800
538,4,6,2.968702,-44.457845,25.897733,-711.713367,-0.659207,0.248379,-0.709756
539,4,0,0.469850,-44.171798,25.790853,-711.857812,0.003683,-0.001232,-0.999992
540,4,6,35.000245,-43.902427,25.897693,-716.199105,-0.936050,0.351823,-0.005573
541,4,6,1.419578,-42.066086,30.687651,-716.196802,-0.146687,-0.300680,-0.942377
542,4,0,0.473608,-44.133310,25.777083,-719.541645,0.006173,-0.002589,-0.999978
543,4,6,2.987885,-44.419040,25.885975,-719.398137,-0.657349,0.247074,-0.711931
544,4,6,6.635194,-42.675187,30.112331,-716.199157,-0.491759,0.870728,-0.002604
545,4,6,56.998792,-44.491072,26.016478,-716.202204,-0.935637,0.352921,-0.005502
546,4,6,2.941053,-44.444847,25.918464,-713.004505,-0.664524,0.250346,0.704085
547,4,0,0.465906,-44.160195,25.811187,-712.857633,-0.004050,0.001355,0.999991
548,4,6,1.090879,-42.365410,30.064444,-716.197460,0.141634,0.302863,0.942451
549,4,6,1.055667,-45.586679,21.515843,-716.177476,-0.221092,-0.816972,-0.532612
550,4,6,6.424443,-45.851738,21.682777,-716.179819,-0.937855,-0.347026,0.000697
551,4,6,9.035122,-46.125329,20.881587,-701.189162,-0.626412,0.779487,-0.002752
552,4,6,2.968054,-44.474031,25.900390,-705.690122,-0.662758,0.249668,0.705987
553,4,6,9.297871,-42.344684,30.910293,-701.202026,-0.986307,-0.164921,-0.000267
554,4,6,2.941536,-44.469496,25.919980,-696.714164,-0.662318,0.249614,-0.706419
555,4,0,0.465925,-44.184359,25.812643,-696.860050,-0.000956,0.000320,-0.999999
556,4,6,1.375576,-45.802614,20.896652,-701.188865,0.083856,0.335669,0.938240
557,4,0,0.470034,-44.188930,25.793272,-705.544068,-0.001461,0.000613,0.999999
558,4,6,1.419517,-42.110687,30.688133,-701.201864,-0.151628,-0.300668,-0.941598
559,4,6,35.000384,-43.947644,25.897158,-701.202040,-0.935977,0.352060,-0.000323
560,4,0,0.469151,-44.189097,25.797042,-704.544217,0.001171,-0.000491,-0.999999
561,4,6,2.962030,-44.474310,25.905073,-704.399022,-0.660928,0.248958,-0.707951
562,4,6,57.000175,-44.535325,26.016150,-701.202246,-0.935602,0.353056,-0.000259
563,4,6,6.634054,-42.719439,30.112637,-701.202074,-0.491943,0.870627,-0.000255
564,4,6,1.090787,-42.409674,30.064816,-701.201829,0.146497,0.302589,0.941795
565,4,0,0.465770,-44.185377,25.812285,-697.859926,0.000699,-0.000234,1.000000
566,4,6,2.941413,-44.470721,25.919764,-698.005299,-0.661172,0.249267,0.707614
567,4,6,6.451870,-45.894415,21.691105,-701.192228,-0.938574,-0.345069,0.002628
568,4,6,1.060191,-45.629499,21.523942,-701.191645,-0.089559,-0.332349,-0.938895
569,4,6,5936.255708,-27.009583,47.295666,-619.559044,-0.712241,0.701935,0.000024
570,4,6,9.061955,-45.991580,20.890174,-611.203080,-0.626544,0.779386,0.000209
571,4,6,2.939095,-44.340764,25.921432,-615.690378,-0.661829,0.248783,0.707170
572,4,6,9.292669,-42.223835,30.910817,-611.202194,-0.985970,-0.166923,0.000031
573,4,6,2.940338,-44.341192,25.919875,-606.714023,-0.661853,0.248777,-0.707149
574,4,0,0.465793,-44.055841,25.812719,-606.859597,-0.000013,0.000004,-1.000000
575,4,6,1.380285,-45.668771,20.905110,-611.202951,0.083483,0.331595,0.939721
576,4,0,0.465601,-44.055409,25.814273,-615.544812,0.000015,-0.000006,1.000000
577,4,6,1.419665,-41.989418,30.688970,-611.201924,-0.151844,-0.301384,-0.941335
578,4,8,34.995372,-43.821163,25.895964,-611.202237,-0.936254,0.351323,0.000015
579,4,0,0.465644,-44.055609,25.813693,-614.544812,-0.000015,0.000006,-1.000000
580,4,6,2.939344,-44.340968,25.920829,-614.399237,-0.661867,0.248791,-0.707131
581,4,8,56.978461,-44.406481,26.015384,-611.202256,-0.935922,0.352208,0.000015
582,4,6,6.631991,-42.596272,30.113008,-611.202196,-0.493359,0.869826,-0.000058
583,4,6,1.090756,-42.286521,30.065665,-611.202111,0.147050,0.304087,0.941227
584,4,0,0.465905,-44.056086,25.812092,-607.859597,0.000013,-0.000004,1.000000
585,4,6,2.940684,-44.341361,25.919474,-608.005163,-0.661852,0.248771,0.707153
586,4,6,6.471695,-45.760333,21.697440,-611.202957,-0.938993,-0.343936,-0.000214
587,4,6,1.063822,-45.495452,21.530466,-611.203149,-0.088943,-0.328342,-0.940362
588,4,6,9.061943,-45.991765,20.890173,-626.203084,-0.626551,0.779381,0.000210
589,4,6,2.939094,-44.340995,25.921436,-630.690379,-0.661830,0.248778,0.707171
590,4,6,9.292650,-42.224117,30.910820,-626.202205,-0.985968,-0.166932,0.000031
591,4,6,2.940320,-44.341430,25.919876,-621.714024,-0.661856,0.248771,-0.707149
592,4,0,0.465876,-44.056057,25.812755,-621.859599,-0.000016,0.000005,-1.000000
593,4,6,1.380278,-45.668955,20.905118,-626.202757,0.083482,0.331595,0.939721
594,4,0,0.465515,-44.055661,25.814245,-630.544814,0.000018,-0.000008,1.000000
595,4,6,1.419663,-41.989698,30.688975,-626.201305,-0.151846,-0.301385,-0.941334
596,4,8,34.995256,-43.821398,25.895966,-626.202241,-0.936258,0.351314,0.000018
597,4,0,0.465642,-44.055853,25.813702,-629.544814,-0.000018,0.000008,-1.000000
598,4,6,2.939335,-44.341214,25.920830,-629.399238,-0.661876,0.248788,-0.707125
599,4,8,56.978266,-44.406716,26.015383,-626.202256,-0.935925,0.352200,0.000018
600,4,6,6.631978,-42.596547,30.113010,-626.202197,-0.493365,0.869823,-0.000055
601,4,6,1.090753,-42.286795,30.065670,-626.202114,0.147052,0.304088,0.941226
602,4,0,0.465893,-44.056292,25.812139,-622.859599,0.000016,-0.000005,1.000000
603,4,6,2.940633,-44.341574,25.919505,-623.005164,-0.661855,0.248767,0.707151
604,4,6,6.471723,-45.760523,21.697452,-626.202940,-0.938990,-0.343945,-0.000212
605,4,6,1.063827,-45.495638,21.530489,-626.203121,-0.088943,-0.328349,-0.940360
606,4,6,9.061938,-45.991974,20.890174,-641.203088,-0.626554,0.779378,0.000212
607,4,6,2.939098,-44.341225,25.921439,-645.690381,-0.661829,0.248776,0.707173
608,4,6,9.292642,-42.224367,30.910822,-641.202217,-0.985968,-0.166935,0.000032
609,4,6,2.940308,-44.341663,25.919876,-636.714025,-0.661859,0.248768,-0.707147
610,4,0,0.465967,-44.056267,25.812792,-636.859601,-0.000019,0.000006,-1.000000
611,4,6,1.380279,-45.669165,20.905118,-641.202548,0.083482,0.331595,0.939721
612,4,0,0.465422,-44.055914,25.814213,-645.544816,0.000023,-0.000009,1.000000
613,4,6,1.419658,-41.989949,30.688974,-641.200638,-0.151850,-0.301385,-0.941334
614,4,8,34.995206,-43.821628,25.895968,-641.202244,-0.936259,0.351311,0.000022
615,4,0,0.465642,-44.056097,25.813708,-644.544816,-0.000023,0.000009,-1.000000
616,4,6,2.939331,-44.341460,25.920830,-644.399239,-0.661884,0.248788,-0.707117
617,4,8,56.978187,-44.406948,26.015383,-641.202257,-0.935926,0.352197,0.000022
618,4,6,6.631972,-42.596794,30.113011,-641.202198,-0.493367,0.869821,-0.000051
619,4,6,1.090750,-42.287042,30.065671,-641.202118,0.147057,0.304088,0.941225
620,4,0,0.465880,-44.056488,25.812195,-637.859601,0.000019,-0.000006,1.000000
621,4,6,2.940192,-44.341673,25.919833,-638.005164,-0.661857,0.248769,0.707149
622,4,6,6.472140,-45.760695,21.697584,-641.202733,-0.938988,-0.343950,-0.000209
623,4,6,1.063871,-45.495824,21.530576,-641.202988,-0.088963,-0.328422,-0.940332
624,4,6,9.061937,-45.992201,20.890174,-656.203090,-0.626556,0.779376,0.000213
625,4,6,2.939103,-44.341457,25.921440,-660.690382,-0.661828,0.248776,0.707173
626,4,6,9.292643,-42.224595,30.910821,-656.202224,-0.985968,-0.166933,0.000033
627,4,6,2.940304,-44.341896,25.919875,-651.714026,-0.661860,0.248767,-0.707147
628,4,0,0.466014,-44.056487,25.812811,-651.859602,-0.000021,0.000007,-1.000000
629,4,6,1.380282,-45.669393,20.905115,-656.202438,0.083483,0.331594,0.939721
630,4,0,0.465374,-44.056157,25.814195,-660.544817,0.000025,-0.000010,1.000000
631,4,6,1.419654,-41.990179,30.688970,-656.200287,-0.151854,-0.301384,-0.941333
632,4,8,34.995203,-43.821857,25.895970,-656.202246,-0.936259,0.351311,0.000025
633,4,0,0.465643,-44.056337,25.813711,-659.544817,-0.000025,0.000010,-1.000000
634,4,6,2.939332,-44.341700,25.920829,-659.399239,-0.661888,0.248790,-0.707112
635,4,8,56.978190,-44.407179,26.015384,-656.202257,-0.935926,0.352196,0.000025
636,4,6,6.631974,-42.597023,30.113011,-656.202199,-0.493366,0.869822,-0.000049
637,4,6,1.090749,-42.287272,30.065671,-656.202120,0.147060,0.304087,0.941225
638,4,0,0.465872,-44.056700,25.812230,-652.859602,0.000021,-0.000007,1.000000
639,4,6,2.940191,-44.341897,25.919834,-653.005165,-0.661858,0.248770,0.707148
640,4,6,6.472139,-45.760924,21.697584,-656.202734,-0.938987,-0.343952,-0.000208
641,4,6,1.063877,-45.496050,21.530587,-656.202972,-0.088963,-0.328421,-0.940332
642,4,6,9.061995,-45.991201,20.890175,-581.203078,-0.626524,0.779402,0.000210
643,4,6,2.939120,-44.340253,25.921430,-585.690378,-0.661821,0.248799,0.707172
644,4,6,9.292727,-42.223157,30.910808,-581.202194,-0.985975,-0.166895,0.000035
645,4,6,2.940372,-44.340649,25.919873,-576.714023,-0.661848,0.248796,-0.707147
646,4,0,0.465770,-44.055308,25.812698,-576.859598,-0.000015,0.000005,-1.000000
647,4,6,1.380299,-45.668394,20.905095,-581.203015,0.083493,0.331592,0.939721
648,4,0,0.465632,-44.054894,25.814275,-585.544813,0.000017,-0.000007,1.000000
649,4,6,1.419672,-41.988747,30.688953,-581.202129,-0.151853,-0.301377,-0.941336
650,4,8,34.995726,-43.820631,25.895959,-581.202237,-0.936245,0.351347,0.000017
651,4,0,0.465650,-44.055093,25.813681,-584.544813,-0.000017,0.000007,-1.000000
652,4,6,2.939371,-44.340450,25.920822,-584.399238,-0.661865,0.248810,-0.707127
653,4,8,56.979063,-44.405950,26.015388,-581.202255,-0.935912,0.352233,0.000017
654,4,6,6.632033,-42.595618,30.113002,-581.202197,-0.493339,0.869837,-0.000057
655,4,6,1.090763,-42.285869,30.065650,-581.202114,0.147059,0.304079,0.941228
656,4,0,0.465905,-44.055544,25.812112,-577.859598,0.000015,-0.000005,1.000000
657,4,6,2.940689,-44.340819,25.919495,-578.005164,-0.661846,0.248789,0.707152
658,4,6,6.471748,-45.759929,21.697446,-581.202945,-0.939003,-0.343909,-0.000212
659,4,6,1.063838,-45.495051,21.530469,-581.203131,-0.088954,-0.328343,-0.940361
660,4,6,9.061974,-45.991399,20.890174,-596.203078,-0.626534,0.779394,0.000209
661,4,6,2.939105,-44.340522,25.921430,-600.690378,-0.661826,0.248790,0.707170
662,4,6,9.292697,-42.223516,30.910813,-596.202191,-0.985972,-0.166910,0.000032
663,4,6,2.940356,-44.340936,25.919875,-591.714022,-0.661851,0.248786,-0.707149
664,4,0,0.465760,-44.055595,25.812701,-591.859597,-0.000013,0.000004,-1.000000
665,4,6,1.380294,-45.668592,20.905100,-596.203032,0.083487,0.331594,0.939721
666,4,0,0.465638,-44.055159,25.814282,-600.544812,0.000015,-0.000006,1.000000
667,4,6,1.419669,-41.989101,30.688963,-596.202181,-0.151847,-0.301381,-0.941335
668,4,8,34.995536,-43.820911,25.895962,-596.202236,-0.936250,0.351334,0.000015
669,4,0,0.465647,-44.055361,25.813686,-599.544812,-0.000015,0.000006,-1.000000
670,4,6,2.939356,-44.340718,25.920826,-599.399237,-0.661864,0.248799,-0.707132
671,4,8,56.978741,-44.406230,26.015386,-596.202255,-0.935917,0.352219,0.000015
672,4,6,6.632011,-42.595964,30.113005,-596.202196,-0.493349,0.869831,-0.000059
673,4,6,1.090760,-42.286214,30.065658,-596.202111,0.147053,0.304084,0.941227
674,4,0,0.465909,-44.055840,25.812086,-592.859597,0.000013,-0.000004,1.000000
675,4,6,2.940700,-44.341113,25.919473,-593.005163,-0.661849,0.248779,0.707153
676,4,6,6.471706,-45.760142,21.697438,-596.202958,-0.938998,-0.343923,-0.000214
677,4,6,1.063828,-45.495264,21.530460,-596.203150,-0.088946,-0.328340,-0.940362
678,4,0,6882.118534,-0.000000,11.520739,-574.000000,0.000000,0.000000,1.000000
679,4,1,92.057391,47.539188,14.586170,-619.466007,0.987811,0.155660,0.000017
680,4,6,5935.685425,27.009405,47.295884,-619.559075,0.712241,0.701935,0.000024
681,4,6,9.292731,42.223159,30.910805,-581.202220,0.985975,-0.166894,0.000012
682,4,6,2.940345,44.340828,25.919869,-585.690378,0.661829,0.248783,0.707170
683,4,6,9.057346,45.991640,20.888722,-581.203616,0.626420,0.779486,0.000263
684,4,6,2.943779,44.341339,25.917945,-576.714023,0.661858,0.248774,-0.707146
685,4,0,0.466331,44.056014,25.810727,-576.859599,0.000017,0.000007,-1.000000
686,4,6,1.419674,41.988748,30.688950,-581.202720,0.151821,-0.301407,0.941331
687,4,0,0.465829,44.055464,25.812726,-585.544813,-0.000015,-0.000005,1.000000
688,4,6,1.379555,45.668839,20.903622,-581.203860,-0.083663,0.332412,-0.939416
689,4,8,34.995189,43.820630,25.895961,-581.202276,0.936245,0.351347,0.000017
690,4,0,0.466290,44.056060,25.810669,-577.859599,-0.000017,-0.000007,1.000000
691,4,6,2.943224,44.341349,25.918001,-578.005158,0.661853,0.248770,0.707152
692,4,8,56.978577,44.405956,26.015372,-581.202227,0.935913,0.352232,0.000017
693,4,6,6.466773,45.760405,21.695911,-581.202847,0.938935,-0.344094,-0.000340
694,4,6,2.940984,44.341037,25.919217,-584.399237,0.661870,0.248791,-0.707129
695,4,6,6.632038,42.595619,30.113000,-581.202215,0.493339,0.869837,0.000079
696,4,6,1.090764,42.285869,30.065649,-581.202311,-0.147031,0.304115,-0.941220
697,4,0,0.466008,44.055856,25.811584,-584.544813,0.000015,0.000005,-1.000000
698,4,6,1.063130,45.495491,21.529053,-581.203045,0.089150,-0.329199,0.940043
699,4,6,9.292700,42.223517,30.910810,-596.202219,0.985972,-0.166910,0.000010
700,4,6,2.940330,44.341096,25.919871,-600.690378,0.661833,0.248774,0.707169
701,4,6,9.057394,45.991831,20.888742,-596.203582,0.626430,0.779477,0.000263
702,4,6,2.943696,44.341609,25.917999,-591.714021,0.661859,0.248766,-0.707148
703,4,0,0.466288,44.056247,25.810880,-591.859598,0.000015,0.000006,-1.000000
704,4,6,1.419671,41.989102,30.688960,-596.202773,0.151820,-0.301408,0.941331
705,4,0,0.465834,44.055729,25.812733,-600.544812,-0.000013,-0.000004,1.000000
706,4,6,1.379582,45.669018,20.903691,-596.203777,-0.083652,0.332378,-0.939429
707,4,8,34.994998,43.820910,25.895964,-596.202275,0.936250,0.351334,0.000015
708,4,0,0.466259,44.056296,25.810810,-592.859598,-0.000015,-0.000006,1.000000
709,4,6,2.943039,44.341590,25.918125,-593.005158,0.661855,0.248762,0.707153
710,4,8,56.978250,44.406236,26.015370,-596.202227,0.935918,0.352219,0.000015
711,4,6,6.466958,45.760596,21.695975,-596.202780,0.938933,-0.344100,-0.000317
712,4,6,2.940951,44.341301,25.919234,-599.399237,0.661869,0.248780,-0.707133
713,4,6,6.632015,42.595964,30.113004,-596.202213,0.493349,0.869831,0.000077
714,4,6,1.090761,42.286214,30.065657,-596.202308,-0.147029,0.304115,-0.941221
715,4,0,0.466001,44.056114,25.811613,-599.544812,0.000013,0.000004,-1.000000
716,4,6,1.063160,45.495679,21.529122,-596.202967,0.089138,-0.329164,0.940056
717,4,6,9.292672,42.223836,30.910814,-611.202223,0.985970,-0.166923,0.000008
718,4,6,2.940320,44.341338,25.919872,-615.690378,0.661836,0.248767,0.707169
719,4,6,9.057484,45.992002,20.888776,-611.203529,0.626444,0.779467,0.000245
720,4,6,2.943570,44.341835,25.918080,-606.714023,0.661862,0.248756,-0.707148
721,4,0,0.466324,44.056498,25.810884,-606.859598,0.000015,0.000006,-1.000000
722,4,6,1.419667,41.989419,30.688967,-611.202517,0.151815,-0.301410,0.941331
723,4,0,0.465797,44.055979,25.812724,-615.544812,-0.000013,-0.000004,1.000000
724,4,6,1.379570,45.669199,20.903694,-611.203706,-0.083648,0.332383,-0.939428
725,4,8,34.994833,43.821161,25.895966,-611.202276,0.936254,0.351323,0.000015
726,4,0,0.466258,44.056548,25.810801,-607.859598,-0.000015,-0.000006,1.000000
727,4,6,2.943040,44.341843,25.918113,-608.005158,0.661858,0.248754,0.707153
728,4,8,56.977971,44.406487,26.015369,-611.202227,0.935922,0.352208,0.000015
729,4,6,6.466926,45.760789,21.695970,-611.202786,0.938928,-0.344114,-0.000319
730,4,6,2.940940,44.341550,25.919236,-614.399237,0.661873,0.248772,-0.707133
731,4,6,6.631995,42.596272,30.113006,-611.202213,0.493359,0.869826,0.000078
732,4,6,1.090757,42.286521,30.065664,-611.202308,-0.147025,0.304116,-0.941221
733,4,0,0.465998,44.056363,25.811618,-614.544812,0.000013,0.000004,-1.000000
734,4,6,1.063150,45.495870,21.529121,-611.202974,0.089134,-0.329169,0.940055
735,4,6,9.292655,42.224118,30.910817,-626.202236,0.985969,-0.166931,0.000009
736,4,6,2.940318,44.341570,25.919874,-630.690379,0.661837,0.248762,0.707170
737,4,6,9.057196,45.992213,20.888690,-626.203667,0.626444,0.779466,0.000273
738,4,6,2.943824,44.342147,25.917874,-621.714024,0.661866,0.248748,-0.707148
739,4,0,0.466454,44.056790,25.810709,-621.859599,0.000018,0.000008,-1.000000
740,4,6,1.419664,41.989699,30.688972,-626.201898,0.151809,-0.301412,0.941332
741,4,0,0.465712,44.056232,25.812695,-630.544813,-0.000016,-0.000005,1.000000
742,4,6,1.379517,45.669410,20.903614,-626.203653,-0.083654,0.332432,-0.939410
743,4,8,34.994721,43.821397,25.895968,-626.202279,0.936258,0.351314,0.000018
744,4,0,0.466296,44.056840,25.810611,-622.859599,-0.000018,-0.000008,1.000000
745,4,6,2.943266,44.342130,25.917937,-623.005159,0.661862,0.248747,0.707152
746,4,8,56.977783,44.406722,26.015368,-626.202227,0.935925,0.352200,0.000018
747,4,6,6.466634,45.761010,21.695882,-626.202882,0.938920,-0.344135,-0.000352
748,4,6,2.940957,44.341803,25.919218,-629.399237,0.661881,0.248769,-0.707126
749,4,6,6.631983,42.596547,30.113008,-626.202214,0.493365,0.869823,0.000081
750,4,6,1.090754,42.286796,30.065668,-626.202310,-0.147018,0.304117,-0.941222
751,4,0,0.466002,44.056619,25.811593,-629.544813,0.000016,0.000005,-1.000000
752,4,6,1.063099,45.496090,21.529033,-626.203085,0.089143,-0.329222,0.940035
753,4,6,9.292649,42.224368,30.910818,-641.202249,0.985968,-0.166934,0.000010
754,4,6,2.940322,44.341801,25.919875,-645.690380,0.661836,0.248760,0.707171
755,4,6,9.056873,45.992452,20.888590,-641.203828,0.626441,0.779469,0.000306
756,4,6,2.944127,44.342466,25.917636,-636.714026,0.661869,0.248742,-0.707147
757,4,0,0.466597,44.057088,25.810500,-636.859601,0.000023,0.000009,-1.000000
758,4,6,1.419660,41.989950,30.688970,-641.201231,0.151803,-0.301413,0.941332
759,4,0,0.465621,44.056485,25.812661,-645.544815,-0.000019,-0.000006,1.000000
760,4,6,1.379467,45.669650,20.903511,-641.203607,-0.083663,0.332489,-0.939389
761,4,8,34.994675,43.821627,25.895970,-641.202283,0.936259,0.351311,0.000022
762,4,0,0.466341,44.057138,25.810388,-637.859601,-0.000023,-0.000009,1.000000
763,4,6,2.943536,44.342421,25.917733,-638.005159,0.661866,0.248743,0.707150
764,4,8,56.977710,44.406954,26.015368,-641.202228,0.935926,0.352196,0.000022
765,4,6,6.466300,45.761255,21.695779,-641.202991,0.938914,-0.344152,-0.000390
766,4,6,2.940983,44.342057,25.919196,-644.399238,0.661889,0.248768,-0.707119
767,4,6,6.631979,42.596795,30.113009,-641.202216,0.493367,0.869821,0.000086
768,4,6,1.090751,42.287043,30.065669,-641.202315,-0.147012,0.304118,-0.941222
769,4,0,0.466010,44.056878,25.811558,-644.544815,0.000019,0.000006,-1.000000
770,4,6,1.063045,45.496335,21.528929,-641.203212,0.089154,-0.329284,0.940013
771,4,6,9.292651,42.224596,30.910817,-656.202256,0.985968,-0.166933,0.000010
772,4,6,2.940326,44.342033,25.919876,-660.690381,0.661836,0.248760,0.707172
773,4,6,9.056712,45.992695,20.888541,-656.203908,0.626439,0.779470,0.000322
774,4,6,2.944281,44.342742,25.917515,-651.714026,0.661871,0.248741,-0.707146
775,4,0,0.466672,44.057353,25.810396,-651.859602,0.000025,0.000010,-1.000000
776,4,6,1.419656,41.990181,30.688966,-656.200881,0.151800,-0.301413,0.941332
777,4,0,0.465573,44.056729,25.812643,-660.544816,-0.000021,-0.000007,1.000000
778,4,6,1.379443,45.669894,20.903457,-656.203579,-0.083668,0.332518,-0.939378
779,4,8,34.994673,43.821856,25.895973,-656.202284,0.936259,0.351311,0.000025
780,4,0,0.466364,44.057403,25.810275,-652.859602,-0.000025,-0.000010,1.000000
781,4,6,2.943673,44.342683,25.917631,-653.005159,0.661867,0.248742,0.707149
782,4,8,56.977717,44.407185,26.015369,-656.202228,0.935926,0.352196,0.000025
783,4,6,6.466134,45.761500,21.695728,-656.203046,0.938911,-0.344161,-0.000409
784,4,6,2.940999,44.342301,25.919185,-659.399238,0.661893,0.248769,-0.707115
785,4,6,6.631981,42.597024,30.113009,-656.202216,0.493366,0.869822,0.000088
786,4,6,1.090750,42.287273,30.065668,-656.202316,-0.147010,0.304119,-0.941223
787,4,0,0.466014,44.057125,25.811539,-659.544816,0.000021,0.000007,-1.000000
788,4,6,1.063019,45.496580,21.528876,-656.203275,0.089159,-0.329314,0.940002
789,4,6,241.876104,47.386535,11.812108,-725.025300,0.996918,0.073713,-0.026864
790,4,6,90.916513,48.107045,8.791455,-619.475607,0.999327,0.036669,0.000004
791,4,1,438.283616,47.891596,11.692397,-619.466232,0.995206,0.097799,0.000016
792,4,6,548.794085,47.557835,11.718268,-721.915883,0.996510,0.080685,-0.021387
793,4,6,94.281823,48.132889,7.772894,-620.349670,0.999910,0.013428,0.000003
794,4,6,117.197272,48.133440,6.611209,-618.755226,0.999932,-0.011636,0.000002
795,4,6,139.472718,47.611799,6.849781,-724.237653,0.998762,-0.043720,-0.023718
796,4,6,12978.837116,-0.000008,-21.910200,-619.465288,0.511089,-0.859528,-0.000074
797,4,6,117.195101,-48.133440,6.611221,-618.755505,-0.999932,-0.011636,0.000002
798,4,6,139.472001,-47.611797,6.849775,-724.237635,-0.998762,-0.043720,-0.023718
799,4,6,94.283897,-48.132888,7.772905,-620.349296,-0.999910,0.013429,0.000003
800,4,6,90.914440,-48.107044,8.791466,-619.475975,-0.999327,0.036669,0.000004
801,4,6,241.879352,-47.386530,11.812100,-725.025931,-0.996918,0.073713,-0.026864
802,4,1,92.057428,-47.539189,14.586170,-619.466038,-0.987811,0.155659,0.000017
803,4,1,438.283086,-47.891596,11.692397,-619.466421,-0.995206,0.097799,0.000016
804,4,6,548.792050,-47.557834,11.718274,-721.916038,-0.996510,0.080685,-0.021387
805,4,0,260.000000,10.000000,15.000000,-569.000000,1.000000,0.000000,0.000000
806,4,1,31.415927,9.273240,29.273240,-569.000000,0.707107,0.707107,0.000000
807,4,0,596.566371,-0.000000,15.000000,-564.000000,0.000000,0.000000,1.000000
808,4,1,31.415927,-9.273240,29.273240,-569.000000,-0.707107,0.707107,0.000000
809,4,0,160.000000,-0.000000,30.000000,-569.000000,0.000000,1.000000,0.000000
810,4,0,260.000000,-10.000000,15.000000,-569.000000,-1.000000,0.000000,0.000000
811,4,1,31.415927,-9.273240,0.726760,-569.000000,-0.707107,-0.707107,0.000000
812,4,0,160.000000,0.000000,0.000000,-569.000000,0.000000,-1.000000,0.000000
813,4,1,31.415927,9.273240,0.726760,-569.000000,0.707107,-0.707107,0.000000
814,4,1,273.004402,-0.000000,46.500000,-734.970704,0.535439,0.000000,-0.844574
815,4,1,273.004402,0.000000,46.500000,-745.029296,-0.535439,0.000000,0.844574
816,4,0,196.066798,0.000000,41.000000,-740.000000,0.000000,1.000000,0.000000
817,4,0,196.066798,0.000000,41.000000,-808.840000,0.000000,1.000000,0.000000
818,4,1,273.004402,-0.000000,46.500000,-803.810704,0.535439,0.000000,-0.844574
819,4,1,273.004402,0.000000,46.500000,-813.869296,-0.535439,0.000000,0.844574
820,4,1,273.004402,14.000000,27.029296,-864.500000,0.535439,-0.844574,0.000000
821,4,1,273.004402,14.000000,16.970704,-864.500000,-0.535439,0.844574,0.000000
822,4,0,196.066798,14.000000,22.000000,-859.000000,0.000000,0.000000,-1.000000
823,4,0,196.066798,-14.000000,22.000000,-859.000000,0.000000,0.000000,-1.000000
824,4,1,273.004402,-14.000000,27.029296,-864.500000,0.535439,-0.844574,0.000000
825,4,1,273.004402,-14.000000,16.970704,-864.500000,-0.535439,0.844574,0.000000
826,5,6,7316.742811,-25.549816,48.297033,-273.275178,-0.628980,0.777422,-0.000126
827,5,8,154.116694,-34.387508,43.420049,-232.894626,-0.782359,0.622827,-0.000081
828,5,8,249.534731,-34.377317,43.552113,-261.134074,-0.789801,0.613364,-0.000107
829,5,1,29.336533,-32.679313,46.036655,-259.854310,-0.765208,0.643783,-0.000112
830,5,8,154.134516,-34.381430,43.420262,-279.073282,-0.782262,0.622949,-0.000116
831,5,8,208.643135,-35.223176,42.476820,-297.249002,-0.799981,0.600025,-0.000111
832,5,1,15.140103,-35.139047,42.932982,-297.181544,-0.800306,0.599591,-0.000112
833,5,6,9.054962,-45.996648,20.888089,-234.905744,-0.626599,0.779342,-0.000473
834,5,6,2.945450,-44.348191,25.916485,-239.396308,-0.661955,0.248579,0.707124
835,5,6,9.292119,-42.231258,30.910903,-234.908083,-0.985923,-0.167201,-0.000051
836,5,6,2.940017,-44.347419,25.919896,-230.419953,-0.661885,0.248582,-0.707189
837,5,0,0.465748,-44.062024,25.812831,-230.565510,0.000040,-0.000013,-1.000000
838,5,6,1.379184,-45.673862,20.903047,-234.905516,0.083625,0.332793,0.939285
839,5,0,0.466633,-44.062850,25.809314,-239.250723,-0.000048,0.000020,1.000000
840,5,6,1.419618,-41.996764,30.689155,-234.907778,-0.151712,-0.301484,-0.941324
841,5,8,34.991801,-43.827121,25.896017,-234.908157,-0.936348,0.351073,-0.000047
842,5,0,0.466533,-44.062869,25.809416,-238.250723,0.000048,-0.000020,-1.000000
843,5,6,2.944623,-44.348148,25.916788,-238.105175,-0.661942,0.248572,-0.707138
844,5,8,56.972282,-44.412448,26.015360,-234.908197,-0.936015,0.351961,-0.000047
845,5,6,6.631583,-42.603459,30.113066,-234.908110,-0.493555,0.869715,-0.000099
846,5,6,1.090721,-42.293694,30.065802,-234.908001,0.146922,0.304189,0.941214
847,5,0,0.465868,-44.062229,25.812135,-231.565510,-0.000040,0.000013,1.000000
848,5,6,2.940738,-44.347630,25.919148,-231.711094,-0.661996,0.248616,0.707073
849,5,6,6.465749,-45.765583,21.695603,-234.906348,-0.938752,-0.344593,0.000377
850,5,6,1.062849,-45.500659,21.528684,-234.906163,-0.088802,-0.328334,-0.940378
851,5,6,9.055600,-45.997031,20.888298,-221.406078,-0.626635,0.779313,-0.000401
852,5,6,2.944750,-44.348661,25.916992,-225.896310,-0.661953,0.248562,0.707132
853,5,6,9.292061,-42.232009,30.910913,-221.408088,-0.985918,-0.167229,-0.000036
854,5,6,2.939996,-44.347962,25.919900,-216.919954,-0.661898,0.248569,-0.707181
855,5,0,0.465741,-44.062567,25.812839,-217.065515,0.000031,-0.000010,-1.000000
856,5,6,1.379294,-45.674247,20.903264,-221.405861,0.083594,0.332676,0.939329
857,5,0,0.466515,-44.063310,25.809843,-225.750728,-0.000036,0.000015,1.000000
858,5,6,1.419621,-41.997503,30.689183,-221.407788,-0.151716,-0.301479,-0.941325
859,5,8,34.991441,-43.827723,25.896022,-221.408161,-0.936357,0.351048,-0.000036
860,5,0,0.466435,-44.063340,25.809885,-224.750728,0.000036,-0.000015,-1.000000
861,5,6,2.944013,-44.348636,25.917205,-224.605176,-0.661942,0.248556,-0.707144
862,5,8,56.971673,-44.413051,26.015356,-221.408197,-0.936024,0.351936,-0.000036
863,5,6,6.631538,-42.604186,30.113073,-221.408115,-0.493575,0.869703,-0.000092
864,5,6,1.090723,-42.294420,30.065817,-221.408011,0.146924,0.304182,0.941216
865,5,0,0.465869,-44.062783,25.812147,-218.065515,-0.000031,0.000010,1.000000
866,5,6,2.940710,-44.348184,25.919167,-218.211096,-0.661982,0.248592,0.707094
867,5,6,6.466294,-45.765999,21.695784,-221.406633,-0.938752,-0.344594,0.000301
868,5,6,1.062948,-45.501066,21.528885,-221.406472,-0.088766,-0.328200,-0.940428
869,5,6,9.054960,-45.992097,20.887985,-329.405549,-0.626379,0.779519,-0.000512
870,5,6,2.946105,-44.342133,25.916180,-333.896305,-0.661890,0.248758,0.707121
871,5,6,9.292701,-42.223565,30.910810,-329.408093,-0.985972,-0.166910,-0.000059
872,5,6,2.940304,-44.341322,25.919867,-324.919953,-0.661811,0.248760,-0.707195
873,5,0,0.465806,-44.055955,25.812726,-325.065507,0.000046,-0.000015,-1.000000
874,5,6,1.379146,-45.669296,20.902898,-329.405334,0.083733,0.332831,0.939262
875,5,0,0.466759,-44.056823,25.808925,-333.750720,-0.000054,0.000023,1.000000
876,5,6,1.419628,-41.989175,30.688911,-329.407805,-0.151782,-0.301441,-0.941327
877,5,8,34.995510,-43.820955,25.895966,-329.408152,-0.936251,0.351333,-0.000054
878,5,0,0.466611,-44.056832,25.809062,-332.750720,0.000054,-0.000023,-1.000000
879,5,6,2.945243,-44.342069,25.916540,-332.605174,-0.661878,0.248751,-0.707135
880,5,8,56.978895,-44.406277,26.015372,-329.408202,-0.935918,0.352218,-0.000054
881,5,6,6.632021,-42.596012,30.113003,-329.408105,-0.493351,0.869831,-0.000103
882,5,6,1.090730,-42.286263,30.065656,-329.407994,0.146996,0.304152,0.941214
883,5,0,0.466054,-44.056420,25.811268,-326.065507,-0.000046,0.000015,1.000000
884,5,6,2.941188,-44.341562,25.918998,-326.211093,-0.661940,0.248799,0.707061
885,5,6,6.464305,-45.760890,21.695146,-329.406706,-0.938894,-0.344205,0.000608
886,5,6,1.062707,-45.495980,21.528273,-329.406381,-0.089234,-0.329645,-0.939879
887,5,6,9.054555,-45.992747,20.887872,-315.905375,-0.626399,0.779502,-0.000551
888,5,6,2.946421,-44.343019,25.915917,-320.396304,-0.661905,0.248734,0.707116
889,5,6,9.292625,-42.224597,30.910822,-315.908087,-0.985966,-0.166948,-0.000068
890,5,6,2.940261,-44.342178,25.919870,-311.419951,-0.661817,0.248733,-0.707199
891,5,0,0.465798,-44.056805,25.812742,-311.565504,0.000052,-0.000017,-1.000000
892,5,6,1.379081,-45.669949,20.902788,-315.905150,0.083731,0.332898,0.939238
893,5,0,0.466808,-44.057710,25.808664,-320.250716,-0.000061,0.000026,1.000000
894,5,6,1.419623,-41.990193,30.688944,-315.907791,-0.151765,-0.301453,-0.941325
895,5,8,34.994996,-43.821782,25.895974,-315.908152,-0.936264,0.351298,-0.000060
896,5,0,0.466657,-44.057715,25.808832,-319.250716,0.000061,-0.000026,-1.000000
897,5,6,2.945512,-44.342948,25.916322,-319.105173,-0.661891,0.248726,-0.707132
898,5,8,56.977694,-44.407097,26.015395,-315.908198,-0.935931,0.352184,-0.000061
899,5,6,6.631964,-42.597011,30.113011,-315.908102,-0.493378,0.869815,-0.000108
900,5,6,1.090725,-42.287260,30.065675,-315.907988,0.146979,0.304165,0.941213
901,5,0,0.465886,-44.056994,25.812038,-312.565504,-0.000052,0.000017,1.000000
902,5,6,2.940997,-44.342371,25.919104,-312.711092,-0.661961,0.248779,0.707048
903,5,6,6.465395,-45.761461,21.695400,-315.906043,-0.938833,-0.344371,0.000457
904,5,6,1.062750,-45.496585,21.528400,-315.905831,-0.088911,-0.328452,-0.940327
905,5,6,9.054288,-45.993442,20.887804,-302.405272,-0.626425,0.779481,-0.000573
906,5,6,2.946591,-44.343959,25.915762,-306.896304,-0.661919,0.248707,0.707113
907,5,6,9.292540,-42.225730,30.910835,-302.408083,-0.985958,-0.166991,-0.000074
908,5,6,2.940215,-44.343101,25.919874,-297.919951,-0.661824,0.248705,-0.707202
909,5,0,0.465790,-44.057723,25.812758,-298.065502,0.000055,-0.000018,-1.000000
910,5,6,1.379044,-45.670647,20.902725,-302.405040,0.083722,0.332940,0.939224
911,5,0,0.466834,-44.058648,25.808516,-306.750714,-0.000065,0.000027,1.000000
912,5,6,1.419622,-41.991310,30.688979,-302.407780,-0.151750,-0.301464,-0.941324
913,5,8,34.994452,-43.822690,25.895982,-302.408150,-0.936278,0.351260,-0.000065
914,5,0,0.466683,-44.058650,25.808704,-305.750714,0.000065,-0.000027,-1.000000
915,5,6,2.945650,-44.343884,25.916197,-305.605173,-0.661903,0.248699,-0.707130
916,5,8,56.976773,-44.408007,26.015389,-302.408198,-0.935945,0.352146,-0.000065
917,5,6,6.631900,-42.598107,30.113020,-302.408101,-0.493408,0.869798,-0.000110
918,5,6,1.090725,-42.288354,30.065697,-302.407985,0.146964,0.304175,0.941211
919,5,0,0.465882,-44.057908,25.812053,-299.065502,-0.000055,0.000018,1.000000
920,5,6,2.940952,-44.343292,25.919102,-299.211092,-0.661979,0.248755,0.707040
921,5,6,6.465170,-45.762190,21.695345,-302.405953,-0.938815,-0.344422,0.000481
922,5,6,1.062719,-45.497307,21.528353,-302.405734,-0.088906,-0.328500,-0.940310
923,5,6,9.054151,-45.994157,20.887778,-288.905234,-0.626456,0.779456,-0.000582
924,5,6,2.946627,-44.344917,25.915706,-293.396303,-0.661931,0.248679,0.707111
925,5,6,9.292451,-42.226916,30.910849,-288.908079,-0.985951,-0.167036,-0.000076
926,5,6,2.940169,-44.344054,25.919878,-284.419950,-0.661834,0.248677,-0.707202
927,5,0,0.465782,-44.058671,25.812774,-284.565501,0.000057,-0.000019,-1.000000
928,5,6,1.379028,-45.671364,20.902704,-288.904997,0.083710,0.332958,0.939219
929,5,0,0.466838,-44.059603,25.808470,-293.250713,-0.000067,0.000028,1.000000
930,5,6,1.419620,-41.992481,30.689015,-288.907773,-0.151737,-0.301473,-0.941324
931,5,8,34.993883,-43.823641,25.895990,-288.908150,-0.936293,0.351220,-0.000066
932,5,0,0.466691,-44.059605,25.808666,-292.250713,0.000067,-0.000028,-1.000000
933,5,6,2.945672,-44.344842,25.916152,-292.105172,-0.661914,0.248671,-0.707130
934,5,8,56.975809,-44.408959,26.015383,-288.908198,-0.935960,0.352106,-0.000066
935,5,6,6.631833,-42.599255,30.113030,-288.908100,-0.493439,0.869780,-0.000112
936,5,6,1.090723,-42.289500,30.065719,-288.907984,0.146951,0.304183,0.941211
937,5,0,0.465877,-44.058855,25.812070,-285.565501,-0.000057,0.000019,1.000000
938,5,6,2.940906,-44.344244,25.919104,-285.711091,-0.661992,0.248728,0.707037
939,5,6,6.465054,-45.762942,21.695326,-288.905920,-0.938797,-0.344470,0.000489
940,5,6,1.062705,-45.498051,21.528344,-288.905697,-0.088894,-0.328522,-0.940304
941,5,6,9.054141,-45.994863,20.887791,-275.405259,-0.626490,0.779429,-0.000577
942,5,6,2.946535,-44.345859,25.915746,-279.896304,-0.661941,0.248652,0.707111
943,5,6,9.292360,-42.228108,30.910864,-275.408078,-0.985943,-0.167081,-0.000075
944,5,6,2.940125,-44.345000,25.919883,-270.919950,-0.661846,0.248650,-0.707201
945,5,0,0.465773,-44.059612,25.812791,-271.065502,0.000056,-0.000019,-1.000000
946,5,6,1.379032,-45.672073,20.902725,-275.405020,0.083693,0.332954,0.939221
947,5,0,0.466820,-44.060540,25.808522,-279.750714,-0.000066,0.000028,1.000000
948,5,6,1.419619,-41.993658,30.689052,-275.407769,-0.151726,-0.301480,-0.941323
949,5,8,34.993311,-43.824597,25.895997,-275.408150,-0.936308,0.351180,-0.000065
950,5,0,0.466680,-44.060543,25.808715,-278.750714,0.000066,-0.000028,-1.000000
951,5,6,2.945584,-44.345786,25.916184,-278.605172,-0.661924,0.248643,-0.707130
952,5,8,56.974839,-44.409918,26.015377,-275.408198,-0.935975,0.352066,-0.000065
953,5,6,6.631765,-42.600410,30.113039,-275.408101,-0.493471,0.869762,-0.000111
954,5,6,1.090722,-42.290652,30.065742,-275.407985,0.146939,0.304189,0.941211
955,5,0,0.465874,-44.059797,25.812087,-272.065502,-0.000056,0.000019,1.000000
956,5,6,2.940859,-44.345191,25.919110,-272.211091,-0.662001,0.248700,0.707039
957,5,6,6.465047,-45.763687,21.695340,-275.405940,-0.938781,-0.344513,0.000484
958,5,6,1.062710,-45.498788,21.528372,-275.405719,-0.088878,-0.328518,-0.940307
959,5,6,9.054264,-45.995533,20.887844,-261.905349,-0.626526,0.779400,-0.000558
960,5,6,2.946315,-44.346745,25.915883,-266.396305,-0.661949,0.248625,0.707114
961,5,6,9.292273,-42.229261,30.910878,-261.908078,-0.985936,-0.167125,-0.000070
962,5,6,2.940083,-44.345900,25.919887,-257.419951,-0.661858,0.248624,-0.707199
963,5,0,0.465764,-44.060509,25.812806,-257.565503,0.000053,-0.000018,-1.000000
964,5,6,1.379058,-45.672745,20.902787,-261.905110,0.083674,0.332927,0.939233
965,5,0,0.466781,-44.061420,25.808675,-266.250716,-0.000063,0.000026,1.000000
966,5,6,1.419617,-41.994795,30.689088,-261.907768,-0.151718,-0.301484,-0.941323
967,5,8,34.992758,-43.825520,25.896005,-261.908151,-0.936323,0.351141,-0.000062
968,5,0,0.466651,-44.061426,25.808851,-265.250716,0.000063,-0.000026,-1.000000
969,5,6,2.945386,-44.346678,25.916296,-265.105173,-0.661933,0.248616,-0.707132
970,5,8,56.973903,-44.410843,26.015371,-261.908198,-0.935990,0.352028,-0.000062
971,5,6,6.631699,-42.601525,30.113049,-261.908103,-0.493502,0.869745,-0.000109
972,5,6,1.090720,-42.291765,30.065764,-261.907989,0.146930,0.304192,0.941211
973,5,0,0.465871,-44.060699,25.812104,-258.565503,-0.000053,0.000018,1.000000
974,5,6,2.940814,-44.346096,25.919119,-258.711092,-0.662005,0.248671,0.707045
975,5,6,6.465152,-45.764395,21.695389,-261.906014,-0.938768,-0.344550,0.000465
976,5,6,1.062735,-45.499489,21.528436,-261.905800,-0.088857,-0.328487,-0.940320
977,5,6,9.054530,-45.996138,20.887942,-248.405507,-0.626562,0.779371,-0.000524
978,5,6,2.945959,-44.347537,25.916125,-252.896306,-0.661954,0.248600,0.707118
979,5,6,9.292191,-42.230326,30.910891,-248.408079,-0.985929,-0.167165,-0.000062
980,5,6,2.940047,-44.346719,25.919892,-243.919951,-0.661871,0.248601,-0.707195
981,5,0,0.465756,-44.061326,25.812820,-244.065506,0.000048,-0.000016,-1.000000
982,5,6,1.379108,-45.673351,20.902892,-248.405272,0.083651,0.332874,0.939254
983,5,0,0.466720,-44.062205,25.808934,-252.750719,-0.000056,0.000023,1.000000
984,5,6,1.419617,-41.995846,30.689123,-248.407771,-0.151713,-0.301486,-0.941323
985,5,8,34.992247,-43.826374,25.896012,-248.408154,-0.936336,0.351105,-0.000056
986,5,0,0.466603,-44.062216,25.809080,-251.750719,0.000056,-0.000023,-1.000000
987,5,6,2.945071,-44.347480,25.916493,-251.605174,-0.661939,0.248592,-0.707135
988,5,8,56.973038,-44.411699,26.015365,-248.408198,-0.936003,0.351992,-0.000056
989,5,6,6.631637,-42.602557,30.113058,-248.408106,-0.493530,0.869729,-0.000105
990,5,6,1.090720,-42.292794,30.065784,-248.407994,0.146924,0.304192,0.941212
991,5,0,0.465869,-44.061521,25.812120,-245.065506,-0.000048,0.000016,1.000000
992,5,6,2.940773,-44.346922,25.919132,-245.211093,-0.662003,0.248642,0.707057
993,5,6,6.465380,-45.765038,21.695475,-248.406148,-0.938758,-0.344577,0.000430
994,5,6,1.062780,-45.500122,21.528538,-248.405945,-0.088832,-0.328427,-0.940343
995,5,0,6843.830773,0.003407,11.496413,-337.000000,0.000000,0.000000,-1.000000
996,5,1,20.225609,-33.371205,45.209785,-333.375735,-0.775351,0.631530,-0.000089
997,5,1,11.431477,-35.019303,43.109058,-331.973669,-0.798965,0.601378,-0.000088
998,5,1,19.146749,-36.562599,40.979412,-333.376604,-0.821334,0.570447,-0.000081
999,5,1,3.218835,-34.860412,43.320714,-336.354481,-0.797129,0.603809,-0.000083
1000,5,1,0.399222,-35.190465,42.881208,-334.972111,0.000000,0.000000,1.000000
1001,5,1,0.119643,-34.675551,43.569791,-334.879783,-0.794064,0.607834,-0.000086
1002,5,1,0.030364,-34.864346,43.322491,-334.851880,-0.795299,0.606217,-0.000086
1003,5,1,0.119638,-34.712031,43.522281,-334.703170,-0.794519,0.607239,-0.000086
1004,5,1,0.030322,-34.899664,43.276091,-334.740231,-0.795917,0.605406,-0.000086
1005,5,1,0.119592,-34.782186,43.430627,-334.544846,-0.795635,0.605776,-0.000086
1006,5,1,0.030268,-34.955642,43.202341,-334.644390,-0.796894,0.604119,-0.000086
1007,5,1,0.119455,-34.880891,43.301082,-334.415617,-0.796880,0.604137,-0.000086
1008,5,1,0.030218,-35.028251,43.106317,-334.570868,-0.798162,0.602443,-0.000086
1009,5,1,0.119205,-35.001008,43.142506,-334.324311,-0.798336,0.602213,-0.000086
1010,5,1,0.030179,-35.112351,42.994586,-334.524650,-0.799627,0.600497,-0.000086
1011,5,1,0.118861,-35.133988,42.965750,-334.277161,-0.800120,0.599840,-0.000086
1012,5,0,0.030148,-35.202079,42.874756,-334.508882,-0.801188,0.598413,-0.000086
1013,5,1,0.118486,-35.270563,42.782893,-334.277357,-0.802250,0.596988,-0.000085
1014,5,1,0.030118,-35.291300,42.755001,-334.524656,-0.802737,0.596333,-0.000085
1015,5,1,0.118153,-35.401436,42.606395,-334.324858,-0.803999,0.594630,-0.000085
1016,5,1,0.030079,-35.373965,42.643470,-334.570914,-0.804170,0.594399,-0.000085
1017,5,1,0.117919,-35.517915,42.448246,-334.416407,-0.805663,0.592375,-0.000085
1018,5,1,0.030031,-35.444576,42.547769,-334.644499,-0.805393,0.592741,-0.000084
1019,5,1,0.117794,-35.612424,42.319181,-334.545774,-0.806436,0.591321,-0.000084
1020,5,1,0.029981,-35.498510,42.474396,-334.740373,-0.806326,0.591471,-0.000084
1021,5,1,0.117752,-35.678916,42.227967,-334.704166,-0.807653,0.589658,-0.000084
1022,5,1,0.029942,-35.532296,42.428308,-334.851982,-0.806911,0.590674,-0.000084
1023,5,1,0.117747,-35.713184,42.180815,-334.880804,-0.808083,0.589069,-0.000084
1024,5,1,0.029927,-35.543790,42.412595,-334.971724,-0.806232,0.591599,-0.000084
1025,5,1,0.117748,-35.713070,42.180947,-335.063646,-0.808083,0.589069,-0.000083
1026,5,1,0.029942,-35.532271,42.428308,-335.091467,-0.806910,0.590674,-0.000084
1027,5,1,0.117752,-35.678582,42.228353,-335.240217,-0.807652,0.589659,-0.000083
1028,5,1,0.029981,-35.498462,42.474396,-335.203076,-0.806325,0.591472,-0.000084
1029,5,1,0.117795,-35.611889,42.319796,-335.398479,-0.806784,0.590847,-0.000083
1030,5,1,0.030031,-35.444508,42.547769,-335.298950,-0.805392,0.592743,-0.000084
1031,5,1,0.117920,-35.517213,42.449049,-335.527661,-0.805404,0.592726,-0.000084
1032,5,1,0.030079,-35.373881,42.643470,-335.372535,-0.804169,0.594401,-0.000084
1033,5,1,0.118155,-35.400611,42.607330,-335.618982,-0.803998,0.594632,-0.000084
1034,5,1,0.030118,-35.291206,42.755001,-335.418793,-0.802736,0.596335,-0.000084
1035,5,1,0.118488,-35.269668,42.783899,-335.666228,-0.802248,0.596991,-0.000084
1036,5,0,0.030148,-35.201981,42.874756,-335.434567,-0.801187,0.598414,-0.000085
1037,5,1,0.118863,-35.133085,42.966757,-335.666159,-0.800118,0.599843,-0.000084
1038,5,1,0.030179,-35.112255,42.994586,-335.418799,-0.799625,0.600499,-0.000085
1039,5,1,0.119207,-35.000157,43.143446,-335.618752,-0.798334,0.602215,-0.000085
1040,5,1,0.030218,-35.028165,43.106318,-335.372581,-0.798160,0.602445,-0.000085
1041,5,1,0.119457,-34.880154,43.301891,-335.527216,-0.796613,0.604490,-0.000085
1042,5,1,0.030268,-34.955572,43.202341,-335.299059,-0.796893,0.604120,-0.000085
1043,5,1,0.119593,-34.781616,43.431248,-335.397797,-0.795634,0.605777,-0.000085
1044,5,1,0.030322,-34.899614,43.276091,-335.203218,-0.795916,0.605407,-0.000086
1045,5,1,0.119639,-34.711670,43.522672,-335.239338,-0.794519,0.607239,-0.000086
1046,5,1,0.030364,-34.864320,43.322491,-335.091569,-0.795299,0.606217,-0.000086
1047,5,1,0.119644,-34.675428,43.569924,-335.062655,-0.794064,0.607835,-0.000086
1048,5,1,0.030380,-34.852269,43.338326,-334.971724,-0.796007,0.605287,-0.000086
1049,5,1,0.068705,-35.201934,42.874817,-334.971724,-0.801186,0.598416,-0.000085
1050,5,1,132.594077,-47.540097,14.586191,-271.509048,-0.987839,0.155480,-0.000020
1051,5,6,1.082740,-47.540332,14.586110,-205.467091,-0.987837,0.155468,0.002675
1052,5,6,5.142063,-47.891448,11.697981,-205.466606,-0.995209,0.097756,0.001682
1053,5,1,630.955224,-47.891657,11.694091,-271.537764,-0.995216,0.097700,-0.000013
1054,5,6,130.083770,-48.107090,8.798336,-271.503845,-0.999327,0.036687,-0.000006
1055,5,6,1.070211,-48.107033,8.802116,-205.467096,-0.999328,0.036658,0.000631
1056,5,6,20011.619689,-25.387097,8.228881,-128.535664,-0.766280,-0.635749,0.092939
1057,5,6,1.648655,-16.685318,26.360370,-49.553055,-0.702340,0.654581,-0.279718
1058,5,6,6.628694,-20.646318,23.872794,-53.829520,-0.378132,0.917492,-0.123391
1059,5,6,1.752204,-23.823087,22.266346,-59.112336,-0.282342,0.866729,0.411173
1060,5,6,6.828428,-21.897515,27.611873,-62.316861,-0.233936,0.502705,0.832203
1061,5,6,1.768088,-18.801358,33.030258,-64.266174,-0.571565,0.125592,0.810889
1062,5,6,5.442240,-15.899204,33.565219,-59.654660,-0.867509,-0.061208,0.493641
1063,5,6,1.375976,-13.380140,33.244827,-55.027029,-0.977377,0.121434,0.173167
1064,5,6,4.641278,-14.798865,30.017371,-52.006880,-0.938544,0.295992,-0.177549
1065,5,6,0.718611,-14.708333,29.785856,-52.235940,-0.695702,-0.233553,-0.679302
1066,5,6,0.252657,-16.512406,26.218741,-49.809509,-0.280186,0.359696,-0.890008
1067,5,6,1.033896,-20.370138,23.838388,-54.020609,0.257606,0.800951,-0.540478
1068,5,6,0.245435,-23.486651,22.247352,-59.174856,0.511071,0.817819,0.264534
1069,5,6,1.067702,-21.587014,27.482756,-62.286849,0.469442,0.196706,0.860774
1070,5,6,0.273568,-18.586220,32.768977,-64.254839,-0.065526,-0.494149,0.866904
1071,5,6,0.846230,-15.785416,33.254122,-59.721471,-0.575121,-0.750396,0.325795
1072,5,6,0.190543,-13.314548,32.945632,-55.186962,-0.803435,-0.563137,-0.193308
1073,5,6,147.721084,-18.552217,28.365120,-57.294726,-0.735031,0.571898,0.364229
1074,5,6,2.278700,-24.620414,22.587724,-61.786753,-0.630599,0.739720,-0.234859
1075,5,6,11.040407,-26.554035,24.829962,-71.320797,-0.279406,0.897188,0.342031
1076,5,6,1.388371,-27.487466,28.286772,-80.339259,-0.314475,0.641590,0.699620
1077,5,6,2.369476,-26.179775,30.809776,-80.768823,-0.441050,0.261843,0.858436
1078,5,6,1.461265,-24.559723,33.187240,-80.297669,-0.725663,-0.040233,0.686873
1079,5,6,8.154799,-21.919863,33.587975,-73.324583,-0.927874,-0.171589,0.331069
1080,5,6,1.456461,-19.544508,33.197398,-66.262415,-0.998037,0.024023,-0.057828
1081,5,6,6.515488,-21.937059,28.246975,-63.446700,-0.891047,0.230323,-0.391135
1082,5,6,1.020157,-21.762318,28.060395,-63.667328,-0.463987,-0.197158,-0.863623
1083,5,6,0.366115,-24.340399,22.542604,-61.957426,0.001206,0.650632,-0.759393
1084,5,6,1.719871,-26.220471,24.828747,-71.376115,0.477803,0.850538,0.219746
1085,5,6,0.202162,-27.152273,28.214632,-80.308504,0.452328,0.459854,0.764156
1086,5,6,0.374170,-25.895078,30.640466,-80.702131,0.210507,-0.124563,0.969624
1087,5,6,0.214545,-24.339286,32.924958,-80.273343,-0.206442,-0.636847,0.742838
1088,5,6,1.271202,-21.764736,33.293424,-73.382876,-0.540820,-0.818801,0.192559
1089,5,6,0.204813,-19.411865,32.920099,-66.418269,-0.674922,-0.608646,-0.417169
1090,5,6,170.465273,-23.858567,28.683731,-70.999549,-0.821290,0.499396,0.275838
1091,5,6,9.067085,-46.104797,20.889111,-194.407669,-0.623898,0.781490,-0.004914
1092,5,6,2.943920,-44.400045,25.919514,-198.895165,-0.666387,0.252787,0.701446
1093,5,6,9.305391,-42.278507,30.908438,-194.404201,-0.987079,-0.160219,-0.002229
1094,5,6,2.949852,-44.445090,25.918422,-189.919738,-0.659795,0.253461,-0.707409
1095,5,6,0.466277,-44.160546,25.808895,-190.065207,0.000601,-0.000453,-1.000000
1096,5,6,1.380345,-45.782175,20.902633,-194.407824,0.076711,0.331098,0.940473
1097,5,6,0.466483,-44.116286,25.811400,-198.747144,-0.007404,0.003059,0.999968
1098,5,6,1.420397,-42.045336,30.685864,-194.406733,-0.151317,-0.297096,-0.942781
1099,5,6,35.049941,-43.904953,25.895981,-194.404521,-0.934425,0.356131,-0.004489
1100,5,6,0.466204,-44.124720,25.810518,-197.747383,0.006906,-0.002872,-0.999972
1101,5,6,2.946420,-44.410661,25.919139,-197.604034,-0.656132,0.249266,-0.712290
1102,5,6,57.096429,-44.494235,26.016664,-194.407627,-0.934077,0.357039,-0.004799
1103,5,6,6.639453,-42.658238,30.111712,-194.405883,-0.488561,0.872530,-0.000703
1104,5,6,1.091403,-42.348468,30.062758,-194.404782,0.145705,0.299924,0.942770
1105,5,6,0.467220,-44.159099,25.809972,-191.064688,-0.001676,0.000870,0.999998
1106,5,6,2.947528,-44.443573,25.918816,-191.210861,-0.661449,0.253734,0.705765
1107,5,6,6.476637,-45.871705,21.696853,-194.407603,-0.940526,-0.339654,-0.006853
1108,5,6,1.064088,-45.607488,21.528304,-194.404056,-0.082665,-0.328347,-0.940933
1109,5,6,9.078121,-46.085609,20.889763,-180.905677,-0.620823,0.783910,0.007977
1110,5,6,2.951780,-44.431838,25.919307,-185.397278,-0.655645,0.253532,0.711232
1111,5,6,9.315888,-42.189551,30.905768,-180.915710,-0.988221,-0.152067,0.017172
1112,5,6,2.954733,-44.299339,25.917033,-176.423351,-0.673712,0.263347,-0.690479
1113,5,6,0.468568,-44.018635,25.807251,-176.575991,-0.021685,0.008367,-0.999730
1114,5,6,1.382465,-45.763045,20.902309,-180.906646,0.097143,0.327124,0.939975
1115,5,6,0.467138,-44.146858,25.808675,-185.253463,0.005692,-0.002009,0.999982
1116,5,6,1.422540,-41.958501,30.681154,-180.918744,-0.169883,-0.291613,-0.941330
1117,5,6,35.117925,-43.850870,25.896335,-180.913964,-0.932124,0.361868,0.014021
1118,5,6,0.467017,-44.139359,25.808803,-184.254210,-0.007236,0.002617,-0.999970
1119,5,6,2.952798,-44.422360,25.918956,-184.106187,-0.664628,0.257362,-0.701452
1120,5,6,57.238907,-44.444998,26.018359,-180.907710,-0.931768,0.362794,0.013712
1121,5,6,6.649432,-42.578100,30.110089,-180.914051,-0.482766,0.875712,0.008086
1122,5,6,1.091076,-42.268120,30.059827,-180.922055,0.163986,0.293671,0.941736
1123,5,6,0.466184,-44.041145,25.807603,-177.574972,0.019571,-0.007521,0.999780
1124,5,6,2.958197,-44.327896,25.919291,-177.714369,-0.645196,0.251895,0.721299
1125,5,6,6.485374,-45.850714,21.696609,-180.906743,-0.942405,-0.334252,0.012207
1126,5,6,1.063504,-45.587361,21.526054,-180.913260,-0.102639,-0.323018,-0.940811
1127,5,6,9.096694,-45.689820,20.890226,-167.402783,-0.617480,0.785999,0.030382
1128,5,6,2.960601,-44.161317,25.919823,-171.901682,-0.635210,0.249563,0.730908
1129,5,6,9.331169,-41.739475,30.904215,-167.436143,-0.987927,-0.146413,0.050632
1130,5,6,2.962042,-43.717636,25.914433,-162.928631,-0.695632,0.275324,-0.663545
1131,5,6,0.467737,-43.442633,25.805881,-163.092204,-0.055069,0.021856,-0.998243
1132,5,6,1.380738,-45.368445,20.898510,-167.409871,0.130223,0.318437,0.938957
1133,5,6,0.465346,-43.873087,25.806708,-171.766549,0.032675,-0.012786,0.999384
1134,5,6,1.421109,-41.508968,30.680528,-167.444115,-0.199384,-0.282572,-0.938296
1135,5,6,35.206827,-43.428389,25.896676,-167.429500,-0.929419,0.366104,0.046345
1136,5,6,0.469742,-43.835437,25.807087,-170.767713,-0.035106,0.013768,-0.999289
1137,5,6,2.958389,-44.113702,25.917061,-170.610753,-0.682341,0.268372,-0.679990
1138,5,6,57.428386,-44.026869,26.019652,-167.407504,-0.929074,0.367019,0.046024
1139,5,6,6.658998,-42.135490,30.109560,-167.428463,-0.477537,0.878300,0.023403
1140,5,6,1.093605,-41.826543,30.056676,-167.448583,0.193410,0.283742,0.939193
1141,5,6,0.467241,-43.504788,25.805364,-164.090894,0.052368,-0.020759,0.998412
1142,5,6,2.964204,-43.795457,25.920137,-164.219329,-0.619961,0.245197,0.745337
1143,5,6,6.494039,-45.454452,21.696103,-167.403700,-0.942521,-0.330926,0.046287
1144,5,6,1.065954,-45.191917,21.525243,-167.424517,-0.136206,-0.316723,-0.938687
1145,5,6,9.111047,-44.728931,20.888334,-153.893385,-0.614132,0.787063,0.058089
1146,5,6,2.964460,-43.387955,25.923249,-158.406659,-0.607126,0.241015,0.757172
1147,5,6,9.347325,-40.748069,30.905392,-153.956828,-0.985155,-0.144167,0.093192
1148,5,6,2.966333,-42.540450,25.912157,-149.434928,-0.719862,0.286770,-0.632109
1149,5,6,0.466514,-42.272119,25.805951,-149.610551,-0.092794,0.037195,-0.994990
1150,5,6,1.384862,-44.409241,20.897922,-153.931481,0.169564,0.308995,0.935826
1151,5,6,0.469954,-43.095496,25.806727,-158.283857,0.068351,-0.027254,0.997289
1152,5,6,1.425303,-40.520701,30.680306,-153.991029,-0.233550,-0.270488,-0.933965
1153,5,6,35.343317,-42.453190,25.896938,-153.948411,-0.925716,0.367856,0.087934
1154,5,6,0.466317,-43.013052,25.806749,-157.285247,-0.071151,0.028392,-0.997061
1155,5,6,2.967300,-43.285016,25.914680,-157.116402,-0.706262,0.280485,-0.650017
1156,5,6,57.676769,-43.051800,26.020170,-153.905997,-0.925392,0.368674,0.087913
1157,5,6,6.674082,-41.147927,30.110193,-153.949207,-0.473725,0.879618,0.043096
1158,5,6,1.094554,-40.838492,30.057128,-153.967254,0.229193,0.274158,0.933974
1159,5,6,0.470115,-42.380295,25.804973,-150.609150,0.089987,-0.036051,0.995290
1160,5,6,2.964273,-42.675549,25.922023,-150.724529,-0.590180,0.235035,0.772299
1161,5,6,6.508550,-44.492136,21.695300,-153.901878,-0.939552,-0.330186,0.090660
1162,5,6,1.066935,-44.230037,21.522975,-153.920343,-0.175124,-0.306554,-0.935605
1163,5,6,9.131886,-43.163126,20.886519,-140.390227,-0.610024,0.787858,0.084561
1164,5,6,2.966208,-42.006902,25.925734,-144.912006,-0.577532,0.230508,0.783149
1165,5,6,9.373576,-39.165586,30.907111,-140.480836,-0.980357,-0.144404,0.134344
1166,5,6,2.965194,-40.778570,25.909929,-135.941536,-0.741409,0.296906,-0.601797
1167,5,6,0.469781,-40.516943,25.805731,-136.128074,-0.128896,0.051947,-0.990297
1168,5,6,1.390051,-42.843258,20.896640,-140.428740,0.207873,0.299638,0.931132
1169,5,6,0.469150,-41.710330,25.807077,-144.802225,0.106136,-0.042632,0.993437
1170,5,6,1.430497,-38.939311,30.680877,-140.516491,-0.268218,-0.257780,-0.928229
1171,5,6,35.524133,-40.880017,25.897126,-140.467541,-0.921060,0.368180,0.126851
1172,5,6,0.468274,-41.584641,25.806565,-143.803561,-0.108859,0.043741,-0.993094
1173,5,6,2.965974,-41.849747,25.912510,-143.623157,-0.729572,0.291267,-0.618780
1174,5,6,57.997957,-41.476451,26.020389,-140.405935,-0.920802,0.368838,0.126814
1175,5,6,6.694297,-39.566402,30.111569,-140.466995,-0.470403,0.880264,0.062091
1176,5,6,1.097354,-39.258834,30.058779,-140.505147,0.263542,0.260356,0.928849
1177,5,6,0.467951,-40.665805,25.805593,-137.126877,0.126384,-0.050913,0.990674
1178,5,6,2.968591,-40.964723,25.924743,-137.229790,-0.561389,0.224724,0.796455
1179,5,6,6.526585,-42.924251,21.693897,-140.397442,-0.934461,-0.331086,0.131017
1180,5,6,1.069332,-42.664851,21.521209,-140.437926,-0.213189,-0.296718,-0.930865
1181,5,6,3.127112,-39.439160,1.978746,-107.315429,-0.855766,0.413351,-0.311135
1182,5,6,8.888434,-41.070858,0.851421,-116.213920,-0.775903,0.613525,0.146839
1183,5,6,3.154908,-42.819263,1.979626,-125.120478,-0.689687,0.408255,0.598047
1184,5,6,24.960917,-39.073422,23.110093,-126.265266,-0.545030,0.188192,0.817023
1185,5,6,3.690604,-28.944705,42.753209,-125.196795,-0.741535,0.103307,0.662913
1186,5,6,8.944279,-26.005714,43.923292,-116.222526,-0.972370,-0.064386,0.224390
1187,5,6,3.467394,-24.899128,42.712300,-107.238421,-0.910246,0.213024,-0.355067
1188,5,6,25.076555,-34.962485,23.145947,-106.167556,-0.784637,0.281639,-0.552291
1189,5,6,3.955351,-34.717484,23.049756,-106.372224,-0.189854,0.067475,-0.979491
1190,5,6,0.466728,-39.165320,2.105901,-107.464418,-0.208113,0.704092,-0.678929
1191,5,6,1.378267,-40.790753,1.033766,-116.265726,-0.117642,0.992798,0.022622
1192,5,6,0.470329,-42.511937,2.111941,-125.081573,0.042233,0.710108,0.702825
1193,5,6,3.931397,-38.770816,23.011449,-126.171351,0.154307,-0.051739,0.986667
1194,5,6,0.558564,-28.759543,42.476962,-125.143044,-0.321680,-0.558288,0.764746
1195,5,6,1.397435,-25.876208,43.612636,-116.253452,-0.640854,-0.753327,0.147661
1196,5,6,0.518488,-24.754222,42.443262,-107.378993,-0.588929,-0.461611,-0.663384
1197,5,6,131.048211,-35.142836,23.820682,-116.225509,0.000000,0.000000,1.000000
1198,5,6,3.945668,-38.588899,23.018651,-125.172364,-0.156450,0.052563,-0.986286
1199,5,6,24.929436,-38.848030,23.097131,-124.978063,-0.767863,0.263929,-0.583719
1200,5,6,753.727221,-36.952777,23.338903,-116.169269,-0.923761,0.333329,0.188568
1201,5,6,2.037388,-25.748088,41.971261,-108.066919,-0.194450,0.731819,0.653169
1202,5,6,8.941896,-27.064554,42.702955,-116.182079,-0.091626,0.995575,0.020839
1203,5,6,2.226498,-29.412313,41.975710,-124.342144,-0.378738,0.806496,-0.454007
1204,5,6,0.371639,-29.142024,41.862985,-124.485281,0.313890,0.567462,-0.761222
1205,5,6,1.396028,-26.745304,42.620410,-116.256458,0.624476,0.768039,-0.141939
1206,5,6,0.345850,-25.454940,41.839922,-108.041258,0.579849,0.476029,0.661189
1207,5,6,3.970220,-34.938103,23.064692,-107.371432,0.188425,-0.066701,0.979820
1208,5,6,25.075569,-35.245841,23.157059,-107.452590,-0.512331,0.184098,0.838823
1209,5,6,1.844927,-39.667768,2.799487,-108.129101,-0.583318,-0.536535,0.609811
1210,5,6,0.311090,-39.352360,2.737057,-108.099739,0.195001,-0.706703,0.680107
1211,5,6,1.375224,-40.899011,2.022604,-116.267087,0.093276,-0.995476,-0.018081
1212,5,6,8.891618,-41.210670,2.140112,-116.208548,-0.629548,-0.767689,0.119681
1213,5,6,1.861361,-42.750844,2.802889,-124.304745,-0.757243,-0.550602,-0.351313
1214,5,6,0.312949,-42.466987,2.743131,-124.447182,-0.057052,-0.711655,-0.700209
1215,5,6,1.856950,-19.467238,-33.178267,-203.459152,-0.932271,-0.361608,-0.010487
1216,5,0,0.288898,-19.477127,-32.840281,-203.457665,-0.913156,0.407481,-0.010290
1217,5,6,0.106189,-19.435904,-32.840278,-205.463227,-0.912822,0.407012,-0.033122
1218,5,6,0.677664,-19.425956,-33.178025,-205.465438,-0.931679,-0.361562,-0.035307
1219,5,6,2.294482,48.074265,4.894329,-205.467129,0.998596,-0.052962,-0.000911
1220,5,6,42.428932,0.000004,-36.146224,-205.466897,0.000001,-0.999852,-0.017205
1221,5,6,7.452179,46.391080,-4.403894,-205.470261,0.956451,-0.291849,-0.005022
1222,5,6,15.024717,-47.112460,-0.947952,-205.467308,-0.978798,-0.204800,-0.003524
1223,5,6,16440.033188,-0.042653,-22.328311,-278.444370,0.478733,-0.877960,0.000151
1224,5,1,40.997635,-46.650934,-3.416356,-248.175858,-0.962658,-0.270720,0.000044
1225,5,1,41.841811,-46.645647,-3.455499,-236.067691,-0.963258,-0.268577,0.000038
1226,5,1,40.459903,-46.833818,-2.826657,-224.080693,-0.967064,-0.254535,0.000029
1227,5,1,5.553392,-47.051263,-2.171023,-223.164614,-0.971835,-0.235663,0.000026
1228,5,1,48.480204,-46.682352,-3.344621,-211.869057,-0.964372,-0.264549,0.000021
1229,5,1,5.387954,-47.087501,-2.020174,-211.206215,-0.972741,-0.231896,0.000018
1230,5,8,41.629238,47.434181,-0.028645,-251.395862,0.982981,-0.183708,0.000030
1231,5,8,41.629597,47.433858,-0.028653,-239.903784,0.982972,-0.183754,0.000026
1232,5,8,40.130469,47.447642,0.063698,-228.125725,0.983655,-0.180063,0.000022
1233,5,8,47.462355,47.471886,0.133082,-216.071668,0.984791,-0.173742,0.000015
1234,5,1,5.296423,47.742360,1.445459,-216.729329,0.990086,-0.140460,0.000014
1235,5,6,228.360394,-48.134288,6.848979,-270.512226,-0.999980,-0.006282,0.000001
1236,5,6,76.290552,-48.129733,8.008807,-274.460430,-0.999827,0.018595,-0.000003
1237,5,6,0.532080,-48.129011,8.053515,-205.470687,-0.999799,0.020049,0.000345
1238,5,6,1.955544,-48.134269,6.890753,-205.466159,-0.999982,-0.006065,-0.000104
1239,5,6,13.257082,-45.036867,-7.881068,-216.484670,-0.383918,-0.923367,0.000019
1240,5,6,0.677439,-45.039005,-7.881130,-205.466065,-0.384068,-0.923300,-0.003084
1241,5,6,1.860033,-45.073163,-7.881242,-203.459870,-0.384323,-0.923167,-0.007682
1242,5,6,4.319953,-44.451985,-9.430883,-199.300112,-0.471797,-0.716310,-0.514109
1243,5,6,14.960466,-35.801773,-21.227880,-197.843541,-0.505138,-0.479458,-0.717605
1244,5,6,6.408230,-22.819968,-31.508742,-199.101734,-0.582446,-0.507215,-0.635209
1245,5,6,0.987524,-22.773360,-31.188563,-199.197331,-0.554135,0.267126,-0.788402
1246,5,6,51.221301,-32.192724,-22.676497,-199.901336,-0.510180,-0.860043,-0.006593
1247,5,6,0.720616,-23.896813,-30.602623,-199.892594,0.549158,-0.291616,0.783190
1248,5,6,3.930149,-24.126470,-30.758038,-200.034182,0.029932,-0.846639,0.531325
1249,5,6,174.746987,-34.757116,-21.914965,-202.224052,-0.710121,-0.703972,-0.012265
1250,5,6,1.675238,-44.450794,-9.174548,-203.460114,-0.936431,0.350357,-0.018639
1251,5,0,0.289409,-44.306500,-8.888347,-203.459628,-0.410019,0.912040,-0.008168
1252,5,6,0.104622,-44.272284,-8.888032,-205.468411,-0.410374,0.911914,-0.002442
1253,5,6,0.607385,-44.416563,-9.174464,-205.467707,-0.936699,0.350065,-0.006980
1254,5,6,34.704224,-34.566579,-21.989823,-205.467166,-0.710265,-0.703830,-0.012111
1255,5,6,0.606540,-21.825308,-31.981280,-205.467953,0.312279,-0.949944,0.009444
1256,5,6,0.105893,-21.534021,-31.848756,-205.462777,0.893912,-0.447308,0.028921
1257,5,0,0.289448,-21.573878,-31.848933,-203.456614,0.894098,-0.447740,0.010831
1258,5,6,1.671149,-21.865764,-31.981666,-203.463104,0.312138,-0.950029,0.003720
1259,5,6,1.159494,-44.444207,-8.375004,-205.463616,-0.917297,-0.398145,-0.006859
1260,5,6,2.498451,-20.467576,-32.307866,-205.463406,-0.427252,-0.903999,-0.015527
1261,5,6,0.105456,-44.701602,-7.899076,-205.463956,0.385905,-0.922536,0.002093
1262,5,0,0.288508,-44.735579,-7.899389,-203.454342,0.385506,-0.922673,0.007686
1263,5,6,0.653245,-44.129172,-9.395111,-199.381992,0.297025,-0.635057,-0.713077
1264,5,6,2.364461,-35.578732,-21.021846,-197.985621,0.008591,0.008022,-0.999931
1265,5,0,2.053315,-44.699200,-7.899078,-216.483873,0.386066,-0.922471,-0.000007
1266,5,8,112.448168,-29.894750,-23.790450,-221.407867,0.000000,0.000000,1.000000
1267,5,0,2.055387,-44.269753,-8.888054,-216.484767,-0.410535,0.911845,0.000008
1268,5,0,11.917736,-44.413904,-9.174433,-216.484663,-0.936785,0.349905,0.000033
1269,5,8,759.606889,-34.590350,-21.973363,-217.710176,-0.710184,-0.704016,0.000064
1270,5,0,11.902843,-21.814570,-31.981611,-216.482791,0.312756,-0.949833,-0.000044
1271,5,0,2.063740,-21.522869,-31.848763,-216.482138,0.894495,-0.447079,-0.000143
1272,5,6,0.717783,-23.800795,-30.604034,-229.061486,0.553044,-0.288515,-0.781602
1273,5,6,3.917088,-24.034097,-30.758276,-228.923104,0.034584,-0.846040,-0.531997
1274,5,6,13.458029,-35.632826,-21.182000,-229.767291,-0.515482,-0.480614,-0.709428
1275,5,0,2.366418,-35.451678,-21.012966,-229.967593,0.000000,0.000000,1.000000
1276,5,6,0.490812,-43.734768,-10.002748,-228.915534,-0.298864,0.633064,-0.714080
1277,5,6,2.639005,-43.904220,-10.218128,-228.784751,-0.864665,0.110548,-0.490035
1278,5,0,2.060734,-19.423334,-32.840102,-216.483334,-0.913553,0.406720,0.000164
1279,5,6,13.238163,-19.413245,-33.177914,-216.484709,-0.932174,-0.362012,0.000173
1280,5,6,6.377783,-22.713724,-31.510662,-229.854289,-0.585759,-0.509575,0.630254
1281,5,6,14.972333,-35.671091,-21.219870,-231.113217,-0.511704,-0.484647,0.709420
1282,5,6,4.313247,-44.339947,-9.420530,-229.651348,-0.479069,-0.719782,0.502401
1283,5,6,0.652838,-44.017816,-9.386572,-229.564902,0.285683,-0.638617,0.714530
1284,5,0,2.368380,-35.448896,-21.015479,-230.967593,0.000000,0.000000,1.000000
1285,5,6,0.982606,-22.668577,-31.190345,-229.757987,-0.557768,0.264291,0.786794
1286,5,6,0.491758,-43.834526,-10.010613,-200.031584,-0.309917,0.628427,0.713464
1287,5,6,2.642929,-44.001778,-10.225397,-200.165900,-0.872508,0.106750,0.476796
1288,5,6,13.453196,-35.740908,-21.189935,-199.188772,-0.521626,-0.486667,0.700758
1289,5,6,2.365749,-35.563977,-21.020253,-198.985484,-0.008814,-0.008228,0.999927
1290,5,6,13.237127,19.413257,-33.177926,-216.484788,0.932159,-0.362048,0.000173
1291,5,6,0.678556,19.426013,-33.177949,-205.465068,0.931646,-0.361644,-0.035355
1292,5,6,0.106428,19.435961,-32.840282,-205.462023,0.912820,0.407013,-0.033176
1293,5,0,0.289167,19.477263,-32.840315,-203.456392,0.913354,0.407037,-0.010292
1294,5,6,1.855925,19.467294,-33.178332,-203.458462,0.932210,-0.361767,-0.010477
1295,5,6,20011.497337,25.387129,8.228437,-128.535190,0.826279,0.542204,0.152569
1296,5,6,1.456462,19.544508,33.197398,-66.262415,0.998037,0.024024,-0.057829
1297,5,6,8.154859,21.919857,33.587975,-73.324571,0.927866,-0.171647,0.331063
1298,5,6,1.461265,24.559722,33.187240,-80.297669,0.725665,-0.040235,0.686870
1299,5,6,2.369586,26.179789,30.809773,-80.768833,0.441050,0.261843,0.858436
1300,5,6,1.388371,27.487468,28.286772,-80.339259,0.314476,0.641589,0.699621
1301,5,6,11.040445,26.554040,24.829973,-71.320830,0.279390,0.897194,0.342030
1302,5,6,2.278700,24.620415,22.587724,-61.786754,0.630599,0.739721,-0.234858
1303,5,6,6.515489,21.937059,28.246976,-63.446700,0.891039,0.230306,-0.391162
1304,5,6,1.020157,21.762323,28.060392,-63.667327,0.463987,-0.197157,-0.863623
1305,5,6,0.204813,19.411865,32.920098,-66.418269,0.674922,-0.608646,-0.417169
1306,5,6,1.271177,21.764738,33.293423,-73.382889,0.540820,-0.818801,0.192559
1307,5,6,0.214545,24.339285,32.924958,-80.273344,0.206442,-0.636847,0.742838
1308,5,6,0.374171,25.895079,30.640467,-80.702131,-0.210506,-0.124563,0.969624
1309,5,6,0.202161,27.152274,28.214632,-80.308505,-0.452328,0.459854,0.764156
1310,5,6,1.719869,26.220464,24.828728,-71.376060,-0.477803,0.850539,0.219746
1311,5,6,0.366115,24.340400,22.542604,-61.957427,-0.001205,0.650632,-0.759393
1312,5,6,170.465313,23.858567,28.683731,-70.999548,0.821290,0.499396,0.275838
1313,5,6,1.752203,23.823087,22.266346,-59.112336,0.282342,0.866729,0.411174
1314,5,6,6.628677,20.646316,23.872796,-53.829513,0.378078,0.917507,-0.123440
1315,5,6,1.648653,16.685318,26.360369,-49.553053,0.702339,0.654583,-0.279717
1316,5,6,4.641296,14.798860,30.017370,-52.006879,0.938542,0.296002,-0.177540
1317,5,6,1.375972,13.380138,33.244828,-55.027029,0.977378,0.121434,0.173164
1318,5,6,5.442270,15.899202,33.565218,-59.654662,0.867509,-0.061237,0.493638
1319,5,6,1.768087,18.801356,33.030259,-64.266174,0.571565,0.125592,0.810889
1320,5,6,6.828435,21.897516,27.611873,-62.316861,0.233955,0.502709,0.832195
1321,5,6,1.067696,21.587007,27.482766,-62.286854,-0.469442,0.196706,0.860774
1322,5,6,0.245435,23.486652,22.247352,-59.174856,-0.511071,0.817819,0.264534
1323,5,6,1.033939,20.370199,23.838357,-54.020681,-0.257607,0.800951,-0.540477
1324,5,6,0.252656,16.512407,26.218740,-49.809508,0.280186,0.359696,-0.890008
1325,5,6,0.718608,14.708325,29.785857,-52.235941,0.695702,-0.233553,-0.679303
1326,5,6,0.190543,13.314545,32.945633,-55.186961,0.803434,-0.563139,-0.193308
1327,5,6,0.846219,15.785407,33.254122,-59.721463,0.575120,-0.750396,0.325795
1328,5,6,0.273568,18.586220,32.768978,-64.254840,0.065525,-0.494149,0.866904
1329,5,6,147.721162,18.552216,28.365120,-57.294725,0.735030,0.571898,0.364229
1330,5,6,0.637674,46.268147,19.948103,-205.502541,0.536465,0.751540,-0.383919
1331,5,6,32.744820,14.357994,59.626874,-205.467180,0.409029,0.912386,0.015699
1332,5,6,5.070907,46.999567,17.414464,-205.454638,0.977453,0.211122,0.003633
1333,5,6,4.123990,40.906589,33.879276,-205.450632,0.883961,0.467491,0.008044
1334,5,6,7212.045098,25.515587,48.246175,-272.563732,0.594200,0.804317,-0.000131
1335,5,8,195.049393,34.714531,43.145338,-302.264091,0.792401,0.610001,-0.000113
1336,5,1,14.342457,34.629580,43.602763,-302.447208,0.793019,0.609197,-0.000112
1337,5,8,144.220409,33.844733,44.093837,-286.272808,0.774074,0.633095,-0.000119
1338,5,8,236.411560,33.980369,44.028224,-268.212634,0.789591,0.613634,-0.000111
1339,5,8,78.942836,34.430199,43.765024,-268.554840,0.792969,0.609262,-0.000111
1340,5,8,252.604494,33.934848,44.153867,-247.189974,0.785871,0.618391,-0.000096
1341,5,8,144.198676,33.852515,44.093534,-229.655618,0.774198,0.632943,-0.000077
1342,5,6,9.292418,42.226911,30.910858,-288.908120,0.985951,-0.167037,-0.000098
1343,5,6,2.940249,44.343411,25.919892,-293.396305,0.661910,0.248725,0.707114
1344,5,6,9.061816,45.993434,20.890174,-288.907246,0.626628,0.779318,-0.000235
1345,5,6,2.938955,44.343470,25.921463,-284.419949,0.661825,0.248689,-0.707207
1346,5,0,0.465570,44.058093,25.814341,-284.565499,-0.000067,-0.000028,-1.000000
1347,5,6,1.419615,41.992476,30.689024,-288.908371,0.151863,-0.301359,0.941340
1348,5,0,0.465772,44.058060,25.812754,-293.250716,0.000057,0.000019,1.000000
1349,5,6,1.380264,45.670628,20.905145,-288.907378,-0.083474,0.331595,-0.939722
1350,5,8,34.993225,43.823641,25.895987,-288.908189,0.936293,0.351220,-0.000066
1351,5,0,0.465630,44.058250,25.813733,-285.565499,0.000067,0.000028,1.000000
1352,5,6,2.939209,44.343639,25.920766,-285.711090,0.661989,0.248753,0.707031
1353,5,8,56.978088,44.408959,26.015384,-288.908156,0.935960,0.352107,-0.000066
1354,5,6,6.471489,45.762322,21.697326,-288.907194,0.938908,-0.344168,0.000350
1355,5,6,2.940923,44.343720,25.919299,-292.105165,0.661901,0.248712,-0.707128
1356,5,6,6.631812,42.599252,30.113036,-288.908116,0.493438,0.869781,0.000025
1357,5,6,1.090720,42.289498,30.065724,-288.908179,-0.147063,0.304053,-0.941235
1358,5,0,0.465906,44.058375,25.812094,-292.250716,-0.000057,-0.000019,-1.000000
1359,5,6,1.063785,45.497395,21.530469,-288.907162,0.088592,-0.326990,0.940866
1360,5,6,9.292328,42.228104,30.910872,-275.408123,0.985943,-0.167082,-0.000097
1361,5,6,2.940203,44.344365,25.919896,-279.896306,0.661921,0.248696,0.707115
1362,5,6,9.061759,45.994145,20.890172,-275.407244,0.626661,0.779292,-0.000235
1363,5,6,2.938911,44.344416,25.921467,-270.919949,0.661836,0.248662,-0.707206
1364,5,0,0.465561,44.059035,25.814357,-271.065499,-0.000066,-0.000028,-1.000000
1365,5,6,1.419614,41.993654,30.689061,-275.408369,0.151850,-0.301368,0.941339
1366,5,0,0.465763,44.059010,25.812770,-279.750716,0.000056,0.000019,1.000000
1367,5,6,1.380261,45.671341,20.905150,-275.407377,-0.083458,0.331599,-0.939721
1368,5,8,34.992653,43.824597,25.895995,-275.408189,0.936308,0.351180,-0.000065
1369,5,0,0.465626,44.059193,25.813749,-272.065499,0.000066,0.000028,1.000000
1370,5,6,2.939162,44.344587,25.920771,-272.211091,0.661998,0.248724,0.707033
1371,5,8,56.977115,44.409917,26.015377,-275.408156,0.935975,0.352067,-0.000065
1372,5,6,6.471441,45.763071,21.697328,-275.407194,0.938892,-0.344213,0.000351
1373,5,6,2.940876,44.344675,25.919301,-278.605165,0.661911,0.248684,-0.707128
1374,5,6,6.631745,42.600407,30.113046,-275.408116,0.493470,0.869763,0.000026
1375,5,6,1.090719,42.290650,30.065747,-275.408180,-0.147050,0.304061,-0.941235
1376,5,0,0.465902,44.059324,25.812110,-278.750716,-0.000056,-0.000019,-1.000000
1377,5,6,1.063783,45.498136,21.530483,-275.407162,0.088577,-0.326996,0.940866
1378,5,6,9.292242,42.229257,30.910886,-261.908128,0.985936,-0.167125,-0.000093
1379,5,6,2.940157,44.345300,25.919900,-266.396306,0.661929,0.248668,0.707117
1380,5,6,9.061703,45.994832,20.890170,-261.907242,0.626693,0.779266,-0.000233
1381,5,6,2.938869,44.345317,25.921470,-257.419950,0.661849,0.248636,-0.707203
1382,5,0,0.465554,44.059933,25.814372,-257.565501,-0.000063,-0.000026,-1.000000
1383,5,6,1.419613,41.994791,30.689096,-261.908371,0.151836,-0.301378,0.941338
1384,5,0,0.465754,44.059941,25.812786,-266.250718,0.000053,0.000018,1.000000
1385,5,6,1.380258,45.672030,20.905155,-261.907376,-0.083442,0.331604,-0.939721
1386,5,8,34.992101,43.825521,25.896002,-261.908190,0.936323,0.351141,-0.000062
1387,5,0,0.465621,44.060095,25.813765,-258.565501,0.000063,0.000026,1.000000
1388,5,6,2.939118,44.345492,25.920779,-258.711091,0.662002,0.248695,0.707040
1389,5,8,56.976174,44.410843,26.015371,-261.908156,0.935989,0.352028,-0.000062
1390,5,6,6.471395,45.763795,21.697330,-261.907194,0.938876,-0.344256,0.000354
1391,5,6,2.940831,44.345608,25.919300,-265.105166,0.661920,0.248656,-0.707130
1392,5,6,6.631680,42.601523,30.113055,-261.908118,0.493501,0.869745,0.000028
1393,5,6,1.090718,42.291763,30.065768,-261.908182,-0.147035,0.304071,-0.941234
1394,5,0,0.465897,44.060251,25.812126,-265.250718,-0.000053,-0.000018,-1.000000
1395,5,6,1.063782,45.498852,21.530496,-261.907163,0.088561,-0.327001,0.940865
1396,5,6,9.292163,42.230323,30.910898,-248.408134,0.985929,-0.167166,-0.000084
1397,5,6,2.940113,44.346179,25.919903,-252.896307,0.661935,0.248641,0.707121
1398,5,6,9.061651,45.995467,20.890168,-248.407240,0.626722,0.779243,-0.000230
1399,5,6,2.938832,44.346138,25.921472,-243.919950,0.661862,0.248614,-0.707198
1400,5,0,0.465547,44.060750,25.814384,-244.065504,-0.000056,-0.000023,-1.000000
1401,5,6,1.419613,41.995842,30.689130,-248.408376,0.151819,-0.301390,0.941337
1402,5,0,0.465745,44.060813,25.812801,-252.750721,0.000048,0.000016,1.000000
1403,5,6,1.380256,45.672668,20.905159,-248.407377,-0.083425,0.331609,-0.939721
1404,5,8,34.991590,43.826375,25.896009,-248.408192,0.936336,0.351105,-0.000056
1405,5,0,0.465617,44.060918,25.813779,-245.065504,0.000056,0.000023,1.000000
1406,5,6,2.939078,44.346318,25.920791,-245.211092,0.662000,0.248666,0.707051
1407,5,8,56.975304,44.411699,26.015366,-248.408155,0.936003,0.351992,-0.000056
1408,5,6,6.471352,45.764463,21.697331,-248.407194,0.938861,-0.344296,0.000359
1409,5,6,2.940788,44.346481,25.919295,-251.605167,0.661927,0.248629,-0.707133
1410,5,6,6.631620,42.602554,30.113064,-248.408120,0.493529,0.869729,0.000032
1411,5,6,1.090718,42.292792,30.065788,-248.408187,-0.147019,0.304083,-0.941233
1412,5,0,0.465892,44.061118,25.812140,-251.750721,-0.000048,-0.000016,-1.000000
1413,5,6,1.063781,45.499514,21.530508,-248.407164,0.088545,-0.327007,0.940865
1414,5,6,9.292095,42.231255,30.910909,-234.908141,0.985923,-0.167201,-0.000073
1415,5,6,2.940073,44.346963,25.919906,-239.396309,0.661939,0.248616,0.707126
1416,5,6,9.061605,45.996022,20.890166,-234.907239,0.626748,0.779222,-0.000226
1417,5,6,2.938800,44.346839,25.921472,-230.419952,0.661876,0.248596,-0.707192
1418,5,0,0.465542,44.061450,25.814392,-230.565508,-0.000048,-0.000020,-1.000000
1419,5,6,1.419614,41.996761,30.689161,-234.908384,0.151802,-0.301403,0.941335
1420,5,0,0.465738,44.061592,25.812815,-239.250725,0.000040,0.000013,1.000000
1421,5,6,1.380255,45.673225,20.905161,-234.907377,-0.083408,0.331614,-0.939721
1422,5,8,34.991145,43.827121,25.896015,-234.908194,0.936348,0.351074,-0.000047
1423,5,0,0.465614,44.061626,25.813791,-231.565508,0.000048,0.000020,1.000000
1424,5,6,2.939044,44.347027,25.920806,-231.711093,0.661992,0.248638,0.707069
1425,5,8,56.974542,44.412447,26.015361,-234.908155,0.936015,0.351961,-0.000047
1426,5,6,6.471313,45.765048,21.697332,-234.907194,0.938848,-0.344332,0.000366
1427,5,6,2.940751,44.347259,25.919286,-238.105168,0.661931,0.248604,-0.707137
1428,5,6,6.631569,42.603456,30.113071,-234.908124,0.493554,0.869715,0.000038
1429,5,6,1.090719,42.293692,30.065806,-234.908194,-0.147002,0.304097,-0.941231
1430,5,0,0.465888,44.061889,25.812152,-238.250725,-0.000040,-0.000013,-1.000000
1431,5,6,1.063781,45.500092,21.530519,-234.907167,0.088528,-0.327013,0.940864
1432,5,6,9.292042,42.232007,30.910917,-221.408150,0.985918,-0.167229,-0.000058
1433,5,6,2.940039,44.347615,25.919907,-225.896311,0.661939,0.248594,0.707134
1434,5,6,9.061568,45.996469,20.890164,-221.407238,0.626768,0.779206,-0.000220
1435,5,6,2.938777,44.347384,25.921471,-216.919954,0.661890,0.248583,-0.707183
1436,5,0,0.465539,44.061995,25.814397,-217.065514,-0.000036,-0.000015,-1.000000
1437,5,6,1.419618,41.997500,30.689187,-221.408396,0.151784,-0.301418,0.941334
1438,5,0,0.465733,44.062239,25.812827,-225.750730,0.000031,0.000010,1.000000
1439,5,6,1.380255,45.673675,20.905161,-221.407379,-0.083393,0.331619,-0.939720
1440,5,8,34.990786,43.827723,25.896020,-221.408197,0.936357,0.351048,-0.000036
1441,5,0,0.465611,44.062181,25.813801,-218.065514,0.000036,0.000015,1.000000
1442,5,6,2.939019,44.347582,25.920823,-218.211095,0.661978,0.248613,0.707091
1443,5,8,56.973926,44.413051,26.015357,-221.408154,0.936024,0.351936,-0.000036
1444,5,6,6.471281,45.765520,21.697333,-221.407195,0.938838,-0.344360,0.000374
1445,5,6,2.940720,44.347902,25.919272,-224.605170,0.661933,0.248583,-0.707142
1446,5,6,6.631527,42.604184,30.113076,-221.408129,0.493574,0.869704,0.000045
1447,5,6,1.090722,42.294418,30.065820,-221.408204,-0.146984,0.304112,-0.941229
1448,5,0,0.465884,44.062525,25.812161,-224.750730,-0.000031,-0.000010,-1.000000
1449,5,6,1.063782,45.500559,21.530527,-221.407169,0.088512,-0.327019,0.940864
1450,5,6,9.292508,42.225725,30.910843,-302.408119,0.985958,-0.166992,-0.000096
1451,5,6,2.940292,44.342474,25.919887,-306.896305,0.661899,0.248752,0.707116
1452,5,6,9.061872,45.992727,20.890175,-302.407248,0.626595,0.779345,-0.000234
1453,5,6,2.939000,44.342517,25.921458,-297.919950,0.661815,0.248718,-0.707206
1454,5,0,0.465578,44.057145,25.814324,-298.065500,-0.000065,-0.000027,-1.000000
1455,5,6,1.419617,41.991306,30.688988,-302.408376,0.151873,-0.301353,0.941340
1456,5,0,0.465782,44.057127,25.812738,-306.750717,0.000055,0.000018,1.000000
1457,5,6,1.380267,45.669918,20.905139,-302.407380,-0.083488,0.331591,-0.939722
1458,5,8,34.993885,43.822691,25.895978,-302.408196,0.936278,0.351260,-0.000065
1459,5,0,0.465633,44.057301,25.813722,-299.065500,0.000065,0.000027,1.000000
1460,5,6,2.939250,44.342685,25.920769,-299.211091,0.661976,0.248780,0.707034
1461,5,8,56.975641,44.408012,26.015375,-302.408139,0.935945,0.352146,-0.000065
1462,5,6,6.472088,45.761495,21.697589,-302.407603,0.938967,-0.344006,0.000176
1463,5,6,2.940144,44.342557,25.919909,-305.605165,0.661887,0.248746,-0.707128
1464,5,6,6.631880,42.598104,30.113026,-302.408117,0.493407,0.869799,0.000026
1465,5,6,1.090722,42.288352,30.065702,-302.408181,-0.147074,0.304048,-0.941235
1466,5,0,0.465779,44.057217,25.812691,-305.750717,-0.000055,-0.000018,-1.000000
1467,5,6,1.063923,45.496575,21.530723,-302.407545,0.088971,-0.328420,0.940332
1468,5,6,9.292594,42.224593,30.910829,-315.908119,0.985966,-0.166949,-0.000091
1469,5,6,2.940332,44.341592,25.919883,-320.396306,0.661886,0.248776,0.707119
1470,5,6,9.061924,45.992052,20.890176,-315.907250,0.626564,0.779370,-0.000232
1471,5,6,2.939045,44.341595,25.921452,-311.419950,0.661807,0.248746,-0.707203
1472,5,0,0.465587,44.056228,25.814306,-311.565502,-0.000061,-0.000025,-1.000000
1473,5,6,1.419618,41.990189,30.688952,-315.908385,0.151880,-0.301350,0.941340
1474,5,0,0.465792,44.056248,25.812724,-320.250719,0.000052,0.000017,1.000000
1475,5,6,1.380269,45.669240,20.905134,-315.907382,-0.083500,0.331588,-0.939722
1476,5,8,34.994429,43.821783,25.895970,-315.908198,0.936264,0.351298,-0.000060
1477,5,0,0.465636,44.056387,25.813706,-312.565502,0.000061,0.000025,1.000000
1478,5,6,2.939296,44.341765,25.920771,-312.711091,0.661958,0.248803,0.707042
1479,5,8,56.976562,44.407102,26.015381,-315.908138,0.935931,0.352184,-0.000061
1480,5,6,6.472132,45.760784,21.697587,-315.907604,0.938983,-0.343963,0.000179
1481,5,6,2.940187,44.341670,25.919899,-319.105166,0.661875,0.248772,-0.707131
1482,5,6,6.631945,42.597008,30.113017,-315.908120,0.493377,0.869816,0.000029
1483,5,6,1.090723,42.287258,30.065680,-315.908185,-0.147082,0.304046,-0.941235
1484,5,0,0.465781,44.056334,25.812674,-319.250719,-0.000052,-0.000017,-1.000000
1485,5,6,1.063924,45.495871,21.530709,-315.907546,0.088982,-0.328416,0.940333
1486,5,6,9.292673,42.223561,30.910816,-329.408121,0.985972,-0.166910,-0.000082
1487,5,6,2.940367,44.340803,25.919878,-333.896307,0.661872,0.248798,0.707124
1488,5,6,9.061971,45.991436,20.890177,-329.407252,0.626536,0.779393,-0.000229
1489,5,6,2.939086,44.340741,25.921445,-324.919952,0.661802,0.248773,-0.707199
1490,5,0,0.465598,44.055379,25.814288,-325.065505,-0.000054,-0.000023,-1.000000
1491,5,6,1.419624,41.989171,30.688918,-329.408397,0.151884,-0.301349,0.941339
1492,5,0,0.465803,44.055461,25.812711,-333.750722,0.000046,0.000015,1.000000
1493,5,6,1.380276,45.668622,20.905130,-329.407385,-0.083509,0.331586,-0.939722
1494,5,8,34.994924,43.820955,25.895963,-329.408199,0.936251,0.351333,-0.000054
1495,5,0,0.465640,44.055544,25.813691,-326.065505,0.000054,0.000023,1.000000
1496,5,6,2.939340,44.340914,25.920777,-326.211092,0.661936,0.248823,0.707055
1497,5,8,56.977399,44.406273,26.015387,-329.408138,0.935918,0.352219,-0.000054
1498,5,6,6.472172,45.760135,21.697585,-329.407604,0.938997,-0.343924,0.000184
1499,5,6,2.940226,44.340873,25.919885,-332.605167,0.661864,0.248794,-0.707134
1500,5,6,6.632005,42.596009,30.113008,-329.408123,0.493350,0.869831,0.000033
1501,5,6,1.090728,42.286261,30.065660,-329.408191,-0.147086,0.304047,-0.941234
1502,5,0,0.465785,44.055539,25.812658,-332.750722,-0.000046,-0.000015,-1.000000
1503,5,6,1.063929,45.495229,21.530697,-329.407548,0.088991,-0.328413,0.940333
1504,5,1,132.593972,47.540096,14.586193,-271.509261,0.987839,0.155480,-0.000020
1505,5,1,631.390049,47.891791,11.692444,-271.500070,0.995225,0.097606,-0.000013
1506,5,6,130.727972,48.107292,8.792563,-271.510787,0.999334,0.036493,-0.000006
1507,5,6,75.212111,48.129821,8.004640,-274.812453,0.999827,0.018578,-0.000003
1508,5,6,229.438830,48.134231,6.844867,-270.415388,0.999979,-0.006486,0.000001
1509,5,6,1.967388,48.134195,6.885225,-205.467058,0.999980,-0.006269,-0.000108
1510,5,6,0.520235,48.129132,8.047949,-205.467389,0.999799,0.020049,0.000345
1511,5,6,1.070410,48.107434,8.791144,-205.467129,0.999335,0.036463,0.000628
1512,5,6,5.156950,47.891889,11.692568,-205.467277,0.995227,0.097575,0.001679
1513,5,6,1.082872,47.540331,14.586112,-205.467156,0.987837,0.155468,0.002675
1514,5,6,5.700525,46.083779,20.576327,-210.006735,0.580761,0.724020,0.372172
1515,5,6,0.118890,46.345989,19.656465,-206.019745,0.527233,0.793542,-0.303838
1516,5,6,0.884921,45.763343,20.585387,-209.868850,-0.216868,0.820104,0.529527
1517,5,6,0.129883,45.911569,20.090542,-205.445979,-0.210236,0.789564,-0.576532
1518,5,6,0.220669,46.160712,20.344034,-204.960384,0.543231,0.688983,-0.479794
1519,5,6,2.372411,45.690897,22.003646,-203.893635,0.601833,0.460641,-0.652385
1520,5,6,2.943351,44.357049,25.919911,-203.418572,0.655382,0.246838,-0.713825
1521,5,6,2.465159,42.749103,29.816385,-203.893847,0.753523,0.059358,-0.654737
1522,5,6,0.235763,41.975922,31.470629,-204.961911,0.858193,-0.150546,-0.490755
1523,5,6,0.132911,41.615594,31.515377,-205.445914,0.350447,-0.713417,-0.606815
1524,5,6,0.641858,41.788140,31.864551,-205.503247,0.893259,-0.205556,-0.399794
1525,5,6,0.128242,41.647902,32.155761,-206.020192,0.914065,-0.247284,-0.321459
1526,5,6,5.818244,42.085484,31.219892,-210.037193,0.908592,-0.156641,0.387199
1527,5,6,2.941778,44.348169,25.919674,-212.396313,0.661937,0.248575,0.707142
1528,5,0,0.466010,44.062790,25.812595,-212.250735,0.000020,0.000007,1.000000
1529,5,8,21.748806,43.788295,25.917371,-209.991038,0.936364,0.351030,-0.000023
1530,5,6,0.906332,41.847803,31.006156,-209.894534,0.374114,-0.763101,0.526988
1531,5,6,1.569053,41.893563,30.819509,-205.437898,0.903738,0.428019,0.007572
1532,5,6,1.473963,45.677264,20.755141,-205.435600,0.962980,0.269531,0.004802
1533,5,6,0.173710,42.267926,30.138633,-205.410935,-0.264556,0.567573,0.779661
1534,5,6,0.218694,42.372198,30.636449,-205.953310,0.413249,0.785714,0.460302
1535,5,8,48.628688,44.408553,26.018583,-208.317200,0.936031,0.351917,-0.000023
1536,5,6,0.204733,45.923960,21.184177,-205.955131,0.831811,-0.335965,0.441835
1537,5,6,4.461675,45.845945,21.425452,-209.136969,0.883158,-0.344797,-0.318036
1538,5,6,2.941451,44.348407,25.919147,-211.105172,0.661933,0.248566,-0.707149
1539,5,6,4.550572,42.480341,30.384378,-209.157497,0.447327,0.830755,-0.331279
1540,5,6,0.748451,42.165816,30.346904,-209.213602,-0.380742,0.803577,-0.457493
1541,5,0,0.466002,44.063038,25.812018,-211.250735,-0.000020,-0.000007,-1.000000
1542,5,6,0.732760,45.583655,21.248272,-209.195830,0.239134,-0.854836,-0.460512
1543,5,6,0.168790,45.527065,21.466296,-205.411222,0.181272,-0.622834,0.761064
1544,5,6,0.807006,45.758288,21.747684,-205.410823,0.797881,-0.208605,0.565571
1545,5,6,8.397108,44.439967,25.996841,-205.520841,0.936071,0.351759,0.005969
1546,5,6,0.986445,45.376814,22.975341,-204.821239,0.721065,0.064206,0.689886
1547,5,6,0.165563,45.102451,22.850946,-204.686048,0.074870,-0.215482,0.973633
1548,5,6,10.211164,43.944230,25.833753,-204.199940,0.936920,0.349412,-0.009635
1549,5,6,0.384755,42.488175,29.646044,-204.028966,0.153527,-0.342013,-0.927069
1550,5,6,0.466160,44.070506,25.812022,-203.561254,-0.008815,-0.003574,-0.999955
1551,5,6,0.369970,45.380966,21.962179,-204.026525,-0.116384,0.370368,-0.921565
1552,5,6,0.171623,42.882106,28.756064,-204.687795,-0.085243,0.203932,0.975267
1553,5,6,1.025952,43.170662,28.844591,-204.823028,0.585561,0.420426,0.693080
1554,5,6,2.907248,44.342879,25.919321,-204.706724,0.662246,0.249048,0.706686
1555,5,6,0.468579,44.060396,25.812555,-204.561212,0.008908,0.003603,0.999954
1556,5,6,0.826536,42.630912,30.070413,-205.408550,0.469575,0.667211,0.578212
1557,5,8,82.141714,32.957271,45.325226,-208.612484,0.765947,0.642904,-0.000043
1558,5,6,4.400419,28.734376,50.330270,-205.468980,0.704205,0.709892,0.012215
1559,5,6,12.222384,36.895364,40.381753,-205.473416,0.824368,0.565970,0.009739
1560,5,6,5.486263,31.894299,46.954674,-205.451518,0.754138,0.656619,0.011298
1561,5,1,3.997315,31.592073,47.316563,-206.505699,0.748344,0.663310,-0.000039
1562,5,1,20.224700,33.371192,45.209806,-333.375946,0.775350,0.631532,-0.000089
1563,5,1,3.219040,34.860431,43.320693,-336.354444,0.797131,0.603807,-0.000083
1564,5,1,19.145413,36.562628,40.979372,-333.376871,0.821334,0.570448,-0.000081
1565,5,1,11.430858,35.019347,43.109002,-331.974011,0.798965,0.601377,-0.000088
1566,5,1,0.399059,35.190324,42.881398,-334.971846,0.000000,0.000000,1.000000
1567,5,1,0.119592,34.782188,43.430626,-334.544846,0.795636,0.605776,-0.000086
1568,5,1,0.030322,34.899666,43.276091,-334.740231,0.795917,0.605406,-0.000086
1569,5,1,0.119639,34.712033,43.522280,-334.703170,0.794520,0.607238,-0.000086
1570,5,1,0.030364,34.864349,43.322491,-334.851880,0.795300,0.606217,-0.000086
1571,5,1,0.119644,34.675554,43.569791,-334.879783,0.794064,0.607834,-0.000086
1572,5,1,0.030380,34.852271,43.338326,-334.971724,0.796008,0.605286,-0.000086
1573,5,1,0.119644,34.675431,43.569924,-335.062655,0.794064,0.607834,-0.000086
1574,5,1,0.030364,34.864323,43.322491,-335.091569,0.795299,0.606217,-0.000086
1575,5,1,0.119639,34.711673,43.522672,-335.239338,0.794519,0.607239,-0.000086
1576,5,1,0.030322,34.899616,43.276091,-335.203218,0.795916,0.605407,-0.000086
1577,5,1,0.119593,34.781618,43.431248,-335.397797,0.795635,0.605777,-0.000085
1578,5,1,0.030268,34.955574,43.202341,-335.299059,0.796893,0.604120,-0.000085
1579,5,1,0.119457,34.880156,43.301891,-335.527216,0.796613,0.604490,-0.000085
1580,5,1,0.030218,35.028167,43.106318,-335.372581,0.798160,0.602445,-0.000085
1581,5,1,0.119207,35.000159,43.143446,-335.618752,0.798334,0.602215,-0.000085
1582,5,1,0.030179,35.112257,42.994586,-335.418799,0.799626,0.600499,-0.000085
1583,5,1,0.118863,35.133087,42.966757,-335.666159,0.800118,0.599843,-0.000084
1584,5,0,0.030148,35.201983,42.874756,-335.434567,0.801187,0.598414,-0.000085
1585,5,1,0.118487,35.269670,42.783899,-335.666227,0.802248,0.596991,-0.000084
1586,5,1,0.030118,35.291208,42.755001,-335.418793,0.802736,0.596335,-0.000084
1587,5,1,0.118155,35.400613,42.607330,-335.618982,0.803998,0.594632,-0.000084
1588,5,1,0.030079,35.373883,42.643470,-335.372535,0.804169,0.594401,-0.000084
1589,5,1,0.117920,35.517214,42.449049,-335.527661,0.805404,0.592726,-0.000084
1590,5,1,0.030031,35.444509,42.547769,-335.298950,0.805392,0.592742,-0.000084
1591,5,1,0.117795,35.611890,42.319796,-335.398479,0.806784,0.590846,-0.000083
1592,5,1,0.029981,35.498463,42.474396,-335.203076,0.806326,0.591472,-0.000084
1593,5,1,0.117752,35.678583,42.228353,-335.240218,0.807653,0.589659,-0.000083
1594,5,1,0.029942,35.532272,42.428308,-335.091467,0.806910,0.590674,-0.000084
1595,5,1,0.117748,35.713072,42.180947,-335.063647,0.808083,0.589069,-0.000083
1596,5,1,0.029927,35.543792,42.412595,-334.971724,0.806233,0.591599,-0.000084
1597,5,1,0.117747,35.713186,42.180815,-334.880804,0.808083,0.589068,-0.000084
1598,5,1,0.029942,35.532297,42.428308,-334.851982,0.806911,0.590673,-0.000084
1599,5,1,0.117752,35.678918,42.227967,-334.704166,0.807653,0.589658,-0.000084
1600,5,1,0.029981,35.498512,42.474396,-334.740373,0.806326,0.591471,-0.000084
1601,5,1,0.117794,35.612425,42.319181,-334.545774,0.806436,0.591321,-0.000084
1602,5,1,0.030031,35.444578,42.547769,-334.644499,0.805393,0.592741,-0.000084
1603,5,1,0.117919,35.517917,42.448246,-334.416407,0.805663,0.592374,-0.000085
1604,5,1,0.030079,35.373967,42.643470,-334.570914,0.804171,0.594399,-0.000085
1605,5,1,0.118153,35.401438,42.606394,-334.324858,0.804000,0.594630,-0.000085
1606,5,1,0.030118,35.291302,42.755001,-334.524656,0.802738,0.596332,-0.000085
1607,5,1,0.118485,35.270564,42.782893,-334.277358,0.802250,0.596988,-0.000085
1608,5,0,0.030148,35.202081,42.874756,-334.508882,0.801188,0.598413,-0.000086
1609,5,1,0.118861,35.133990,42.965750,-334.277161,0.800120,0.599840,-0.000086
1610,5,1,0.030179,35.112353,42.994586,-334.524650,0.799627,0.600497,-0.000086
1611,5,1,0.119205,35.001010,43.142506,-334.324312,0.798336,0.602213,-0.000086
1612,5,1,0.030218,35.028253,43.106317,-334.570868,0.798162,0.602443,-0.000086
1613,5,1,0.119455,34.880893,43.301082,-334.415617,0.796881,0.604137,-0.000086
1614,5,1,0.030268,34.955644,43.202341,-334.644390,0.796895,0.604118,-0.000086
1615,5,1,0.068705,35.201936,42.874817,-334.971724,0.801186,0.598415,-0.000085
1616,5,6,33.767522,-14.759256,59.378773,-205.467176,-0.418040,0.908294,0.015629
1617,5,6,12.997811,-38.762698,37.467244,-205.439795,-0.850447,0.525978,0.009286
1618,5,6,5.070701,-46.999587,17.414376,-205.454627,-0.977453,0.211121,0.003633
1619,5,6,12.212179,-31.853286,46.899438,-205.490578,-0.757395,0.652863,0.011061
1620,5,8,237.091515,-34.885165,42.955822,-214.971556,-0.795561,0.605874,-0.000053
1621,5,6,0.642624,-41.788333,31.864176,-205.502972,-0.893259,-0.205451,-0.399848
1622,5,6,0.234941,-41.976014,31.470320,-204.961609,-0.858248,-0.150658,-0.490625
1623,5,6,2.465250,-42.749052,29.816502,-203.893916,-0.753511,0.059414,-0.654745
1624,5,6,2.942621,-44.356839,25.920483,-203.418573,-0.655380,0.246845,-0.713824
1625,5,6,2.373251,-45.690724,22.004180,-203.893486,-0.601800,0.460669,-0.652396
1626,5,6,0.221163,-46.160824,20.343739,-204.960739,-0.543248,0.688920,-0.479866
1627,5,6,0.129883,-45.911579,20.090502,-205.445956,0.210240,0.789587,-0.576499
1628,5,6,0.637115,-46.268227,19.947808,-205.502829,-0.536471,0.751563,-0.383864
1629,5,6,0.118758,-46.345999,19.656566,-206.019638,-0.527179,0.793741,-0.303409
1630,5,6,5.700303,-46.083821,20.576187,-210.006565,-0.580830,0.723867,0.372361
1631,5,6,2.942354,-44.348166,25.919668,-212.396313,-0.661938,0.248576,0.707141
1632,5,6,5.817923,-42.085431,31.220013,-210.037291,-0.908533,-0.156555,0.387374
1633,5,6,0.128252,-41.647834,32.155879,-206.020294,-0.913996,-0.247141,-0.321766
1634,5,6,0.906301,-41.847722,31.006336,-209.894501,-0.374353,-0.763523,0.526206
1635,5,6,0.132905,-41.615637,31.515288,-205.445984,-0.350511,-0.713553,-0.606616
1636,5,6,0.384782,-42.488172,29.646059,-204.028974,-0.152643,-0.340191,-0.927885
1637,5,6,0.466046,-44.070316,25.812546,-203.561254,0.008814,-0.003574,-0.999955
1638,5,6,0.370041,-45.380802,21.962686,-204.026376,0.117150,0.373173,-0.920336
1639,5,6,10.211187,-43.944231,25.833750,-204.199940,-0.936920,0.349411,-0.009635
1640,5,6,1.569064,-41.893629,30.819370,-205.437902,-0.903738,0.428019,0.007572
1641,5,6,1.473767,-45.677307,20.754987,-205.435608,-0.962980,0.269532,0.004802
1642,5,6,0.173515,-42.267908,30.138556,-205.411024,0.264320,0.567080,0.780099
1643,5,6,0.826547,-42.630888,30.070444,-205.408658,-0.469571,0.667222,0.578202
1644,5,6,8.397194,-44.440008,25.996725,-205.520842,-0.936072,0.351758,0.005969
1645,5,6,1.027011,-43.170948,28.843922,-204.822936,-0.585745,0.420116,0.693113
1646,5,6,0.171693,-42.882259,28.755719,-204.687747,0.084713,0.202764,0.975557
1647,5,6,0.468569,-44.060664,25.811842,-204.561212,-0.008908,0.003603,0.999954
1648,5,6,2.907121,-44.343393,25.917957,-204.706724,-0.662252,0.249033,0.706686
1649,5,6,0.985591,-45.377026,22.974690,-204.821337,-0.721157,0.063846,0.689823
1650,5,6,0.165506,-45.102546,22.850640,-204.686088,-0.075285,-0.216851,0.973297
1651,5,6,0.168824,-45.527112,21.466140,-205.411170,-0.181411,-0.623369,0.760592
1652,5,6,0.204959,-45.923981,21.184060,-205.955045,-0.831659,-0.335694,0.442326
1653,5,8,48.628821,-44.408576,26.018518,-208.317152,-0.936030,0.351920,-0.000023
1654,5,6,0.218647,-42.372276,30.636355,-205.953512,-0.413135,0.785952,0.459999
1655,5,6,4.549929,-42.480235,30.384617,-209.157281,-0.447182,0.830743,-0.331504
1656,5,6,2.944177,-44.348850,25.917875,-211.105177,-0.661939,0.248549,-0.707150
1657,5,6,4.459398,-45.846278,21.424370,-209.136083,-0.883268,-0.345028,-0.317480
1658,5,6,0.732351,-45.584019,21.247093,-209.194853,-0.239148,-0.854856,-0.460467
1659,5,8,21.749845,-43.788224,25.917565,-209.991154,-0.936365,0.351029,-0.000023
1660,5,6,0.748389,-42.165700,30.347167,-209.213292,0.380861,0.803818,-0.456970
1661,5,0,0.466451,-44.063530,25.810623,-211.250734,0.000023,-0.000010,-1.000000
1662,5,6,0.884884,-45.763384,20.585257,-209.868759,0.216990,0.820734,0.528499
1663,5,0,0.466113,-44.062781,25.812607,-212.250734,-0.000023,0.000010,1.000000
1664,5,6,0.806902,-45.758307,21.747641,-205.410668,-0.797901,-0.208612,0.565540
1665,5,6,1.588622,47.940400,3.083946,-205.474867,0.995120,-0.098653,-0.001697
1666,5,6,1.722166,47.466153,-0.250938,-205.484745,0.982982,-0.183675,-0.003063
1667,5,1,11.615996,47.768867,1.742669,-207.447530,0.990793,-0.135387,0.000009
1668,5,1,0.384815,47.771479,1.634161,-206.168778,0.990838,-0.135055,0.000009
1669,5,6,1.957122,47.741933,1.432280,-205.433484,0.990000,-0.141048,-0.002491
1670,5,6,1.862002,45.073186,-7.881248,-203.457200,0.384314,-0.923170,-0.007682
1671,5,6,0.678354,45.039072,-7.881118,-205.465661,0.384068,-0.923300,-0.003082
1672,5,6,13.256531,45.036872,-7.881073,-216.484821,0.383931,-0.923362,0.000019
1673,5,6,4.328788,44.335280,-9.429955,-229.656502,0.479655,-0.718503,0.503672
1674,5,6,14.919711,35.683937,-21.211142,-231.113204,0.511873,-0.484489,0.709406
1675,5,6,6.414631,22.737394,-31.497130,-229.861386,0.584483,-0.510116,0.631001
1676,5,6,0.988366,22.691898,-31.176984,-229.764899,0.557288,0.264066,0.787210
1677,5,0,2.061505,19.423359,-32.840107,-216.483017,0.913594,0.406628,0.000164
1678,5,8,112.447485,29.894693,-23.790522,-221.407852,0.000000,0.000000,1.000000
1679,5,0,2.053651,44.699203,-7.899090,-216.483866,-0.386022,-0.922489,-0.000007
1680,5,6,0.655230,44.013299,-9.395655,-229.569859,-0.285225,-0.637597,0.715623
1681,5,0,2.359964,35.462620,-21.005701,-230.967601,-0.000042,0.000065,1.000000
1682,5,6,0.105460,44.701602,-7.899076,-205.463948,-0.385905,-0.922536,0.002093
1683,5,6,1.159492,44.444206,-8.375005,-205.463615,0.917297,-0.398145,-0.006859
1684,5,6,2.494161,20.467476,-32.307894,-205.464327,0.427251,-0.904000,-0.015513
1685,5,6,0.104896,44.272290,-8.888029,-205.466996,0.410373,0.911914,-0.002447
1686,5,6,0.608145,44.416491,-9.174372,-205.467062,0.936702,0.350060,-0.006888
1687,5,6,34.704136,34.566581,-21.989829,-205.467165,0.710265,-0.703831,-0.012111
1688,5,6,0.610064,21.825257,-31.981204,-205.464920,-0.312288,-0.949942,0.009302
1689,5,0,11.906342,21.814568,-31.981582,-216.484614,-0.312808,-0.949816,-0.000044
1690,5,8,759.605984,34.590375,-21.973339,-217.710172,0.710184,-0.704016,0.000064
1691,5,0,11.917586,44.413893,-9.174438,-216.484388,0.936777,0.349927,0.000033
1692,5,0,2.055123,44.269744,-8.888061,-216.484406,0.410491,0.911865,0.000008
1693,5,6,0.493016,43.730724,-10.010665,-228.919714,0.297941,0.631074,-0.716224
1694,5,6,2.651371,43.900246,-10.225850,-228.788847,0.864095,0.108791,-0.491431
1695,5,6,13.419602,35.642970,-21.175205,-229.767286,0.515589,-0.480535,-0.709403
1696,5,0,2.359953,35.462028,-21.005954,-229.967601,0.000042,-0.000065,-1.000000
1697,5,6,0.721966,23.821030,-30.592083,-229.068643,-0.551234,-0.287611,-0.783212
1698,5,6,3.940445,24.054036,-30.746492,-228.929812,-0.031619,-0.844596,-0.534470
1699,5,0,2.063215,21.522881,-31.848737,-216.485332,-0.894543,-0.446982,-0.000143
1700,5,6,0.106099,21.534069,-31.848726,-205.461231,-0.893910,-0.447309,0.028978
1701,5,6,51.225859,32.191858,-22.677179,-199.901749,0.510178,-0.860043,-0.006593
1702,5,0,0.289189,44.306533,-8.888349,-203.457494,0.409992,0.912053,-0.008167
1703,5,6,1.675300,44.450805,-9.174610,-203.458899,0.936428,0.350362,-0.018662
1704,5,6,174.747927,34.757159,-21.914917,-202.224040,0.710121,-0.703973,-0.012265
1705,5,6,1.668553,21.865914,-31.981612,-203.459296,-0.312340,-0.949963,0.003724
1706,5,0,0.289157,21.573977,-31.848864,-203.454754,-0.894319,-0.447298,0.010833
1707,5,6,0.720472,23.897285,-30.602368,-199.892176,-0.546610,-0.290403,0.785420
1708,5,6,3.929775,24.127272,-30.757586,-200.033688,-0.030547,-0.846985,0.530738
1709,5,6,13.452296,35.740968,-21.189965,-199.188772,0.521608,-0.486686,0.700758
1710,5,6,2.365724,35.563852,-21.020407,-198.985484,0.008814,-0.008228,0.999927
1711,5,6,0.491694,43.834343,-10.011018,-200.030871,0.310002,0.628551,0.713318
1712,5,6,2.642804,44.001524,-10.225941,-200.165117,0.872574,0.106931,0.476634
1713,5,6,0.987516,22.773495,-31.188493,-199.197257,0.552484,0.266428,-0.789796
1714,5,6,6.407842,22.820073,-31.508685,-199.101680,0.582459,-0.507144,-0.635253
1715,5,6,14.962317,35.802735,-21.226690,-197.843541,0.505142,-0.479431,-0.717619
1716,5,6,4.315583,44.452142,-9.430698,-199.298887,0.471764,-0.716382,-0.514038
1717,5,6,0.652760,44.129106,-9.395345,-199.380690,-0.296816,-0.634442,-0.713711
1718,5,0,0.288846,44.735617,-7.899386,-203.452496,-0.385524,-0.922666,0.007686
1719,5,6,2.364622,35.579205,-21.021263,-197.985621,-0.008591,0.008022,-0.999931
1720,5,6,1566.824927,10.593869,0.940967,-24.784849,0.810092,0.468879,0.352000
1721,5,6,20.675525,12.126088,18.326710,-36.914838,0.657747,0.554790,0.509487
1722,5,6,0.368498,2.664156,26.488564,-37.434597,-0.014016,0.997000,-0.076125
1723,5,6,0.771579,1.751622,26.583577,-37.350575,0.214981,0.974020,-0.071197
1724,5,6,1.012284,0.673732,27.171823,-37.946372,0.627461,0.751793,0.202733
1725,5,6,5.365720,0.433046,30.196003,-41.865174,0.722428,0.554159,0.413528
1726,5,6,1.482626,0.930178,33.217470,-46.093138,0.547693,0.341612,0.763763
1727,5,6,7.075657,6.779777,33.528091,-49.152693,0.548870,0.117896,0.827552
1728,5,6,1.922988,12.282196,32.977758,-53.150750,0.295621,0.292239,0.909508
1729,5,6,4.002381,14.283392,29.771078,-50.875541,-0.069891,0.626850,0.775999
1730,5,6,1.372375,15.382664,26.827499,-48.182035,-0.036723,0.876896,0.479276
1731,5,6,10.002959,9.536681,26.486233,-41.684826,0.022831,0.999617,0.015615
1732,5,6,1.599692,9.101057,26.380858,-41.784302,-0.397428,0.711824,-0.579101
1733,5,6,0.282882,1.241757,26.716685,-37.944159,0.646602,0.479714,-0.593111
1734,5,6,0.799874,0.571979,29.949379,-42.051958,0.999431,-0.027053,-0.020156
1735,5,6,0.212523,1.032261,32.908531,-46.205042,0.732102,-0.406355,0.546720
1736,5,6,1.101930,6.731214,33.199115,-49.208680,0.401674,-0.616667,0.677037
1737,5,6,0.312256,12.082658,32.710532,-53.173405,-0.140930,-0.386935,0.911274
1738,5,6,0.618854,13.992288,29.603136,-50.911582,-0.717728,0.229847,0.657295
1739,5,6,0.190649,15.069903,26.726454,-48.288383,-0.746634,0.626391,0.223989
1740,5,6,167.863828,7.592730,29.663279,-45.213314,0.390400,0.745179,0.540644
1741,5,6,20.675475,-12.126090,18.326714,-36.914838,-0.657746,0.554792,0.509486
1742,5,6,0.771622,-1.751639,26.583570,-37.350567,-0.214977,0.974020,-0.071198
1743,5,6,0.368476,-2.664190,26.488562,-37.434600,0.014025,0.997000,-0.076123
1744,5,6,10.002941,-9.536735,26.486231,-41.684875,-0.022813,0.999617,0.015640
1745,5,6,1.372309,-15.382679,26.827519,-48.182078,0.036726,0.876886,0.479293
1746,5,6,4.002570,-14.283369,29.771131,-50.875581,0.069753,0.626895,0.775975
1747,5,6,1.922956,-12.282174,32.977835,-53.150851,-0.295606,0.292244,0.909511
1748,5,6,7.076045,-6.779561,33.528054,-49.152559,-0.548842,0.117849,0.827577
1749,5,6,1.482147,-0.929877,33.217667,-46.093393,-0.547802,0.341648,0.763669
1750,5,6,5.366070,-0.433046,30.196157,-41.865386,-0.722427,0.554160,0.413527
1751,5,6,1.012270,-0.673726,27.171821,-37.946369,-0.627463,0.751789,0.202739
1752,5,6,0.282890,-1.241778,26.716671,-37.944143,-0.646590,0.479724,-0.593116
1753,5,6,1.599721,-9.101191,26.380857,-41.784405,0.397598,0.711910,-0.578879
1754,5,6,0.190638,-15.069916,26.726473,-48.288422,0.746639,0.626375,0.224019
1755,5,6,0.618821,-13.992269,29.603172,-50.911613,0.717729,0.229846,0.657294
1756,5,6,0.312248,-12.082636,32.710608,-53.173505,0.140949,-0.386925,0.911275
1757,5,6,1.101992,-6.731085,33.199080,-49.208581,-0.401687,-0.616696,0.677003
1758,5,6,0.212439,-1.031985,32.908734,-46.205308,-0.732271,-0.406269,0.546558
1759,5,6,0.799926,-0.571979,29.949533,-42.052170,-0.999431,-0.027053,-0.020155
1760,5,6,167.864239,-7.592691,29.663285,-45.213309,-0.390399,0.745180,0.540644
1761,5,6,1566.824923,-10.593870,0.940963,-24.784844,-0.818005,-0.468563,0.333642
1762,5,6,572.301836,-0.001444,0.070942,-6.179871,0.338231,-0.264267,0.903196
1763,5,6,9.302519,42.278571,30.908293,-194.404880,0.987079,-0.160218,-0.002380
1764,5,6,2.944283,44.400384,25.918612,-198.895164,0.666396,0.252779,0.701441
1765,5,6,9.067157,46.104797,20.889114,-194.407780,0.623854,0.781523,-0.005343
1766,5,6,2.947942,44.444326,25.920460,-189.919738,0.659785,0.253476,-0.707413
1767,5,6,0.466277,44.160307,25.809512,-190.065207,-0.000601,-0.000453,-1.000000
1768,5,6,1.420312,42.045362,30.685797,-194.407113,0.156125,-0.304410,0.939659
1769,5,6,0.466478,44.116524,25.810781,-198.747144,0.007404,0.003059,0.999968
1770,5,6,1.380346,45.782177,20.902635,-194.407459,-0.093048,0.330887,-0.939072
1771,5,6,35.049305,43.904961,25.895959,-194.404583,0.934426,0.356130,-0.004489
1772,5,6,0.467133,44.159297,25.809476,-191.064688,0.001677,0.000870,0.999998
1773,5,6,2.948001,44.443525,25.918929,-191.210861,0.661448,0.253733,0.705766
1774,5,6,57.095876,44.494227,26.016684,-194.407586,0.934078,0.357037,-0.004799
1775,5,6,6.475544,45.871807,21.696517,-194.408321,0.940571,-0.339530,-0.006832
1776,5,6,2.945338,44.410502,25.919594,-197.604032,0.656128,0.249270,-0.712293
1777,5,6,6.639948,42.658306,30.111561,-194.405640,0.488599,0.872509,-0.000569
1778,5,6,1.091523,42.348575,30.062518,-194.404453,-0.151723,0.306314,-0.939761
1779,5,6,0.466098,44.124665,25.810677,-197.747383,-0.006906,-0.002872,-0.999972
1780,5,6,1.064154,45.607453,21.528418,-194.404285,0.098234,-0.327734,0.939649
1781,5,6,9.314812,42.189497,30.905885,-180.915774,0.988226,-0.152059,0.016974
1782,5,6,2.951904,44.431856,25.919259,-185.397278,0.655650,0.253534,0.711227
1783,5,6,9.078197,46.085612,20.889813,-180.907067,0.620853,0.783890,0.007606
1784,5,6,2.954994,44.299192,25.917402,-176.423352,0.673706,0.263350,-0.690483
1785,5,6,0.468709,44.018665,25.807140,-176.575991,0.021685,0.008367,-0.999730
1786,5,6,1.422642,41.958413,30.681362,-180.918938,0.141846,-0.307795,0.940820
1787,5,6,0.467045,44.146687,25.809145,-185.253463,-0.005692,-0.002009,0.999982
1788,5,6,1.382474,45.763045,20.902336,-180.907255,-0.076242,0.334243,-0.939398
1789,5,6,35.117001,43.850878,25.896308,-180.913961,0.932125,0.361866,0.014021
1790,5,6,0.466050,44.041239,25.807387,-177.574972,-0.019571,-0.007520,0.999780
1791,5,6,2.957382,44.327815,25.919521,-177.714369,0.645194,0.251897,0.721299
1792,5,6,57.242958,44.445014,26.018311,-180.907581,0.931769,0.362793,0.013712
1793,5,6,6.484864,45.850713,21.696602,-180.906528,0.942405,-0.334235,0.012615
1794,5,6,2.952979,44.422642,25.918222,-184.106187,0.664630,0.257354,-0.701452
1795,5,6,6.650871,42.578148,30.109975,-180.913841,0.482794,0.875695,0.008304
1796,5,6,1.091210,42.268248,30.059532,-180.921789,-0.137459,0.310147,-0.940699
1797,5,6,0.467001,44.139560,25.808293,-184.254210,0.007235,0.002617,-0.999970
1798,5,6,1.063497,45.587358,21.526050,-180.912955,0.081742,-0.331688,0.939841
1799,5,6,9.332241,41.739571,30.903876,-167.434863,0.987934,-0.146407,0.050509
1800,5,6,2.961783,44.161335,25.919761,-171.901685,0.635317,0.249604,0.730801
1801,5,6,9.095100,45.689992,20.889592,-167.402026,0.617648,0.785882,0.029996
1802,5,6,2.961607,43.717624,25.914475,-162.928631,0.695632,0.275325,-0.663545
1803,5,6,0.467627,43.442830,25.805423,-163.092203,0.055069,0.021855,-0.998243
1804,5,6,1.421108,41.508933,30.680510,-167.443338,0.115478,-0.314851,0.942090
1805,5,6,0.465551,43.873131,25.806588,-171.766548,-0.032675,-0.012786,0.999384
1806,5,6,1.380670,45.368439,20.898497,-167.409693,-0.045740,0.341484,-0.938774
1807,5,6,35.206488,43.428382,25.896690,-167.429510,0.929420,0.366102,0.046345
1808,5,6,0.467181,43.504526,25.806027,-164.090894,-0.052368,-0.020759,0.998412
1809,5,6,2.963255,43.795035,25.921229,-164.219328,0.619955,0.245208,0.745338
1810,5,6,57.430275,44.026856,26.019662,-167.407311,0.929075,0.367017,0.046024
1811,5,6,6.495023,45.454354,21.696432,-167.403863,0.942505,-0.330864,0.047052
1812,5,6,2.957811,44.113992,25.916338,-170.610753,0.682346,0.268364,-0.679989
1813,5,6,6.659462,42.135580,30.109390,-167.428694,0.477582,0.878277,0.023348
1814,5,6,1.093681,41.826640,30.056507,-167.448975,-0.111053,0.317931,-0.941587
1815,5,6,0.469568,43.835587,25.806744,-170.767713,0.035106,0.013768,-0.999289
1816,5,6,1.066157,45.191808,21.525549,-167.424282,0.050983,-0.337519,0.939937
1817,5,6,9.349607,40.748428,30.904581,-153.956568,0.985126,-0.144234,0.093393
1818,5,6,2.962974,43.388407,25.922149,-158.406659,0.607133,0.241004,0.757171
1819,5,6,9.110099,44.728989,20.888330,-153.894001,0.614279,0.786963,0.057883
1820,5,6,2.965732,42.540389,25.912325,-149.434928,0.719860,0.286772,-0.632110
1821,5,6,0.466392,42.272332,25.805417,-149.610552,0.092795,0.037193,-0.994990
1822,5,6,1.425578,40.521021,30.679691,-153.991357,0.082597,-0.325051,0.942083
1823,5,6,0.469728,43.095848,25.805918,-158.283856,-0.068351,-0.027253,0.997289
1824,5,6,1.385032,44.409248,20.897946,-153.931587,-0.007695,0.349871,-0.936766
1825,5,6,35.341958,42.453242,25.896809,-153.948396,0.925716,0.367856,0.087934
1826,5,6,0.470056,42.380103,25.805462,-150.609150,-0.089987,-0.036052,0.995290
1827,5,6,2.963730,42.675217,25.922872,-150.724529,0.590176,0.235043,0.772300
1828,5,6,57.672071,43.051828,26.020126,-153.906088,0.925392,0.368673,0.087913
1829,5,6,6.508416,44.492041,21.695376,-153.901139,0.939511,-0.330172,0.091138
1830,5,6,2.966344,43.285721,25.912930,-157.116402,0.706271,0.280464,-0.650016
1831,5,6,6.675680,41.148183,30.109803,-153.949994,0.473802,0.879578,0.043048
1832,5,6,1.094799,40.838773,30.056665,-153.967941,-0.077579,0.327903,-0.941520
1833,5,6,0.466113,43.013657,25.805264,-157.285247,0.071152,0.028391,-0.997061
1834,5,6,1.066958,44.229979,21.523023,-153.919906,0.013259,-0.346501,0.937956
1835,5,6,9.373367,39.165893,30.906755,-140.481815,0.980314,-0.144400,0.134657
1836,5,6,2.965576,42.007852,25.923303,-144.911978,0.577541,0.230481,0.783150
1837,5,6,9.129422,43.163325,20.885967,-140.390381,0.610086,0.787857,0.084117
1838,5,6,2.964516,40.778467,25.910221,-135.941525,0.741408,0.296910,-0.601796
1839,5,6,0.469659,40.516911,25.805789,-136.128075,0.128896,0.051947,-0.990297
1840,5,6,1.430200,38.939559,30.680405,-140.516762,0.049418,-0.337968,0.939859
1841,5,6,0.469192,41.711104,25.805121,-144.802226,-0.106139,-0.042628,0.993437
1842,5,6,1.389797,42.843314,20.896216,-140.428147,-0.154450,0.827515,-0.539782
1843,5,6,35.521892,40.880050,25.897003,-140.467411,0.921061,0.368178,0.126851
1844,5,6,0.467901,40.665756,25.805714,-137.126878,-0.126384,-0.050913,0.990674
1845,5,6,2.967652,40.964565,25.925140,-137.229781,0.561386,0.224728,0.796457
1846,5,6,57.998651,41.476475,26.020339,-140.405961,0.920803,0.368837,0.126814
1847,5,6,6.526211,42.924274,21.693788,-140.397337,0.934404,-0.331035,0.131546
1848,5,6,2.965010,41.850278,25.911233,-143.623139,0.729583,0.291243,-0.618778
1849,5,6,6.695542,39.566712,30.111074,-140.467557,0.470418,0.880289,0.061629
1850,5,6,1.097540,39.259101,30.058338,-140.505563,-0.043135,0.339223,-0.939716
1851,5,6,0.468060,41.585000,25.805698,-143.803561,0.108860,0.043739,-0.993094
1852,5,6,1.069400,42.664808,21.521310,-140.437857,0.168318,-0.823932,0.541114
1853,5,6,3.467333,24.899061,42.712423,-107.238573,0.910323,0.212921,-0.354931
1854,5,6,8.944246,26.005774,43.923289,-116.222784,0.972370,-0.064387,0.224389
1855,5,6,3.690527,28.944764,42.753142,-125.196808,0.741411,0.103401,0.663037
1856,5,6,24.961248,39.073512,23.109733,-126.265266,0.545029,0.188191,0.817023
1857,5,6,3.155434,42.819100,1.979083,-125.119844,0.689751,0.408570,0.597758
1858,5,6,8.888124,41.070648,0.851421,-116.212806,0.775903,0.613524,0.146841
1859,5,6,3.126926,39.439099,1.979188,-107.314958,0.855795,0.413214,-0.311238
1860,5,6,25.076300,34.962370,23.146347,-106.167555,0.784628,0.281643,-0.552301
1861,5,6,3.955265,34.717401,23.050089,-106.372224,0.189854,0.067476,-0.979491
1862,5,6,0.518490,24.754234,42.443244,-107.378977,0.588720,-0.461288,-0.663794
1863,5,6,1.397406,25.876174,43.612636,-116.253297,0.640854,-0.753327,0.147661
1864,5,6,0.558690,28.759749,42.476695,-125.143044,0.321876,-0.558451,0.764544
1865,5,6,3.931356,38.771070,23.010837,-126.171351,-0.154307,-0.051739,0.986667
1866,5,6,0.470368,42.511876,2.111720,-125.081336,-0.041751,0.711628,0.701315
1867,5,6,1.378298,40.790614,1.033766,-116.265001,0.117642,0.992798,0.022622
1868,5,6,0.466699,39.165258,2.106338,-107.463953,0.208166,0.703286,-0.679747
1869,5,6,131.048770,35.142853,23.820662,-116.225545,0.000000,0.000000,1.000000
1870,5,6,1.396043,26.745324,42.620410,-116.256538,-0.624476,0.768039,-0.141939
1871,5,6,8.941908,27.064567,42.702954,-116.182129,0.091635,0.995575,0.020841
1872,5,6,753.728307,36.952778,23.338900,-116.169266,0.923761,0.333330,0.188568
1873,5,6,1.844143,39.667664,2.799872,-108.128471,0.583258,-0.536166,0.610193
1874,5,6,8.891659,41.210404,2.140112,-116.207146,0.629539,-0.767696,0.119681
1875,5,6,1.862213,42.750720,2.802572,-124.304176,0.757172,-0.550920,-0.350967
1876,5,6,24.929418,38.848035,23.097129,-124.978063,0.767854,0.263930,-0.583731
1877,5,6,2.226436,29.412321,41.975687,-124.342101,0.378836,0.806447,-0.454012
1878,5,6,0.371692,29.142201,41.862771,-124.485338,-0.313509,0.567099,-0.761650
1879,5,6,3.945594,38.588985,23.018556,-125.172364,0.156450,0.052564,-0.986286
1880,5,6,0.313033,42.466961,2.743139,-124.447026,0.056638,-0.713094,-0.698777
1881,5,6,1.375292,40.898845,2.022604,-116.266222,-0.093276,-0.995476,-0.018081
1882,5,6,0.310956,39.352281,2.737250,-108.099283,-0.195204,-0.704785,0.682036
1883,5,6,3.970245,34.938132,23.064557,-107.371432,-0.188425,-0.066700,0.979820
1884,5,6,25.075603,35.245775,23.157242,-107.452591,0.512205,0.184053,0.838910
1885,5,6,2.037297,25.748025,41.971337,-108.066961,0.194417,0.731876,0.653115
1886,5,6,0.345853,25.454943,41.839916,-108.041252,-0.580039,0.476376,0.660773
1887,5,6,1.044084,-30.740143,-26.533505,-336.907121,-0.617425,-0.786345,0.021154
1888,5,6,9.452899,30.422653,-26.728836,-336.582565,0.606708,-0.789279,0.094575
1889,5,1,41.469023,9.527887,0.472113,-331.500000,-0.707107,0.707107,0.000000
1890,5,0,286.000000,10.400000,15.000000,-331.500000,-1.000000,0.000000,0.000000
1891,5,1,41.469023,9.527887,29.527887,-331.500000,-0.707107,-0.707107,0.000000
1892,5,0,176.000000,0.000000,30.400000,-331.500000,0.000000,-1.000000,0.000000
1893,5,1,41.469023,-9.527887,29.527887,-331.500000,0.707107,-0.707107,0.000000
1894,5,0,286.000000,-10.400000,15.000000,-331.500000,1.000000,0.000000,0.000000
1895,5,1,41.469023,-9.527887,0.472113,-331.500000,0.707107,0.707107,0.000000
1896,5,0,176.000000,-0.000000,-0.400000,-331.500000,0.000000,1.000000,0.000000
1897,5,0,635.695574,-0.000000,15.000000,-326.000000,0.000000,0.000000,-1.000000
1898,6,6,15257.517991,-26.783437,47.580642,-455.109547,-0.672507,0.740091,0.000003
1899,6,6,9.056019,-45.991018,20.888292,-356.906029,-0.626355,0.779538,-0.000408
1900,6,6,2.945195,-44.340631,25.916905,-361.396309,-0.661862,0.248798,0.707134
1901,6,6,9.292825,-42.221912,30.910791,-356.908106,-0.985983,-0.166848,-0.000037
1902,6,6,2.940379,-44.339920,25.919863,-352.419955,-0.661806,0.248805,-0.707184
1903,6,0,0.465812,-44.054564,25.812700,-352.565515,0.000031,-0.000010,-1.000000
1904,6,6,1.379313,-45.668213,20.903193,-356.905838,0.083724,0.332652,0.939326
1905,6,0,0.466606,-44.055317,25.809656,-361.250728,-0.000037,0.000015,1.000000
1906,6,6,1.419643,-41.987535,30.688880,-356.907832,-0.151814,-0.301416,-0.941329
1907,6,8,34.996301,-43.819629,25.895954,-356.908158,-0.936230,0.351389,-0.000037
1908,6,0,0.466481,-44.055340,25.809704,-360.250728,0.000037,-0.000015,-1.000000
1909,6,6,2.944467,-44.340592,25.917134,-360.105176,-0.661854,0.248793,-0.707143
1910,6,8,56.980236,-44.404949,26.015380,-356.908201,-0.935897,0.352273,-0.000037
1911,6,6,6.632111,-42.594412,30.112990,-356.908112,-0.493307,0.869855,-0.000092
1912,6,6,1.090741,-42.284666,30.065625,-356.908009,0.147027,0.304126,0.941217
1913,6,0,0.466037,-44.054998,25.811384,-353.565515,-0.000031,0.000010,1.000000
1914,6,6,2.941158,-44.340149,25.919090,-353.711096,-0.661895,0.248829,0.707092
1915,6,6,6.465389,-45.759752,21.695462,-356.907025,-0.938932,-0.344103,0.000499
1916,6,6,1.062880,-45.494850,21.528579,-356.906753,-0.089219,-0.329455,-0.939947
1917,6,6,9.061764,-45.989544,20.890065,-461.202894,-0.626446,0.779465,0.000206
1918,6,6,2.939583,-44.338048,25.921155,-465.690377,-0.661802,0.248866,0.707166
1919,6,6,9.292942,-42.220333,30.910773,-461.202198,-0.985993,-0.166789,0.000023
1920,6,6,2.940470,-44.338441,25.919862,-456.714022,-0.661818,0.248858,-0.707154
1921,6,0,0.465830,-44.053099,25.812675,-456.859595,-0.000008,0.000003,-1.000000
1922,6,6,1.380193,-45.666767,20.904849,-461.202557,0.083539,0.331645,0.939698
1923,6,0,0.465780,-44.052888,25.813456,-465.544810,0.000009,-0.000004,1.000000
1924,6,6,1.419682,-41.985957,30.688871,-461.201845,-0.151874,-0.301367,-0.941335
1925,6,8,34.997071,-43.818363,25.895941,-461.202235,-0.936210,0.351442,0.000009
1926,6,0,0.465679,-44.052849,25.813554,-464.544810,-0.000009,0.000004,-1.000000
1927,6,6,2.939487,-44.338160,25.920825,-464.399237,-0.661825,0.248871,-0.707143
1928,6,8,56.981345,-44.403676,26.015403,-461.202256,-0.935877,0.352327,0.000009
1929,6,6,6.632194,-42.592883,30.112978,-461.202192,-0.493264,0.869880,-0.000062
1930,6,6,1.090770,-42.283139,30.065597,-461.202107,0.147082,0.304073,0.941226
1931,6,0,0.465936,-44.053364,25.811968,-457.859595,0.000008,-0.000003,1.000000
1932,6,6,2.940882,-44.338617,25.919408,-458.005162,-0.661818,0.248852,0.707156
1933,6,6,6.471775,-45.758156,21.697415,-461.202985,-0.939042,-0.343803,-0.000218
1934,6,6,1.063786,-45.493325,21.530319,-461.203076,-0.088979,-0.328318,-0.940367
1935,6,6,9.062120,-45.989641,20.890179,-476.203075,-0.626452,0.779460,0.000208
1936,6,6,2.939225,-44.338143,25.921419,-480.690378,-0.661801,0.248862,0.707169
1937,6,6,9.292927,-42.220545,30.910776,-476.202200,-0.985991,-0.166796,0.000028
1938,6,6,2.940464,-44.338594,25.919863,-471.714023,-0.661822,0.248854,-0.707151
1939,6,0,0.465830,-44.053251,25.812679,-471.859596,-0.000011,0.000004,-1.000000
1940,6,6,1.380307,-45.666829,20.905081,-476.202921,0.083524,0.331584,0.939721
1941,6,0,0.465612,-44.052804,25.814221,-480.544812,0.000013,-0.000006,1.000000
1942,6,6,1.419682,-41.986166,30.688878,-476.201829,-0.151875,-0.301365,-0.941336
1943,6,8,34.996977,-43.818536,25.895942,-476.202237,-0.936212,0.351435,0.000013
1944,6,0,0.465660,-44.053004,25.813647,-479.544812,-0.000013,0.000006,-1.000000
1945,6,6,2.939478,-44.338348,25.920821,-479.399237,-0.661834,0.248869,-0.707135
1946,6,8,56.981183,-44.403849,26.015402,-476.202256,-0.935880,0.352320,0.000013
1947,6,6,6.632182,-42.593089,30.112980,-476.202194,-0.493269,0.869877,-0.000059
1948,6,6,1.090770,-42.283345,30.065601,-476.202110,0.147083,0.304070,0.941227
1949,6,0,0.465925,-44.053503,25.812020,-472.859596,0.000011,-0.000004,1.000000
1950,6,6,2.940833,-44.338762,25.919445,-473.005163,-0.661822,0.248849,0.707154
1951,6,6,6.471808,-45.758290,21.697428,-476.202966,-0.939039,-0.343810,-0.000215
1952,6,6,1.063832,-45.493432,21.530417,-476.203165,-0.088981,-0.328325,-0.940364
1953,6,6,9.062108,-45.989815,20.890178,-491.203076,-0.626459,0.779454,0.000210
1954,6,6,2.939214,-44.338385,25.921421,-495.690378,-0.661801,0.248855,0.707171
1955,6,6,9.292906,-42.220827,30.910780,-491.202202,-0.985990,-0.166807,0.000032
1956,6,6,2.940456,-44.338806,25.919864,-486.714023,-0.661826,0.248849,-0.707149
1957,6,0,0.465828,-44.053463,25.812682,-486.859598,-0.000014,0.000005,-1.000000
1958,6,6,1.380307,-45.667003,20.905082,-491.202920,0.083522,0.331584,0.939721
1959,6,0,0.465608,-44.053045,25.814226,-495.544813,0.000017,-0.000007,1.000000
1960,6,6,1.419681,-41.986444,30.688887,-491.201828,-0.151876,-0.301364,-0.941336
1961,6,8,34.996849,-43.818764,25.895944,-491.202238,-0.936216,0.351426,0.000016
1962,6,0,0.465659,-44.053242,25.813651,-494.544813,-0.000017,0.000007,-1.000000
1963,6,6,2.939466,-44.338589,25.920817,-494.399238,-0.661843,0.248865,-0.707129
1964,6,8,56.980966,-44.404079,26.015400,-491.202256,-0.935883,0.352311,0.000016
1965,6,6,6.632166,-42.593363,30.112982,-491.202195,-0.493276,0.869873,-0.000057
1966,6,6,1.090770,-42.283617,30.065606,-491.202113,0.147083,0.304068,0.941227
1967,6,0,0.465916,-44.053704,25.812066,-487.859598,0.000014,-0.000005,1.000000
1968,6,6,2.940788,-44.338968,25.919476,-488.005163,-0.661825,0.248844,0.707152
1969,6,6,6.471832,-45.758469,21.697439,-491.202950,-0.939035,-0.343821,-0.000213
1970,6,6,1.063841,-45.493607,21.530437,-491.203138,-0.088981,-0.328331,-0.940362
1971,6,6,9.056821,-45.992934,20.879249,-383.093927,-0.626470,0.779446,-0.000306
1972,6,6,2.944094,-44.343124,25.908305,-387.583723,-0.661880,0.248721,0.707144
1973,6,6,9.292560,-42.225285,30.901492,-383.095520,-0.985961,-0.166975,-0.000018
1974,6,6,2.940255,-44.342539,25.910536,-378.607369,-0.661844,0.248730,-0.707175
1975,6,0,0.465790,-44.057173,25.803404,-378.752932,0.000019,-0.000006,-1.000000
1976,6,6,1.379446,-45.670130,20.894197,-383.093748,0.083650,0.332491,0.939389
1977,6,0,0.466421,-44.057787,25.801113,-387.438146,-0.000023,0.000009,1.000000
1978,6,6,1.419606,-41.990878,30.679614,-383.095250,-0.151794,-0.301425,-0.941330
1979,6,8,34.994665,-43.822333,25.886637,-383.095576,-0.936273,0.351275,-0.000022
1980,6,0,0.466322,-44.057828,25.801071,-386.438146,0.000023,-0.000009,-1.000000
1981,6,6,2.943495,-44.343114,25.908406,-386.292588,-0.661875,0.248718,-0.707150
1982,6,8,56.977135,-44.407647,26.006051,-383.095607,-0.935940,0.352160,-0.000022
1983,6,6,6.631918,-42.597677,30.103678,-383.095531,-0.493396,0.869805,-0.000083
1984,6,6,1.090713,-42.287925,30.056349,-383.095433,0.147004,0.304131,0.941219
1985,6,0,0.465888,-44.057400,25.802714,-379.752932,-0.000019,0.000006,1.000000
1986,6,6,2.940975,-44.342767,25.909822,-379.898509,-0.661899,0.248743,0.707118
1987,6,6,6.467338,-45.761698,21.686675,-383.094428,-0.938858,-0.344305,0.000197
1988,6,6,1.063077,-45.496804,21.519725,-383.094302,-0.088808,-0.327985,-0.940499
1989,6,6,9.060683,-45.945003,21.048599,-395.262041,-0.624309,0.781177,-0.000242
1990,6,6,2.946798,-44.279102,26.077312,-399.751736,-0.661168,0.250595,0.707148
1991,6,6,9.300784,-42.145212,31.069440,-395.263214,-0.986464,-0.163981,0.000046
1992,6,6,2.943400,-44.278561,26.079249,-390.775383,-0.661140,0.250606,-0.707171
1993,6,0,0.466291,-43.993503,25.971303,-390.920948,0.000014,-0.000005,-1.000000
1994,6,6,1.380360,-45.622200,21.062442,-395.262068,0.084502,0.331595,0.939630
1995,6,0,0.466848,-43.994067,25.969318,-399.606162,-0.000017,0.000007,1.000000
1996,6,6,1.420501,-41.911399,30.846948,-395.263368,-0.152713,-0.301160,-0.941266
1997,6,8,35.033039,-43.758019,26.055084,-395.263583,-0.935258,0.353966,-0.000016
1998,6,0,0.466765,-43.994091,25.969305,-398.606162,0.000017,-0.000007,-1.000000
1999,6,6,2.946292,-44.279079,26.077425,-398.460602,-0.661164,0.250594,-0.707152
2000,6,8,57.042592,-44.343247,26.175421,-395.263625,-0.934931,0.354828,-0.000016
2001,6,6,6.636446,-42.520122,30.272004,-395.263526,-0.491274,0.871005,-0.000076
2002,6,6,1.091449,-42.210497,30.223826,-395.263430,0.147828,0.303673,0.941238
2003,6,0,0.466486,-43.993900,25.970163,-391.920948,-0.000014,0.000005,1.000000
2004,6,6,2.944035,-44.278776,26.078597,-392.066522,-0.661181,0.250613,0.707130
2005,6,6,6.469874,-45.711328,21.855444,-395.262930,-0.940004,-0.341162,0.000341
2006,6,6,1.063643,-45.446898,21.687813,-395.262733,-0.090089,-0.328855,-0.940074
2007,6,6,9.057913,-45.992532,20.879511,-407.937294,-0.626567,0.779367,0.000196
2008,6,6,2.941101,-44.341934,25.910563,-412.426752,-0.661857,0.248755,0.707153
2009,6,6,9.292600,-42.224747,30.901486,-407.938555,-0.985964,-0.166955,-0.000002
2010,6,6,2.940283,-44.342052,25.910535,-403.450397,-0.661846,0.248747,-0.707167
2011,6,0,0.465794,-44.056691,25.803396,-403.595964,0.000009,-0.000003,-1.000000
2012,6,6,1.379845,-45.669628,20.894801,-407.937836,0.083541,0.331961,0.939587
2013,6,0,0.466187,-44.057010,25.802202,-412.281178,-0.000011,0.000004,1.000000
2014,6,6,1.419617,-41.990342,30.679609,-407.938272,-0.151811,-0.301412,-0.941331
2015,6,8,34.994941,-43.821901,25.886632,-407.938605,-0.936266,0.351293,-0.000010
2016,6,0,0.466184,-44.057198,25.801739,-411.281178,0.000011,-0.000004,-1.000000
2017,6,6,2.942667,-44.342503,25.909020,-411.135615,-0.661863,0.248735,-0.707155
2018,6,8,56.977934,-44.407224,26.006024,-407.938637,-0.935933,0.352178,-0.000011
2019,6,6,6.631946,-42.597156,30.103674,-407.938562,-0.493382,0.869813,-0.000075
2020,6,6,1.090722,-42.287405,30.056340,-407.938469,0.147020,0.304117,0.941222
2021,6,0,0.465975,-44.057062,25.802335,-404.595964,-0.000009,0.000003,1.000000
2022,6,6,2.940874,-44.342257,25.909929,-404.741537,-0.661873,0.248750,0.707141
2023,6,6,6.467972,-45.761267,21.686968,-407.937784,-0.938921,-0.344132,0.000273
2024,6,6,1.063196,-45.496408,21.519919,-407.937952,-0.089108,-0.329099,-0.940082
2025,6,6,9.062093,-45.990021,20.890178,-506.203076,-0.626468,0.779447,0.000211
2026,6,6,2.939201,-44.338668,25.921423,-510.690379,-0.661803,0.248846,0.707173
2027,6,6,9.292881,-42.221163,30.910784,-506.202203,-0.985988,-0.166819,0.000035
2028,6,6,2.940445,-44.339066,25.919866,-501.714023,-0.661831,0.248843,-0.707147
2029,6,0,0.465824,-44.053723,25.812686,-501.859599,-0.000016,0.000005,-1.000000
2030,6,6,1.380306,-45.667210,20.905084,-506.202924,0.083520,0.331585,0.939721
2031,6,0,0.465607,-44.053325,25.814232,-510.544814,0.000019,-0.000008,1.000000
2032,6,6,1.419681,-41.986776,30.688897,-506.201841,-0.151875,-0.301364,-0.941336
2033,6,8,34.996693,-43.819037,25.895946,-506.202239,-0.936220,0.351415,0.000019
2034,6,0,0.465658,-44.053521,25.813656,-509.544814,-0.000019,0.000008,-1.000000
2035,6,6,2.939452,-44.338870,25.920815,-509.399238,-0.661850,0.248859,-0.707124
2036,6,8,56.980703,-44.404352,26.015399,-506.202255,-0.935887,0.352300,0.000019
2037,6,6,6.632148,-42.593689,30.112985,-506.202197,-0.493285,0.869868,-0.000056
2038,6,6,1.090769,-42.283943,30.065612,-506.202115,0.147082,0.304068,0.941228
2039,6,0,0.465909,-44.053954,25.812104,-502.859599,0.000016,-0.000005,1.000000
2040,6,6,2.940749,-44.339223,25.919501,-503.005164,-0.661829,0.248837,0.707151
2041,6,6,6.471845,-45.758683,21.697448,-506.202937,-0.939031,-0.343833,-0.000211
2042,6,6,1.063848,-45.493818,21.530454,-506.203118,-0.088980,-0.328337,-0.940360
2043,6,6,9.062076,-45.990251,20.890178,-521.203077,-0.626478,0.779439,0.000211
2044,6,6,2.939186,-44.338978,25.921425,-525.690379,-0.661805,0.248837,0.707174
2045,6,6,9.292853,-42.221541,30.910788,-521.202202,-0.985985,-0.166832,0.000037
2046,6,6,2.940433,-44.339362,25.919867,-516.714024,-0.661835,0.248835,-0.707146
2047,6,0,0.465817,-44.054018,25.812689,-516.859599,-0.000017,0.000006,-1.000000
2048,6,6,1.380305,-45.667440,20.905086,-521.202933,0.083516,0.331586,0.939721
2049,6,0,0.465608,-44.053633,25.814240,-525.544815,0.000020,-0.000008,1.000000
2050,6,6,1.419679,-41.987149,30.688907,-521.201869,-0.151873,-0.301365,-0.941336
2051,6,8,34.996517,-43.819342,25.895949,-521.202239,-0.936224,0.351403,0.000020
2052,6,0,0.465657,-44.053828,25.813661,-524.544815,-0.000020,0.000008,-1.000000
2053,6,6,2.939437,-44.339179,25.920814,-524.399238,-0.661856,0.248851,-0.707121
2054,6,8,56.980406,-44.404658,26.015397,-521.202255,-0.935892,0.352288,0.000020
2055,6,6,6.632127,-42.594055,30.112988,-521.202197,-0.493295,0.869862,-0.000055
2056,6,6,1.090768,-42.284308,30.065619,-521.202116,0.147079,0.304068,0.941228
2057,6,0,0.465903,-44.054243,25.812130,-517.859599,0.000017,-0.000006,1.000000
2058,6,6,2.940717,-44.339516,25.919518,-518.005164,-0.661833,0.248829,0.707150
2059,6,6,6.471848,-45.758923,21.697454,-521.202928,-0.939026,-0.343847,-0.000210
2060,6,6,1.063851,-45.494054,21.530468,-521.203104,-0.088977,-0.328341,-0.940359
2061,6,6,9.062056,-45.990493,20.890177,-536.203077,-0.626489,0.779430,0.000212
2062,6,6,2.939170,-44.339304,25.921427,-540.690379,-0.661808,0.248827,0.707174
2063,6,6,9.292822,-42.221943,30.910793,-536.202201,-0.985983,-0.166847,0.000038
2064,6,6,2.940419,-44.339680,25.919869,-531.714024,-0.661839,0.248826,-0.707146
2065,6,0,0.465809,-44.054337,25.812692,-531.859600,-0.000018,0.000006,-1.000000
2066,6,6,1.380304,-45.667683,20.905088,-536.202946,0.083511,0.331587,0.939721
2067,6,0,0.465610,-44.053956,25.814248,-540.544815,0.000021,-0.000009,1.000000
2068,6,6,1.419678,-41.987547,30.688919,-536.201912,-0.151869,-0.301367,-0.941336
2069,6,8,34.996327,-43.819666,25.895951,-536.202239,-0.936229,0.351390,0.000021
2070,6,0,0.465656,-44.054150,25.813666,-539.544815,-0.000021,0.000009,-1.000000
2071,6,6,2.939421,-44.339503,25.920815,-539.399238,-0.661860,0.248842,-0.707120
2072,6,8,56.980083,-44.404982,26.015395,-536.202255,-0.935897,0.352275,0.000021
2073,6,6,6.632104,-42.594445,30.112992,-536.202198,-0.493305,0.869856,-0.000055
2074,6,6,1.090767,-42.284697,30.065626,-536.202117,0.147076,0.304070,0.941228
2075,6,0,0.465909,-44.054573,25.812101,-532.859600,0.000018,-0.000006,1.000000
2076,6,6,2.940476,-44.339775,25.919690,-533.005164,-0.661836,0.248822,0.707150
2077,6,6,6.472051,-45.759157,21.697523,-536.202820,-0.939020,-0.343862,-0.000209
2078,6,6,1.063870,-45.494295,21.530510,-536.203044,-0.088982,-0.328381,-0.940345
2079,6,6,9.062036,-45.990739,20.890177,-551.203077,-0.626501,0.779421,0.000212
2080,6,6,2.939153,-44.339633,25.921428,-555.690379,-0.661812,0.248817,0.707174
2081,6,6,9.292791,-42.222357,30.910798,-551.202199,-0.985980,-0.166863,0.000038
2082,6,6,2.940403,-44.340008,25.919870,-546.714023,-0.661843,0.248816,-0.707146
2083,6,0,0.465798,-44.054666,25.812695,-546.859600,-0.000017,0.000006,-1.000000
2084,6,6,1.380302,-45.667930,20.905090,-551.202964,0.083506,0.331589,0.939721
2085,6,0,0.465615,-44.054282,25.814256,-555.544815,0.000021,-0.000009,1.000000
2086,6,6,1.419676,-41.987956,30.688930,-551.201970,-0.151865,-0.301369,-0.941336
2087,6,8,34.996127,-43.819997,25.895954,-551.202239,-0.936235,0.351376,0.000020
2088,6,0,0.465654,-44.054477,25.813671,-554.544815,-0.000021,0.000009,-1.000000
2089,6,6,2.939404,-44.339832,25.920816,-554.399238,-0.661863,0.248832,-0.707121
2090,6,8,56.979745,-44.405314,26.015393,-551.202255,-0.935902,0.352261,0.000020
2091,6,6,6.632080,-42.594845,30.112995,-551.202198,-0.493316,0.869850,-0.000055
2092,6,6,1.090766,-42.285097,30.065634,-551.202116,0.147071,0.304072,0.941228
2093,6,0,0.465899,-44.054889,25.812146,-547.859600,0.000017,-0.000006,1.000000
2094,6,6,2.940682,-44.340166,25.919525,-548.005164,-0.661840,0.248810,0.707150
2095,6,6,6.471819,-45.759436,21.697456,-551.202927,-0.939015,-0.343877,-0.000210
2096,6,6,1.063850,-45.494562,21.530479,-551.203101,-0.088967,-0.328345,-0.940359
2097,6,6,9.062015,-45.990978,20.890176,-566.203078,-0.626512,0.779411,0.000211
2098,6,6,2.939137,-44.339954,25.921429,-570.690379,-0.661816,0.248808,0.707173
2099,6,6,9.292759,-42.222766,30.910803,-566.202197,-0.985977,-0.166879,0.000037
2100,6,6,2.940388,-44.340336,25.919872,-561.714023,-0.661846,0.248806,-0.707146
2101,6,0,0.465785,-44.054994,25.812697,-561.859599,-0.000016,0.000005,-1.000000
2102,6,6,1.380301,-45.668170,20.905093,-566.202987,0.083500,0.331590,0.939721
2103,6,0,0.465622,-44.054598,25.814266,-570.544814,0.000019,-0.000008,1.000000
2104,6,6,1.419674,-41.988361,30.688942,-566.202042,-0.151859,-0.301373,-0.941336
2105,6,8,34.995925,-43.820323,25.895957,-566.202238,-0.936240,0.351361,0.000019
2106,6,0,0.465652,-44.054796,25.813676,-569.544814,-0.000019,0.000008,-1.000000
2107,6,6,2.939387,-44.340151,25.920819,-569.399238,-0.661865,0.248821,-0.707123
2108,6,8,56.979402,-44.405641,26.015390,-566.202255,-0.935907,0.352247,0.000019
2109,6,6,6.632057,-42.595241,30.112998,-566.202197,-0.493327,0.869844,-0.000056
2110,6,6,1.090764,-42.285492,30.065642,-566.202116,0.147065,0.304075,0.941228
2111,6,0,0.465901,-44.055221,25.812135,-562.859599,0.000016,-0.000005,1.000000
2112,6,6,2.940681,-44.340498,25.919514,-563.005164,-0.661843,0.248800,0.707151
2113,6,6,6.471788,-45.759690,21.697453,-566.202934,-0.939009,-0.343893,-0.000211
2114,6,6,1.063845,-45.494814,21.530476,-566.203113,-0.088961,-0.328345,-0.940359
2115,6,0,6882.958660,0.003388,11.516340,-337.000000,0.000000,0.000000,1.000000
2116,6,1,8.709451,-35.969888,41.817991,-338.631838,-0.812208,0.583369,-0.000082
2117,6,1,8.513457,-34.388694,43.934091,-338.632193,-0.789479,0.613778,-0.000084
2118,6,1,9.227914,-32.675619,46.048278,-338.632544,-0.764280,0.644884,-0.000091
2119,6,6,15256.542819,26.783304,47.580805,-455.107876,0.672507,0.740091,0.000003
2120,6,6,9.292592,42.224746,30.901487,-407.938587,0.985964,-0.166955,-0.000025
2121,6,6,2.940296,44.341951,25.910537,-412.426751,0.661858,0.248754,0.707153
2122,6,6,9.061901,45.992136,20.880830,-407.937688,0.626568,0.779366,-0.000207
2123,6,6,2.939058,44.341480,25.912093,-403.450396,0.661839,0.248764,-0.707167
2124,6,0,0.465618,44.056152,25.804857,-403.595963,-0.000011,-0.000004,-1.000000
2125,6,6,1.419617,41.990341,30.679610,-407.938866,0.151831,-0.301394,0.941334
2126,6,0,0.465793,44.056594,25.803393,-412.281178,0.000009,0.000003,1.000000
2127,6,6,1.380228,45.669346,20.895721,-407.937940,-0.083469,0.331599,-0.939721
2128,6,8,34.994368,43.821901,25.886631,-407.938650,0.936266,0.351293,-0.000010
2129,6,0,0.465629,44.056325,25.804362,-404.595963,0.000011,0.000004,1.000000
2130,6,6,2.939310,44.341684,25.911497,-404.741537,0.661867,0.248768,0.707140
2131,6,8,56.976414,44.407220,26.006040,-407.938573,0.935933,0.352178,-0.000011
2132,6,6,6.471613,45.760921,21.688086,-407.937794,0.938981,-0.343970,0.000217
2133,6,6,2.940696,44.342125,25.910095,-411.135611,0.661858,0.248749,-0.707155
2134,6,6,6.631944,42.597155,30.103675,-407.938580,0.493382,0.869813,0.000061
2135,6,6,1.090721,42.287404,30.056340,-407.938665,-0.147038,0.304096,-0.941225
2136,6,0,0.465901,44.056854,25.802705,-411.281178,-0.000009,-0.000003,-1.000000
2137,6,6,1.063790,45.496039,21.521112,-407.937588,0.088927,-0.328339,0.940365
2138,6,6,9.292805,42.221910,30.910795,-356.908129,0.985983,-0.166848,-0.000060
2139,6,6,2.940422,44.339566,25.919871,-361.396310,0.661848,0.248830,0.707136
2140,6,6,9.062050,45.990448,20.890178,-356.907255,0.626490,0.779429,-0.000220
2141,6,6,2.939157,44.339343,25.921433,-352.419955,0.661798,0.248819,-0.707187
2142,6,0,0.465609,44.053991,25.814256,-352.565513,-0.000037,-0.000015,-1.000000
2143,6,6,1.419640,41.987532,30.688885,-356.908421,0.151884,-0.301353,0.941338
2144,6,0,0.465813,44.054226,25.812691,-361.250729,0.000031,0.000010,1.000000
2145,6,6,1.380284,45.667634,20.905110,-356.907391,-0.083520,0.331584,-0.939721
2146,6,8,34.995718,43.819629,25.895952,-356.908204,0.936230,0.351389,-0.000037
2147,6,0,0.465647,44.054170,25.813667,-353.565513,0.000037,0.000015,1.000000
2148,6,6,2.939413,44.339528,25.920794,-353.711095,0.661890,0.248851,0.707089
2149,6,8,56.978735,44.404944,26.015395,-356.908137,0.935897,0.352274,-0.000037
2150,6,6,6.472234,45.759095,21.697581,-356.907605,0.939020,-0.343862,0.000197
2151,6,6,2.940288,44.339621,25.919855,-360.105170,0.661842,0.248828,-0.707142
2152,6,6,6.632101,42.594410,30.112993,-356.908131,0.493306,0.869856,0.000044
2153,6,6,1.090739,42.284665,30.065628,-356.908207,-0.147089,0.304055,-0.941231
2154,6,0,0.465790,44.054288,25.812633,-360.250729,-0.000031,-0.000010,-1.000000
2155,6,6,1.063935,45.494200,21.530676,-356.907553,0.089000,-0.328409,0.940333
2156,6,6,9.292547,42.225283,30.901495,-383.095555,0.985961,-0.166975,-0.000041
2157,6,6,2.940281,44.342324,25.910540,-387.583723,0.661869,0.248746,0.707145
2158,6,6,9.061877,45.992457,20.880831,-383.094661,0.626583,0.779354,-0.000213
2159,6,6,2.939032,44.341965,25.912100,-378.607368,0.661836,0.248746,-0.707176
2160,6,0,0.465592,44.056603,25.804956,-378.752931,-0.000023,-0.000009,-1.000000
2161,6,6,1.419605,41.990877,30.679617,-383.095845,0.151837,-0.301387,0.941335
2162,6,0,0.465792,44.056968,25.803399,-387.438147,0.000019,0.000006,1.000000
2163,6,6,1.380258,45.669645,20.895802,-383.094802,-0.083469,0.331599,-0.939721
2164,6,8,34.994104,43.822333,25.886635,-383.095620,0.936272,0.351275,-0.000022
2165,6,0,0.465625,44.056796,25.804371,-379.752931,0.000023,0.000009,1.000000
2166,6,6,2.939284,44.342161,25.911483,-379.898509,0.661893,0.248763,0.707117
2167,6,8,56.975982,44.407653,26.006037,-383.095548,0.935940,0.352161,-0.000022
2168,6,6,6.472097,45.761211,21.688245,-383.095016,0.938973,-0.343990,0.000208
2169,6,6,2.940155,44.342367,25.910505,-386.292583,0.661866,0.248744,-0.707149
2170,6,6,6.631912,42.597676,30.103680,-383.095548,0.493396,0.869805,0.000054
2171,6,6,1.090713,42.287924,30.056351,-383.095629,-0.147042,0.304088,-0.941228
2172,6,0,0.465865,44.057180,25.802875,-386.438147,-0.000019,-0.000006,-1.000000
2173,6,6,1.063849,45.496335,21.521246,-383.094762,0.088950,-0.328427,0.940332
2174,6,6,9.300782,42.145210,31.069442,-395.263891,0.986464,-0.163981,-0.000089
2175,6,6,2.943420,44.278402,26.079252,-399.751736,0.661159,0.250617,0.707149
2176,6,6,9.065243,45.944568,21.050026,-395.262833,0.624412,0.781096,-0.000222
2177,6,6,2.942236,44.278013,26.080727,-390.775382,0.661133,0.250621,-0.707172
2178,6,0,0.466105,43.992959,25.972770,-390.920947,-0.000017,-0.000007,-1.000000
2179,6,6,1.420499,41.911398,30.846951,-395.263749,0.152744,-0.301132,0.941270
2180,6,0,0.466292,43.993352,25.971299,-399.606162,0.000014,0.000005,1.000000
2181,6,6,1.381095,45.621760,21.063885,-395.262756,-0.084334,0.330795,-0.939927
2182,6,8,35.032434,43.758019,26.055082,-395.263639,0.935258,0.353967,-0.000016
2183,6,0,0.466134,43.993121,25.972289,-391.920947,0.000017,0.000007,1.000000
2184,6,6,2.942475,44.278176,26.080223,-392.066522,0.661175,0.250633,0.707128
2185,6,8,57.041142,44.343242,26.175437,-395.263560,0.934931,0.354829,-0.000016
2186,6,6,6.474821,45.710851,21.856966,-395.262813,0.940071,-0.340979,0.000207
2187,6,6,2.943754,44.278568,26.078858,-398.460597,0.661158,0.250612,-0.707152
2188,6,6,6.636442,42.520121,30.272006,-395.263584,0.491274,0.871005,0.000055
2189,6,6,1.091449,42.210496,30.223827,-395.263667,-0.147856,0.303641,-0.941244
2190,6,0,0.466386,43.993599,25.970672,-398.606162,-0.000014,-0.000005,-1.000000
2191,6,6,1.064342,45.446462,21.689209,-395.262619,0.089891,-0.328005,0.940389
2192,6,6,9.292764,42.222768,30.910800,-566.202222,0.985977,-0.166879,0.000015
2193,6,6,2.940361,44.340529,25.919868,-570.690378,0.661824,0.248792,0.707172
2194,6,6,9.057205,45.991432,20.888672,-566.203697,0.626405,0.779498,0.000280
2195,6,6,2.943954,44.341070,25.917822,-561.714024,0.661856,0.248783,-0.707145
2196,6,0,0.466373,44.055745,25.810601,-561.859600,0.000019,0.000008,-1.000000
2197,6,6,1.419676,41.988362,30.688938,-566.202633,0.151823,-0.301406,0.941331
2198,6,0,0.465820,44.055169,25.812715,-570.544814,-0.000016,-0.000005,1.000000
2199,6,6,1.379530,45.668631,20.903568,-566.203916,-0.083674,0.332439,-0.939406
2200,6,8,34.995391,43.820322,25.895959,-566.202277,0.936240,0.351361,0.000019
2201,6,0,0.466316,44.055789,25.810552,-562.859600,-0.000019,-0.000008,1.000000
2202,6,6,2.943380,44.341072,25.917897,-563.005159,0.661850,0.248779,0.707151
2203,6,8,56.978919,44.405647,26.015375,-566.202227,0.935907,0.352246,0.000019
2204,6,6,6.466623,45.760185,21.695859,-566.202902,0.938938,-0.344085,-0.000359
2205,6,6,2.941014,44.340742,25.919202,-569.399238,0.661870,0.248802,-0.707125
2206,6,6,6.632062,42.595242,30.112996,-566.202216,0.493328,0.869844,0.000080
2207,6,6,1.090765,42.285493,30.065641,-566.202313,-0.147034,0.304114,-0.941220
2208,6,0,0.466013,44.055565,25.811558,-569.544814,0.000016,0.000005,-1.000000
2209,6,6,1.063104,45.495274,21.528994,-566.203109,0.089162,-0.329228,0.940031
2210,6,6,9.292943,42.220333,30.910772,-461.202215,0.985993,-0.166789,0.000000
2211,6,6,2.940461,44.338526,25.919860,-465.690377,0.661808,0.248852,0.707166
2212,6,6,9.058260,45.989895,20.888898,-461.203418,0.626445,0.779466,-0.000197
2213,6,6,2.941214,44.338408,25.919932,-456.714021,0.661817,0.248859,-0.707154
2214,6,0,0.466126,44.053352,25.811939,-456.859595,0.000009,0.000004,-1.000000
2215,6,6,1.419683,41.985957,30.688868,-461.202431,0.151856,-0.301382,0.941333
2216,6,0,0.465812,44.053184,25.812671,-465.544809,-0.000008,-0.000003,1.000000
2217,6,6,1.379907,45.666992,20.904118,-461.202869,-0.083595,0.331934,-0.939591
2218,6,8,34.996529,43.818362,25.895942,-461.202275,0.936210,0.351442,0.000009
2219,6,0,0.466198,44.053672,25.811105,-457.859595,-0.000009,-0.000004,1.000000
2220,6,6,2.942863,44.338998,25.918330,-458.005159,0.661823,0.248839,0.707156
2221,6,8,56.980845,44.403682,26.015387,-461.202227,0.935877,0.352326,0.000009
2222,6,6,6.468137,45.758502,21.696298,-461.203004,0.938983,-0.343963,-0.000268
2223,6,6,2.941038,44.338732,25.919263,-464.399236,0.661831,0.248853,-0.707143
2224,6,6,6.632196,42.592883,30.112977,-461.202212,0.493264,0.869880,0.000074
2225,6,6,1.090770,42.283139,30.065596,-461.202305,-0.147066,0.304090,-0.941223
2226,6,0,0.466004,44.053552,25.811628,-464.544809,0.000008,0.000003,-1.000000
2227,6,6,1.063253,45.493657,21.529248,-461.202772,0.089156,-0.329056,0.940092
2228,6,6,9.292929,42.220546,30.910774,-476.202218,0.985991,-0.166796,0.000005
2229,6,6,2.940451,44.338717,25.919861,-480.690377,0.661807,0.248846,0.707168
2230,6,6,9.057671,45.990061,20.888788,-476.203524,0.626351,0.779541,0.000249
2231,6,6,2.943673,44.339231,25.918085,-471.714022,0.661830,0.248836,-0.707151
2232,6,0,0.466336,44.053867,25.810958,-471.859597,0.000013,0.000006,-1.000000
2233,6,6,1.419683,41.986167,30.688875,-476.202416,0.151850,-0.301387,0.941333
2234,6,0,0.465807,44.053374,25.812673,-480.544811,-0.000011,-0.000004,1.000000
2235,6,6,1.379615,45.667243,20.903713,-476.203601,-0.083685,0.332345,-0.939438
2236,6,8,34.996437,43.818535,25.895944,-476.202276,0.936212,0.351435,0.000013
2237,6,0,0.466252,44.053920,25.810855,-472.859597,-0.000013,-0.000006,1.000000
2238,6,6,2.943045,44.339204,25.918194,-473.005158,0.661827,0.248833,0.707154
2239,6,8,56.980687,44.403855,26.015386,-476.202227,0.935880,0.352320,0.000013
2240,6,6,6.467208,45.758730,21.696011,-476.202736,0.938976,-0.343982,-0.000302
2241,6,6,2.941060,44.338928,25.919236,-479.399237,0.661840,0.248850,-0.707136
2242,6,6,6.632185,42.593090,30.112979,-476.202213,0.493269,0.869877,0.000077
2243,6,6,1.090771,42.283345,30.065600,-476.202308,-0.147061,0.304095,-0.941222
2244,6,0,0.466011,44.053752,25.811589,-479.544811,0.000011,0.000004,-1.000000
2245,6,6,1.063190,45.493831,21.529129,-476.202917,0.089169,-0.329126,0.940066
2246,6,6,9.292909,42.220828,30.910777,-491.202220,0.985990,-0.166806,0.000009
2247,6,6,2.940440,44.338959,25.919861,-495.690378,0.661808,0.248838,0.707170
2248,6,6,9.057518,45.990248,20.888744,-491.203593,0.626356,0.779537,0.000257
2249,6,6,2.943804,44.339481,25.917979,-486.714023,0.661835,0.248828,-0.707148
2250,6,0,0.466379,44.054153,25.810756,-486.859598,0.000017,0.000007,-1.000000
2251,6,6,1.419683,41.986445,30.688884,-491.202415,0.151844,-0.301391,0.941332
2252,6,0,0.465805,44.053615,25.812677,-495.544812,-0.000014,-0.000005,1.000000
2253,6,6,1.379572,45.667443,20.903628,-491.203736,-0.083691,0.332393,-0.939420
2254,6,8,34.996311,43.818763,25.895946,-491.202277,0.936216,0.351426,0.000016
2255,6,0,0.466291,44.054202,25.810676,-487.859598,-0.000017,-0.000007,1.000000
2256,6,6,2.943264,44.339481,25.918028,-488.005158,0.661832,0.248826,0.707152
2257,6,8,56.980476,44.404085,26.015385,-491.202227,0.935883,0.352311,0.000016
2258,6,6,6.466925,45.758939,21.695926,-491.202827,0.938968,-0.344003,-0.000333
2259,6,6,2.941071,44.339175,25.919215,-494.399237,0.661848,0.248846,-0.707130
2260,6,6,6.632171,42.593363,30.112981,-491.202215,0.493277,0.869873,0.000079
2261,6,6,1.090771,42.283618,30.065604,-491.202311,-0.147055,0.304099,-0.941222
2262,6,0,0.466016,44.054002,25.811560,-494.544812,0.000014,0.000005,-1.000000
2263,6,6,1.063145,45.494039,21.529045,-491.203022,0.089176,-0.329178,0.940048
2264,6,6,9.292886,42.221165,30.910780,-506.202222,0.985988,-0.166818,0.000012
2265,6,6,2.940426,44.339242,25.919862,-510.690378,0.661810,0.248830,0.707171
2266,6,6,9.057320,45.990472,20.888686,-506.203682,0.626361,0.779533,0.000276
2267,6,6,2.943974,44.339790,25.917844,-501.714024,0.661840,0.248820,-0.707146
2268,6,0,0.466405,44.054464,25.810619,-501.859600,0.000019,0.000008,-1.000000
2269,6,6,1.419682,41.986778,30.688893,-506.202429,0.151839,-0.301395,0.941332
2270,6,0,0.465804,44.053896,25.812683,-510.544813,-0.000016,-0.000005,1.000000
2271,6,6,1.379541,45.667668,20.903571,-506.203833,-0.083693,0.332427,-0.939408
2272,6,8,34.996158,43.819036,25.895948,-506.202277,0.936220,0.351415,0.000019
2273,6,0,0.466316,44.054509,25.810555,-502.859600,-0.000019,-0.000008,1.000000
2274,6,6,2.943410,44.339787,25.917914,-503.005159,0.661836,0.248817,0.707151
2275,6,8,56.980218,44.404358,26.015383,-506.202227,0.935887,0.352300,0.000019
2276,6,6,6.466724,45.759174,21.695868,-506.202890,0.938961,-0.344023,-0.000355
2277,6,6,2.941074,44.339460,25.919201,-509.399238,0.661855,0.248839,-0.707126
2278,6,6,6.632153,42.593690,30.112983,-506.202216,0.493285,0.869868,0.000080
2279,6,6,1.090770,42.283944,30.065610,-506.202313,-0.147050,0.304103,-0.941221
2280,6,0,0.466019,44.054289,25.811542,-509.544813,0.000016,0.000005,-1.000000
2281,6,6,1.063114,45.494273,21.528988,-506.203094,0.089180,-0.329214,0.940035
2282,6,6,9.292858,42.221542,30.910785,-521.202223,0.985985,-0.166832,0.000015
2283,6,6,2.940411,44.339553,25.919863,-525.690379,0.661812,0.248821,0.707172
2284,6,6,9.057192,45.990712,20.888651,-521.203736,0.626369,0.779527,0.000288
2285,6,6,2.944070,44.340116,25.917763,-516.714024,0.661845,0.248811,-0.707145
2286,6,0,0.466417,44.054790,25.810537,-516.859600,0.000020,0.000008,-1.000000
2287,6,6,1.419681,41.987151,30.688904,-521.202458,0.151834,-0.301399,0.941332
2288,6,0,0.465805,44.054204,25.812689,-525.544814,-0.000017,-0.000006,1.000000
2289,6,6,1.379522,45.667908,20.903538,-521.203898,-0.083692,0.332447,-0.939401
2290,6,8,34.995984,43.819341,25.895951,-521.202277,0.936224,0.351403,0.000020
2291,6,0,0.466331,44.054833,25.810484,-517.859600,-0.000020,-0.000008,1.000000
2292,6,6,2.943491,44.340110,25.917847,-518.005159,0.661840,0.248808,0.707151
2293,6,8,56.979923,44.404664,26.015381,-521.202227,0.935892,0.352288,0.000020
2294,6,6,6.466597,45.759426,21.695833,-521.202927,0.938954,-0.344041,-0.000368
2295,6,6,2.941070,44.339772,25.919193,-524.399238,0.661861,0.248831,-0.707123
2296,6,6,6.632132,42.594055,30.112986,-521.202216,0.493295,0.869862,0.000081
2297,6,6,1.090769,42.284309,30.065617,-521.202314,-0.147045,0.304107,-0.941221
2298,6,0,0.466020,44.054601,25.811533,-524.544814,0.000017,0.000006,-1.000000
2299,6,6,1.063095,45.494523,21.528956,-521.203138,0.089180,-0.329237,0.940027
2300,6,6,9.292828,42.221945,30.910789,-536.202224,0.985983,-0.166847,0.000016
2301,6,6,2.940394,44.339879,25.919865,-540.690379,0.661816,0.248811,0.707173
2302,6,6,9.057131,45.990958,20.888638,-536.203756,0.626379,0.779518,0.000292
2303,6,6,2.944098,44.340445,25.917733,-531.714024,0.661849,0.248802,-0.707145
2304,6,0,0.466416,44.055120,25.810508,-531.859601,0.000021,0.000009,-1.000000
2305,6,6,1.419680,41.987549,30.688915,-536.202501,0.151830,-0.301402,0.941331
2306,6,0,0.465808,44.054527,25.812697,-540.544814,-0.000018,-0.000006,1.000000
2307,6,6,1.379514,45.668156,20.903526,-536.203933,-0.083688,0.332456,-0.939398
2308,6,8,34.995794,43.819665,25.895954,-536.202277,0.936229,0.351390,0.000021
2309,6,0,0.466336,44.055162,25.810461,-532.859601,-0.000021,-0.000009,1.000000
2310,6,6,2.943512,44.340440,25.917822,-533.005159,0.661844,0.248799,0.707151
2311,6,8,56.979602,44.404988,26.015379,-536.202227,0.935897,0.352274,0.000021
2312,6,6,6.466537,45.759685,21.695820,-536.202941,0.938948,-0.344058,-0.000372
2313,6,6,2.941058,44.340097,25.919190,-539.399238,0.661865,0.248822,-0.707122
2314,6,6,6.632110,42.594445,30.112989,-536.202216,0.493305,0.869856,0.000082
2315,6,6,1.090768,42.284698,30.065625,-536.202314,-0.147041,0.304110,-0.941221
2316,6,0,0.466020,44.054925,25.811533,-539.544814,0.000018,0.000006,-1.000000
2317,6,6,1.063087,45.494779,21.528947,-536.203154,0.089176,-0.329246,0.940024
2318,6,6,9.292796,42.222358,30.910794,-551.202223,0.985980,-0.166863,0.000016
2319,6,6,2.940378,44.340209,25.919866,-555.690379,0.661819,0.248802,0.707172
2320,6,6,9.057135,45.991201,20.888644,-551.203743,0.626391,0.779509,0.000290
2321,6,6,2.944060,44.340767,25.917753,-546.714024,0.661853,0.248792,-0.707145
2322,6,0,0.466401,44.055443,25.810529,-546.859600,0.000021,0.000009,-1.000000
2323,6,6,1.419678,41.987957,30.688926,-551.202560,0.151826,-0.301404,0.941331
2324,6,0,0.465813,44.054853,25.812706,-555.544814,-0.000017,-0.000006,1.000000
2325,6,6,1.379517,45.668400,20.903536,-551.203939,-0.083682,0.332453,-0.939400
2326,6,8,34.995594,43.819996,25.895956,-551.202277,0.936235,0.351376,0.000020
2327,6,0,0.466331,44.055485,25.810483,-547.859600,-0.000021,-0.000009,1.000000
2328,6,6,2.943475,44.340765,25.917839,-548.005159,0.661847,0.248789,0.707151
2329,6,8,56.979263,44.405320,26.015377,-551.202227,0.935902,0.352260,0.000020
2330,6,6,6.466546,45.759941,21.695829,-551.202933,0.938943,-0.344073,-0.000370
2331,6,6,2.941039,44.340425,25.919194,-554.399238,0.661869,0.248812,-0.707123
2332,6,6,6.632086,42.594846,30.112993,-551.202216,0.493316,0.869850,0.000081
2333,6,6,1.090767,42.285097,30.065633,-551.202314,-0.147037,0.304112,-0.941220
2334,6,0,0.466017,44.055251,25.811541,-554.544814,0.000017,0.000006,-1.000000
2335,6,6,1.063090,45.495033,21.528959,-551.203145,0.089170,-0.329244,0.940025
2336,6,0,6842.989327,-0.000000,11.500844,-574.000000,0.000000,0.000000,-1.000000
2337,6,1,122.203718,47.537357,14.586006,-513.645061,0.987796,0.155751,0.000017
2338,6,1,582.435319,47.890103,11.690185,-513.578734,0.995196,0.097900,0.000016
2339,6,6,228.044125,48.107272,8.778601,-456.293076,0.999334,0.036484,0.000000
2340,6,1,373.677969,47.890740,11.689011,-375.766242,0.995198,0.097882,-0.000013
2341,6,1,78.360058,47.537971,14.586025,-375.698532,0.987799,0.155734,-0.000020
2342,6,4,0.634320,47.393726,14.563334,-414.653278,0.698277,0.110067,-0.707315
2343,6,6,12.037423,44.695528,24.248493,-414.653267,0.667970,0.229177,-0.708021
2344,6,6,2.254448,40.434771,34.452101,-415.403663,0.859013,-0.043306,-0.510119
2345,6,6,5.584401,39.994812,35.240303,-421.226787,0.963290,-0.268461,-0.000008
2346,6,6,2.255921,40.435007,34.451497,-427.050456,0.858852,-0.042961,0.510419
2347,6,6,12.035575,44.696152,24.246698,-427.800885,0.667825,0.229140,0.708170
2348,6,4,0.634412,47.393922,14.563398,-427.800846,0.698467,0.110171,0.707111
2349,6,1,10.321027,47.537216,14.586064,-433.152586,0.987787,0.155808,0.000002
2350,6,4,0.634584,47.393858,14.563384,-438.504385,0.698299,0.110143,-0.707281
2351,6,6,12.036788,44.695759,24.247681,-438.504322,0.667827,0.229149,-0.708165
2352,6,6,2.254806,40.434629,34.452190,-439.255134,0.859017,-0.043294,-0.510114
2353,6,6,6.456225,39.994779,35.240335,-445.769782,0.963291,-0.268460,0.000001
2354,6,6,2.255966,40.435024,34.451580,-452.284853,0.858921,-0.043078,0.510293
2355,6,6,12.036061,44.695889,24.247484,-453.035155,0.667915,0.229155,0.708080
2356,6,4,0.634370,47.393021,14.563235,-453.035347,0.698467,0.110136,0.707117
2357,6,4,1.763110,47.649551,12.672737,-453.035396,0.702083,0.083837,0.707142
2358,6,6,1.327542,47.883481,10.304668,-452.711782,0.694309,0.377072,0.612986
2359,6,6,0.796931,47.948456,9.251912,-451.503305,0.679127,0.705370,0.203077
2360,6,6,6.470479,47.947263,9.137337,-445.769324,0.675627,0.737244,0.000000
2361,6,6,0.796204,47.948487,9.251939,-440.035877,0.679119,0.705369,-0.203104
2362,6,6,1.323518,47.884748,10.301704,-438.828954,0.694252,0.377944,-0.612514
2363,6,1,50.408686,47.894249,11.643751,-433.152600,0.995190,0.097963,0.000002
2364,6,4,1.763462,47.650577,12.672866,-427.800866,0.702082,0.083872,0.707140
2365,6,6,1.327552,47.884478,10.304740,-427.477288,0.694329,0.377152,0.612914
2366,6,6,0.796264,47.948472,9.252019,-426.269336,0.679132,0.705353,0.203119
2367,6,6,5.596506,47.947260,9.137337,-421.227265,0.675628,0.737243,-0.000000
2368,6,6,0.796651,47.948494,9.251867,-416.184945,0.679120,0.705369,-0.203100
2369,6,6,1.328530,47.884424,10.305378,-414.976443,0.694365,0.376957,-0.612994
2370,6,4,1.762454,47.650445,12.673585,-414.653144,0.702082,0.083811,-0.707147
2371,6,0,2.283294,44.883082,22.323697,-414.798814,0.000001,-0.000021,-1.000000
2372,6,6,0.332693,40.210141,34.215637,-415.498228,0.335189,-0.608593,-0.719210
2373,6,0,0.875340,39.800588,34.963793,-421.226337,0.488809,-0.872391,-0.000004
2374,6,6,0.332821,40.210011,34.215719,-426.955356,0.334999,-0.608216,0.719617
2375,6,0,2.285640,44.884651,22.322762,-427.655294,-0.000000,0.000008,1.000000
2376,6,6,0.310697,47.592009,9.991238,-426.930334,-0.041284,0.708145,0.704860
2377,6,0,0.872163,47.635810,9.269335,-421.227710,-0.048153,0.998840,0.000000
2378,6,6,0.310976,47.591988,9.991446,-415.523812,-0.041265,0.707919,-0.705087
2379,6,1,19.027933,47.474451,10.726113,-421.226967,0.997900,0.064777,-0.000000
2380,6,1,1.002961,47.043383,14.507993,-415.298647,0.987789,0.155800,-0.000003
2381,6,8,53.442238,43.144353,27.046163,-421.226957,0.000000,0.000000,1.000000
2382,6,1,1.002886,47.043351,14.508033,-427.155213,0.987788,0.155803,0.000000
2383,6,0,2.285046,44.883650,22.326415,-426.655294,0.000000,-0.000008,-1.000000
2384,6,4,1.762366,47.650364,12.673709,-426.509598,0.702087,0.083821,-0.707140
2385,6,1,34.185450,47.825181,12.398909,-421.226938,0.993662,0.112413,-0.000001
2386,6,4,1.763331,47.650453,12.672979,-415.944255,0.702089,0.083827,0.707138
2387,6,6,0.845736,47.832476,10.723161,-416.244640,0.765380,-0.425646,0.482720
2388,6,1,5.594427,47.871422,10.427359,-421.227268,0.756949,-0.653474,-0.000000
2389,6,6,0.846345,47.832396,10.724218,-426.210112,0.765384,-0.425172,-0.483131
2390,6,6,0.155300,47.550699,10.622075,-426.293345,0.052428,-0.707370,-0.704896
2391,6,0,0.870686,47.577655,10.259979,-421.227336,0.068877,-0.997625,-0.000000
2392,6,6,0.155221,47.550785,10.620996,-416.161477,0.052396,-0.707035,0.705235
2393,6,0,2.286901,44.884281,22.325667,-415.798814,-0.000001,0.000021,1.000000
2394,6,4,0.634383,47.393951,14.563409,-415.944265,0.698468,0.110178,0.707109
2395,6,1,10.181100,47.537231,14.586056,-421.226956,0.987788,0.155806,-0.000001
2396,6,8,80.619174,45.053493,22.989374,-421.333843,0.974588,0.224007,-0.000003
2397,6,6,12.036751,44.695715,24.247794,-426.509733,0.667832,0.229141,-0.708163
2398,6,6,0.909164,40.840099,33.660411,-426.221384,0.438127,0.730877,-0.523320
2399,6,1,5.584618,40.684178,33.986002,-421.226769,0.289743,0.957104,-0.000002
2400,6,6,0.909693,40.840446,33.659907,-416.232150,0.438333,0.730567,0.523580
2401,6,6,12.035943,44.696168,24.246799,-415.944432,0.667852,0.229161,0.708137
2402,6,6,0.165911,40.545998,33.596577,-416.148795,-0.328229,0.614336,0.717535
2403,6,0,0.875322,40.346633,33.970263,-421.226669,-0.474450,0.880282,0.000004
2404,6,6,0.166039,40.545985,33.596413,-426.305025,-0.328548,0.614900,-0.716906
2405,6,4,0.634524,47.393872,14.563390,-426.509668,0.698333,0.110139,-0.707248
2406,6,6,9.284513,42.362887,30.607491,-421.154848,0.985066,-0.172180,-0.000031
2407,6,6,2.934819,44.452014,25.615371,-425.643198,0.663063,0.245476,0.707170
2408,6,6,9.053884,46.074400,20.584165,-421.155228,0.630409,0.776263,-0.000175
2409,6,6,2.934872,44.451809,25.616047,-416.666840,0.663052,0.245478,-0.707180
2410,6,0,0.464883,44.166053,25.509989,-416.812410,-0.000005,-0.000002,-1.000000
2411,6,6,1.417748,42.127375,30.386796,-421.155104,0.150599,-0.302573,0.941153
2412,6,0,0.464937,44.166124,25.509653,-425.497625,0.000004,0.000001,1.000000
2413,6,6,1.378967,45.751603,20.601065,-421.155012,-0.081699,0.331972,-0.939745
2414,6,8,34.928170,43.932556,25.591896,-421.155086,0.938017,0.346591,-0.000005
2415,6,0,0.464847,44.166184,25.509617,-417.812410,0.000005,0.000002,1.000000
2416,6,6,2.934646,44.451944,25.615659,-417.957983,0.663079,0.245484,0.707152
2417,6,8,56.867952,44.518030,25.709697,-421.155041,0.937674,0.347517,-0.000005
2418,6,6,6.464523,45.847563,21.392039,-421.154841,0.937000,-0.349330,0.000405
2419,6,6,2.935599,44.452269,25.614668,-424.352055,0.663077,0.245472,-0.707158
2420,6,6,6.623954,42.730840,29.809162,-421.154932,0.497085,0.867702,0.000066
2421,6,6,1.089458,42.420879,29.763301,-421.155066,-0.145604,0.304884,-0.941193
2422,6,0,0.465037,44.166382,25.508940,-424.497625,-0.000004,-0.000001,-1.000000
2423,6,6,1.062651,45.581756,21.226652,-421.154673,0.086949,-0.327786,0.940742
2424,6,4,1.767540,47.650947,12.669656,-438.504321,0.702090,0.083816,-0.707139
2425,6,0,2.287010,44.885068,22.320002,-438.649909,0.000003,0.000005,-1.000000
2426,6,6,0.332795,40.209929,34.215839,-439.349881,0.335245,-0.608670,-0.719119
2427,6,0,1.011990,39.800555,34.963825,-445.770081,0.488809,-0.872391,-0.000004
2428,6,6,0.332922,40.210387,34.215139,-452.190261,0.335015,-0.608263,0.719570
2429,6,0,2.283272,44.882501,22.330989,-452.889604,-0.000002,-0.000017,1.000000
2430,6,6,0.308789,47.591878,9.988448,-452.161395,-0.041292,0.708321,0.704681
2431,6,0,1.008281,47.635813,9.269335,-445.768843,-0.048156,0.998840,-0.000000
2432,6,6,0.310188,47.592197,9.988581,-439.376424,-0.041327,0.709196,-0.703799
2433,6,1,20.399274,47.480157,10.661313,-445.769850,0.997900,0.064778,0.000004
2434,6,1,1.002882,47.043349,14.508046,-439.149888,0.987788,0.155803,0.000003
2435,6,8,55.009593,43.055626,27.257018,-445.769829,0.000000,0.000000,1.000000
2436,6,1,1.002879,47.043375,14.508047,-452.389672,0.987789,0.155801,0.000006
2437,6,0,2.285093,44.883725,22.326295,-451.889604,0.000002,0.000017,-1.000000
2438,6,4,1.762468,47.650405,12.673726,-451.744123,0.702113,0.083840,-0.707112
2439,6,1,38.908643,47.825271,12.398048,-445.769842,0.993662,0.112413,0.000005
2440,6,4,1.763278,47.650418,12.672973,-439.795585,0.702087,0.083811,0.707141
2441,6,6,0.845627,47.832449,10.723201,-440.095858,0.765379,-0.425645,0.482723
2442,6,1,6.467940,47.871425,10.427358,-445.769693,0.756950,-0.653473,0.000003
2443,6,6,0.846758,47.832434,10.724081,-451.444354,0.765386,-0.425167,-0.483133
2444,6,6,0.155424,47.550742,10.621803,-451.527347,0.052445,-0.707617,-0.704647
2445,6,0,1.006588,47.577659,10.259978,-445.769458,0.068880,-0.997625,0.000000
2446,6,6,0.155191,47.550757,10.621066,-440.012641,0.052391,-0.706967,0.705304
2447,6,0,2.286952,44.884425,22.325353,-439.649908,-0.000003,-0.000005,1.000000
2448,6,4,0.634384,47.393916,14.563400,-439.795555,0.698466,0.110163,0.707113
2449,6,1,11.581429,47.537231,14.586056,-445.769846,0.987788,0.155806,0.000005
2450,6,8,107.878354,45.155569,22.891529,-445.373004,0.965251,0.261325,0.000003
2451,6,6,12.036695,44.695899,24.247463,-451.743994,0.667861,0.229168,-0.708127
2452,6,6,0.906156,40.840670,33.659335,-451.457750,0.438519,0.729774,-0.524528
2453,6,1,6.460035,40.684174,33.985988,-445.771949,0.289767,0.957097,0.000002
2454,6,6,0.909594,40.840378,33.659853,-440.083353,0.438392,0.730362,0.523816
2455,6,6,12.036014,44.695964,24.247151,-439.795475,0.667819,0.229133,0.708178
2456,6,6,0.166142,40.546230,33.595917,-439.999821,-0.328222,0.614300,0.717569
2457,6,0,1.012446,40.346627,33.970252,-445.771980,-0.474449,0.880283,-0.000003
2458,6,6,0.165598,40.546575,33.595416,-451.541255,-0.327672,0.613310,-0.718667
2459,6,4,0.634525,47.393908,14.563399,-451.744163,0.698336,0.110156,-0.707243
2460,6,6,9.300366,42.148588,31.061575,-446.126810,0.986442,-0.164108,-0.000063
2461,6,6,2.943265,44.281197,26.071365,-450.614706,0.661163,0.250526,0.707178
2462,6,6,9.065547,45.946626,21.041999,-446.125855,0.624501,0.781024,-0.000205
2463,6,6,2.942107,44.280614,26.072824,-441.638351,0.661165,0.250547,-0.707169
2464,6,0,0.466527,43.996250,25.962952,-441.783923,0.000004,0.000002,-1.000000
2465,6,6,1.420548,41.914730,30.839146,-446.126714,0.152691,-0.301171,0.941266
2466,6,0,0.466294,43.996130,25.963450,-450.469137,-0.000004,-0.000001,1.000000
2467,6,6,1.380733,45.623946,21.055484,-446.126662,-0.084280,0.330812,-0.939926
2468,6,8,35.030860,43.760728,26.047201,-446.126607,0.935301,0.353854,0.000004
2469,6,0,0.466583,43.996532,25.962221,-442.783923,-0.000004,-0.000002,1.000000
2470,6,6,2.942347,44.280788,26.072359,-442.929491,0.661177,0.250545,0.707158
2471,6,8,57.038393,44.345955,26.167515,-446.126525,0.934974,0.354717,0.000004
2472,6,6,6.474592,45.713007,21.848973,-446.125601,0.940025,-0.341105,0.000224
2473,6,6,2.943864,44.281411,26.070753,-449.323566,0.661189,0.250529,-0.707152
2474,6,6,6.636254,42.523385,30.264128,-446.126558,0.491363,0.870955,0.000068
2475,6,6,1.091425,42.213754,30.215986,-446.126649,-0.147804,0.303680,-0.941240
2476,6,0,0.466417,43.996446,25.962559,-449.469137,0.000004,0.000001,-1.000000
2477,6,6,1.063801,45.448890,21.680309,-446.126909,0.090000,-0.328648,0.940155
2478,6,6,194.053811,48.131508,7.876405,-463.101402,0.999879,0.015530,0.000000
2479,6,6,357.116024,48.134050,6.721346,-451.369789,0.999968,-0.007986,0.000000
2480,6,6,5576.532710,-0.182859,-4.939871,-475.923116,0.000000,0.000000,1.000000
2481,6,6,219.087275,-0.710153,-36.216973,-339.636266,-0.006451,-0.999979,0.000135
2482,6,6,357.180614,-48.134048,6.721209,-451.380680,-0.999968,-0.007978,0.000000
2483,6,6,193.989434,-48.131510,7.876268,-463.084940,-0.999880,0.015521,0.000000
2484,6,6,228.100610,-48.107277,8.778445,-456.311859,-0.999334,0.036493,0.000000
2485,6,1,582.436633,-47.890103,11.690185,-513.578840,-0.995196,0.097900,0.000016
2486,6,1,122.203789,-47.537357,14.586006,-513.645062,-0.987796,0.155751,0.000017
2487,6,4,0.634390,-47.393025,14.563236,-453.035327,-0.698253,0.110102,0.707333
2488,6,6,12.037026,-44.695744,24.247802,-453.035310,-0.667720,0.229108,0.708279
2489,6,6,2.254556,-40.434752,34.452108,-452.284687,-0.859013,-0.043301,0.510120
2490,6,6,6.457195,-39.994812,35.240279,-445.769478,-0.963291,-0.268461,0.000002
2491,6,6,2.251807,-40.434003,34.453384,-439.255537,-0.859025,-0.043406,-0.510091
2492,6,6,12.039248,-44.695018,24.249540,-438.504363,-0.667783,0.229156,-0.708204
2493,6,4,0.634412,-47.393941,14.563394,-438.504327,-0.698469,0.110170,-0.707109
2494,6,1,10.320969,-47.537217,14.586066,-433.152590,-0.987787,0.155808,0.000002
2495,6,4,0.634405,-47.393922,14.563404,-427.800841,-0.698296,0.110144,0.707284
2496,6,6,12.036706,-44.695803,24.247568,-427.800885,-0.667841,0.229157,0.708149
2497,6,6,2.255110,-40.434583,34.452292,-427.049859,-0.859018,-0.043295,0.510111
2498,6,6,5.583836,-39.994813,35.240303,-421.226645,-0.963290,-0.268462,-0.000008
2499,6,6,2.255830,-40.435064,34.451550,-415.403461,-0.858849,-0.042979,-0.510422
2500,6,6,12.036150,-44.695865,24.247641,-414.653270,-0.667954,0.229162,-0.708041
2501,6,4,0.634404,-47.393882,14.563364,-414.652984,-0.698471,0.110097,-0.707119
2502,6,1,78.360258,-47.537971,14.586026,-375.698246,-0.987799,0.155734,-0.000020
2503,6,1,373.686737,-47.890744,11.688962,-375.765663,-0.995198,0.097882,-0.000013
2504,6,6,1.327576,-47.884483,10.304738,-414.976606,-0.694323,0.377167,-0.612911
2505,6,6,0.796916,-47.948483,9.251909,-416.185089,-0.679135,0.705351,-0.203114
2506,6,6,5.596317,-47.947260,9.137337,-421.227464,-0.675627,0.737243,-0.000000
2507,6,6,0.796198,-47.948486,9.251942,-426.269313,-0.679122,0.705361,0.203125
2508,6,6,1.322058,-47.884815,10.300643,-427.475867,-0.694215,0.378231,0.612378
2509,6,1,50.408695,-47.894249,11.643753,-433.152569,-0.995190,0.097962,0.000002
2510,6,4,1.762384,-47.650753,12.672886,-438.504208,-0.702083,0.083871,-0.707138
2511,6,6,1.327563,-47.884500,10.304741,-438.827889,-0.694329,0.377153,-0.612914
2512,6,6,0.796275,-47.948474,9.252014,-440.035859,-0.679133,0.705352,-0.203118
2513,6,6,6.470662,-47.947263,9.137337,-445.769527,-0.675627,0.737243,0.000001
2514,6,6,0.796656,-47.948466,9.251867,-451.503442,-0.679112,0.705393,0.203047
2515,6,6,1.329192,-47.883500,10.305253,-452.712082,-0.694354,0.376883,0.613050
2516,6,4,1.761835,-47.649594,12.673469,-453.035362,-0.702083,0.083848,0.707142
2517,6,0,2.270428,-44.889431,22.336986,-452.889736,0.000005,-0.000003,1.000000
2518,6,6,0.332697,-40.210099,34.215682,-452.190076,-0.335200,-0.608611,0.719190
2519,6,0,1.012124,-39.800588,34.963769,-445.769811,-0.488809,-0.872391,-0.000002
2520,6,6,0.332339,-40.209297,34.217025,-439.350319,-0.335297,-0.608751,-0.719026
2521,6,0,2.286197,-44.883824,22.324936,-438.649942,-0.000003,0.000000,-1.000000
2522,6,6,0.310820,-47.592002,9.991282,-439.374795,0.041282,0.708149,-0.704855
2523,6,0,1.008373,-47.635812,9.269335,-445.768769,0.048153,0.998840,-0.000000
2524,6,6,0.309270,-47.591904,9.988971,-452.162063,0.041268,0.707925,0.705081
2525,6,1,20.398945,-47.480161,10.661275,-445.769824,-0.997900,0.064777,0.000004
2526,6,1,1.002985,-47.043384,14.507993,-452.389752,-0.987789,0.155801,0.000006
2527,6,8,55.008718,-43.055702,27.256836,-445.769864,0.000000,0.000000,1.000000
2528,6,1,1.002990,-47.043358,14.507989,-439.149988,-0.987788,0.155802,0.000003
2529,6,0,2.284978,-44.883587,22.326650,-439.649942,0.000003,-0.000000,1.000000
2530,6,4,1.761959,-47.650407,12.673718,-439.795595,-0.702086,0.083823,0.707142
2531,6,1,38.908798,-47.825271,12.398048,-445.769846,-0.993662,0.112413,0.000005
2532,6,4,1.762444,-47.650599,12.672994,-451.744059,-0.702091,0.083825,-0.707136
2533,6,6,0.845730,-47.832500,10.723166,-451.443746,-0.765382,-0.425646,-0.482717
2534,6,1,6.468274,-47.871425,10.427359,-445.769527,-0.756949,-0.653474,0.000003
2535,6,6,0.846361,-47.832376,10.724215,-440.095068,-0.765382,-0.425170,0.483136
2536,6,6,0.155304,-47.550679,10.622067,-440.011845,-0.052426,-0.707375,0.704891
2537,6,0,1.006672,-47.577658,10.259979,-445.769469,-0.068878,-0.997625,0.000000
2538,6,6,0.155219,-47.550810,10.621002,-451.526914,-0.052399,-0.707031,-0.705239
2539,6,0,2.287106,-44.881845,22.325847,-451.889736,-0.000005,0.000003,-1.000000
2540,6,6,12.037434,-44.695629,24.248184,-451.744149,-0.668004,0.229208,-0.707980
2541,6,8,107.870909,-45.155575,22.891477,-445.373288,-0.965251,0.261325,0.000003
2542,6,6,0.909386,-40.840043,33.660492,-440.083931,-0.438128,0.730875,0.523321
2543,6,1,6.455489,-40.684153,33.986021,-445.769321,-0.289753,0.957102,0.000002
2544,6,6,0.909783,-40.839958,33.660822,-451.455311,-0.438231,0.730846,-0.523276
2545,6,6,0.166057,-40.545588,33.597295,-451.538617,0.328764,0.615319,-0.716447
2546,6,0,1.011761,-40.346613,33.970279,-445.769372,0.474451,0.880282,-0.000003
2547,6,6,0.166105,-40.545893,33.596557,-440.000405,0.328625,0.615041,0.716750
2548,6,6,12.036586,-44.695794,24.247559,-439.795515,-0.667854,0.229156,0.708138
2549,6,4,0.634386,-47.393918,14.563399,-439.795546,-0.698330,0.110141,0.707251
2550,6,1,11.581438,-47.537231,14.586056,-445.769840,-0.987788,0.155806,0.000005
2551,6,4,0.634397,-47.393970,14.563407,-451.744137,-0.698463,0.110176,-0.707114
2552,6,6,9.065545,-45.946625,21.042001,-446.127201,-0.624501,0.781024,0.000210
2553,6,6,2.942104,-44.280649,26.072840,-450.614706,-0.661158,0.250543,0.707176
2554,6,6,9.300368,-42.148589,31.061574,-446.126248,-0.986442,-0.164108,0.000075
2555,6,6,2.943270,-44.281159,26.071353,-441.638351,-0.661168,0.250530,-0.707172
2556,6,0,0.466299,-43.996089,25.963448,-441.783923,-0.000004,0.000001,-1.000000
2557,6,6,1.380835,-45.623883,21.055683,-446.126692,0.084285,0.330810,0.939926
2558,6,0,0.466193,-43.995732,25.964492,-450.469137,0.000004,-0.000002,1.000000
2559,6,6,1.420547,-41.914730,30.839146,-446.126318,-0.152700,-0.301163,-0.941267
2560,6,8,35.031429,-43.760728,26.047200,-446.126557,-0.935301,0.353854,0.000004
2561,6,0,0.466329,-43.996124,25.963419,-449.469137,-0.000004,0.000002,-1.000000
2562,6,6,2.942350,-44.280823,26.072343,-449.323566,-0.661184,0.250543,-0.707152
2563,6,8,57.039671,-44.345954,26.167515,-446.126587,-0.934974,0.354717,0.000004
2564,6,6,6.636253,-42.523385,30.264128,-446.126502,-0.491363,0.870955,-0.000062
2565,6,6,1.091425,-42.213754,30.215986,-446.126414,0.147811,0.303672,0.941241
2566,6,0,0.466422,-43.996420,25.962540,-442.783923,0.000004,-0.000001,1.000000
2567,6,6,2.943740,-44.281342,26.070858,-442.929491,-0.661183,0.250529,0.707158
2568,6,6,6.472296,-45.713211,21.848321,-446.126786,-0.940025,-0.341105,-0.000217
2569,6,6,1.064079,-45.448718,21.680864,-446.126893,-0.089890,-0.328200,-0.940322
2570,6,4,1.768452,-47.651133,12.668517,-427.800893,-0.702089,0.083799,0.707141
2571,6,0,2.286275,-44.884970,22.319102,-427.655294,0.000000,0.000008,1.000000
2572,6,6,0.332837,-40.209869,34.215971,-426.955066,-0.335288,-0.608745,0.719035
2573,6,0,0.875159,-39.800590,34.963794,-421.226631,-0.488807,-0.872392,-0.000004
2574,6,6,0.332966,-40.210369,34.215200,-415.498231,-0.334989,-0.608221,-0.719618
2575,6,0,2.285599,-44.884840,22.322348,-414.798814,-0.000001,-0.000021,-1.000000
2576,6,4,1.762181,-47.650708,12.672871,-414.652721,-0.702084,0.083799,-0.707146
2577,6,6,0.310881,-47.592036,9.990806,-415.524263,0.041288,0.708319,-0.704684
2578,6,0,0.872068,-47.635810,9.269335,-421.227622,0.048155,0.998840,0.000000
2579,6,6,0.309824,-47.592258,9.987555,-426.928065,0.041339,0.709384,0.703609
2580,6,1,19.028106,-47.474452,10.726102,-421.226914,-0.997900,0.064776,-0.000000
2581,6,1,1.003046,-47.043363,14.507960,-427.155242,-0.987788,0.155803,0.000000
2582,6,8,53.441915,-43.144339,27.046200,-421.226975,0.000000,0.000000,1.000000
2583,6,1,1.002961,-47.043381,14.508007,-415.298697,-0.987789,0.155798,-0.000003
2584,6,0,2.285016,-44.883675,22.326493,-415.798814,0.000001,0.000021,1.000000
2585,6,4,1.761954,-47.650437,12.673732,-415.944274,-0.702117,0.083842,0.707109
2586,6,1,34.185446,-47.825181,12.398908,-421.226904,-0.993662,0.112413,-0.000001
2587,6,4,1.762466,-47.650569,12.672991,-426.509505,-0.702090,0.083809,-0.707139
2588,6,6,0.845622,-47.832470,10.723205,-426.209320,-0.765381,-0.425645,-0.482720
2589,6,1,5.594093,-47.871423,10.427359,-421.227090,-0.756949,-0.653474,-0.000000
2590,6,6,0.846761,-47.832410,10.724081,-416.244026,-0.765383,-0.425167,0.483137
2591,6,6,0.155425,-47.550717,10.621803,-416.161034,-0.052442,-0.707616,0.704648
2592,6,0,0.870600,-47.577656,10.259978,-421.227325,-0.068880,-0.997625,-0.000000
2593,6,6,0.155189,-47.550778,10.621071,-426.292541,-0.052393,-0.706963,-0.705307
2594,6,0,2.286734,-44.884398,22.325135,-426.655294,-0.000000,-0.000008,-1.000000
2595,6,6,12.036036,-44.695938,24.247237,-426.509732,-0.667816,0.229129,-0.708182
2596,6,8,80.626035,-45.053467,22.989502,-421.333411,-0.974588,0.224007,-0.000003
2597,6,6,0.909061,-40.840193,33.660375,-416.232442,-0.438141,0.730871,0.523317
2598,6,1,5.584272,-40.684179,33.986003,-421.226650,-0.289744,0.957104,-0.000002
2599,6,6,0.910108,-40.840303,33.660037,-426.221506,-0.438314,0.730580,-0.523578
2600,6,6,0.166219,-40.546151,33.596094,-426.305050,0.328371,0.614574,-0.717267
2601,6,0,0.875242,-40.346635,33.970264,-421.226491,0.474448,0.880283,0.000004
2602,6,6,0.166009,-40.546097,33.596347,-416.148738,0.328502,0.614838,0.716981
2603,6,6,12.036619,-44.695954,24.247332,-415.944431,-0.667871,0.229175,0.708116
2604,6,4,0.634386,-47.393953,14.563407,-415.944260,-0.698332,0.110157,0.707246
2605,6,1,10.181082,-47.537231,14.586056,-421.226940,-0.987788,0.155806,-0.000001
2606,6,4,0.634390,-47.393937,14.563403,-426.509618,-0.698467,0.110160,-0.707113
2607,6,6,9.051651,-46.074510,20.583798,-421.153987,-0.630407,0.776265,0.000170
2608,6,6,2.935560,-44.451952,25.615517,-425.643198,-0.663061,0.245477,0.707171
2609,6,6,9.284512,-42.362888,30.607490,-421.155183,-0.985066,-0.172180,0.000018
2610,6,6,2.934812,-44.452055,25.615383,-416.666840,-0.663057,0.245472,-0.707177
2611,6,0,0.464937,-44.166168,25.509654,-416.812410,0.000004,-0.000001,-1.000000
2612,6,6,1.378764,-45.751705,20.600720,-421.154448,0.081721,0.332094,0.939700
2613,6,0,0.465185,-44.166286,25.509153,-425.497625,-0.000005,0.000002,1.000000
2614,6,6,1.417747,-42.127375,30.386795,-421.154932,-0.150590,-0.302581,-0.941152
2615,6,8,34.928614,-43.932557,25.591896,-421.155054,-0.938017,0.346591,-0.000005
2616,6,0,0.465159,-44.166479,25.508636,-424.497625,0.000005,-0.000002,-1.000000
2617,6,6,2.935097,-44.452025,25.615336,-424.352055,-0.663074,0.245479,-0.707158
2618,6,8,56.861891,-44.518032,25.709696,-421.155175,-0.937674,0.347517,-0.000005
2619,6,6,6.623956,-42.730840,29.809162,-421.155103,-0.497085,0.867702,-0.000072
2620,6,6,1.089458,-42.420880,29.763300,-421.154966,0.145596,0.304894,0.941192
2621,6,0,0.465035,-44.166416,25.508938,-417.812410,-0.000004,0.000001,1.000000
2622,6,6,2.935597,-44.452306,25.614653,-417.957983,-0.663084,0.245473,0.707151
2623,6,6,6.463659,-45.847645,21.391769,-421.154771,-0.937000,-0.349330,-0.000413
2624,6,6,1.062511,-45.581840,21.226377,-421.154926,-0.086968,-0.327890,-0.940704
2625,6,6,522.191809,-1.584278,-20.994487,-347.382580,-0.531951,-0.823100,0.198834
2626,6,6,13.759114,45.793460,-10.763970,-365.041800,0.933354,0.209804,0.291262
2627,6,6,59.844161,46.923106,-8.521920,-369.252493,0.868349,0.358761,0.342433
2628,6,6,978.171198,49.320671,-3.196071,-428.236400,0.738512,0.674130,-0.012155
2629,6,6,540.859041,45.633127,-9.120831,-524.245241,0.965133,0.235194,-0.114898
2630,6,6,198.383214,-1.274858,-28.752482,-567.427855,-0.006128,-0.985694,-0.168434
2631,6,6,522.483931,-45.851939,-8.725561,-523.776019,-0.960963,0.251664,-0.114960
2632,6,6,1039.873830,-49.202247,-3.468589,-425.936501,-0.743361,0.668890,0.000206
2633,6,6,13.690707,-46.133719,-10.153904,-366.067501,-0.927945,0.248190,0.278066
2634,6,6,23.605473,-49.849589,-14.917819,-366.037245,-0.641776,0.552719,0.531625
2635,6,6,93.546402,-47.085262,-17.114104,-357.895850,-0.773346,0.483259,0.410361
2636,6,6,25627.811268,-0.069896,-36.367681,-454.904004,0.000847,-0.999971,-0.007563
2637,6,0,3338.565048,-53.650000,-18.338783,-448.259586,-1.000000,0.000000,0.000000
2638,6,6,0.136218,-53.416626,-16.275241,-368.352621,-0.593072,0.054585,0.803297
2639,6,6,122.340658,-52.608426,-7.783951,-397.048235,-0.034657,0.985876,0.163851
2640,6,6,54.070923,-53.096030,-9.722536,-496.017465,0.111580,0.984557,-0.134901
2641,6,0,0.416866,-53.235520,-13.975712,-522.841659,-0.017851,-0.161149,-0.986769
2642,6,6,0.844263,-53.235855,-14.310268,-523.305929,0.108605,0.980705,-0.162549
2643,6,6,0.443660,-53.208893,-14.144571,-523.841601,0.017617,0.161940,0.986643
2644,6,6,8.598894,-53.041578,-14.566451,-527.745893,0.108387,0.980225,-0.165562
2645,6,0,0.765415,-52.889956,-15.377989,-530.934139,-0.018422,-0.166953,-0.985793
2646,6,6,1.590241,-52.870589,-15.716687,-531.398868,0.108280,0.979825,-0.167984
2647,6,0,0.830222,-52.824742,-15.557030,-531.934196,0.018452,0.167140,0.985760
2648,6,6,11.427162,-52.587520,-15.831524,-534.835221,0.108293,0.979449,-0.170155
2649,6,6,36.291288,-50.541143,-17.642709,-543.877999,0.108641,0.979111,-0.171870
2650,6,6,78.198460,-50.236267,-19.954778,-544.901921,-0.866849,-0.331858,-0.372081
2651,6,6,0.513130,-52.065762,-15.556326,-531.433986,-0.985956,0.084234,-0.144205
2652,6,6,0.507924,-52.795389,-14.109956,-523.341191,-0.992701,0.098370,-0.069771
2653,6,6,16.552469,-52.674023,-18.825000,-367.499618,-0.832156,0.038583,0.553197
2654,6,6,0.544477,-53.556475,-21.389827,-369.554412,-0.942527,-0.059822,0.328731
2655,6,1,259.181394,-48.150000,-13.225352,-407.000000,0.000000,-0.844574,0.535439
2656,6,1,259.181394,-48.150000,-22.774648,-407.000000,0.000000,0.844574,-0.535439
2657,6,0,176.714587,-42.650000,-18.000000,-407.000000,-1.000000,0.000000,0.000000
2658,6,0,176.714587,-42.650000,-18.000000,-467.000000,-1.000000,0.000000,0.000000
2659,6,1,259.181394,-48.150000,-13.225352,-467.000000,0.000000,-0.844574,0.535439
2660,6,1,259.181394,-48.150000,-22.774648,-467.000000,0.000000,0.844574,-0.535439
2661,6,6,137.634507,46.585827,-18.864824,-356.810305,0.832109,0.345750,0.433649
2662,6,6,14.346377,52.878230,-20.462877,-369.423993,0.869335,-0.229729,0.437586
2663,6,0,3268.978055,53.650000,-18.220064,-447.944980,1.000000,0.000000,0.000000
2664,6,6,0.846474,53.069127,-16.468791,-368.099800,0.600650,-0.050548,0.797912
2665,6,6,14.886932,51.672945,-18.334869,-366.690947,0.804475,0.035922,0.592899
2666,6,6,20.896731,49.095225,-15.214547,-365.299809,0.658654,0.521393,0.542517
2667,6,6,127.829839,52.511644,-8.064311,-395.768029,-0.000972,0.994571,0.104057
2668,6,6,66.538881,52.989184,-10.226437,-499.413015,-0.111318,0.984201,-0.137684
2669,6,0,0.876665,52.778595,-14.027748,-522.841433,0.017845,-0.161100,-0.986777
2670,6,6,0.508872,51.869662,-14.212471,-523.341197,0.991254,0.094512,-0.092105
2671,6,6,0.915040,52.740446,-14.197771,-523.841537,-0.017632,0.161916,0.986647
2672,6,6,1.788013,52.773153,-14.361228,-523.304244,-0.108604,0.980709,-0.162524
2673,6,6,15.773166,52.550352,-14.600363,-527.625038,-0.108391,0.980237,-0.165487
2674,6,6,2.529537,52.335916,-15.274528,-531.451672,-0.108280,0.979828,-0.167966
2675,6,0,1.338918,52.319150,-15.603731,-531.877720,0.018524,-0.167274,-0.985736
2676,6,6,0.513357,50.921088,-15.845060,-532.377750,0.985248,0.083137,-0.149585
2677,6,0,1.407330,52.251143,-15.783412,-532.877753,-0.018540,0.167352,0.985723
2678,6,6,2.758483,52.298542,-15.941520,-532.339705,-0.108273,0.979717,-0.168618
2679,6,6,14.191559,52.063834,-15.952663,-535.200265,-0.108297,0.979399,-0.170441
2680,6,6,40.270628,50.169817,-17.618814,-543.507271,-0.108781,0.979082,-0.171943
2681,6,6,83.417750,49.909281,-19.846252,-544.624994,0.870990,-0.373060,-0.319693
2682,6,6,1.050832,53.511662,-22.369718,-372.367362,0.928729,-0.225737,0.294117
2683,6,6,15.235437,53.078581,-20.676782,-533.779822,0.917356,-0.306638,-0.253833
2684,6,1,259.181394,48.150000,-13.225352,-407.000000,0.000000,-0.844574,0.535439
2685,6,1,259.181394,48.150000,-22.774648,-407.000000,0.000000,0.844574,-0.535439
2686,6,0,176.714587,42.650000,-18.000000,-407.000000,1.000000,0.000000,0.000000
2687,6,0,176.714587,42.650000,-18.000000,-467.000000,1.000000,0.000000,0.000000
2688,6,1,259.181394,48.150000,-13.225352,-467.000000,0.000000,-0.844574,0.535439
2689,6,1,259.181394,48.150000,-22.774648,-467.000000,0.000000,0.844574,-0.535439
2690,6,1,41.469023,9.527887,0.472113,-568.500000,-0.707107,0.707107,0.000000
2691,6,0,286.000000,10.400000,15.000000,-568.500000,-1.000000,0.000000,0.000000
2692,6,1,41.469023,9.527887,29.527887,-568.500000,-0.707107,-0.707107,0.000000
2693,6,0,176.000000,0.000000,30.400000,-568.500000,0.000000,-1.000000,0.000000
2694,6,1,41.469023,-9.527887,29.527887,-568.500000,0.707107,-0.707107,0.000000
2695,6,0,286.000000,-10.400000,15.000000,-568.500000,1.000000,0.000000,0.000000
2696,6,1,41.469023,-9.527887,0.472113,-568.500000,0.707107,0.707107,0.000000
2697,6,0,176.000000,-0.000000,-0.400000,-568.500000,0.000000,1.000000,0.000000
2698,6,0,635.695574,-0.000000,15.000000,-563.000000,0.000000,0.000000,-1.000000
2699,6,1,8.710299,35.969935,41.817927,-338.632025,0.812208,0.583367,-0.000082
2700,6,1,8.514856,34.388690,43.934098,-338.632369,0.789478,0.613779,-0.000084
2701,6,1,9.228447,32.675642,46.048254,-338.632725,0.764281,0.644883,-0.000091
2702,6,0,260.000000,10.000000,15.000000,-332.000000,1.000000,0.000000,0.000000
2703,6,1,31.415927,9.273240,0.726760,-332.000000,0.707107,-0.707107,0.000000
2704,6,0,160.000000,0.000000,0.000000,-332.000000,0.000000,-1.000000,0.000000
2705,6,1,31.415927,-9.273240,0.726760,-332.000000,-0.707107,-0.707107,0.000000
2706,6,0,260.000000,-10.000000,15.000000,-332.000000,-1.000000,0.000000,0.000000
2707,6,1,31.415927,-9.273240,29.273240,-332.000000,-0.707107,0.707107,0.000000
2708,6,0,160.000000,-0.000000,30.000000,-332.000000,0.000000,1.000000,0.000000
2709,6,1,31.415927,9.273240,29.273240,-332.000000,0.707107,0.707107,0.000000
2710,6,0,596.566371,-0.000000,15.000000,-327.000000,0.000000,0.000000,1.000000
2711,7,6,22420.161959,254.936362,11.046248,-533.369926,-0.110926,0.992804,-0.045118
2712,7,6,21246.811130,258.750019,5.154976,-533.804225,0.116878,-0.992834,-0.024916
2713,7,8,117.249505,222.898039,-3.054205,-526.172531,-0.984050,-0.126712,0.124860
2714,7,0,241.176556,222.301104,-3.212853,-549.172958,-0.991802,-0.127787,0.000079
2715,7,4,7.710796,222.345389,2.069853,-562.974512,-0.791805,0.610575,-0.015575
2716,7,6,30.043073,221.977464,1.583398,-554.092735,-0.959935,0.280223,-0.000728
2717,7,8,155.045376,227.779171,2.446066,-572.327823,-0.126376,0.980760,-0.148791
2718,7,6,93.117811,224.580509,0.110545,-578.902241,-0.767838,0.590421,-0.248653
2719,7,6,99.351577,231.546541,1.163736,-577.906069,0.596099,0.767342,-0.236329
2720,7,6,16.640399,233.227531,4.012682,-556.202521,0.224869,0.973920,-0.030229
2721,7,0,256.132697,234.466513,-1.379404,-549.640026,0.991802,0.127787,-0.000079
2722,7,8,151.929600,233.195738,-2.375223,-575.306931,0.981049,0.126312,-0.146930
2723,7,6,80.927538,232.156829,-6.519358,-580.635270,0.776065,-0.607249,-0.170210
2724,7,6,80.923672,225.799727,-7.338502,-580.634925,-0.596744,-0.784197,-0.170094
2725,7,8,151.934435,223.745075,-3.593014,-575.306237,-0.981049,-0.126492,-0.146774
2726,7,6,11.472120,223.850354,-8.342168,-566.019067,-0.608048,-0.791338,-0.063733
2727,7,1,94.438778,223.695616,-8.354915,-549.169540,-0.610950,-0.791669,0.000487
2728,7,6,27.206431,223.936071,-8.309700,-529.816197,-0.609424,-0.791474,0.046591
2729,7,6,12.421033,224.446142,-7.918907,-523.548500,-0.604390,-0.751357,0.264907
2730,7,6,32.939803,224.906708,-3.874011,-517.142970,-0.580538,-0.595189,0.555631
2731,7,8,75.576467,228.454693,-2.811955,-515.840423,0.093245,-0.723290,0.684220
2732,7,1,29.983692,229.118900,-7.985687,-523.517036,0.123013,-0.954577,0.271387
2733,7,0,344.164805,229.168120,-8.381861,-546.827911,0.127787,-0.991801,0.000610
2734,7,1,100.729595,229.114303,-7.982038,-575.896277,0.127551,-0.990003,-0.060206
2735,7,6,11.472899,234.299197,-6.995808,-566.019949,0.788804,-0.611319,-0.063847
2736,7,1,94.438847,234.454703,-6.968676,-549.170396,0.791669,-0.610950,0.000376
2737,7,6,27.206529,234.213652,-6.985500,-529.817001,0.790149,-0.611151,0.046480
2738,7,6,12.421221,233.622144,-6.736650,-523.549225,0.775136,-0.573625,0.264799
2739,7,6,32.791360,232.157973,-2.957231,-517.161768,0.712646,-0.428829,0.555195
2740,7,8,113.429153,233.900736,-1.747463,-526.170144,0.984132,0.126875,0.124044
2741,7,8,3.556233,225.792699,1.144582,-510.948085,0.759749,0.097494,-0.642865
2742,7,0,10.538146,227.844068,1.929140,-510.410316,0.000000,-0.000615,-1.000000
2743,7,8,3.626062,230.032630,1.670035,-510.957137,-0.761102,-0.098457,-0.641116
2744,7,1,0.728790,227.728925,-4.478078,-594.138859,-0.609589,-0.079027,-0.788769
2745,7,6,2.169119,227.869335,-3.360956,-594.118995,-0.511825,0.263696,-0.817618
2746,7,6,2.169149,229.144412,-3.196666,-594.119099,0.428140,0.384805,-0.817693
2747,7,0,1.134513,228.645588,-4.355564,-594.406467,0.000000,-0.000615,-1.000000
2748,7,6,2.365265,229.427586,-5.400718,-594.080682,0.537775,-0.291742,-0.791002
2749,7,1,0.728431,229.563398,-4.241578,-594.138998,0.609598,0.078058,-0.788859
2750,7,6,2.365222,228.154095,-5.564781,-594.080588,-0.446349,-0.418573,-0.790930
2751,7,0,5.742407,233.761098,4.091297,-556.585234,-0.991802,-0.127787,0.000079
2752,7,0,29.811777,231.989969,4.071856,-559.401548,0.127787,-0.991802,-0.000005
2753,7,0,0.079061,233.795955,4.302534,-564.827509,0.127787,-0.991801,0.000610
2754,7,0,0.038609,233.799429,4.276182,-564.545412,-0.972144,-0.125376,-0.198032
2755,7,0,0.601614,224.042283,3.048005,-561.298654,-0.127787,0.991801,-0.000610
2756,7,1,40.205364,158.640790,-6.208903,-532.860135,-0.895318,0.445426,-0.001050
2757,7,4,8.294871,158.920543,-5.859657,-542.687498,-0.791858,0.610529,-0.014684
2758,7,0,241.308717,158.875531,-11.142285,-528.970036,-0.991802,-0.127787,0.000079
2759,7,8,117.618606,159.459541,-10.971121,-506.073037,-0.984256,-0.126739,0.123198
2760,7,6,32.263786,161.470817,-11.886210,-497.036474,-0.581132,-0.597884,0.552105
2761,7,8,76.421237,165.026687,-10.709362,-495.607465,0.093245,-0.723290,0.684220
2762,7,1,29.983692,165.693606,-15.917289,-503.322828,0.123013,-0.954577,0.271387
2763,7,0,344.164805,165.742826,-16.313463,-526.633703,0.127787,-0.991801,0.000610
2764,7,1,100.729595,165.689009,-15.913640,-555.702069,0.127551,-0.990003,-0.060206
2765,7,6,80.923672,162.374433,-15.270104,-560.440717,-0.596744,-0.784197,-0.170094
2766,7,8,151.934435,160.319781,-11.524616,-555.112029,-0.981049,-0.126492,-0.146774
2767,7,6,93.117738,161.155213,-7.821056,-558.708024,-0.767838,0.590421,-0.248653
2768,7,6,93.039992,168.021728,-6.938214,-558.720372,0.594498,0.764633,-0.248814
2769,7,8,151.937461,169.770438,-10.306933,-555.112825,0.981049,0.126312,-0.146930
2770,7,6,80.920145,168.731488,-14.451083,-560.441048,0.776065,-0.607249,-0.170210
2771,7,6,11.472899,170.873903,-14.927410,-545.825741,0.788804,-0.611319,-0.063847
2772,7,1,94.438847,171.029409,-14.900278,-528.976188,0.791669,-0.610950,0.000376
2773,7,6,27.206529,170.788358,-14.917103,-509.622793,0.790149,-0.611151,0.046480
2774,7,6,12.421221,170.196850,-14.668252,-503.355017,0.775136,-0.573625,0.264799
2775,7,6,31.994719,168.767900,-10.977423,-497.070343,0.714007,-0.431495,0.551368
2776,7,8,112.625910,170.491328,-9.695045,-506.091133,0.984390,0.126907,0.121949
2777,7,0,240.622459,171.076120,-9.581613,-529.010201,0.991802,0.127787,-0.000079
2778,7,6,35.211844,170.062978,-4.768466,-536.390300,0.802169,0.597096,-0.001048
2779,7,0,23.291908,163.296348,-4.537559,-539.771779,-0.127787,0.991801,-0.000610
2780,7,8,154.763379,164.346496,-5.488456,-552.151775,-0.126376,0.980760,-0.148791
2781,7,6,2.365265,166.002292,-13.332320,-573.886474,0.537757,-0.291783,-0.790999
2782,7,1,0.728800,166.138122,-12.173319,-573.944790,0.609598,0.078058,-0.788859
2783,7,6,2.169148,165.719118,-11.128268,-573.924892,0.428140,0.384805,-0.817693
2784,7,6,2.169119,164.444041,-11.292559,-573.924787,-0.511825,0.263696,-0.817618
2785,7,1,0.728790,164.303631,-12.409680,-573.944651,-0.609589,-0.079027,-0.788769
2786,7,6,2.365222,164.728801,-13.496384,-573.886380,-0.446349,-0.418573,-0.790930
2787,7,0,1.134513,165.220294,-12.287166,-574.212259,0.000000,-0.000615,-1.000000
2788,7,6,11.472120,160.425060,-16.273771,-545.824859,-0.608048,-0.791338,-0.063733
2789,7,1,94.438778,160.270322,-16.286518,-528.975333,-0.610950,-0.791669,0.000487
2790,7,6,27.206431,160.510777,-16.241302,-509.621989,-0.609424,-0.791474,0.046591
2791,7,6,12.421033,161.020848,-15.850510,-503.354292,-0.604390,-0.751357,0.264907
2792,7,8,4.108738,162.358656,-6.948112,-490.797558,0.766209,0.098331,-0.635023
2793,7,0,11.416061,164.437350,-6.135308,-490.216026,0.000000,-0.000615,-1.000000
2794,7,8,4.258797,166.664403,-6.434552,-490.814887,-0.768604,-0.099418,-0.631952
2795,7,0,230.939577,130.000000,-8.302531,-445.117297,-1.000000,0.000000,0.000000
2796,7,0,825.601062,123.338578,-11.000000,-473.823961,0.000000,-1.000000,0.000000
2797,7,0,147.958696,123.486429,-5.309184,-442.000000,0.000000,0.000000,1.000000
2798,7,6,5508.778941,86.753849,-2.569307,-443.540406,-0.073677,0.997176,-0.014564
2799,7,0,467.943041,117.000000,-9.453898,-445.254235,1.000000,0.000000,0.000000
2800,7,6,7397.923174,88.855628,-16.293399,-462.918664,0.126579,-0.991673,-0.023719
2801,7,8,72.333680,113.273734,-15.815111,-490.487644,0.986785,0.127203,0.100371
2802,7,0,206.662400,113.667936,-15.055731,-513.412997,0.991802,0.127787,-0.000079
2803,7,6,0.254835,113.080458,-10.523936,-526.853946,0.985736,0.168295,-0.001337
2804,7,6,74.956338,110.298376,-12.473742,-544.886735,0.622264,0.737509,-0.262426
2805,7,8,66.304616,106.982084,-11.491312,-542.714589,-0.124881,0.969118,-0.212639
2806,7,6,77.178519,104.006306,-13.217822,-544.533394,-0.788911,0.555670,-0.262393
2807,7,6,0.796262,100.881678,-12.007168,-526.433016,-0.999173,-0.040612,-0.002113
2808,7,1,0.126359,100.884531,-12.092244,-524.285983,-0.994704,-0.102782,0.000063
2809,7,0,212.416324,101.457173,-16.537411,-513.338634,-0.991802,-0.127787,0.000079
2810,7,8,75.750710,102.038666,-17.153306,-490.430811,-0.986669,-0.127063,0.101685
2811,7,6,23.984399,103.893773,-17.766972,-481.625151,-0.570382,-0.635031,0.520961
2812,7,8,47.284154,107.823205,-17.820052,-481.380336,0.103162,-0.800311,0.590644
2813,7,6,23.528885,111.629790,-16.818222,-481.683136,0.713111,-0.470344,0.519855
2814,7,6,12.421220,112.721493,-19.620460,-486.860806,0.775136,-0.573625,0.264799
2815,7,6,27.206541,113.313002,-19.869311,-493.128585,0.790148,-0.611151,0.046480
2816,7,1,94.438788,113.554052,-19.852486,-512.481974,0.791669,-0.610950,0.000376
2817,7,6,11.400960,113.398041,-19.881449,-529.320214,0.788768,-0.611367,-0.063843
2818,7,6,81.017980,111.258329,-19.403968,-543.931604,0.775148,-0.608462,-0.170058
2819,7,6,80.993180,104.897130,-20.223046,-543.934570,-0.596872,-0.784106,-0.170063
2820,7,8,151.928935,102.844449,-16.476742,-538.618030,-0.981049,-0.126492,-0.146774
2821,7,6,11.395781,102.949679,-21.227092,-529.318842,-0.607996,-0.791378,-0.063727
2822,7,1,94.438841,102.794965,-21.238726,-512.481125,-0.610950,-0.791669,0.000487
2823,7,6,27.206423,103.035421,-21.193510,-493.127775,-0.609424,-0.791474,0.046591
2824,7,6,12.421033,103.545491,-20.802718,-486.860082,-0.604390,-0.751357,0.264907
2825,7,1,29.983692,108.218249,-20.869497,-486.828617,0.123013,-0.954577,0.271387
2826,7,0,344.171152,108.267398,-21.265681,-510.139866,0.127787,-0.991801,0.000610
2827,7,1,100.702394,108.212568,-20.865854,-539.210059,0.127551,-0.990003,-0.060206
2828,7,1,0.728791,106.828274,-17.361889,-557.450440,-0.609589,-0.079027,-0.788769
2829,7,6,2.169118,106.968684,-16.244766,-557.430576,-0.511825,0.263696,-0.817618
2830,7,0,1.134513,107.744937,-17.239374,-557.718048,0.000000,-0.000615,-1.000000
2831,7,1,0.728800,108.662766,-17.125527,-557.450579,0.609598,0.078058,-0.788858
2832,7,6,2.169148,108.243762,-16.080477,-557.430681,0.428140,0.384805,-0.817693
2833,7,6,2.365241,108.526940,-18.284516,-557.392266,0.537757,-0.291783,-0.790999
2834,7,6,2.365245,107.253452,-18.448602,-557.392166,-0.446350,-0.418574,-0.790928
2835,7,8,151.938957,112.295107,-15.259202,-538.618483,0.981049,0.126312,-0.146930
2836,7,0,1.974940,118.990155,-11.220523,-508.000000,0.000000,0.000000,1.000000
2837,7,6,67.613306,132.336313,-10.321074,-504.737033,0.093051,-0.992357,-0.081052
2838,7,6,198.311266,132.720117,-11.599343,-484.971223,0.104795,-0.992961,-0.055200
2839,7,6,49.935318,131.029349,-9.254335,-518.351360,0.000000,0.000000,1.000000
2840,7,6,151.861066,134.601616,-7.698006,-531.922786,0.088773,-0.991689,-0.093123
2841,7,6,154.883070,134.598735,-5.889427,-531.922672,-0.165639,0.971792,-0.167881
2842,7,6,50.805098,130.984148,-4.152169,-518.403971,0.000000,0.000000,1.000000
2843,7,6,165.714415,134.199016,-3.218365,-516.207415,-0.165391,0.971552,-0.169505
2844,7,6,76.483140,131.604882,-1.626258,-504.410240,-0.162555,0.973254,-0.162334
2845,7,6,625.835017,127.307005,1.006068,-471.520614,-0.099092,0.994124,-0.043574
2846,7,6,1965.281409,87.244055,-6.139733,-498.344193,-0.112772,0.983024,-0.144731
2847,7,0,3305.716989,53.650000,-18.218141,-447.824133,-1.000000,0.000000,0.000000
2848,7,6,0.304652,53.854870,-17.191350,-368.936076,0.613195,-0.357852,0.704225
2849,7,6,12.939646,54.727435,-18.797154,-371.151277,0.684842,-0.520689,0.509778
2850,7,6,1223.009961,60.582297,-21.161957,-459.230670,0.608787,-0.793017,-0.022408
2851,7,6,10.139880,54.883403,-16.745161,-537.842061,0.532010,-0.822580,-0.200818
2852,7,6,5.543284,54.808490,-16.199533,-538.350516,-0.108413,0.979172,-0.171662
2853,7,6,193.542351,75.721096,-13.309411,-535.043158,-0.108311,0.979546,-0.169585
2854,7,0,1.619251,98.311290,-10.951884,-534.519117,0.994106,0.106841,-0.018408
2855,7,6,48.953634,77.555157,-13.162768,-532.412124,-0.108275,0.979738,-0.168494
2856,7,0,22.467844,75.982008,-13.161386,-532.876578,-0.018540,0.167352,0.985723
2857,7,0,2.123238,99.311889,-10.758546,-534.004699,-0.994121,-0.106708,0.018366
2858,7,6,53.435978,80.678183,-12.219937,-531.902534,-0.108277,0.979800,-0.168132
2859,7,0,22.970610,76.481872,-12.934253,-531.876653,0.018524,-0.167274,-0.985736
2860,7,6,662.259024,94.488050,-10.175824,-528.870629,-0.108389,0.979981,-0.167002
2861,7,0,6.115388,124.941737,-7.228595,-529.879211,0.994068,0.107248,-0.018089
2862,7,6,173.530724,89.645433,-9.345189,-517.619221,-0.110393,0.981831,-0.154343
2863,7,6,6.611944,114.229111,-6.111120,-516.320742,0.993931,0.108466,-0.018325
2864,7,6,780.677764,84.849247,-9.149324,-516.362051,-0.109603,0.980932,-0.160496
2865,7,6,29.545994,84.870650,-8.337446,-509.801079,-0.017596,0.154914,0.987771
2866,7,6,6.602774,55.509737,-12.670465,-516.323459,-0.994017,-0.107847,0.017310
2867,7,6,29.539635,84.869343,-10.471846,-522.840380,0.018184,-0.163368,-0.986398
2868,7,6,35.863463,89.295318,-10.149037,-523.840004,-0.018290,0.164253,0.986249
2869,7,0,6.619520,125.941677,-7.031688,-529.374934,-0.994052,-0.107354,0.018325
2870,7,6,5.389237,120.585081,-6.508270,-522.839743,0.018592,-0.166982,-0.985785
2871,7,6,7.118852,115.229150,-5.915169,-515.820961,-0.993916,-0.108604,0.018348
2872,7,6,30.553039,84.870866,-8.178608,-508.801256,0.017507,-0.154113,-0.987898
2873,7,6,7.108466,54.509749,-12.702850,-515.823916,0.994012,0.107900,-0.017263
2874,7,0,0.432423,54.079937,-13.887502,-522.840796,0.017845,-0.161100,-0.986777
2875,7,6,1176.814759,56.665271,-27.540459,-455.365563,0.747015,-0.664756,-0.008279
2876,7,1,223.053078,48.650000,-13.480000,-407.000000,0.000000,0.844574,0.535439
2877,7,1,223.053078,48.650000,-22.520000,-407.000000,0.000000,-0.844574,-0.535439
2878,7,0,158.367686,43.650000,-18.000000,-407.000000,-1.000000,0.000000,0.000000
2879,7,0,158.367686,43.650000,-18.000000,-467.000000,-1.000000,0.000000,0.000000
2880,7,1,223.053078,48.650000,-13.480000,-467.000000,0.000000,0.844574,0.535439
2881,7,1,223.053078,48.650000,-22.520000,-467.000000,0.000000,-0.844574,-0.535439
2882,7,6,3.420453,128.229539,-6.832077,-531.136027,-0.108354,0.979747,-0.168389
2883,7,6,163.812064,134.244712,-9.166053,-516.197759,0.090602,-0.992041,-0.087437
2884,7,0,0.502129,63.530748,-15.059727,-376.217688,-0.156132,0.985815,-0.061575
2885,7,6,9.302667,59.092494,-9.414156,-381.152035,0.814208,0.050008,-0.578415
2886,7,6,21.711062,70.958022,-4.731052,-401.196484,0.613693,-0.152802,0.774618
2887,7,6,9.450812,93.516461,-5.865327,-407.423453,-0.813477,-0.053002,0.579177
2888,7,0,0.502106,97.443729,-11.280722,-401.516658,-0.183238,0.978064,-0.099068
2889,7,6,8.943961,93.010291,-6.097755,-406.443553,0.813852,0.052331,-0.578712
2890,7,6,747.467509,76.724277,-7.618826,-393.804957,0.194449,0.905735,0.376608
2891,7,6,20.709370,71.567926,-4.893644,-400.408666,-0.613175,0.167518,-0.771981
2892,7,6,8.799911,60.172482,-9.502435,-381.390366,-0.814491,-0.049494,0.578061
2893,7,6,78.631984,73.642843,-6.347678,-397.875725,0.235621,0.871576,0.429929
2894,7,6,1047.016982,432.083734,30.624451,-610.482560,0.616130,-0.786765,-0.037210
2895,7,6,61.040558,442.632337,48.645595,-621.664884,0.958596,-0.278194,-0.060843
2896,7,6,28.697179,442.454069,46.989203,-616.404012,0.958370,-0.281490,-0.047860
2897,7,6,13.184645,442.562648,46.795176,-611.695013,0.959428,-0.281644,-0.013185
2898,7,6,8.311402,442.610354,46.901725,-608.538976,0.960694,-0.276711,0.022301
2899,7,6,6.775959,442.568375,47.098057,-606.043223,0.961210,-0.262302,0.085277
2900,7,6,334.565770,449.144639,70.380708,-617.753978,0.958873,-0.279003,-0.052148
2901,7,6,17.672139,443.285325,49.635175,-615.080004,0.958791,-0.281563,-0.037965
2902,7,6,0.212793,441.212014,44.224032,-624.190997,0.958859,-0.276092,-0.066057
2903,7,6,18.924149,444.731760,54.828711,-607.105022,0.958020,-0.245370,0.148292
2904,7,6,50.256699,445.350407,58.056338,-621.513263,0.958015,-0.278410,-0.068521
2905,7,6,17.869623,445.870319,58.635602,-616.148073,0.958401,-0.281053,-0.049778
2906,7,6,719.296494,445.557199,61.660016,-616.990370,-0.960651,0.277530,-0.011235
2907,7,6,4.484147,452.437534,81.897029,-618.542862,0.798755,0.598027,-0.065982
2908,7,6,3.099536,451.392738,81.942861,-618.376542,-0.624023,0.781257,-0.015251
2909,7,0,9.629766,451.939044,81.995204,-617.176764,0.000000,1.000000,0.000000
2910,7,6,1009.334885,431.908833,32.742756,-610.932787,-0.601978,0.798194,-0.022540
2911,7,6,52.267228,443.971626,53.358834,-621.900214,0.958270,-0.277624,-0.068138
2912,7,6,17.887988,444.049499,52.458272,-616.383393,0.958569,-0.280644,-0.048828
2913,7,6,17.803027,444.942718,55.563201,-616.662568,0.958443,-0.281199,-0.048112
2914,7,6,14.549538,442.986394,48.260889,-612.185759,0.959286,-0.281974,-0.016183
2915,7,6,3.344191,440.986550,42.220650,-617.788262,0.956552,-0.287848,-0.046386
2916,7,6,11.878673,442.827511,47.600753,-609.542366,0.960121,-0.279486,0.007460
2917,7,6,6.045186,440.738739,40.877699,-612.891423,0.952787,-0.302292,-0.028577
2918,7,6,10.408376,442.701741,47.323667,-607.166175,0.961228,-0.271775,0.046675
2919,7,6,7.536441,440.567911,40.196471,-608.444110,0.952050,-0.305942,-0.000238
2920,7,6,9.996619,442.524604,47.407970,-604.908511,0.955612,-0.237372,0.174527
2921,7,6,7.999123,440.456853,40.282159,-604.145418,0.944118,-0.321615,0.072147
2922,7,6,17.890604,446.765639,61.437257,-614.766988,0.959012,-0.282753,-0.018603
2923,7,6,17.872437,447.510615,63.725545,-612.636934,0.960331,-0.278569,0.012804
2924,7,6,17.960753,447.871728,65.289759,-609.932104,0.959754,-0.253374,0.121135
2925,8,6,139.780190,128.469179,-12.318273,-477.302186,0.112055,-0.992854,-0.041034
2926,8,0,232.369821,129.900000,-8.315398,-445.138216,1.000000,0.000000,0.000000
2927,8,0,145.689940,123.486716,-5.308891,-442.000000,0.000000,0.000000,-1.000000
2928,8,0,465.977576,117.100000,-9.446182,-445.264211,-1.000000,0.000000,0.000000
2929,8,0,1.909333,119.056827,-11.216829,-508.000000,0.000000,0.000000,-1.000000
2930,8,6,215.085725,119.420028,-12.859492,-483.095894,0.116433,-0.992159,-0.045422
2931,8,6,11.420676,117.408162,-1.002869,-433.723836,0.041216,0.983983,0.173431
2932,8,6,267.222453,122.689073,-2.469131,-430.160299,0.129055,0.948225,0.290197
2933,8,6,26.117497,129.235878,-2.807487,-431.899559,0.109587,0.921372,0.372913
2934,8,6,26.580914,129.310297,-11.103836,-433.075951,0.209458,-0.964485,0.160920
2935,8,6,1048.615164,126.667369,-18.060216,-455.888540,0.995481,-0.050003,-0.080725
2936,8,6,0.226261,123.445260,-8.607005,-389.015657,-0.042665,0.999089,0.000798
2937,8,6,122.551225,118.483859,-12.070796,-415.790681,-0.592828,0.801224,-0.081206
2938,8,6,7177.787438,140.723933,-34.016965,-385.729630,0.316579,0.948405,-0.017494
2939,8,6,134.437513,128.661786,-11.945127,-414.730910,0.642339,0.764381,-0.055877
2940,8,6,10.754105,129.126798,-15.670881,-437.475293,0.945221,0.310954,-0.099321
2941,8,0,0.407356,128.872179,-16.235797,-439.144402,-0.245105,-0.969497,0.000000
2942,8,8,2176.115869,137.006875,-34.685484,-414.781879,-0.467482,-0.884003,0.000000
2943,8,8,226.841311,128.825634,-19.355633,-418.334486,0.999021,-0.044237,0.000000
2944,8,0,0.374312,128.346124,-24.748190,-434.191844,-0.000000,-1.000000,0.000000
2945,8,2,700.310965,132.845686,-27.208402,-418.474664,0.830809,0.537510,-0.144358
2946,8,2,2047.556573,123.000000,-40.816419,-419.564838,-0.530948,-0.837490,-0.129245
2947,8,0,18.494286,122.988109,-34.891430,-450.751577,0.000000,0.000000,-1.000000
2948,8,1,170.176362,129.125127,-30.147376,-437.751578,-0.895352,-0.445359,0.000000
2949,8,1,579.130834,123.000000,-37.707798,-437.751577,-0.535439,0.844574,0.000000
2950,8,0,120.411051,122.998614,-34.015770,-424.751577,0.000000,0.000000,-1.000000
2951,8,1,28.790463,127.196388,-28.087357,-437.751579,0.989011,-0.147842,0.000000
2952,8,0,213.919526,123.000000,-28.634830,-437.751577,0.000000,-1.000000,0.000000
2953,8,0,81.862525,123.000000,-30.022262,-456.463173,0.000000,-0.971741,0.236050
2954,8,6,794.386109,119.753769,-20.553239,-464.696109,-0.981005,-0.161452,-0.107526
2955,8,0,0.422238,117.983706,-16.037707,-438.796540,0.210330,-0.977630,0.000000
2956,8,8,2210.420899,109.127768,-34.396474,-414.777123,0.201715,0.979444,0.000000
2957,8,6,7226.789496,105.423560,-33.839687,-385.953104,-0.317137,-0.948279,-0.013844
2958,8,6,312.461450,109.163330,-34.358147,-340.302601,-0.527333,-0.017288,0.849483
2959,8,6,175.868768,111.212691,-32.474906,-339.169890,0.381221,0.000380,0.924484
2960,8,6,175.120475,134.783571,-32.474354,-339.163806,-0.381869,0.000892,0.924216
2961,8,6,312.550136,136.850084,-34.375717,-340.289988,0.518657,0.065658,0.852457
2962,8,8,1001.134392,134.594168,-32.999147,-349.198131,-0.320277,0.947324,0.000000
2963,8,6,1.774142,128.108682,-20.792467,-355.475328,-0.873131,0.464522,0.147855
2964,8,6,28.940660,129.300067,-21.346734,-356.243252,0.515708,-0.280017,0.809713
2965,8,6,0.374788,130.455204,-21.705255,-357.222551,0.740671,-0.458411,0.491189
2966,8,6,1.344027,130.484124,-21.623561,-357.303786,0.509403,-0.421706,-0.750115
2967,8,6,28.811068,129.157495,-21.209805,-356.497235,-0.504839,0.289675,-0.813158
2968,8,2,138.471700,122.996121,-27.937896,-355.624985,-0.453940,0.716022,0.530330
2969,8,6,0.355863,124.057767,-19.639272,-357.201479,0.872688,-0.027825,0.487485
2970,8,6,27.866680,122.885648,-19.856859,-356.227410,0.585711,0.012921,0.810417
2971,8,6,1.727014,121.588080,-19.922807,-355.473292,-0.987936,-0.035577,0.150722
2972,8,6,27.763346,122.690735,-19.804119,-356.485374,-0.581098,-0.000619,-0.813833
2973,8,6,1.273640,124.041899,-19.558275,-357.281530,0.653732,-0.109282,-0.748794
2974,8,8,999.854189,111.421683,-32.999110,-349.202867,0.343604,-0.939115,0.000000
2975,8,6,1.803199,111.260473,-27.322754,-355.476851,-0.465235,-0.873006,0.146346
2976,8,6,28.640018,111.914965,-26.200622,-356.232837,0.280733,0.514862,0.810004
2977,8,6,0.364340,112.337632,-25.081274,-357.210880,0.459535,0.741329,0.489141
2978,8,6,1.305200,112.257758,-25.053433,-357.291486,0.421596,0.510550,-0.749397
2979,8,6,28.557579,111.770870,-26.340207,-356.487911,-0.289832,-0.504294,-0.813440
2980,8,6,1.820192,115.383830,-22.105225,-355.477800,-0.839802,-0.523097,0.145269
2981,8,6,28.974251,116.507286,-21.451815,-356.235658,0.500395,0.306403,0.809767
2982,8,6,0.366291,117.449529,-20.719157,-357.213051,0.768385,0.412241,0.489533
2983,8,6,1.312841,117.393523,-20.653625,-357.293912,0.620281,0.231116,-0.749558
2984,8,6,28.894897,116.313905,-21.499918,-356.489891,-0.503260,-0.292261,-0.813211
2985,8,6,1.267559,120.668799,-19.747747,-357.279609,0.659841,0.063785,-0.748693
2986,8,6,27.704139,119.422777,-20.325569,-356.482630,-0.561040,-0.150845,-0.813929
2987,8,6,1.742388,118.378664,-20.677747,-355.473922,-0.945289,-0.289745,0.149921
2988,8,6,27.792228,119.625877,-20.328331,-356.224680,0.562365,0.163727,0.810517
2989,8,6,0.354272,120.704901,-19.821016,-357.199714,0.850347,0.198940,0.487168
2990,8,6,1.458884,115.314131,-43.605126,-357.340084,-0.509832,0.424200,-0.748415
2991,8,6,30.500946,116.694820,-43.944888,-356.515114,0.506832,-0.288897,-0.812194
2992,8,6,1.865629,117.777665,-44.344310,-355.480654,0.872682,-0.467034,0.142498
2993,8,6,30.656655,116.553408,-43.815405,-356.268016,-0.518857,0.277054,0.808720
2994,8,0,0.010590,112.755715,-47.337705,-357.759225,-0.500000,-0.866025,0.000000
2995,8,6,0.406440,115.340353,-43.526767,-357.257938,-0.732044,0.449357,0.512044
2996,8,2,138.471769,123.003891,-36.997370,-355.624986,0.453940,-0.716022,0.530330
2997,8,6,0.406440,109.763824,-34.871430,-357.257938,-0.199890,0.835377,0.512044
2998,8,6,31.226128,110.334623,-35.964065,-356.267085,-0.170981,0.562794,0.808720
2999,8,6,1.963915,110.673118,-37.238196,-355.488413,0.284787,-0.948724,0.137185
3000,8,6,31.115175,110.336433,-36.155753,-356.511987,0.154108,-0.562671,-0.812190
3001,8,6,1.460369,109.688305,-34.908659,-357.340249,-0.060077,0.658700,-0.750003
3002,8,0,0.542666,105.613329,-37.126353,-356.727425,-0.965926,-0.258819,0.000000
3003,8,6,31.115175,135.811041,-35.605414,-356.511987,0.147874,0.564341,-0.812190
3004,8,6,1.460369,135.748789,-37.009493,-357.340249,-0.277322,-0.600490,-0.750003
3005,8,6,0.406440,135.664773,-37.003975,-357.257938,-0.244579,-0.823403,0.512044
3006,8,6,31.226128,135.716764,-35.772326,-356.267085,-0.133324,-0.572885,0.808720
3007,8,6,1.963915,136.060685,-34.499648,-355.488413,0.227729,0.964012,0.137185
3008,8,0,0.542666,140.386669,-37.126402,-356.727425,0.965926,-0.258819,0.000000
3009,8,6,27.881971,123.308754,-45.149803,-356.485973,0.581178,0.000692,-0.813776
3010,8,6,1.284032,121.955507,-45.410260,-357.284799,-0.653495,0.109455,-0.748975
3011,8,6,0.358717,121.939604,-45.329304,-357.204641,-0.872385,0.027652,0.488037
3012,8,6,27.984254,123.113861,-45.097057,-356.228691,-0.585792,-0.013122,0.810355
3013,8,6,1.741571,124.412397,-45.049763,-355.473879,0.988072,0.035209,0.149913
3014,8,6,0.406440,134.059140,-40.127286,-357.257938,-0.449357,-0.732044,0.512044
3015,8,6,31.226128,134.428134,-38.951060,-356.267085,-0.277054,-0.518857,0.808720
3016,8,6,1.963915,135.089729,-37.810761,-355.488413,0.469474,0.872224,0.137185
3017,8,6,31.115175,134.562398,-38.814236,-356.511987,0.288898,0.506839,-0.812190
3018,8,6,1.460369,134.138865,-40.154360,-357.340249,-0.423290,-0.508253,-0.750003
3019,8,0,0.542666,138.588455,-41.467658,-356.727425,0.866025,-0.500000,0.000000
3020,8,6,30.542081,129.809023,-43.661420,-356.499217,0.503612,0.294486,-0.812190
3021,8,6,1.382251,128.701222,-44.480053,-357.315978,-0.619444,-0.229232,-0.750827
3022,8,6,0.384818,128.642706,-44.409873,-357.233837,-0.766074,-0.412231,0.493150
3023,8,6,30.608441,129.619618,-43.706452,-356.251039,-0.499326,-0.310743,0.808772
3024,8,6,1.958362,130.796328,-43.135881,-355.488594,0.842698,0.520622,0.137161
3025,8,6,0.406440,131.699845,-42.728604,-357.257938,-0.623513,-0.590798,0.512044
3026,8,6,31.226128,132.360695,-41.687960,-356.267085,-0.401904,-0.429471,0.808720
3027,8,6,1.963915,133.294878,-40.757749,-355.488413,0.679225,0.720995,0.137185
3028,8,6,31.115175,132.525798,-41.590549,-356.511987,0.410233,0.414797,-0.812190
3029,8,6,1.460369,131.769846,-42.775390,-357.340249,-0.540413,-0.381379,-0.750003
3030,8,0,0.542666,135.727914,-45.195577,-356.727425,0.707107,-0.707107,0.000000
3031,8,6,31.115175,111.722489,-39.307657,-356.511987,0.294487,-0.503612,-0.812190
3032,8,6,1.460369,110.773675,-38.270805,-357.340249,-0.228514,0.620707,-0.750003
3033,8,6,0.406440,110.836985,-38.215298,-357.257938,-0.409290,0.755177,0.512044
3034,8,6,31.226128,111.671129,-39.122969,-356.267085,-0.310817,0.499365,0.808720
3035,8,6,1.963915,112.327859,-40.266077,-355.488413,0.520631,-0.842688,0.137185
3036,8,0,0.542666,107.411531,-41.467614,-356.727425,-0.866025,-0.500000,0.000000
3037,8,6,31.200730,109.865425,-32.568081,-356.265962,-0.019492,0.587873,0.808719
3038,8,6,1.963067,109.857535,-33.885259,-355.488413,0.029531,-0.990293,0.135824
3039,8,6,31.096085,109.816132,-32.753422,-356.511265,0.003225,-0.583398,-0.812180
3040,8,6,1.446168,109.557586,-31.383966,-357.335359,0.112241,0.652097,-0.749781
3041,8,6,0.401831,109.639458,-31.367482,-357.253225,0.023428,0.859266,0.510992
3042,8,0,0.442495,105.000000,-32.736945,-356.530327,-1.000000,0.000000,0.000000
3043,8,2,43.577929,123.000006,-35.138818,-351.297332,0.453940,-0.716022,0.530330
3044,8,6,15.656667,122.929813,-34.110539,-349.134408,-0.016210,-0.487017,0.873242
3045,8,6,9.628352,122.917790,-30.725166,-349.396352,-0.039231,0.615601,0.787081
3046,8,2,43.577929,123.000006,-29.796448,-351.297332,-0.453940,0.716022,0.530330
3047,8,6,4.207576,123.071480,-30.988757,-348.846744,0.010194,0.434966,0.900389
3048,8,6,1.385311,124.580680,-33.492754,-348.712040,0.387492,-0.271939,0.880851
3049,8,6,3.116304,123.116669,-31.346399,-348.560005,0.024788,0.306319,0.951606
3050,8,6,1.985252,123.021150,-31.646300,-348.375587,-0.010179,0.191292,0.981480
3051,8,6,1.897312,122.636517,-33.110699,-348.390256,-0.050281,-0.173457,0.983557
3052,8,6,0.872081,122.651138,-32.821837,-348.297716,-0.057422,-0.069411,0.995934
3053,8,6,0.201129,122.518282,-32.634977,-348.267213,-0.057694,-0.024821,0.998026
3054,8,0,0.079288,122.859155,-32.543646,-348.254446,0.000000,0.000000,1.000000
3055,8,0,0.171345,123.065183,-32.432459,-348.254446,0.000000,0.000000,1.000000
3056,8,6,1.078426,123.079132,-31.921907,-348.283624,0.006658,0.084406,0.996409
3057,8,6,31.206016,136.135509,-32.369104,-356.267424,0.019493,-0.587872,0.808719
3058,8,6,1.942691,136.090756,-31.050401,-355.486587,-0.029956,0.990082,0.137262
3059,8,6,31.084591,136.182108,-32.183669,-356.512570,-0.003225,0.583398,-0.812180
3060,8,6,1.461191,136.488939,-33.554999,-357.340173,-0.112454,-0.651805,-0.750003
3061,8,6,0.406375,136.407617,-33.571544,-357.257966,-0.023144,-0.858698,0.511959
3062,8,0,0.438465,141.000011,-32.747808,-356.932500,1.000000,0.000000,0.000000
3063,8,0,738.915775,123.015358,-33.007094,-358.254446,0.000000,0.000000,1.000000
3064,8,6,0.362216,125.311998,-45.205647,-357.208517,-0.849390,-0.199192,0.488731
3065,8,6,28.656201,126.410050,-44.739377,-356.231065,-0.562604,-0.165928,0.809904
3066,8,6,1.815776,127.671698,-44.437401,-355.477561,0.946481,0.288048,0.145607
3067,8,6,28.586836,126.611027,-44.744554,-356.486182,0.561625,0.151812,-0.813345
3068,8,6,1.297466,125.348778,-45.281875,-357.289047,-0.659263,-0.063068,-0.749263
3069,8,6,0.406440,112.739035,-41.167473,-357.257938,-0.590798,0.623513,0.512044
3070,8,6,31.226128,113.779678,-41.828323,-356.267085,-0.429471,0.401904,0.808720
3071,8,6,1.963915,114.709890,-42.762506,-355.488413,0.720995,-0.679225,0.137185
3072,8,6,31.115175,113.877090,-41.993425,-356.511987,0.414797,-0.410233,-0.812190
3073,8,6,1.460369,112.692248,-41.237474,-357.340249,-0.381379,0.540413,-0.750003
3074,8,0,0.542666,110.272062,-45.195541,-356.727425,-0.707107,-0.707107,0.000000
3075,8,6,28.532676,119.977977,-44.893641,-356.496107,0.562507,-0.149207,-0.813218
3076,8,6,1.341824,118.579861,-44.872654,-357.303074,-0.601280,0.275465,-0.750055
3077,8,6,0.374339,118.586077,-44.787960,-357.222051,-0.834128,0.251137,0.491081
3078,8,6,28.670323,119.803423,-44.798889,-356.241512,-0.570500,0.137162,0.809763
3079,8,6,1.756786,121.098132,-45.024310,-355.474524,0.963561,-0.222202,0.148916
3080,8,6,1.904521,110.082126,-30.472784,-355.483497,-0.226182,-0.963896,0.140518
3081,8,6,29.969394,110.468856,-29.226505,-356.245843,0.135074,0.571851,0.809161
3082,8,6,0.379067,110.628175,-28.035419,-357.227350,0.250709,0.833693,0.492038
3083,8,6,1.360502,110.539220,-28.027805,-357.309040,0.275687,0.600717,-0.750424
3084,8,6,29.897575,110.366848,-29.394623,-356.496213,-0.148495,-0.563560,-0.812619
3085,8,6,1.333107,114.484980,-22.458195,-357.300313,0.539243,0.383251,-0.749890
3086,8,6,28.544004,113.746951,-23.638062,-356.494317,-0.410474,-0.412381,-0.813297
3087,8,6,1.767652,113.056707,-24.522850,-355.475027,-0.674476,-0.723246,0.148315
3088,8,6,28.668817,113.917652,-23.535736,-356.239619,0.404183,0.425178,0.809852
3089,8,6,0.371942,114.555293,-22.506051,-357.219366,0.634844,0.596887,0.490611
3090,8,6,27.684179,125.977117,-20.168012,-356.486366,-0.561492,0.149784,-0.813813
3091,8,6,1.283707,127.358362,-20.237367,-357.284687,0.602900,-0.274844,-0.748981
3092,8,6,0.358694,127.353022,-20.318943,-357.204613,0.835508,-0.252505,0.488024
3093,8,6,27.799189,126.152825,-20.267888,-356.228603,0.569169,-0.139018,0.810383
3094,8,6,1.720574,124.878949,-20.000839,-355.473054,-0.963462,0.221129,0.151142
3095,8,6,0.393561,136.093046,-30.090189,-357.243420,0.199469,-0.836665,0.510102
3096,8,6,30.000296,135.481096,-29.022046,-356.257068,0.169142,-0.562790,0.809110
3097,8,6,1.840489,135.029893,-27.779231,-355.479017,-0.287421,0.946918,0.144001
3098,8,6,29.860643,135.475324,-28.827739,-356.506775,-0.153257,0.562339,-0.812581
3099,8,6,1.412467,136.165223,-30.053754,-357.324888,0.061153,-0.659593,-0.749131
3100,8,6,28.687923,131.840664,-23.193873,-356.489558,-0.412246,0.410476,-0.813365
3101,8,6,1.314078,132.963406,-23.991944,-357.294294,0.383778,-0.539330,-0.749559
3102,8,6,0.366724,132.915456,-24.062262,-357.213538,0.597055,-0.635462,0.489606
3103,8,6,28.775194,131.938557,-23.368231,-356.234954,0.424918,-0.404304,0.809928
3104,8,6,1.806850,131.014471,-22.453100,-355.477048,-0.722797,0.675440,0.146100
3105,8,6,28.678365,133.941856,-25.804743,-356.494718,-0.292183,0.503242,-0.813251
3106,8,6,1.337810,134.885705,-26.826950,-357.301806,0.230499,-0.620005,-0.749976
3107,8,6,0.373203,134.821021,-26.882624,-357.220778,0.412238,-0.767541,0.490857
3108,8,6,28.799567,133.995973,-25.995976,-356.240472,0.306260,-0.500421,0.809804
3109,8,6,1.779399,133.273339,-24.904151,-355.475596,-0.523823,0.838937,0.147629
3110,8,0,364.067903,122.971302,-33.244201,-394.751577,0.000000,0.000000,-1.000000
3111,8,2,713.995674,113.237489,-27.092435,-418.320385,-0.830056,0.538663,-0.144393
3112,8,0,0.566510,117.701378,-24.948786,-435.577364,0.000000,-0.971741,0.236050
3113,8,0,0.374308,117.653877,-24.748190,-434.191847,-0.000000,-1.000000,0.000000
3114,8,8,229.796143,117.716652,-19.205428,-418.421216,-0.998508,0.054599,0.000000
3115,8,1,29.863316,118.836238,-28.062711,-437.751577,-0.996368,-0.085152,0.000000
3116,8,1,172.315597,116.898218,-30.114696,-437.751577,0.892753,-0.450547,0.000000
3117,8,6,21.059059,117.982979,-11.732704,-421.826266,0.286309,-0.928090,0.238066
3118,8,6,134.777373,121.770870,-7.830896,-408.045332,-0.609713,0.791342,0.045029
3119,8,1,158.510871,123.000000,-34.800139,-434.751577,-0.535439,-0.844574,0.000000
3120,8,1,158.510871,123.000000,-31.588037,-434.751577,0.535439,0.844574,0.000000
3121,8,2,45.100429,123.000000,-31.875904,-447.969003,0.530948,0.837490,-0.129245
3122,8,2,45.100429,123.000000,-34.512273,-447.969003,-0.530948,-0.837490,-0.129245
3123,8,1,33.844224,123.000000,-34.173842,-455.251577,-0.535439,-0.844574,0.000000
3124,8,1,33.844224,123.000000,-32.214335,-455.251577,0.535439,0.844574,0.000000
3125,8,0,1.808292,123.000000,-33.194088,-458.751577,0.000000,0.000000,-1.000000
3126,8,1,88.337984,123.000000,-32.341659,-448.251577,0.535439,-0.844574,0.000000
3127,8,1,88.337984,123.000000,-34.046518,-448.251577,-0.535439,0.844574,0.000000
3128,8,0,5.632569,123.000000,-33.194088,-437.751577,0.000000,0.000000,-1.000000
3129,8,0,0.566512,128.298623,-24.948786,-435.577363,0.000000,-0.971741,0.236050
3130,8,6,2.341106,128.075590,-8.861894,-424.546012,0.535286,-0.558659,0.633537
3131,8,6,6.193735,127.527095,-11.126155,-500.425016,0.093452,-0.992398,-0.080077
3132,8,0,813.359025,123.343035,-11.000000,-473.839844,0.000000,1.000000,0.000000
3133,9,6,1241.624063,-56.614342,-27.438600,-455.440113,-0.761912,-0.647663,-0.004769
3134,9,0,3375.437007,-53.650000,-18.335332,-448.136689,1.000000,0.000000,0.000000
3135,9,6,7356.941174,-89.010494,-16.287019,-462.913303,-0.126583,-0.991672,-0.023732
3136,9,1,0.126359,-100.884531,-12.092244,-524.285983,0.994704,-0.102782,0.000063
3137,9,0,212.416324,-101.457173,-16.537411,-513.338634,0.991802,-0.127787,0.000079
3138,9,6,0.796269,-100.881678,-12.007167,-526.433026,0.999173,-0.040612,-0.002113
3139,9,6,77.179249,-104.006353,-13.217832,-544.533548,0.788911,0.555670,-0.262393
3140,9,8,66.303893,-106.982086,-11.491325,-542.714658,0.124881,0.969118,-0.212639
3141,9,6,74.955957,-110.298432,-12.473712,-544.886507,-0.622264,0.737509,-0.262426
3142,9,6,0.254834,-113.080458,-10.523936,-526.853946,-0.985736,0.168295,-0.001337
3143,9,0,206.662400,-113.667936,-15.055731,-513.412997,-0.991802,0.127787,-0.000079
3144,9,8,72.333311,-113.273742,-15.815120,-490.487695,-0.986785,0.127203,0.100371
3145,9,6,23.530046,-111.629864,-16.818270,-481.683090,-0.713469,-0.470003,0.519672
3146,9,8,47.284122,-107.823204,-17.820053,-481.380337,-0.103162,-0.800311,0.590644
3147,9,6,23.984551,-103.893775,-17.766956,-481.625129,0.570382,-0.635031,0.520961
3148,9,8,75.750516,-102.038664,-17.153299,-490.430817,0.986669,-0.127063,0.101685
3149,9,6,27.206421,-103.035420,-21.193510,-493.127775,0.609424,-0.791474,0.046591
3150,9,6,12.421217,-103.545477,-20.802704,-486.860096,0.604436,-0.751322,0.264900
3151,9,1,29.983692,-108.218249,-20.869497,-486.828617,-0.123013,-0.954577,0.271387
3152,9,0,344.171159,-108.267398,-21.265681,-510.139866,-0.127787,-0.991801,0.000610
3153,9,1,94.438840,-102.794965,-21.238726,-512.481125,0.610950,-0.791669,0.000487
3154,9,6,11.417962,-102.949455,-21.227075,-529.323423,0.608051,-0.791336,-0.063731
3155,9,6,80.964781,-104.897802,-20.222652,-543.939297,0.596849,-0.784115,-0.170102
3156,9,8,151.934326,-102.844471,-16.476809,-538.618103,0.981049,-0.126492,-0.146774
3157,9,1,0.728891,-106.828277,-17.361926,-557.450439,0.609589,-0.079027,-0.788769
3158,9,6,2.169133,-106.968698,-16.244758,-557.430583,0.511819,0.263693,-0.817623
3159,9,6,2.169118,-108.243771,-16.080479,-557.430677,-0.428140,0.384805,-0.817693
3160,9,1,0.728800,-108.662766,-17.125527,-557.450579,-0.609598,0.078058,-0.788858
3161,9,8,151.930478,-112.295125,-15.259104,-538.618299,-0.981049,0.126312,-0.146930
3162,9,6,80.995964,-111.257710,-19.403624,-543.936018,-0.775140,-0.608461,-0.170098
3163,9,6,2.365258,-108.526935,-18.284528,-557.392264,-0.537775,-0.291742,-0.791002
3164,9,6,2.365234,-107.253448,-18.448597,-557.392166,0.446353,-0.418577,-0.790925
3165,9,0,1.134512,-107.744937,-17.239374,-557.718048,0.000000,-0.000615,-1.000000
3166,9,6,11.429750,-113.397647,-19.881793,-529.324784,-0.788768,-0.611367,-0.063843
3167,9,1,94.438788,-113.554052,-19.852486,-512.481974,-0.791669,-0.610950,0.000376
3168,9,6,27.206546,-113.313002,-19.869311,-493.128585,-0.790149,-0.611151,0.046480
3169,9,6,12.421404,-112.721504,-19.620443,-486.860820,-0.775172,-0.573579,0.264793
3170,9,1,100.702303,-108.212569,-20.865856,-539.210035,-0.127551,-0.990003,-0.060206
3171,9,0,467.930199,-117.000000,-9.453760,-445.253692,-1.000000,0.000000,0.000000
3172,9,0,825.672901,-123.338453,-11.000000,-473.826486,0.000000,-1.000000,0.000000
3173,9,0,147.958696,-123.486429,-5.309184,-442.000000,0.000000,0.000000,1.000000
3174,9,0,230.943223,-130.000000,-8.302546,-445.117564,1.000000,0.000000,0.000000
3175,9,6,21246.816561,-258.750005,5.154974,-533.804217,-0.116878,-0.992834,-0.024916
3176,9,0,256.132871,-234.466513,-1.379401,-549.640038,-0.991802,0.127787,-0.000079
3177,9,6,16.639576,-233.227538,4.012674,-556.202750,-0.224870,0.973920,-0.030229
3178,9,6,99.352021,-231.546509,1.163710,-577.906220,-0.596107,0.767336,-0.236328
3179,9,8,151.934279,-233.195739,-2.375359,-575.307004,-0.981049,0.126312,-0.146930
3180,9,6,11.472084,-234.299162,-6.995905,-566.019893,-0.788768,-0.611367,-0.063843
3181,9,1,94.438788,-234.454703,-6.968676,-549.170393,-0.791669,-0.610950,0.000376
3182,9,6,27.206379,-234.213652,-6.985505,-529.817012,-0.790150,-0.611149,0.046480
3183,9,6,12.420687,-233.622161,-6.736593,-523.549107,-0.775071,-0.573426,0.265420
3184,9,6,32.791314,-232.157973,-2.957228,-517.161764,-0.712646,-0.428829,0.555195
3185,9,8,75.576489,-228.454694,-2.811955,-515.840424,-0.093245,-0.723290,0.684220
3186,9,1,29.984240,-229.118934,-7.985682,-523.517032,-0.123013,-0.954577,0.271387
3187,9,0,344.164754,-229.168121,-8.381861,-546.827914,-0.127787,-0.991801,0.000610
3188,9,1,100.729607,-229.114303,-7.982038,-575.896276,-0.127551,-0.990003,-0.060206
3189,9,6,80.923666,-232.156765,-6.519438,-580.635430,-0.776006,-0.607327,-0.170203
3190,9,6,80.927537,-225.799645,-7.338440,-580.634767,0.596821,-0.784136,-0.170101
3191,9,6,11.472909,-223.850294,-8.342083,-566.019119,0.608096,-0.791301,-0.063736
3192,9,1,94.438840,-223.695616,-8.354915,-549.169544,0.610950,-0.791669,0.000487
3193,9,6,27.206602,-223.936074,-8.309698,-529.816184,0.609425,-0.791473,0.046591
3194,9,6,12.420686,-224.446151,-7.918879,-523.548377,0.604352,-0.751167,0.265532
3195,9,6,32.939860,-224.906708,-3.874014,-517.142975,0.580538,-0.595189,0.555631
3196,9,8,117.249551,-222.898040,-3.054207,-526.172524,0.984050,-0.126712,0.124860
3197,9,0,241.176588,-222.301104,-3.212853,-549.172959,0.991802,-0.127787,0.000079
3198,9,6,30.043005,-221.977462,1.583395,-554.092720,0.959926,0.280254,-0.000728
3199,9,4,7.771877,-222.343837,2.068993,-562.984587,0.791760,0.610633,-0.015577
3200,9,8,155.061525,-227.778753,2.446102,-572.327128,0.126376,0.980760,-0.148791
3201,9,0,0.601606,-224.042295,3.048007,-561.298655,0.127787,0.991801,-0.000610
3202,9,0,29.810847,-231.989936,4.071852,-559.401793,-0.127787,-0.991802,-0.000005
3203,9,0,0.079061,-233.795955,4.302534,-564.827509,-0.127787,-0.991801,0.000610
3204,9,0,0.038609,-233.799429,4.276182,-564.545412,0.972144,-0.125376,-0.198032
3205,9,0,5.742408,-233.761098,4.091297,-556.585232,0.991802,-0.127787,0.000079
3206,9,6,93.039982,-224.582227,0.108882,-578.914046,0.768927,0.588954,-0.248767
3207,9,8,151.928854,-223.745042,-3.592915,-575.306142,0.981049,-0.126492,-0.146774
3208,9,1,0.728430,-227.728902,-4.477942,-594.138853,0.609598,-0.079028,-0.788762
3209,9,6,2.169148,-227.869343,-3.360950,-594.118998,0.511825,0.263697,-0.817618
3210,9,6,2.169119,-229.144422,-3.196670,-594.119096,-0.428140,0.384805,-0.817693
3211,9,1,0.728790,-229.563411,-4.241716,-594.139004,-0.609589,0.078057,-0.788865
3212,9,6,2.365222,-229.427592,-5.400699,-594.080689,-0.537747,-0.291778,-0.791008
3213,9,6,2.365265,-228.154105,-5.564798,-594.080581,0.446384,-0.418545,-0.790924
3214,9,0,1.134513,-228.645588,-4.355564,-594.406467,0.000000,-0.000615,-1.000000
3215,9,8,3.626064,-230.032629,1.670035,-510.957137,0.761102,-0.098457,-0.641116
3216,9,0,10.538146,-227.844068,1.929140,-510.410316,0.000000,-0.000615,-1.000000
3217,9,8,3.556232,-225.792699,1.144581,-510.948086,-0.759749,0.097494,-0.642865
3218,9,8,113.429380,-233.900737,-1.747469,-526.170141,-0.984132,0.126875,0.124044
3219,9,6,35.155498,-170.063007,-4.768764,-536.377807,-0.802105,0.597182,-0.001049
3220,9,0,23.291982,-163.296354,-4.537559,-539.771779,0.127787,0.991801,-0.000610
3221,9,8,154.763089,-164.345674,-5.488566,-552.151806,0.126376,0.980760,-0.148791
3222,9,1,40.205483,-158.640790,-6.208902,-532.860115,0.895317,0.445428,-0.001050
3223,9,4,8.355994,-158.919103,-5.860466,-542.697543,0.791813,0.610587,-0.014685
3224,9,6,93.039738,-161.156929,-7.822721,-558.719829,0.768930,0.588950,-0.248767
3225,9,8,151.928854,-160.319748,-11.524517,-555.111934,0.981049,-0.126492,-0.146774
3226,9,6,80.927537,-162.374352,-15.270043,-560.440559,0.596821,-0.784136,-0.170101
3227,9,6,80.923666,-168.731471,-14.451040,-560.441222,-0.776006,-0.607327,-0.170203
3228,9,8,151.934677,-169.770453,-10.306943,-555.112718,-0.981049,0.126312,-0.146930
3229,9,6,93.118421,-168.022975,-6.936153,-558.708490,-0.593069,0.765779,-0.248699
3230,9,6,2.169119,-165.719128,-11.128272,-573.924888,-0.428140,0.384805,-0.817693
3231,9,6,2.169148,-164.444049,-11.292552,-573.924791,0.511825,0.263697,-0.817618
3232,9,0,1.134513,-165.220294,-12.287166,-574.212259,0.000000,-0.000615,-1.000000
3233,9,6,2.365265,-164.728811,-13.496400,-573.886373,0.446384,-0.418545,-0.790924
3234,9,1,0.728430,-164.303608,-12.409544,-573.944645,0.609598,-0.079028,-0.788762
3235,9,6,2.365222,-166.002298,-13.332302,-573.886481,-0.537747,-0.291778,-0.791008
3236,9,1,0.728790,-166.138117,-12.173319,-573.944797,-0.609589,0.078057,-0.788865
3237,9,0,240.622466,-171.076120,-9.581613,-529.010201,-0.991802,0.127787,-0.000079
3238,9,8,112.626138,-170.491329,-9.695051,-506.091130,-0.984390,0.126907,0.121949
3239,9,6,31.994657,-168.767900,-10.977422,-497.070341,-0.714007,-0.431495,0.551368
3240,9,8,76.421278,-165.026688,-10.709362,-495.607466,-0.093245,-0.723290,0.684220
3241,9,1,29.984232,-165.693639,-15.917284,-503.322825,-0.123013,-0.954577,0.271387
3242,9,0,344.164750,-165.742827,-16.313463,-526.633706,-0.127787,-0.991801,0.000610
3243,9,1,100.729607,-165.689009,-15.913640,-555.702068,-0.127551,-0.990003,-0.060206
3244,9,6,11.472046,-170.873867,-14.927508,-545.825691,-0.788768,-0.611367,-0.063843
3245,9,1,94.438847,-171.029409,-14.900278,-528.976188,-0.791669,-0.610950,0.000376
3246,9,6,27.206381,-170.788358,-14.917107,-509.622802,-0.790150,-0.611149,0.046480
3247,9,6,12.420695,-170.196866,-14.668196,-503.354897,-0.775071,-0.573426,0.265420
3248,9,6,11.472909,-160.425000,-16.273685,-545.824911,0.608096,-0.791301,-0.063736
3249,9,1,94.438840,-160.270322,-16.286518,-528.975336,0.610950,-0.791669,0.000487
3250,9,6,27.206564,-160.510781,-16.241302,-509.621978,0.609423,-0.791475,0.046591
3251,9,6,12.420684,-161.020857,-15.850481,-503.354169,0.604352,-0.751167,0.265532
3252,9,6,32.263839,-161.470816,-11.886213,-497.036480,0.581132,-0.597884,0.552105
3253,9,8,117.618699,-159.459542,-10.971124,-506.073030,0.984256,-0.126739,0.123198
3254,9,0,241.308757,-158.875531,-11.142285,-528.970037,0.991802,-0.127787,0.000079
3255,9,8,4.258801,-166.664404,-6.434553,-490.814888,0.768604,-0.099418,-0.631952
3256,9,0,11.416061,-164.437350,-6.135308,-490.216026,0.000000,-0.000615,-1.000000
3257,9,8,4.108735,-162.358656,-6.948112,-490.797558,-0.766209,0.098331,-0.635023
3258,9,6,198.311311,-132.720117,-11.599343,-484.971216,-0.104795,-0.992961,-0.055200
3259,9,6,67.611208,-132.336466,-10.321072,-504.736893,-0.093051,-0.992357,-0.081052
3260,9,6,49.934531,-131.029382,-9.254346,-518.351210,0.000000,0.000000,1.000000
3261,9,6,50.805099,-130.984148,-4.152177,-518.404019,0.000000,0.000000,1.000000
3262,9,6,76.483140,-131.604882,-1.626258,-504.410240,0.162555,0.973254,-0.162334
3263,9,6,625.835017,-127.307005,1.006068,-471.520614,0.099092,0.994124,-0.043574
3264,9,6,22420.161717,-254.936362,11.046248,-533.369926,0.110926,0.992804,-0.045118
3265,9,6,154.883075,-134.598737,-5.889424,-531.922657,0.165639,0.971792,-0.167881
3266,9,6,151.861054,-134.601618,-7.698006,-531.922779,-0.088773,-0.991689,-0.093123
3267,9,6,165.714415,-134.199016,-3.218365,-516.207415,0.165391,0.971552,-0.169505
3268,9,6,1009.335404,-431.908827,32.742753,-610.932788,0.601978,0.798194,-0.022540
3269,9,6,719.297022,-445.557203,61.660030,-616.990372,0.960651,0.277530,-0.011235
3270,9,6,4.484185,-452.437529,81.897028,-618.542899,-0.798762,0.598017,-0.065992
3271,9,6,3.099397,-451.392736,81.942860,-618.376477,0.624027,0.781254,-0.015254
3272,9,0,9.629817,-451.939040,81.995204,-617.176752,0.000000,1.000000,0.000000
3273,9,6,8.311304,-442.610338,46.901665,-608.538997,-0.960694,-0.276711,0.022301
3274,9,6,6.776023,-442.568384,47.098086,-606.043225,-0.961210,-0.262302,0.085277
3275,9,6,13.184674,-442.562652,46.795188,-611.695004,-0.959428,-0.281644,-0.013185
3276,9,6,28.697292,-442.454076,46.989228,-616.403979,-0.958370,-0.281490,-0.047860
3277,9,6,61.040647,-442.632340,48.645603,-621.664866,-0.958596,-0.278194,-0.060843
3278,9,6,334.565606,-449.144641,70.380714,-617.753985,-0.958873,-0.279003,-0.052148
3279,9,6,11.878673,-442.827511,47.600753,-609.542366,-0.960121,-0.279486,0.007460
3280,9,6,6.045172,-440.738742,40.877707,-612.891420,-0.952787,-0.302292,-0.028577
3281,9,6,1047.014313,-432.083758,30.624461,-610.482582,-0.616098,-0.786790,-0.037210
3282,9,6,0.212793,-441.212014,44.224032,-624.190997,-0.958859,-0.276092,-0.066057
3283,9,6,17.672142,-443.285325,49.635175,-615.080005,-0.958791,-0.281563,-0.037965
3284,9,6,3.344190,-440.986550,42.220651,-617.788262,-0.956552,-0.287848,-0.046386
3285,9,6,14.549538,-442.986394,48.260889,-612.185759,-0.959286,-0.281974,-0.016183
3286,9,6,7.536686,-440.567847,40.196300,-608.444140,-0.952050,-0.305942,-0.000238
3287,9,6,10.408311,-442.701736,47.323649,-607.166180,-0.961228,-0.271775,0.046675
3288,9,6,7.999253,-440.456852,40.282160,-604.145425,-0.944118,-0.321615,0.072147
3289,9,6,9.996619,-442.524604,47.407970,-604.908511,-0.955612,-0.237372,0.174527
3290,9,6,18.924256,-444.731768,54.828740,-607.105024,-0.958020,-0.245370,0.148293
3291,9,6,52.267242,-443.971626,53.358835,-621.900208,-0.958270,-0.277624,-0.068138
3292,9,6,17.803030,-444.942718,55.563201,-616.662567,-0.958443,-0.281199,-0.048112
3293,9,6,50.256593,-445.350408,58.056344,-621.513291,-0.958015,-0.278410,-0.068521
3294,9,6,17.869645,-445.870318,58.635595,-616.148052,-0.958401,-0.281053,-0.049778
3295,9,6,17.887987,-444.049498,52.458270,-616.383400,-0.958569,-0.280644,-0.048828
3296,9,6,17.960770,-447.871730,65.289765,-609.932107,-0.959754,-0.253374,0.121135
3297,9,6,17.872436,-447.510615,63.725548,-612.636936,-0.960331,-0.278569,0.012804
3298,9,6,17.890610,-446.765640,61.437260,-614.766991,-0.959012,-0.282753,-0.018603
3299,9,6,5508.778933,-86.753849,-2.569307,-443.540407,0.073677,0.997176,-0.014564
3300,9,6,1965.281414,-87.244055,-6.139733,-498.344193,0.112772,0.983024,-0.144731
3301,9,6,3.420453,-128.229539,-6.832077,-531.136027,0.108354,0.979747,-0.168389
3302,9,0,6.619520,-125.941677,-7.031688,-529.374934,0.994052,-0.107354,0.018325
3303,9,6,173.532258,-89.645729,-9.345166,-517.619275,0.110393,0.981831,-0.154343
3304,9,6,29.539635,-84.869343,-10.471846,-522.840380,-0.018184,-0.163368,-0.986398
3305,9,6,780.677764,-84.849247,-9.149324,-516.362051,0.109603,0.980932,-0.160496
3306,9,6,6.602774,-55.509737,-12.670465,-516.323459,0.994017,-0.107847,0.017310
3307,9,6,29.545994,-84.870650,-8.337446,-509.801079,0.017596,0.154914,0.987771
3308,9,6,6.611944,-114.229111,-6.111120,-516.320742,-0.993931,0.108466,-0.018325
3309,9,0,0.432423,-54.079937,-13.887501,-522.840789,-0.017851,-0.161149,-0.986769
3310,9,6,7.108462,-54.509749,-12.702849,-515.823913,-0.994012,0.107900,-0.017263
3311,9,6,30.553039,-84.870866,-8.178608,-508.801256,-0.017507,-0.154113,-0.987898
3312,9,6,7.118852,-115.229150,-5.915169,-515.820961,0.993916,-0.108604,0.018348
3313,9,6,5.389237,-120.585081,-6.508270,-522.839743,-0.018592,-0.166982,-0.985785
3314,9,0,6.115388,-124.941737,-7.228595,-529.879211,-0.994068,0.107248,-0.018089
3315,9,6,662.261595,-94.488299,-10.175800,-528.870654,0.108389,0.979981,-0.167002
3316,9,6,35.863460,-89.295321,-10.149040,-523.840025,0.018288,0.164253,0.986249
3317,9,0,2.596007,-100.861900,-10.507612,-533.522324,0.994105,-0.106851,0.018371
3318,9,6,51.471741,-78.735391,-12.880181,-531.525800,0.108280,0.979824,-0.167992
3319,9,0,23.775697,-77.255770,-12.686949,-530.934546,-0.018422,-0.166953,-0.985793
3320,9,0,2.091400,-99.861537,-10.702360,-534.032964,-0.994105,0.106846,-0.018389
3321,9,6,244.431243,-76.523383,-13.138919,-534.569556,0.108303,0.979590,-0.169336
3322,9,0,23.247793,-76.756879,-12.913777,-531.934409,0.018452,0.167140,0.985760
3323,9,6,1234.458469,-60.740310,-21.080875,-462.016011,-0.611472,-0.790677,-0.030537
3324,9,6,9.076550,-55.073852,-16.230692,-538.695791,0.108437,0.979172,-0.171647
3325,9,6,31.035189,-55.591920,-19.963487,-372.745531,-0.774740,-0.480499,0.410972
3326,9,6,8.111640,-54.492639,-18.099577,-369.785268,-0.718506,-0.273861,0.639335
3327,9,6,9.302667,-59.092494,-9.414156,-381.152035,-0.814208,0.050008,-0.578415
3328,9,0,0.502129,-63.530748,-15.059727,-376.217688,0.156132,0.985815,-0.061575
3329,9,6,8.799903,-60.172487,-9.502438,-381.390360,0.814491,-0.049494,0.578061
3330,9,6,747.467509,-76.724277,-7.618826,-393.804957,-0.194449,0.905735,0.376608
3331,9,6,8.943948,-93.010296,-6.097757,-406.443547,-0.813852,0.052331,-0.578712
3332,9,0,0.502106,-97.443728,-11.280722,-401.516657,0.183238,0.978064,-0.099068
3333,9,6,9.450812,-93.516461,-5.865327,-407.423453,0.813477,-0.053002,0.579177
3334,9,6,21.711062,-70.958022,-4.731052,-401.196484,-0.613693,-0.152802,0.774618
3335,9,6,78.631973,-73.642853,-6.347677,-397.875732,-0.235621,0.871576,0.429929
3336,9,6,20.709370,-71.567926,-4.893644,-400.408666,0.613175,0.167518,-0.771981
3337,9,6,163.811675,-134.244698,-9.166055,-516.197757,-0.090602,-0.992041,-0.087437
3338,9,0,1.974940,-118.990155,-11.220523,-508.000000,0.000000,0.000000,1.000000
3339,9,1,223.053078,-48.650000,-13.480000,-407.000000,0.000000,0.844574,-0.535439
3340,9,1,223.053078,-48.650000,-22.520000,-407.000000,0.000000,-0.844574,0.535439
3341,9,0,158.367686,-43.650000,-18.000000,-407.000000,1.000000,0.000000,0.000000
3342,9,0,158.367686,-43.650000,-18.000000,-467.000000,1.000000,0.000000,0.000000
3343,9,1,223.053078,-48.650000,-13.480000,-467.000000,0.000000,0.844574,-0.535439
3344,9,1,223.053078,-48.650000,-22.520000,-467.000000,0.000000,-0.844574,0.535439
3345,10,6,215.084408,-119.420024,-12.859484,-483.096094,-0.116433,-0.992159,-0.045422
3346,10,0,1.909333,-119.056827,-11.216829,-508.000000,0.000000,0.000000,-1.000000
3347,10,0,465.948426,-117.100000,-9.445796,-445.263255,1.000000,0.000000,0.000000
3348,10,6,11.420676,-117.408162,-1.002869,-433.723837,-0.041216,0.983983,0.173431
3349,10,0,145.689940,-123.486716,-5.308891,-442.000000,0.000000,0.000000,-1.000000
3350,10,6,267.222199,-122.689071,-2.469129,-430.160301,-0.129055,0.948225,0.290197
3351,10,6,21.058855,-117.982960,-11.732734,-421.826292,-0.286309,-0.928090,0.238066
3352,10,6,134.858107,-121.769919,-7.832424,-408.039452,0.609713,0.791342,0.045029
3353,10,6,122.565075,-118.483914,-12.070770,-415.791232,0.592829,0.801223,-0.081206
3354,10,6,0.226261,-123.445260,-8.607005,-389.015657,0.042665,0.999089,0.000798
3355,10,6,7177.773037,-140.723971,-34.017018,-385.729723,-0.316614,0.948393,-0.017494
3356,10,6,7226.817745,-105.423602,-33.839632,-385.952969,0.317137,-0.948279,-0.013844
3357,10,6,312.632968,-136.850016,-34.371893,-340.289510,-0.532377,0.332599,0.778430
3358,10,6,175.091489,-134.784430,-32.479549,-339.163756,0.348978,-0.178858,0.919905
3359,10,8,1001.111647,-134.594149,-32.999026,-349.198327,0.320277,0.947324,0.000000
3360,10,6,1.942538,-136.091001,-31.050390,-355.486586,0.029954,0.990131,0.136906
3361,10,6,31.206306,-136.135487,-32.369103,-356.267424,-0.019493,-0.587874,0.808718
3362,10,2,138.470054,-122.996234,-27.937897,-355.624984,-0.453940,0.716022,0.530330
3363,10,6,1.805355,-131.015544,-22.451891,-355.477035,0.722925,0.675590,0.144766
3364,10,6,28.774842,-131.938456,-23.368148,-356.234861,-0.424910,-0.404298,0.809935
3365,10,6,0.368607,-132.908944,-24.067773,-357.212759,-0.596311,-0.634276,0.492044
3366,10,6,1.315797,-132.961775,-23.993250,-357.294140,-0.382248,-0.537794,-0.751441
3367,10,6,28.686201,-131.840672,-23.193765,-356.489516,0.412255,0.410488,-0.813355
3368,10,6,1.801707,-111.259029,-27.322031,-355.476838,0.465348,-0.873168,0.145011
3369,10,6,28.639675,-111.914910,-26.200741,-356.232744,-0.280729,0.514853,0.810011
3370,10,6,0.366211,-112.344605,-25.086113,-357.210106,-0.458585,0.740307,0.491575
3371,10,6,1.306908,-112.259433,-25.054664,-357.291333,-0.420510,0.508678,-0.751278
3372,10,6,28.555869,-111.770764,-26.340228,-356.487869,0.289841,-0.504306,-0.813430
3373,10,8,999.851162,-111.421732,-32.999025,-349.203110,-0.343604,-0.939115,0.000000
3374,10,6,1.461118,-115.315291,-43.603586,-357.339941,0.562759,0.453929,-0.690833
3375,10,6,30.498687,-116.694869,-43.944983,-356.515059,-0.506834,-0.288900,-0.812192
3376,10,2,138.470017,-123.003777,-36.997369,-355.624984,0.453940,-0.716022,0.530330
3377,10,6,1.462274,-131.768434,-42.773633,-357.340072,0.584115,-0.426098,-0.690833
3378,10,6,31.113268,-132.525910,-41.590558,-356.511944,-0.410245,0.414805,-0.812180
3379,10,6,1.962303,-133.296153,-40.758892,-355.488413,-0.679361,0.721124,0.135824
3380,10,6,31.225704,-132.360781,-41.687859,-356.266990,0.401891,-0.429456,0.808734
3381,10,6,0.408527,-131.693990,-42.721676,-357.257080,0.622067,-0.589880,0.514853
3382,10,0,0.542666,-135.727914,-45.195577,-356.727425,-0.707107,-0.707107,0.000000
3383,10,6,1.814276,-127.672209,-44.438941,-355.477548,-0.946675,0.288084,0.144269
3384,10,6,28.655877,-126.410173,-44.739333,-356.230972,0.562595,-0.165924,0.809911
3385,10,6,0.364077,-125.310496,-45.197332,-357.207748,0.847999,-0.199141,0.491163
3386,10,6,1.299165,-125.348466,-45.279829,-357.288895,0.657173,-0.062512,-0.751143
3387,10,6,28.585135,-126.611116,-44.744615,-356.486142,-0.561640,0.151814,-0.813335
3388,10,6,0.408527,-115.345529,-43.519319,-357.257080,0.730783,0.448199,0.514853
3389,10,6,30.656161,-116.553531,-43.815458,-356.267921,0.518840,0.277045,0.808734
3390,10,6,1.864087,-117.776924,-44.345784,-355.480646,-0.872844,-0.467141,0.141149
3391,10,0,0.010589,-112.755713,-47.337704,-357.759220,0.500000,-0.866025,0.000000
3392,10,6,1.962303,-135.091257,-37.811535,-355.488413,-0.469572,0.872384,0.135824
3393,10,6,31.225704,-134.428191,-38.950940,-356.266990,0.277045,-0.518840,0.808734
3394,10,6,0.408527,-134.051692,-40.122109,-357.257080,0.448199,-0.730783,0.514853
3395,10,6,1.462274,-134.137046,-40.153028,-357.340072,0.453929,-0.562759,-0.690833
3396,10,6,31.113268,-134.562510,-38.814217,-356.511944,-0.288907,0.506850,-0.812180
3397,10,0,0.542666,-138.588455,-41.467658,-356.727425,-0.866025,-0.500000,0.000000
3398,10,6,1.962303,-136.062361,-34.500000,-355.488413,-0.227782,0.964193,0.135824
3399,10,6,31.225704,-135.716788,-35.772195,-356.266990,0.133319,-0.572865,0.808734
3400,10,6,0.408527,-135.656239,-37.000903,-357.257080,0.243786,-0.821885,0.514853
3401,10,6,1.462274,-135.746687,-37.008676,-357.340072,0.292809,-0.661069,-0.690833
3402,10,6,31.113268,-135.811144,-35.605366,-356.511944,-0.147880,0.564354,-0.812180
3403,10,0,0.542666,-140.386669,-37.126402,-356.727425,-0.965926,-0.258819,0.000000
3404,10,6,1.963224,-109.857702,-33.885250,-355.488413,-0.029532,-0.990275,0.135951
3405,10,6,31.199226,-109.865346,-32.568120,-356.265930,0.019493,0.587860,0.808728
3406,10,6,0.403283,-109.645924,-31.368024,-357.252612,-0.023166,0.858092,0.512973
3407,10,6,1.446166,-109.557582,-31.383966,-357.335359,-0.112241,0.652097,-0.749781
3408,10,6,31.096086,-109.816132,-32.753422,-356.511265,-0.003225,-0.583398,-0.812180
3409,10,0,0.442495,-105.000000,-32.736945,-356.530327,1.000000,0.000000,0.000000
3410,10,0,738.922666,-123.015358,-33.007012,-358.254446,0.000000,0.000000,1.000000
3411,10,6,31.084569,-136.182109,-32.183668,-356.512569,0.003225,0.583398,-0.812180
3412,10,6,1.461214,-136.488914,-33.554996,-357.340171,0.112454,-0.651805,-0.750003
3413,10,0,0.438465,-141.000011,-32.747808,-356.932500,-1.000000,0.000000,0.000000
3414,10,6,0.406122,-136.408718,-33.571636,-357.258070,0.023189,-0.858900,0.511618
3415,10,2,43.577929,-123.000006,-35.138818,-351.297332,0.453940,-0.716022,0.530330
3416,10,2,43.577929,-123.000006,-29.796448,-351.297332,-0.453940,0.716022,0.530330
3417,10,6,8.414958,-122.612322,-30.796328,-349.419071,0.103660,0.598266,0.794564
3418,10,6,4.629473,-123.286598,-30.861647,-348.947432,-0.028284,0.480509,0.876534
3419,10,6,3.437317,-123.314685,-31.226669,-348.626183,-0.010263,0.325714,0.945413
3420,10,6,2.212146,-123.218206,-31.524195,-348.416175,-0.023732,0.209690,0.977480
3421,10,0,0.165953,-122.944864,-32.422200,-348.254446,0.000000,0.000000,1.000000
3422,10,6,0.024522,-122.622494,-32.520817,-348.256617,0.027410,-0.004478,0.999614
3423,10,6,0.604318,-122.820938,-32.706638,-348.272783,0.017082,-0.043356,0.998914
3424,10,6,1.645449,-122.830185,-32.985071,-348.342007,0.013530,-0.126979,0.991813
3425,10,6,16.463107,-122.891722,-34.080654,-349.101639,0.054142,-0.465299,0.883496
3426,10,6,1.275408,-124.708947,-33.371392,-348.729794,-0.414197,-0.247802,0.875805
3427,10,6,1.322330,-123.280731,-31.816144,-348.305129,-0.047928,0.107298,0.993071
3428,10,0,0.084680,-123.108072,-32.556673,-348.254446,0.000000,0.000000,1.000000
3429,10,6,1.462274,-110.775738,-38.269895,-357.340072,0.260399,0.674494,-0.690833
3430,10,6,31.113268,-111.722451,-39.307764,-356.511944,-0.294492,-0.503626,-0.812180
3431,10,6,1.962303,-112.326425,-40.267013,-355.488413,-0.520721,-0.842853,0.135824
3432,10,6,31.225704,-111.671204,-39.123078,-356.266990,0.310806,0.499348,0.808734
3433,10,6,0.408527,-110.845192,-38.211436,-357.257080,0.408777,0.753543,0.514853
3434,10,0,0.542666,-107.411531,-41.467614,-356.727425,0.866025,-0.500000,0.000000
3435,10,6,1.343576,-118.580632,-44.870674,-357.302916,0.599189,0.274902,-0.751932
3436,10,6,28.530921,-119.978027,-44.893736,-356.496065,-0.562520,-0.149213,-0.813207
3437,10,6,1.755327,-121.097816,-45.025862,-355.474507,-0.963746,-0.222272,0.147608
3438,10,6,28.669899,-119.803554,-44.798908,-356.241419,0.570490,0.137161,0.809770
3439,10,6,0.376259,-118.589008,-44.779802,-357.221254,0.832882,0.250475,0.493528
3440,10,6,1.462274,-109.690534,-34.908315,-357.340072,0.076954,0.718907,-0.690833
3441,10,6,31.113268,-110.336368,-36.155846,-356.511944,-0.154109,-0.562685,-0.812180
3442,10,6,1.962303,-110.671490,-37.238729,-355.488413,-0.284832,-0.948906,0.135824
3443,10,6,31.225704,-110.334668,-35.964190,-356.266990,0.170975,0.562776,0.808734
3444,10,6,0.408527,-109.772751,-34.869823,-357.257080,0.199817,0.833666,0.514853
3445,10,0,0.542666,-105.613329,-37.126353,-356.727425,0.965926,-0.258819,0.000000
3446,10,6,1.962303,-114.708746,-42.763781,-355.488413,-0.721124,-0.679361,0.135824
3447,10,6,31.225704,-113.779780,-41.828409,-356.266990,0.429456,0.401891,0.808734
3448,10,6,0.408527,-112.745962,-41.161618,-357.257080,0.589880,0.622067,0.514853
3449,10,6,1.462274,-112.694006,-41.236061,-357.340072,0.426098,0.584115,-0.690833
3450,10,6,31.113268,-113.877080,-41.993538,-356.511944,-0.414805,-0.410245,-0.812180
3451,10,0,0.542666,-110.272062,-45.195541,-356.727425,0.707107,-0.707107,0.000000
3452,10,6,1.956439,-130.797214,-43.137215,-355.488607,-0.843044,0.520812,0.134282
3453,10,6,30.608490,-129.619752,-43.706389,-356.250936,0.499323,-0.310741,0.808775
3454,10,6,0.386789,-128.638932,-44.401867,-357.233016,0.764708,-0.411814,0.495611
3455,10,6,1.384060,-128.700350,-44.478070,-357.315814,0.617550,-0.228140,-0.752718
3456,10,6,30.540269,-129.809129,-43.661461,-356.499176,-0.503625,0.294491,-0.812180
3457,10,6,1.740124,-124.412493,-45.051336,-355.473861,-0.988266,0.035189,0.148631
3458,10,6,27.983893,-123.113991,-45.097043,-356.228598,0.585782,-0.013120,0.810362
3459,10,6,0.360561,-121.940300,-45.320946,-357.203880,0.871033,0.027343,0.490464
3460,10,6,1.285711,-121.955733,-45.408217,-357.284649,0.651316,0.109450,-0.750872
3461,10,6,27.880289,-123.308826,-45.149881,-356.485931,-0.581193,0.000690,-0.813766
3462,10,6,1.362282,-110.541217,-28.028582,-357.308879,-0.275121,0.598610,-0.752313
3463,10,6,29.895792,-110.366746,-29.394669,-356.496172,0.148502,-0.563573,-0.812608
3464,10,6,1.902954,-110.080484,-30.472442,-355.483492,0.226240,-0.964079,0.139165
3465,10,6,29.969053,-110.468831,-29.226634,-356.245750,-0.135073,0.571842,0.809168
3466,10,6,0.381011,-110.636410,-28.038378,-357.226542,-0.250044,0.832441,0.494490
3467,10,6,1.314560,-117.394361,-20.655536,-357.293758,-0.618405,0.230036,-0.751438
3468,10,6,28.893176,-116.313803,-21.499882,-356.489850,0.503274,-0.292266,-0.813201
3469,10,6,1.818686,-115.382936,-22.103869,-355.477788,0.839979,-0.523182,0.143930
3470,10,6,28.973909,-116.507179,-21.451890,-356.235565,-0.500387,0.306397,0.809774
3471,10,6,0.368172,-117.453163,-20.726865,-357.212273,-0.767047,0.411830,0.491970
3472,10,6,1.269218,-120.669106,-19.749759,-357.279463,-0.657762,0.063233,-0.750567
3473,10,6,27.702478,-119.422688,-20.325511,-356.482589,0.561055,-0.150846,-0.813918
3474,10,6,1.740941,-118.378164,-20.676253,-355.473904,0.945486,-0.289776,0.148614
3475,10,6,27.791889,-119.625754,-20.328378,-356.224587,-0.562356,0.163723,0.810525
3476,10,6,0.356094,-120.706378,-19.829189,-357.198963,-0.848967,0.198888,0.489589
3477,10,6,1.334850,-114.486302,-22.459844,-357.300157,-0.537709,0.381721,-0.751770
3478,10,6,28.542259,-113.746844,-23.638057,-356.494275,0.410486,-0.412390,-0.813287
3479,10,6,1.766185,-113.055515,-24.521796,-355.475012,0.674628,-0.723371,0.147006
3480,10,6,28.668412,-113.917570,-23.535839,-356.239525,-0.404177,0.425170,0.809859
3481,10,6,0.373850,-114.560864,-22.512635,-357.218574,-0.633651,0.596140,0.493055
3482,10,6,175.536987,-111.214733,-32.470354,-339.169971,-0.251462,0.241271,0.937313
3483,10,6,312.378378,-109.164113,-34.357654,-340.303024,0.521674,-0.369819,0.768823
3484,10,6,27.761677,-122.690664,-19.804041,-356.485333,0.581113,-0.000616,-0.813822
3485,10,6,1.275307,-124.041674,-19.560305,-357.281382,-0.651556,-0.109277,-0.750689
3486,10,6,0.357698,-124.057081,-19.647516,-357.200731,-0.871339,-0.027517,0.489909
3487,10,6,27.866322,-122.885519,-19.856873,-356.227318,-0.585701,0.012919,0.810424
3488,10,6,1.725577,-121.587983,-19.921245,-355.473273,0.988132,-0.035556,0.149435
3489,10,6,1.414310,-136.163048,-30.054089,-357.324719,-0.060588,-0.657484,-0.751028
3490,10,6,29.858798,-135.475384,-28.827647,-356.506732,0.153258,0.562353,-0.812571
3491,10,6,1.838967,-135.031445,-27.778716,-355.479006,0.287458,0.947108,0.142666
3492,10,6,29.999844,-135.481048,-29.021923,-356.256973,-0.169136,-0.562770,0.809125
3493,10,6,0.395585,-136.084336,-30.091757,-357.242591,-0.199395,-0.834969,0.512902
3494,10,6,1.285385,-127.357615,-20.239282,-357.284538,-0.600823,-0.274283,-0.750853
3495,10,6,27.682499,-125.977067,-20.167919,-356.486325,0.561506,0.149790,-0.813802
3496,10,6,1.719143,-124.879258,-19.999308,-355.473035,0.963648,0.221201,0.149841
3497,10,6,27.798812,-126.152695,-20.267869,-356.228510,-0.569159,-0.139017,0.810390
3498,10,6,0.360538,-127.350187,-20.326836,-357.203852,-0.834282,-0.251856,0.490451
3499,10,6,1.345784,-130.482866,-21.625274,-357.303627,-0.507536,-0.420625,-0.751985
3500,10,6,28.809309,-129.157473,-21.209700,-356.497193,0.504850,0.289684,-0.813148
3501,10,6,1.772669,-128.109394,-20.791041,-355.475312,0.873292,0.464636,0.146538
3502,10,6,28.940247,-129.299946,-21.346682,-356.243159,-0.515699,-0.280014,0.809720
3503,10,6,0.376710,-130.450257,-21.712382,-357.221753,-0.739638,-0.457449,0.493635
3504,10,6,1.777924,-133.274672,-24.903269,-355.475581,0.523906,0.839116,0.146315
3505,10,6,28.799165,-133.995895,-25.995871,-356.240379,-0.306254,-0.500414,0.809811
3506,10,6,0.375118,-134.813199,-26.886312,-357.219984,-0.411825,-0.766194,0.493303
3507,10,6,1.339558,-134.883764,-26.827802,-357.301648,-0.229417,-0.618126,-0.751857
3508,10,6,28.676615,-133.941889,-25.804641,-356.494676,0.292188,0.503256,-0.813240
3509,10,8,2210.420700,-109.127767,-34.396475,-414.777121,-0.201715,0.979444,0.000000
3510,10,0,0.422325,-117.983693,-16.037710,-438.796363,-0.210330,-0.977630,0.000000
3511,10,6,794.386804,-119.753767,-20.553239,-464.696082,0.981005,-0.161452,-0.107526
3512,10,6,1048.620602,-126.667379,-18.060196,-455.888552,-0.995481,-0.050003,-0.080725
3513,10,6,134.436312,-128.661774,-11.945138,-414.731023,-0.641456,0.765105,-0.056114
3514,10,6,10.755196,-129.126857,-15.670962,-437.475231,-0.945221,0.310954,-0.099321
3515,10,8,2176.116804,-137.006872,-34.685477,-414.781888,0.467482,-0.884003,0.000000
3516,10,0,0.407492,-128.872133,-16.235786,-439.145966,0.245105,-0.969497,0.000000
3517,10,0,364.067900,-122.971302,-33.244201,-394.751577,0.000000,0.000000,-1.000000
3518,10,8,226.841370,-128.825634,-19.355633,-418.334480,-0.999021,-0.044237,0.000000
3519,10,2,700.310682,-132.845686,-27.208404,-418.474672,-0.830809,0.537510,-0.144358
3520,10,0,18.494300,-122.988113,-34.891424,-450.751577,0.000000,0.000000,-1.000000
3521,10,2,2047.556573,-123.000000,-40.816419,-419.564838,-0.530948,-0.837490,-0.129245
3522,10,2,713.995969,-113.237489,-27.092434,-418.320378,0.830056,0.538663,-0.144393
3523,10,8,229.796130,-117.716652,-19.205428,-418.421222,0.998508,0.054599,0.000000
3524,10,0,0.374309,-117.653877,-24.748190,-434.191847,0.000000,-1.000000,0.000000
3525,10,0,0.566496,-117.701365,-24.948805,-435.577442,0.000000,-0.971741,0.236050
3526,10,1,172.315598,-116.898218,-30.114696,-437.751577,-0.892753,-0.450547,0.000000
3527,10,1,579.130834,-123.000000,-37.707798,-437.751577,-0.535439,0.844574,0.000000
3528,10,0,120.411051,-122.998614,-34.015770,-424.751577,0.000000,0.000000,-1.000000
3529,10,1,28.790443,-127.196388,-28.087357,-437.751577,-0.989011,-0.147842,0.000000
3530,10,1,170.176340,-129.125127,-30.147376,-437.751577,0.895352,-0.445359,0.000000
3531,10,0,213.919542,-123.000000,-28.634830,-437.751577,0.000000,-1.000000,0.000000
3532,10,0,81.862534,-123.000000,-30.022262,-456.463173,0.000000,-0.971741,0.236050
3533,10,1,29.863316,-118.836238,-28.062711,-437.751577,0.996368,-0.085152,0.000000
3534,10,1,158.510871,-123.000000,-34.800139,-434.751577,-0.535439,-0.844574,0.000000
3535,10,1,158.510871,-123.000000,-31.588037,-434.751577,0.535439,0.844574,0.000000
3536,10,2,45.100429,-123.000000,-31.875904,-447.969003,0.530948,0.837490,-0.129245
3537,10,1,33.844224,-123.000000,-32.214335,-455.251577,0.535439,0.844574,0.000000
3538,10,0,1.808292,-123.000000,-33.194088,-458.751577,0.000000,0.000000,-1.000000
3539,10,1,33.844224,-123.000000,-34.173842,-455.251577,-0.535439,-0.844574,0.000000
3540,10,2,45.100429,-123.000000,-34.512273,-447.969003,-0.530948,-0.837490,-0.129245
3541,10,1,88.337984,-123.000000,-34.046518,-448.251577,-0.535439,0.844574,0.000000
3542,10,0,5.632569,-123.000000,-33.194088,-437.751577,0.000000,0.000000,-1.000000
3543,10,1,88.337984,-123.000000,-32.341659,-448.251577,0.535439,-0.844574,0.000000
3544,10,0,0.566499,-128.298636,-24.948805,-435.577442,0.000000,-0.971741,0.236050
3545,10,0,0.374312,-128.346124,-24.748190,-434.191844,0.000000,-1.000000,0.000000
3546,10,6,139.778972,-128.469185,-12.318272,-477.302271,-0.112055,-0.992854,-0.041034
3547,10,0,232.366286,-129.900000,-8.315369,-445.137957,-1.000000,0.000000,0.000000
3548,10,6,26.580914,-129.310297,-11.103836,-433.075951,-0.209458,-0.964485,0.160920
3549,10,6,26.117497,-129.235878,-2.807487,-431.899559,-0.109587,0.921372,0.372913
3550,10,6,2.341421,-128.075579,-8.861971,-424.546076,-0.535286,-0.558659,0.633537
3551,10,0,813.359135,-123.343035,-11.000000,-473.839848,0.000000,1.000000,0.000000
3552,10,6,6.193497,-127.527142,-11.126154,-500.424978,-0.093452,-0.992398,-0.080077
