face_id,solid_index,surface_type,area,center_x,center_y,center_z,normal_x,normal_y,normal_z
1,1,6,0.853351,23.249159,-1.209726,-15.243321,-0.564808,-0.721748,-0.400090
2,1,6,0.853302,23.249142,-1.446597,-15.364095,-0.564808,-0.810058,-0.157476
3,1,6,0.853338,23.249155,-1.709219,-15.405714,-0.564808,-0.819073,0.100554
4,1,6,0.853205,23.249195,-1.971882,-15.364233,-0.564807,-0.747912,0.348741
5,1,6,0.853358,23.249154,-2.208764,-15.243479,-0.564807,-0.603540,0.562790
6,1,6,0.853358,23.249154,-2.396804,-15.055499,-0.564807,-0.400089,0.721749
7,1,6,0.853357,23.249155,-2.517551,-14.818612,-0.564808,-0.157475,0.810058
8,1,6,0.853336,23.249156,-2.559197,-14.556006,-0.564808,0.100554,0.819073
9,1,6,0.853286,23.249164,-0.901060,-14.818360,-0.564808,-0.348738,-0.747913
10,1,6,0.026213,23.268740,-0.582137,-14.857968,0.202678,0.893326,0.401111
11,1,6,0.026213,23.230866,-0.619894,-14.974057,-0.202448,0.487682,-0.849224
12,1,6,0.087752,23.011076,-0.591099,-14.842018,-0.160975,0.953714,-0.254002
13,1,6,0.087756,23.488546,-0.636474,-14.981669,0.160977,0.920867,-0.355092
14,1,0,0.000382,23.249809,-0.568087,-14.926693,0.000000,0.951057,-0.309017
15,1,6,0.853323,23.249160,-0.901152,-14.293125,-0.564808,0.157478,-0.810057
16,1,6,0.853348,23.249161,-1.021746,-15.055282,-0.564808,-0.562788,-0.603541
17,1,6,0.026213,23.268740,-0.730661,-15.191512,0.202678,0.973554,0.105426
18,1,6,0.026213,23.230866,-0.802443,-15.290251,-0.202448,0.201389,-0.958362
19,1,6,0.087932,23.011350,-0.734364,-15.173773,-0.160977,0.828547,-0.536280
20,1,6,0.087443,23.489033,-0.820842,-15.292641,0.160979,0.766064,-0.622279
21,1,0,0.000382,23.249809,-0.738535,-15.261214,0.000000,0.809017,-0.587785
22,1,6,0.026213,23.268740,-0.974985,-15.462834,0.202678,0.958483,-0.200579
23,1,6,0.026213,23.230866,-1.073766,-15.534559,-0.202448,-0.104618,-0.973689
24,1,6,0.087755,23.011074,-0.972859,-15.444662,-0.160979,0.622278,-0.766065
25,1,6,0.087759,23.488548,-1.091655,-15.530973,0.160981,0.536271,-0.828552
26,1,0,0.000382,23.249809,-1.004013,-15.526692,0.000000,0.587785,-0.809017
27,1,6,0.026213,23.268740,-1.291195,-15.645377,0.202678,0.849589,-0.486949
28,1,6,0.026213,23.230866,-1.407305,-15.683066,-0.202448,-0.400384,-0.893704
29,1,6,0.087441,23.010587,-1.283211,-15.628571,-0.160980,0.355098,-0.920864
30,1,6,0.087760,23.488548,-1.423211,-15.674128,0.160982,0.253984,-0.953717
31,1,0,0.000382,23.249809,-1.338535,-15.697139,0.000000,0.309017,-0.951057
32,1,6,0.026213,23.268740,-1.648337,-15.721271,0.202678,0.657532,-0.725654
33,1,6,0.026213,23.230866,-1.770411,-15.721235,-0.202448,-0.656958,-0.726238
34,1,6,0.087935,23.011347,-1.636160,-15.707847,-0.160982,0.053160,-0.985525
35,1,6,0.087938,23.488275,-1.782551,-15.707848,0.160984,-0.053165,-0.985524
36,1,0,0.000382,23.249809,-1.709356,-15.755871,0.000000,-0.000000,-1.000000
37,1,6,0.026213,23.268740,-2.011452,-15.683087,0.202678,0.401111,-0.893326
38,1,6,0.026213,23.230866,-2.127540,-15.645331,-0.202448,-0.849224,-0.487682
39,1,6,0.087757,23.011072,-1.995499,-15.674127,-0.160983,-0.253983,-0.953717
40,1,6,0.087761,23.488550,-2.135155,-15.628750,0.160985,-0.355108,-0.920859
41,1,0,0.000382,23.249809,-2.080176,-15.697138,0.000000,-0.309017,-0.951057
42,1,6,0.026213,23.268740,-2.344995,-15.534564,0.202678,0.105426,-0.973554
43,1,6,0.026213,23.230866,-2.443734,-15.462782,-0.202448,-0.958362,-0.201389
44,1,6,0.087758,23.011071,-2.327054,-15.530972,-0.160983,-0.536266,-0.828555
45,1,6,0.087650,23.488771,-2.445826,-15.444659,0.160985,-0.622290,-0.766054
46,1,0,0.000382,23.249809,-2.414698,-15.526690,0.000000,-0.587785,-0.809017
47,1,6,0.026213,23.268740,-2.616318,-15.290240,0.202678,-0.200579,-0.958483
48,1,6,0.026213,23.230866,-2.688042,-15.191459,-0.202448,-0.973689,0.104618
49,1,6,0.087936,23.011346,-2.598300,-15.292202,-0.160983,-0.766057,-0.622287
50,1,6,0.087446,23.489037,-2.684631,-15.173219,0.160985,-0.828556,-0.536263
51,1,0,0.000382,23.249809,-2.680176,-15.261212,0.000000,-0.809017,-0.587785
52,1,6,0.026213,23.268740,-2.798860,-14.974030,0.202678,-0.486949,-0.849589
53,1,6,0.026213,23.230866,-2.836549,-14.857920,-0.202448,-0.893704,0.400384
54,1,6,0.087935,23.011346,-2.782331,-14.981464,-0.160983,-0.920861,-0.355105
55,1,6,0.087760,23.488549,-2.827611,-14.842014,0.160984,-0.953718,-0.253980
56,1,0,0.000382,23.249809,-2.850623,-14.926690,0.000000,-0.951057,-0.309017
57,1,6,0.026213,23.268740,-2.874754,-14.616888,0.202678,-0.725654,-0.657532
58,1,6,0.026213,23.230866,-2.874719,-14.494814,-0.202448,-0.726238,0.656958
59,1,6,0.087935,23.011347,-2.861331,-14.629065,-0.160982,-0.985525,-0.053160
60,1,6,0.087760,23.488549,-2.861303,-14.482449,0.160983,-0.985524,0.053163
61,1,0,0.000382,23.249809,-2.909354,-14.555869,0.000000,-1.000000,0.000000
62,1,6,0.853352,23.249158,-2.517635,-14.293386,-0.564808,0.348739,0.747913
63,1,6,0.026213,23.268740,-2.836571,-14.253773,0.202678,-0.893326,-0.401111
64,1,6,0.026213,23.230866,-2.798814,-14.137685,-0.202448,-0.487682,0.849224
65,1,6,0.087441,23.010586,-2.827668,-14.270111,-0.160981,-0.953716,0.253989
66,1,6,0.087759,23.488548,-2.782234,-14.130071,0.160981,-0.920863,0.355101
67,1,0,0.000382,23.249809,-2.850622,-14.185049,0.000000,-0.951057,0.309017
68,1,6,0.853349,23.249160,-2.396963,-14.056460,-0.564808,0.562788,0.603541
69,1,6,0.026213,23.268740,-2.688048,-13.920230,0.202678,-0.973554,-0.105426
70,1,6,0.026213,23.230866,-2.616266,-13.821491,-0.202448,-0.201389,0.958362
71,1,6,0.087755,23.011074,-2.684455,-13.938170,-0.160979,-0.828549,0.536276
72,1,6,0.087443,23.489033,-2.597867,-13.819101,0.160980,-0.766063,0.622280
73,1,0,0.000382,23.249809,-2.680174,-13.850527,0.000000,-0.809017,0.587785
74,1,6,0.853347,23.249162,-2.208982,-13.868420,-0.564808,0.721747,0.400091
75,1,6,0.026213,23.268740,-2.443723,-13.648907,0.202678,-0.958483,0.200579
76,1,6,0.026213,23.230866,-2.344943,-13.577183,-0.202448,0.104618,0.973689
77,1,6,0.087933,23.011350,-2.445683,-13.666923,-0.160977,-0.622276,0.766067
78,1,6,0.086695,23.490515,-2.326699,-13.580784,0.160978,-0.536278,0.828548
79,1,0,0.000382,23.249809,-2.414695,-13.585050,0.000000,-0.587785,0.809017
80,1,6,0.853346,23.249163,-1.972095,-13.747673,-0.564808,0.810057,0.157478
81,1,6,0.026213,23.268740,-2.127514,-13.466365,0.202678,-0.849589,0.486949
82,1,6,0.026213,23.230866,-2.011404,-13.428675,-0.202448,0.400384,0.893704
83,1,6,0.087184,23.009883,-2.134791,-13.483006,-0.160975,-0.355088,0.920869
84,1,6,0.087756,23.488545,-1.995500,-13.437615,0.160976,-0.253999,0.953714
85,1,0,0.000382,23.249809,-2.080173,-13.414602,0.000000,-0.309017,0.951057
86,1,6,0.853327,23.249163,-1.709488,-13.706027,-0.564808,0.819073,-0.100551
87,1,6,0.026213,23.268740,-1.770372,-13.390470,0.202678,-0.657532,0.725654
88,1,6,0.026213,23.230866,-1.648298,-13.390506,-0.202448,0.656958,0.726238
89,1,6,0.087931,23.011352,-1.782544,-13.403894,-0.160974,-0.053140,0.985527
90,1,6,0.087934,23.488268,-1.636163,-13.403893,0.160975,0.053143,0.985527
91,1,0,0.000382,23.249809,-1.709353,-13.355871,0.000000,0.000000,1.000000
92,1,6,0.853345,23.249164,-1.446869,-13.747590,-0.564808,0.747913,-0.348737
93,1,6,0.026213,23.268740,-1.407257,-13.428654,0.202678,-0.401111,0.893326
94,1,6,0.026213,23.230866,-1.291168,-13.466411,-0.202448,0.849224,0.487682
95,1,6,0.087930,23.011353,-1.422981,-13.437659,-0.160973,0.254008,0.953713
96,1,6,0.087754,23.488544,-1.283558,-13.482990,0.160974,0.355084,0.920871
97,1,0,0.000382,23.249809,-1.338533,-13.414603,0.000000,0.309017,0.951057
98,1,6,0.853345,23.249164,-1.209943,-13.868262,-0.564808,0.603542,-0.562787
99,1,6,0.026213,23.268740,-1.073713,-13.577177,0.202678,-0.105426,0.973554
100,1,6,0.026213,23.230866,-0.974974,-13.648959,-0.202448,0.958362,0.201388
101,1,6,0.087750,23.011077,-1.091651,-13.580772,-0.160972,0.536291,0.828541
102,1,6,0.087754,23.488544,-0.972859,-13.667079,0.160974,0.622269,0.766074
103,1,0,0.000382,23.249809,-1.004011,-13.585051,0.000000,0.587785,0.809017
104,1,6,0.853345,23.249164,-1.021903,-14.056243,-0.564808,0.400092,-0.721747
105,1,6,0.026213,23.268740,-0.802391,-13.821502,0.202678,0.200579,0.958483
106,1,6,0.026213,23.230866,-0.730666,-13.920282,-0.202448,0.973689,-0.104618
107,1,6,0.087750,23.011077,-0.820561,-13.819377,-0.160972,0.766077,0.622266
108,1,6,0.087754,23.488544,-0.734254,-13.938169,0.160974,0.828543,0.536287
109,1,0,0.000382,23.249809,-0.738533,-13.850530,0.000000,0.809017,0.587785
110,1,6,0.026213,23.268740,-0.619848,-14.137711,0.202678,0.486949,0.849589
111,1,6,0.026213,23.230866,-0.582159,-14.253822,-0.202448,0.893704,-0.400384
112,1,6,0.087326,23.010369,-0.636663,-14.129756,-0.160972,0.920872,0.355080
113,1,6,0.087755,23.488544,-0.591098,-14.269724,0.160975,0.953714,0.254003
114,1,0,0.000382,23.249809,-0.568086,-14.185052,0.000000,0.951057,0.309017
115,1,1,1.695131,22.629769,-1.709385,-14.555937,0.000000,-0.960750,-0.277415
116,1,6,0.853414,23.249161,-0.859536,-14.555741,-0.564808,-0.100551,-0.819073
117,1,6,0.026213,23.268740,-0.543954,-14.494853,0.202678,0.725654,0.657532
118,1,6,0.026213,23.230866,-0.543990,-14.616927,-0.202448,0.726238,-0.656958
119,1,6,0.087931,23.011353,-0.557377,-14.482681,-0.160973,0.985527,0.053139
120,1,6,0.087934,23.488269,-0.557377,-14.629063,0.160976,0.985526,-0.053145
121,1,0,0.000382,23.249809,-0.509354,-14.555872,0.000000,1.000000,0.000000
122,1,0,0.396006,22.249809,-1.709354,-14.555871,-1.000000,0.000000,0.000000
123,1,1,13.957770,26.621355,-1.709297,-14.555874,0.000000,-0.960740,-0.277450
124,1,0,0.396006,29.749809,-1.709354,-14.555871,1.000000,0.000000,0.000000
125,2,6,0.853449,30.749094,0.472767,-25.847549,-0.564800,-0.721764,-0.400073
126,2,6,0.853397,30.749080,0.235901,-25.968325,-0.564800,-0.810068,-0.157455
127,2,6,0.853430,30.749095,-0.026717,-26.009946,-0.564800,-0.819076,0.100576
128,2,6,0.853295,30.749135,-0.289377,-25.968470,-0.564800,-0.747908,0.348763
129,2,6,0.853450,30.749094,-0.526256,-25.847719,-0.564799,-0.603529,0.562809
130,2,6,0.853449,30.749094,-0.714295,-25.659744,-0.564799,-0.400073,0.721764
131,2,6,0.853449,30.749095,-0.835043,-25.422862,-0.564800,-0.157455,0.810068
132,2,6,0.853429,30.749096,-0.876692,-25.160260,-0.564800,0.100576,0.819076
133,2,6,0.853388,30.749097,0.781423,-25.422591,-0.564800,-0.348762,-0.747908
134,2,6,0.026212,30.768740,1.100354,-25.462214,0.202678,0.893326,0.401111
135,2,6,0.026213,30.730867,1.062598,-25.578300,-0.202448,0.487682,-0.849224
136,2,6,0.087957,30.511314,1.091357,-25.446459,-0.161031,0.953738,-0.253877
137,2,6,0.087788,30.988573,1.046011,-25.585933,0.161032,0.920814,-0.355204
138,2,0,0.000382,30.749809,1.114406,-25.530938,0.000000,0.951057,-0.309017
139,2,6,0.853423,30.749093,0.781325,-24.897365,-0.564800,0.157455,-0.810067
140,2,6,0.853449,30.749094,0.660742,-25.659510,-0.564799,-0.562809,-0.603529
141,2,6,0.026212,30.768740,0.951830,-25.795757,0.202678,0.973554,0.105426
142,2,6,0.026213,30.730867,0.880050,-25.894494,-0.202448,0.201389,-0.958362
143,2,6,0.087958,30.511313,0.948143,-25.777992,-0.161031,0.828606,-0.536172
144,2,6,0.087788,30.988573,0.861916,-25.896628,0.161033,0.765982,-0.622367
145,2,0,0.000382,30.749809,0.943958,-25.865459,0.000000,0.809017,-0.587785
146,2,6,0.026212,30.768740,0.707506,-26.067079,0.202678,0.958483,-0.200579
147,2,6,0.026213,30.730867,0.608727,-26.138802,-0.202448,-0.104618,-0.973689
148,2,6,0.087958,30.511314,0.709489,-26.049044,-0.161032,0.622365,-0.765983
149,2,6,0.087788,30.988573,0.590821,-26.135228,0.161032,0.536170,-0.828607
150,2,0,0.000382,30.749809,0.678480,-26.130937,0.000000,0.587785,-0.809017
151,2,6,0.026212,30.768740,0.391296,-26.249621,0.202678,0.849589,-0.486949
152,2,6,0.026213,30.730867,0.275189,-26.287309,-0.202448,-0.400384,-0.893704
153,2,6,0.087957,30.511314,0.398755,-26.233082,-0.161031,0.355202,-0.920815
154,2,6,0.087788,30.988573,0.259264,-26.278377,0.161032,0.253876,-0.953738
155,2,0,0.000382,30.749809,0.343958,-26.301384,0.000000,0.309017,-0.951057
156,2,6,0.026212,30.768740,0.034155,-26.325515,0.202678,0.657532,-0.725654
157,2,6,0.026213,30.730867,-0.087917,-26.325479,-0.202448,-0.656958,-0.726238
158,2,6,0.087957,30.511314,0.046359,-26.312090,-0.161031,0.053268,-0.985511
159,2,6,0.087467,30.989069,-0.100695,-26.311997,0.161032,-0.053271,-0.985510
160,2,0,0.000382,30.749809,-0.026863,-26.360116,0.000000,-0.000000,-1.000000
161,2,6,0.026212,30.768740,-0.328960,-26.287331,0.202678,0.401111,-0.893326
162,2,6,0.026213,30.730867,-0.445046,-26.249575,-0.202448,-0.849224,-0.487682
163,2,6,0.087957,30.511314,-0.313204,-26.278334,-0.161031,-0.253877,-0.953738
164,2,6,0.087788,30.988573,-0.452679,-26.232988,0.161032,-0.355204,-0.920814
165,2,0,0.000382,30.749809,-0.397683,-26.301383,0.000000,-0.309017,-0.951057
166,2,6,0.026212,30.768740,-0.662503,-26.138807,0.202678,0.105426,-0.973554
167,2,6,0.026213,30.730867,-0.761240,-26.067027,-0.202448,-0.958362,-0.201389
168,2,6,0.087785,30.511048,-0.644545,-26.135227,-0.161032,-0.536172,-0.828606
169,2,6,0.087788,30.988573,-0.763374,-26.048893,0.161033,-0.622367,-0.765982
170,2,0,0.000382,30.749809,-0.732205,-26.130935,0.000000,-0.587785,-0.809017
171,2,6,0.026212,30.768740,-0.933824,-25.894483,0.202678,-0.200579,-0.958483
172,2,6,0.026213,30.730867,-1.005548,-25.795704,-0.202448,-0.973689,0.104618
173,2,6,0.087958,30.511313,-0.915790,-25.896466,-0.161032,-0.765983,-0.622365
174,2,6,0.087788,30.988573,-1.001973,-25.777798,0.161033,-0.828607,-0.536170
175,2,0,0.000382,30.749809,-0.997683,-25.865457,0.000000,-0.809017,-0.587785
176,2,6,0.026212,30.768740,-1.116367,-25.578273,0.202678,-0.486949,-0.849589
177,2,6,0.026213,30.730867,-1.154055,-25.462166,-0.202448,-0.893704,0.400384
178,2,6,0.087847,30.511093,-1.099818,-25.585706,-0.161031,-0.920815,-0.355202
179,2,6,0.087788,30.988573,-1.145122,-25.446241,0.161032,-0.953738,-0.253875
180,2,0,0.000382,30.749809,-1.168130,-25.530935,0.000000,-0.951057,-0.309017
181,2,6,0.026212,30.768740,-1.192260,-25.221132,0.202678,-0.725654,-0.657532
182,2,6,0.026213,30.730867,-1.192225,-25.099060,-0.202448,-0.726238,0.656958
183,2,6,0.087785,30.511048,-1.178808,-25.233555,-0.161031,-0.985511,-0.053269
184,2,6,0.087788,30.988572,-1.178808,-25.086675,0.161031,-0.985511,0.053270
185,2,0,0.000382,30.749809,-1.226861,-25.160114,0.000000,-1.000000,0.000000
186,2,6,0.853445,30.749097,-0.835133,-24.897644,-0.564800,0.348762,0.747908
187,2,6,0.026212,30.768740,-1.154077,-24.858017,0.202678,-0.893326,-0.401111
188,2,6,0.026213,30.730867,-1.116321,-24.741931,-0.202448,-0.487682,0.849224
189,2,6,0.087784,30.511049,-1.145122,-24.873989,-0.161030,-0.953737,0.253880
190,2,6,0.087787,30.988572,-1.099734,-24.734299,0.161030,-0.920816,0.355200
191,2,0,0.000382,30.749809,-1.168129,-24.789294,0.000000,-0.951057,0.309017
192,2,6,0.853443,30.749098,-0.714465,-24.660720,-0.564800,0.562808,0.603530
193,2,6,0.026212,30.768740,-1.005553,-24.524474,0.202678,-0.973554,-0.105426
194,2,6,0.026213,30.730867,-0.933773,-24.425737,-0.202448,-0.201389,0.958362
195,2,6,0.087956,30.511315,-1.001865,-24.542238,-0.161029,-0.828603,0.536177
196,2,6,0.087786,30.988571,-0.915639,-24.423605,0.161029,-0.765987,0.622361
197,2,0,0.000382,30.749809,-0.997681,-24.454772,0.000000,-0.809017,0.587785
198,2,6,0.853442,30.749100,-0.526489,-24.472681,-0.564800,0.721763,0.400074
199,2,6,0.026212,30.768740,-0.761229,-24.253153,0.202678,-0.958483,0.200579
200,2,6,0.026213,30.730867,-0.662450,-24.181429,-0.202448,0.104618,0.973689
201,2,6,0.087208,30.509847,-0.763030,-24.271247,-0.161027,-0.622359,0.765989
202,2,6,0.087465,30.989066,-0.644189,-24.184827,0.161028,-0.536179,0.828603
203,2,0,0.000382,30.749809,-0.732202,-24.189294,0.000000,-0.587785,0.809017
204,2,6,0.853441,30.749100,-0.289607,-24.351933,-0.564800,0.810067,0.157457
205,2,6,0.026212,30.768740,-0.445019,-24.070610,0.202678,-0.849589,0.486949
206,2,6,0.026213,30.730867,-0.328911,-24.032922,-0.202448,0.400384,0.893704
207,2,6,0.087782,30.511050,-0.452675,-24.087243,-0.161026,-0.355192,0.920820
208,2,6,0.087785,30.988570,-0.312988,-24.041855,0.161027,-0.253886,0.953736
209,2,0,0.000382,30.749809,-0.397680,-24.018847,0.000000,-0.309017,0.951057
210,2,6,0.853423,30.749100,-0.027005,-24.310285,-0.564800,0.819076,-0.100574
211,2,6,0.026212,30.768740,-0.087878,-23.994717,0.202678,-0.657532,0.725654
212,2,6,0.026213,30.730867,0.034194,-23.994752,-0.202448,0.656958,0.726238
213,2,6,0.087955,30.511318,-0.100079,-24.008142,-0.161025,-0.053257,0.985512
214,2,6,0.087958,30.988303,0.046358,-24.008141,0.161026,0.053259,0.985512
215,2,0,0.000382,30.749809,-0.026860,-23.960116,0.000000,0.000000,1.000000
216,2,6,0.853442,30.749100,0.235611,-24.351844,-0.564800,0.747908,-0.348761
217,2,6,0.026212,30.768740,0.275237,-24.032900,0.202678,-0.401111,0.893326
218,2,6,0.026213,30.730867,0.391323,-24.070656,-0.202448,0.849224,0.487682
219,2,6,0.087955,30.511317,0.259484,-24.041898,-0.161026,0.253888,0.953735
220,2,6,0.087465,30.989066,0.399307,-24.087427,0.161027,0.355195,0.920819
221,2,0,0.000382,30.749809,0.343960,-24.018848,0.000000,0.309017,0.951057
222,2,6,0.853442,30.749099,0.472534,-24.472512,-0.564800,0.603530,-0.562808
223,2,6,0.026212,30.768740,0.608780,-24.181424,0.202678,-0.105426,0.973554
224,2,6,0.026213,30.730867,0.707517,-24.253204,-0.202448,0.958362,0.201389
225,2,6,0.087783,30.511050,0.590824,-24.185006,-0.161027,0.536181,0.828602
226,2,6,0.087786,30.988571,0.709650,-24.271338,0.161029,0.622361,0.765988
227,2,0,0.000382,30.749809,0.678482,-24.189296,0.000000,0.587785,0.809017
228,2,6,0.853445,30.749098,0.660573,-24.660488,-0.564800,0.400074,-0.721763
229,2,6,0.026212,30.768740,0.880102,-24.425748,0.202678,0.200579,0.958483
230,2,6,0.026213,30.730867,0.951825,-24.524527,-0.202448,0.973689,-0.104618
231,2,6,0.087956,30.511316,0.862068,-24.423767,-0.161028,0.765988,0.622360
232,2,6,0.087787,30.988572,0.948250,-24.542432,0.161030,0.828605,0.536175
233,2,0,0.000382,30.749809,0.943960,-24.454775,0.000000,0.809017,0.587785
234,2,6,0.026212,30.768740,1.062644,-24.741958,0.202678,0.486949,0.849589
235,2,6,0.026213,30.730867,1.100332,-24.858066,-0.202448,0.893704,-0.400384
236,2,6,0.087784,30.511049,1.046011,-24.734301,-0.161029,0.920817,0.355198
237,2,6,0.087676,30.988794,1.091377,-24.873976,0.161031,0.953737,0.253878
238,2,0,0.000382,30.749809,1.114407,-24.789297,0.000000,0.951057,0.309017
239,2,1,1.695063,30.129795,-0.026902,-25.160182,0.000000,-0.960751,-0.277413
240,2,6,0.853516,30.749094,0.822944,-25.159975,-0.564800,-0.100576,-0.819076
241,2,6,0.026212,30.768740,1.138537,-25.099100,0.202678,0.725654,0.657532
242,2,6,0.026213,30.730867,1.138502,-25.221171,-0.202448,0.726238,-0.656958
243,2,6,0.087785,30.511048,1.125085,-25.086677,-0.161030,0.985511,0.053268
244,2,6,0.087960,30.988307,1.125113,-25.233338,0.161032,0.985511,-0.053271
245,2,0,0.000382,30.749809,1.173139,-25.160117,0.000000,1.000000,0.000000
246,2,0,0.395919,29.749809,-0.026861,-25.160116,-1.000000,0.000000,0.000000
247,2,1,13.956003,34.121410,-0.026802,-25.160119,0.000000,-0.960740,-0.277450
248,2,0,0.395919,37.249809,-0.026861,-25.160116,1.000000,0.000000,0.000000
249,3,6,0.853276,23.249217,-0.901039,14.818389,-0.564808,-0.348738,0.747913
250,3,6,0.853222,23.249194,-1.971880,15.364223,-0.564807,-0.747912,-0.348741
251,3,6,0.853358,23.249154,-2.208764,15.243479,-0.564807,-0.603540,-0.562790
252,3,6,0.853358,23.249154,-2.396804,15.055499,-0.564807,-0.400089,-0.721749
253,3,6,0.853356,23.249155,-2.517551,14.818612,-0.564808,-0.157475,-0.810058
254,3,6,0.853354,23.249156,-2.559187,14.556006,-0.564808,0.100554,-0.819073
255,3,6,0.853352,23.249158,-2.517635,14.293386,-0.564808,0.348739,-0.747913
256,3,6,0.853349,23.249160,-2.396963,14.056460,-0.564808,0.562788,-0.603541
257,3,6,0.853346,23.249162,-2.208982,13.868420,-0.564808,0.721747,-0.400091
258,3,6,0.853527,23.249166,-0.901203,14.293170,-0.564808,0.157478,0.810057
259,3,6,0.853346,23.249163,-1.972095,13.747673,-0.564808,0.810057,-0.157478
260,3,6,0.853345,23.249164,-1.021903,14.056243,-0.564808,0.400092,0.721747
261,3,6,0.853345,23.249163,-1.709488,13.706037,-0.564808,0.819073,0.100551
262,3,6,0.853345,23.249164,-1.209943,13.868262,-0.564808,0.603542,0.562787
263,3,6,0.853345,23.249164,-1.446869,13.747590,-0.564808,0.747913,0.348737
264,3,6,0.026213,23.268740,-0.582137,14.857968,0.202678,0.893326,-0.401111
265,3,6,0.026213,23.230866,-0.619894,14.974057,-0.202448,0.487682,0.849224
266,3,6,0.087752,23.011076,-0.591099,14.842018,-0.160975,0.953714,0.254002
267,3,6,0.087756,23.488546,-0.636474,14.981669,0.160977,0.920867,0.355092
268,3,0,0.000382,23.249809,-0.568087,14.926693,0.000000,0.951057,0.309017
269,3,6,0.853348,23.249161,-1.021746,15.055282,-0.564808,-0.562788,0.603541
270,3,6,0.026213,23.268740,-0.730661,15.191512,0.202678,0.973554,-0.105426
271,3,6,0.026213,23.230866,-0.802443,15.290251,-0.202448,0.201389,0.958362
272,3,6,0.087932,23.011350,-0.734364,15.173773,-0.160977,0.828547,0.536280
273,3,6,0.087443,23.489033,-0.820842,15.292641,0.160979,0.766064,0.622279
274,3,0,0.000382,23.249809,-0.738535,15.261214,0.000000,0.809017,0.587785
275,3,6,0.853351,23.249159,-1.209726,15.243321,-0.564808,-0.721748,0.400090
276,3,6,0.026213,23.268740,-0.974985,15.462834,0.202678,0.958483,0.200579
277,3,6,0.026213,23.230866,-1.073766,15.534559,-0.202448,-0.104618,0.973689
278,3,6,0.087755,23.011074,-0.972859,15.444662,-0.160979,0.622278,0.766065
279,3,6,0.087759,23.488548,-1.091655,15.530973,0.160981,0.536271,0.828552
280,3,0,0.000382,23.249809,-1.004013,15.526692,0.000000,0.587785,0.809017
281,3,6,0.853302,23.249142,-1.446597,15.364096,-0.564808,-0.810058,0.157476
282,3,6,0.026213,23.268740,-1.291195,15.645377,0.202678,0.849589,0.486949
283,3,6,0.026213,23.230866,-1.407305,15.683066,-0.202448,-0.400384,0.893704
284,3,6,0.087441,23.010587,-1.283211,15.628571,-0.160980,0.355098,0.920864
285,3,6,0.087760,23.488548,-1.423211,15.674128,0.160982,0.253984,0.953717
286,3,0,0.000382,23.249809,-1.338535,15.697139,0.000000,0.309017,0.951057
287,3,6,0.853356,23.249155,-1.709219,15.405703,-0.564808,-0.819073,-0.100554
288,3,6,0.026213,23.268740,-1.648337,15.721271,0.202678,0.657532,0.725654
289,3,6,0.026213,23.230866,-1.770411,15.721235,-0.202448,-0.656958,0.726238
290,3,6,0.087935,23.011347,-1.636160,15.707847,-0.160982,0.053160,0.985525
291,3,6,0.087938,23.488275,-1.782551,15.707848,0.160984,-0.053165,0.985524
292,3,0,0.000382,23.249809,-1.709356,15.755871,0.000000,-0.000000,1.000000
293,3,6,0.026213,23.268740,-2.011452,15.683087,0.202678,0.401111,0.893326
294,3,6,0.026213,23.230866,-2.127540,15.645331,-0.202448,-0.849224,0.487682
295,3,6,0.087757,23.011072,-1.995499,15.674127,-0.160983,-0.253983,0.953717
296,3,6,0.087761,23.488550,-2.135155,15.628750,0.160985,-0.355108,0.920859
297,3,0,0.000382,23.249809,-2.080176,15.697138,0.000000,-0.309017,0.951057
298,3,6,0.026213,23.268740,-2.344995,15.534564,0.202678,0.105426,0.973554
299,3,6,0.026213,23.230866,-2.443734,15.462782,-0.202448,-0.958362,0.201389
300,3,6,0.087758,23.011071,-2.327054,15.530972,-0.160983,-0.536266,0.828555
301,3,6,0.087650,23.488771,-2.445826,15.444659,0.160985,-0.622290,0.766054
302,3,0,0.000382,23.249809,-2.414698,15.526690,0.000000,-0.587785,0.809017
303,3,6,0.026213,23.268740,-2.616318,15.290240,0.202678,-0.200579,0.958483
304,3,6,0.026213,23.230866,-2.688042,15.191459,-0.202448,-0.973689,-0.104618
305,3,6,0.087936,23.011346,-2.598300,15.292202,-0.160983,-0.766057,0.622287
306,3,6,0.087446,23.489037,-2.684631,15.173219,0.160985,-0.828556,0.536263
307,3,0,0.000382,23.249809,-2.680176,15.261212,0.000000,-0.809017,0.587785
308,3,6,0.026213,23.268740,-2.798860,14.974030,0.202678,-0.486949,0.849589
309,3,6,0.026213,23.230866,-2.836549,14.857920,-0.202448,-0.893704,-0.400384
310,3,6,0.087935,23.011346,-2.782331,14.981464,-0.160983,-0.920861,0.355105
311,3,6,0.087760,23.488549,-2.827611,14.842014,0.160984,-0.953718,0.253980
312,3,0,0.000382,23.249809,-2.850623,14.926690,0.000000,-0.951057,0.309017
313,3,6,0.026213,23.268740,-2.874754,14.616888,0.202678,-0.725654,0.657532
314,3,6,0.026213,23.230866,-2.874719,14.494814,-0.202448,-0.726238,-0.656958
315,3,6,0.087935,23.011347,-2.861331,14.629065,-0.160982,-0.985525,0.053160
316,3,6,0.087760,23.488549,-2.861303,14.482449,0.160983,-0.985524,-0.053163
317,3,0,0.000382,23.249809,-2.909354,14.555869,0.000000,-1.000000,-0.000000
318,3,6,0.026213,23.268740,-2.836571,14.253773,0.202678,-0.893326,0.401111
319,3,6,0.026213,23.230866,-2.798814,14.137685,-0.202448,-0.487682,-0.849224
320,3,6,0.087441,23.010586,-2.827668,14.270111,-0.160981,-0.953716,-0.253989
321,3,6,0.087759,23.488548,-2.782234,14.130071,0.160981,-0.920863,-0.355101
322,3,0,0.000382,23.249809,-2.850622,14.185049,0.000000,-0.951057,-0.309017
323,3,6,0.026213,23.268740,-2.688048,13.920230,0.202678,-0.973554,0.105426
324,3,6,0.026213,23.230866,-2.616266,13.821491,-0.202448,-0.201389,-0.958362
325,3,6,0.087755,23.011074,-2.684455,13.938170,-0.160979,-0.828549,-0.536276
326,3,6,0.087443,23.489033,-2.597867,13.819101,0.160980,-0.766063,-0.622280
327,3,0,0.000382,23.249809,-2.680174,13.850527,0.000000,-0.809017,-0.587785
328,3,6,0.026213,23.268740,-2.443723,13.648907,0.202678,-0.958483,-0.200579
329,3,6,0.026213,23.230866,-2.344943,13.577183,-0.202448,0.104618,-0.973689
330,3,6,0.087933,23.011350,-2.445683,13.666923,-0.160977,-0.622276,-0.766067
331,3,6,0.086695,23.490515,-2.326699,13.580784,0.160978,-0.536278,-0.828548
332,3,0,0.000382,23.249809,-2.414695,13.585050,0.000000,-0.587785,-0.809017
333,3,6,0.026213,23.268740,-2.127514,13.466365,0.202678,-0.849589,-0.486949
334,3,6,0.026213,23.230866,-2.011404,13.428675,-0.202448,0.400384,-0.893704
335,3,6,0.087184,23.009883,-2.134791,13.483006,-0.160975,-0.355088,-0.920869
336,3,6,0.087756,23.488545,-1.995500,13.437615,0.160976,-0.253999,-0.953714
337,3,0,0.000382,23.249809,-2.080173,13.414602,0.000000,-0.309017,-0.951057
338,3,6,0.026213,23.268740,-1.770372,13.390470,0.202678,-0.657532,-0.725654
339,3,6,0.026213,23.230866,-1.648298,13.390506,-0.202448,0.656958,-0.726238
340,3,6,0.087931,23.011352,-1.782544,13.403894,-0.160974,-0.053140,-0.985527
341,3,6,0.087934,23.488268,-1.636163,13.403893,0.160975,0.053143,-0.985527
342,3,0,0.000382,23.249809,-1.709353,13.355871,0.000000,0.000000,-1.000000
343,3,6,0.026213,23.268740,-1.407257,13.428654,0.202678,-0.401111,-0.893326
344,3,6,0.026213,23.230866,-1.291168,13.466411,-0.202448,0.849224,-0.487682
345,3,6,0.087930,23.011353,-1.422981,13.437659,-0.160973,0.254008,-0.953713
346,3,6,0.087754,23.488544,-1.283558,13.482990,0.160974,0.355084,-0.920871
347,3,0,0.000382,23.249809,-1.338533,13.414603,0.000000,0.309017,-0.951057
348,3,6,0.026213,23.268740,-1.073713,13.577177,0.202678,-0.105426,-0.973554
349,3,6,0.026213,23.230866,-0.974974,13.648959,-0.202448,0.958362,-0.201388
350,3,6,0.087750,23.011077,-1.091651,13.580772,-0.160972,0.536291,-0.828541
351,3,6,0.087754,23.488544,-0.972859,13.667079,0.160974,0.622269,-0.766074
352,3,0,0.000382,23.249809,-1.004011,13.585051,0.000000,0.587785,-0.809017
353,3,6,0.026213,23.268740,-0.802391,13.821502,0.202678,0.200579,-0.958483
354,3,6,0.026213,23.230866,-0.730666,13.920282,-0.202448,0.973689,0.104618
355,3,6,0.087750,23.011077,-0.820561,13.819377,-0.160972,0.766077,-0.622266
356,3,6,0.087754,23.488544,-0.734254,13.938169,0.160974,0.828543,-0.536287
357,3,0,0.000382,23.249809,-0.738533,13.850530,0.000000,0.809017,-0.587785
358,3,6,0.026213,23.268740,-0.619848,14.137711,0.202678,0.486949,-0.849589
359,3,6,0.026213,23.230866,-0.582159,14.253822,-0.202448,0.893704,0.400384
360,3,6,0.087326,23.010369,-0.636663,14.129756,-0.160972,0.920872,-0.355080
361,3,6,0.087755,23.488544,-0.591098,14.269724,0.160975,0.953714,-0.254003
362,3,0,0.000382,23.249809,-0.568086,14.185052,0.000000,0.951057,-0.309017
363,3,1,1.695134,22.629769,-1.709385,14.555937,0.000000,-0.960750,0.277415
364,3,1,13.958502,26.621191,-1.709301,14.555872,0.000000,-0.960740,0.277450
365,3,6,0.026213,23.268740,-0.543954,14.494853,0.202678,0.725654,-0.657532
366,3,6,0.026213,23.230866,-0.543990,14.616927,-0.202447,0.726237,0.656959
367,3,6,0.087931,23.011353,-0.557377,14.482681,-0.160973,0.985527,-0.053139
368,3,6,0.087441,23.489030,-0.557470,14.629674,0.160976,0.985526,0.053145
369,3,0,0.000382,23.249809,-0.509354,14.555872,0.000000,1.000000,0.000000
370,3,6,0.853343,23.249227,-0.859494,14.555762,-0.564808,-0.100551,0.819073
371,3,0,0.396006,22.249809,-1.709354,14.555871,-1.000000,0.000000,0.000000
372,3,0,0.396006,29.749809,-1.709354,14.555871,1.000000,0.000000,0.000000
373,4,1,0.295978,48.736027,8.016601,34.000235,-0.082451,0.702283,0.707107
374,4,4,0.166548,47.296643,7.752536,34.000573,-0.265684,0.652193,0.709969
375,4,1,0.770983,44.886159,6.012169,34.001016,-0.431759,0.559986,0.707107
376,4,6,0.951982,45.274052,3.840116,34.000470,0.009774,-0.700856,0.713236
377,4,1,0.641474,48.901755,6.234499,34.000656,0.654923,-0.266599,0.707107
378,4,0,15.614704,46.502329,5.569067,34.037354,-0.000000,-0.000000,1.000000
379,4,1,0.295978,48.736027,8.016601,-34.000235,-0.082451,0.702283,-0.707107
380,4,4,0.166548,47.296643,7.752536,-34.000573,-0.265684,0.652193,-0.709969
381,4,1,0.770983,44.886159,6.012169,-34.001016,-0.431759,0.559986,-0.707107
382,4,6,0.952333,45.273881,3.840003,-34.000448,0.009668,-0.700313,-0.713770
383,4,1,0.641474,48.901755,6.234499,-34.000656,0.654923,-0.266599,-0.707107
384,4,0,15.614637,46.502341,5.569076,-34.037354,-0.000000,-0.000000,-1.000000
385,4,0,11.195706,47.110822,6.268409,-33.937354,0.000000,0.000000,1.000000
386,4,0,11.195706,47.110822,6.268409,33.937354,0.000000,0.000000,-1.000000
387,4,6,0.724882,3.653790,2.302021,-2.035151,-0.468079,0.463860,-0.752154
388,4,6,0.050489,4.045027,2.644005,-1.996591,0.270484,0.862756,0.427188
389,4,6,0.029862,3.705233,2.610148,-1.796352,-0.073602,0.781857,0.619098
390,4,6,0.075784,3.306192,2.282715,-1.760110,-0.510637,0.514035,0.689215
391,4,6,0.019887,3.043538,1.944108,-1.802681,-0.782372,-0.600009,0.166980
392,4,6,0.051652,3.320697,1.909811,-1.997807,-0.226160,-0.903282,-0.364601
393,4,6,0.030492,3.676579,1.940879,-2.189791,0.137520,-0.847317,-0.512974
394,4,6,0.074710,4.056562,2.282694,-2.228955,0.557048,-0.545472,-0.626225
395,4,6,0.021202,4.326109,2.610248,-2.185820,0.539020,0.811184,0.226800
396,4,6,0.557291,2.775504,2.322098,-1.331812,-0.598691,0.581122,-0.551240
397,4,6,0.025108,2.948185,2.613658,-1.106566,0.068554,0.652263,0.754887
398,4,6,0.072902,2.597264,2.290671,-1.070261,-0.355451,0.316176,0.879595
399,4,6,0.017042,2.338589,1.952929,-1.105820,-0.703704,-0.480184,0.523664
400,4,6,0.033109,2.451414,1.915326,-1.301905,-0.416985,-0.845462,-0.333642
401,4,6,0.024659,2.654459,1.950467,-1.491692,0.021970,-0.738941,-0.673412
402,4,6,0.076054,3.014212,2.287374,-1.528228,0.425105,-0.428070,-0.797522
403,4,6,0.018565,3.319664,2.611278,-1.490352,0.758472,0.651586,-0.012497
404,4,6,0.035626,3.166396,2.650005,-1.301831,0.448375,0.781759,0.433375
405,4,6,0.489766,2.373934,2.407531,-0.468556,-0.754479,0.628567,-0.188850
406,4,6,0.041271,2.671025,2.677602,-0.458559,0.664908,0.720527,0.196821
407,4,6,0.019574,2.571949,2.637807,-0.191535,0.340227,0.480713,0.808183
408,4,6,0.053053,2.342882,2.370420,-0.157262,-0.070021,0.054563,0.996052
409,4,6,0.017843,2.136025,2.098711,-0.191621,-0.475418,-0.433554,0.765512
410,4,6,0.040530,2.152525,2.059449,-0.456640,-0.607719,-0.780271,-0.147836
411,4,6,0.019214,2.257026,2.094651,-0.717388,-0.183258,-0.587057,-0.788531
412,4,6,0.055633,2.491236,2.371997,-0.752990,0.212589,-0.183850,-0.959690
413,4,6,0.018092,2.726267,2.637236,-0.720338,0.652247,0.322042,-0.686195
414,4,6,0.491747,2.367361,2.408444,0.467234,-0.753236,0.632948,0.178918
415,4,6,0.041088,2.663432,2.677530,0.457887,0.666341,0.721882,-0.186754
416,4,6,0.018058,2.714629,2.637161,0.719844,0.643115,0.327896,0.692017
417,4,6,0.055475,2.480997,2.371720,0.752820,0.208117,-0.180586,0.961289
418,4,6,0.019333,2.245196,2.095834,0.716913,-0.209719,-0.586868,0.782051
419,4,6,0.040485,2.140851,2.060438,0.455991,-0.636457,-0.759299,0.135601
420,4,6,0.018020,2.130804,2.099336,0.190365,-0.471713,-0.436865,-0.765922
421,4,6,0.053068,2.340487,2.370341,0.156520,-0.057407,0.045960,-0.997292
422,4,6,0.019514,2.568900,2.637915,0.190838,0.334462,0.463075,-0.820790
423,4,6,263.405405,21.205781,3.575489,2.472566,-0.091776,0.481294,0.871741
424,4,6,0.548813,2.750780,2.322480,1.330511,-0.606659,0.585829,0.537373
425,4,6,0.035108,3.138860,2.650076,1.301285,0.456502,0.780305,-0.427468
426,4,6,0.018502,3.286582,2.611244,1.490157,0.754512,0.038792,0.655139
427,4,6,0.075797,2.981839,2.287467,1.527589,0.416352,-0.417957,0.807442
428,4,6,0.024338,2.624888,1.951242,1.490831,0.018528,-0.724564,0.688958
429,4,6,0.032735,2.427297,1.916188,1.300885,-0.435152,-0.833954,0.339357
430,4,6,0.017038,2.319205,1.954305,1.105265,-0.708000,-0.442064,-0.550741
431,4,6,0.071866,2.580754,2.290031,1.069968,-0.345630,0.318053,-0.882826
432,4,6,0.024760,2.927029,2.613636,1.105991,0.067446,0.642830,-0.763034
433,4,6,0.699998,3.591708,2.299821,2.032253,-0.483520,0.466415,0.740719
434,4,6,0.047534,3.974864,2.643935,1.994781,0.285785,0.863577,-0.415405
435,4,6,0.028973,3.657394,2.609938,1.795538,-0.062931,0.778517,-0.624460
436,4,6,0.075731,3.264503,2.282341,1.759600,-0.503859,0.507945,-0.698655
437,4,6,0.019648,2.999489,1.945210,1.801826,-0.776729,-0.609796,-0.157610
438,4,6,0.050937,3.269844,1.910240,1.997378,-0.232090,-0.899869,0.369282
439,4,6,0.029912,3.618045,1.940416,2.189785,0.122148,-0.846461,0.518251
440,4,6,0.072226,3.978102,2.280729,2.228148,0.564248,-0.513981,0.646102
441,4,6,0.020280,4.230785,2.609584,2.185586,0.564511,0.805149,-0.181830
442,4,6,0.233014,45.172794,2.044406,-3.660236,0.051058,-0.003169,-0.998691
443,4,6,0.019789,45.170435,1.743182,-3.602732,-0.003904,-0.998314,0.057907
444,4,6,0.015685,45.332553,1.779973,-3.596317,0.707113,-0.703082,0.075275
445,4,6,0.040163,45.368912,2.044393,-3.602350,0.998892,0.001028,0.047043
446,4,6,0.015711,45.332158,2.308969,-3.599476,0.707303,0.704162,0.062285
447,4,6,0.019777,45.169928,2.345987,-3.604668,-0.001868,0.998665,0.051624
448,4,6,0.015738,45.007707,2.309305,-3.614646,-0.708623,0.705585,-0.001801
449,4,6,0.040159,44.971467,2.044753,-3.622661,-0.998490,-0.000684,-0.054924
450,4,6,0.015751,45.008206,1.780187,-3.614390,-0.708119,-0.706070,-0.005667
451,4,6,0.233365,44.524402,2.045546,-3.698918,0.066897,0.007638,-0.997731
452,4,6,0.019819,44.521211,1.743760,-3.644869,-0.003915,-0.998921,0.046270
453,4,6,0.015688,44.683385,1.780536,-3.635358,0.705699,-0.704073,0.079185
454,4,6,0.040157,44.719785,2.044975,-3.637771,0.997921,0.000396,0.064453
455,4,6,0.015715,44.683022,2.309488,-3.632714,0.705918,0.703541,0.081915
456,4,6,0.019806,44.520729,2.346489,-3.640284,-0.003339,0.998093,0.061636
457,4,6,0.015759,44.358436,2.309825,-3.653117,-0.708328,0.705867,-0.004872
458,4,6,0.040158,44.322183,2.045315,-3.664423,-0.997603,0.000084,-0.069203
459,4,6,0.015754,44.358934,1.780732,-3.658505,-0.706715,-0.707107,-0.023531
460,4,6,0.233695,43.875363,2.046657,-3.745759,0.076170,0.017913,-0.996934
461,4,6,0.019842,43.871665,1.744294,-3.694955,-0.003425,-0.999361,0.035584
462,4,6,0.015694,44.033885,1.781058,-3.683456,0.704778,-0.705026,0.078901
463,4,6,0.040159,44.070315,2.045526,-3.682684,0.997183,-0.000456,0.075007
464,4,6,0.015741,44.033650,2.310098,-3.675288,0.705163,0.702452,0.096471
465,4,6,0.019827,43.871200,2.346981,-3.684158,-0.004639,0.997435,0.071424
466,4,6,0.015776,43.708845,2.310325,-3.698793,-0.708274,0.705928,-0.003651
467,4,6,0.040163,43.672583,2.045850,-3.713064,-0.997016,0.000977,-0.077185
468,4,6,0.015753,43.709344,1.781243,-3.709569,-0.705627,-0.707645,-0.036463
469,4,6,375.765532,49.643208,2.649402,-0.007290,-0.050799,0.273175,-0.960622
470,4,6,0.233953,43.225750,2.047664,-3.796905,0.080102,0.027696,-0.996402
471,4,6,0.019859,43.221857,1.744792,-3.749137,-0.002675,-0.999667,0.025659
472,4,6,0.015701,43.384114,1.781551,-3.736576,0.704440,-0.705771,0.075180
473,4,6,0.040090,43.420572,2.045930,-3.733074,0.996796,-0.001351,0.079973
474,4,6,0.015728,43.383921,2.310568,-3.723197,0.704559,0.701548,0.106899
475,4,6,0.019833,43.221419,2.347463,-3.732441,-0.005682,0.996700,0.080980
476,4,6,0.015801,43.058984,2.310787,-3.747976,-0.708651,0.705558,0.000905
477,4,6,0.040258,43.022720,2.046216,-3.764852,-0.996788,0.001836,-0.080066
478,4,6,0.015774,43.059394,1.781618,-3.763914,-0.705190,-0.707568,-0.045320
479,4,6,0.234096,42.575729,2.048667,-3.849199,0.079693,0.036912,-0.996136
480,4,6,0.019863,42.571825,1.745252,-3.804273,-0.001843,-0.999862,0.016485
481,4,6,0.015704,42.734120,1.782013,-3.791402,0.704598,-0.706268,0.068751
482,4,6,0.040086,42.770597,2.046401,-3.785418,0.996759,-0.002153,0.080421
483,4,6,0.015729,42.733954,2.311028,-3.773046,0.704480,0.700528,0.113883
484,4,6,0.019839,42.571412,2.347923,-3.781992,-0.006396,0.995908,0.090147
485,4,6,0.015813,42.408925,2.311235,-3.797775,-0.709159,0.705003,0.008028
486,4,6,0.040289,42.372655,2.046662,-3.817005,-0.996889,0.002546,-0.078775
487,4,6,0.015746,42.409432,1.782176,-3.818515,-0.704713,-0.707678,-0.050698
488,4,6,0.234200,41.925285,2.049514,-3.900044,0.075621,0.045399,-0.996103
489,4,6,0.019859,41.921603,1.745673,-3.857713,-0.001057,-0.999967,0.008103
490,4,6,0.015705,42.083939,1.782439,-3.845181,0.705122,-0.706528,0.060172
491,4,6,0.040083,42.120433,2.046836,-3.837041,0.997020,-0.002759,0.077098
492,4,6,0.015707,42.083698,2.311346,-3.822222,0.704680,0.699679,0.117798
493,4,6,0.019842,41.921222,2.348351,-3.830276,-0.006719,0.995094,0.098706
494,4,6,0.015822,41.758687,2.311644,-3.845706,-0.709872,0.704123,0.017110
495,4,6,0.040320,41.722411,2.047071,-3.866969,-0.997260,0.003012,-0.073921
496,4,6,0.015762,41.759075,1.782484,-3.870866,-0.705167,-0.707060,-0.052967
497,4,6,0.234259,41.274562,2.050381,-3.947127,0.068158,0.053026,-0.996264
498,4,6,0.040360,41.071999,2.047444,-3.912480,-0.997834,0.003162,-0.065706
499,4,6,0.015725,41.108750,1.782969,-3.918660,-0.705345,-0.706942,-0.052179
500,4,6,0.019851,41.271209,1.746049,-3.907121,-0.000406,-1.000000,0.000612
501,4,6,0.015708,41.433590,1.782828,-3.895511,0.705891,-0.706570,0.049763
502,4,6,0.040097,41.470095,2.047228,-3.885567,0.997517,-0.003081,0.070361
503,4,6,0.015751,41.433467,2.311858,-3.868321,0.705722,0.698461,0.118778
504,4,6,0.019840,41.270866,2.348736,-3.875059,-0.006573,0.994299,0.106428
505,4,6,0.015809,41.108306,2.312032,-3.889612,-0.710716,0.702927,0.027872
506,4,6,0.234305,40.623449,2.051061,-3.988260,0.057345,0.059660,-0.996570
507,4,6,0.040369,40.421422,2.047763,-3.951392,-0.998529,0.002931,-0.054148
508,4,6,0.015747,40.458049,1.783182,-3.959657,-0.706315,-0.706248,-0.048306
509,4,6,0.019840,40.620644,1.746379,-3.950270,0.000047,-0.999982,-0.005956
510,4,6,0.015701,40.783070,1.783165,-3.940200,0.706783,-0.706429,0.037623
511,4,6,0.040093,40.819590,2.047589,-3.928818,0.998177,-0.003053,0.060285
512,4,6,0.015737,40.783016,2.312179,-3.909392,0.706914,0.697607,0.116689
513,4,6,0.019835,40.620348,2.349070,-3.914187,-0.005892,0.993560,0.113155
514,4,6,0.015826,40.457717,2.312316,-3.927184,-0.711412,0.701621,0.040260
515,4,6,0.234285,39.972017,2.051687,-4.021218,0.043091,0.065262,-0.996937
516,4,6,0.040388,39.770670,2.048033,-3.981422,-0.999231,0.002286,-0.039132
517,4,6,0.015711,39.807378,1.783576,-3.991670,-0.706903,-0.706103,-0.041313
518,4,6,0.019831,39.969911,1.746660,-3.984932,0.000263,-0.999933,-0.011575
519,4,6,0.015705,40.132386,1.783466,-3.976961,0.707654,-0.706160,0.023738
520,4,6,0.040238,40.168905,2.048114,-3.964378,0.998900,-0.002622,0.046827
521,4,6,0.015762,40.132348,2.312476,-3.943017,0.708338,0.697025,0.111412
522,4,6,0.019825,39.969664,2.349348,-3.945477,-0.004616,0.992911,0.118772
523,4,6,0.015801,39.807006,2.312596,-3.956412,-0.711808,0.700270,0.054322
524,4,6,0.233704,39.317400,2.051943,-4.029187,-0.002249,0.067544,-0.997714
525,4,6,0.019784,39.317499,2.349491,-3.952509,0.000373,0.992559,0.121760
526,4,6,0.015774,39.154982,2.312663,-3.956745,-0.711910,0.697223,0.084050
527,4,6,0.040252,39.118593,2.048328,-3.980758,-0.999997,-0.000210,0.002334
528,4,6,0.015700,39.155179,1.783636,-3.992657,-0.708869,-0.705249,-0.011352
529,4,6,0.019784,39.317537,1.746741,-3.993320,-0.000064,-0.999913,-0.013215
530,4,6,0.015697,39.479882,1.783622,-3.993284,0.709120,-0.704950,-0.013941
531,4,6,0.040251,39.516443,2.048300,-3.981656,0.999998,0.000197,-0.002152
532,4,6,0.015780,39.480029,2.312648,-3.957593,0.711872,0.697709,0.080258
533,4,6,0.233725,38.667518,2.052027,-4.028100,-0.001094,0.068330,-0.997662
534,4,6,0.019784,38.667592,1.746779,-3.992471,-0.000048,-0.999903,-0.013960
535,4,6,0.015722,38.829968,1.783687,-3.992148,0.709131,-0.704944,-0.013649
536,4,6,0.040762,38.866504,2.049131,-3.979697,1.000000,0.000112,-0.000959
537,4,6,0.015780,38.830091,2.312690,-3.956097,0.711865,0.697544,0.081738
538,4,6,0.019785,38.667560,2.349533,-3.951182,0.000215,0.992457,0.122595
539,4,6,0.015776,38.505039,2.312702,-3.955643,-0.711994,0.697170,0.083777
540,4,6,0.039747,38.468649,2.049255,-3.980456,-0.999999,-0.000129,0.001220
541,4,6,0.015675,38.505206,1.783702,-3.992031,-0.708881,-0.705214,-0.012645
542,4,6,0.233719,38.017595,2.052071,-4.027699,-0.000176,0.069000,-0.997617
543,4,6,0.019786,38.017607,2.349565,-3.950581,0.000084,0.992375,0.123252
544,4,6,0.015777,37.855083,2.312733,-3.955222,-0.712055,0.697132,0.083577
545,4,6,0.040256,37.818692,2.048401,-3.979680,-1.000000,-0.000064,0.000375
546,4,6,0.015700,37.855272,1.783704,-3.991879,-0.708797,-0.705279,-0.013706
547,4,6,0.019785,38.017637,1.746814,-3.992279,-0.000033,-0.999893,-0.014656
548,4,6,0.015697,38.179986,1.783697,-3.991854,0.709155,-0.704923,-0.013518
549,4,6,0.040255,38.216553,2.048381,-3.979752,1.000000,0.000037,0.000029
550,4,6,0.015816,38.179973,2.312664,-3.955181,0.711803,0.697466,0.082936
551,4,6,1.736775,36.717455,1.889987,-4.010723,0.000523,0.037210,-0.999307
552,4,6,0.072087,36.717373,2.815958,-3.864603,0.000015,0.975002,0.222195
553,4,6,0.015922,36.293136,2.778969,-3.873157,-0.718618,0.678713,0.151452
554,4,6,0.166797,36.256470,1.887640,-3.966180,-0.999940,-0.000466,0.010915
555,4,6,0.015788,36.293440,0.992678,-3.940321,-0.712784,-0.694326,0.099249
556,4,6,0.072089,36.717445,0.955697,-3.934110,-0.000264,-0.989038,0.147664
557,4,6,0.015785,37.141445,0.992624,-3.939133,0.713128,-0.693569,0.102034
558,4,6,0.166809,37.178340,1.887573,-3.965783,0.999927,-0.000380,0.012046
559,4,6,0.015902,37.141511,2.778858,-3.873195,0.718349,0.679048,0.151225
560,4,6,0.233818,35.167376,2.052236,-4.027219,-0.002180,0.070799,-0.997488
561,4,6,0.019787,35.167521,1.746921,-3.992416,-0.000044,-0.999859,-0.016795
562,4,6,0.015698,35.329903,1.783806,-3.992213,0.709117,-0.704905,-0.016200
563,4,6,0.040259,35.366482,2.048484,-3.979621,0.999999,0.000107,-0.001380
564,4,6,0.015760,35.329979,2.312705,-3.954709,0.711819,0.697421,0.083173
565,4,6,0.019789,35.167519,2.349641,-3.949620,0.000288,0.992189,0.124746
566,4,6,0.015778,35.004964,2.312805,-3.953968,-0.711988,0.696868,0.086302
567,4,6,0.040259,34.968561,2.048488,-3.978751,-0.999996,-0.000216,0.002971
568,4,6,0.015698,35.005007,1.783727,-3.991595,-0.709035,-0.705051,-0.013120
569,4,6,0.233813,34.517166,2.052266,-4.025098,-0.004389,0.070839,-0.997478
570,4,6,0.019790,34.517409,1.746921,-3.990302,-0.000068,-0.999859,-0.016793
571,4,6,0.015698,34.679793,1.783808,-3.990471,0.709087,-0.704896,-0.017795
572,4,6,0.040259,34.716376,2.048489,-3.977936,0.999994,0.000242,-0.003482
573,4,6,0.015761,34.679874,2.312708,-3.952921,0.711983,0.697419,0.081781
574,4,6,0.019790,34.517413,2.349645,-3.947489,0.000548,0.992179,0.124823
575,4,6,0.015777,34.354854,2.312807,-3.951484,-0.711888,0.696768,0.087922
576,4,6,0.040259,34.318445,2.048487,-3.976186,-0.999986,-0.000363,0.005278
577,4,6,0.015701,34.355015,1.783798,-3.989030,-0.708802,-0.705316,-0.011414
578,4,6,0.233829,33.866917,2.052244,-4.021432,-0.006866,0.070661,-0.997477
579,4,6,0.019791,33.867279,1.746906,-3.986571,-0.000095,-0.999864,-0.016508
580,4,6,0.015701,34.029673,1.783787,-3.987171,0.709203,-0.704746,-0.019053
581,4,6,0.040260,34.066253,2.048484,-3.974767,0.999982,0.000400,-0.005934
582,4,6,0.015763,34.029755,2.312707,-3.949683,0.712061,0.697538,0.080058
583,4,6,0.019790,33.867294,2.349642,-3.943863,0.000843,0.992186,0.124765
584,4,6,0.015776,33.704734,2.312802,-3.947463,-0.711772,0.696674,0.089586
585,4,6,0.040260,33.668320,2.048475,-3.972029,-0.999970,-0.000524,0.007769
586,4,6,0.015701,33.704886,1.783781,-3.984891,-0.708804,-0.705344,-0.009358
587,4,6,0.233875,33.216672,2.052214,-4.016163,-0.009246,0.070315,-0.997482
588,4,6,0.019791,33.217156,1.746880,-3.981174,-0.000120,-0.999872,-0.015987
589,4,6,0.015699,33.379539,1.783774,-3.982194,0.709013,-0.704886,-0.020886
590,4,6,0.040260,33.416130,2.048468,-3.969983,0.999965,0.000560,-0.008376
591,4,6,0.015786,33.379739,2.312802,-3.944864,0.712195,0.697605,0.078261
592,4,6,0.019790,33.217178,2.349633,-3.938675,0.001131,0.992207,0.124598
593,4,6,0.015774,33.054621,2.312791,-3.941894,-0.711656,0.696601,0.091069
594,4,6,0.040260,33.018204,2.048456,-3.966298,-0.999949,-0.000674,0.010067
595,4,6,0.015723,33.054668,1.783652,-3.979125,-0.709054,-0.705117,-0.007276
596,4,6,0.233834,32.566482,2.052169,-4.009486,-0.011133,0.069906,-0.997491
597,4,6,0.019790,32.567062,1.746848,-3.974338,-0.000142,-0.999882,-0.015340
598,4,6,0.015701,32.729446,1.783733,-3.975706,0.709137,-0.704742,-0.021512
599,4,6,0.040261,32.766028,2.048447,-3.963701,0.999946,0.000695,-0.010399
600,4,6,0.015765,32.729535,2.312690,-3.938601,0.712192,0.697785,0.076676
601,4,6,0.019790,32.567083,2.349625,-3.932086,0.001372,0.992226,0.124438
602,4,6,0.015773,32.404533,2.312782,-3.935001,-0.711567,0.696542,0.092202
603,4,6,0.040261,32.368117,2.048436,-3.959263,-0.999930,-0.000794,0.011806
604,4,6,0.015701,32.404680,1.783723,-3.972019,-0.708806,-0.705381,-0.005643
605,4,6,0.233864,31.916378,2.052149,-4.001844,-0.012135,0.069631,-0.997499
606,4,6,0.019789,31.917028,2.349624,-3.924489,0.001526,0.992229,0.124415
607,4,6,0.015772,31.754488,2.312781,-3.927242,-0.711535,0.696492,0.092829
608,4,6,0.040262,31.718080,2.048427,-3.951449,-0.999921,-0.000865,0.012554
609,4,6,0.015723,31.754547,1.783601,-3.964154,-0.709067,-0.705125,-0.004847
610,4,6,0.019782,31.917008,1.746822,-3.966590,-0.000163,-0.999890,-0.014824
611,4,6,0.015719,32.079403,1.783738,-3.968070,0.708973,-0.704881,-0.022338
612,4,6,0.040261,32.115966,2.048430,-3.956287,0.999932,0.000790,-0.011639
613,4,6,0.015789,32.079574,2.312788,-3.931192,0.712310,0.697770,0.075701
614,4,6,0.233824,31.266422,2.052196,-3.993945,-0.011867,0.069787,-0.997491
615,4,6,0.019787,31.267028,2.349643,-3.916505,0.001559,0.992181,0.124799
616,4,6,0.015772,31.104503,2.312803,-3.919302,-0.711588,0.696427,0.092907
617,4,6,0.040265,31.068109,2.048447,-3.943636,-0.999928,-0.000872,0.011966
618,4,6,0.015702,31.104687,1.783710,-3.956381,-0.708852,-0.705336,-0.005533
619,4,6,0.019785,31.267046,1.746819,-3.958687,-0.000189,-0.999891,-0.014763
620,4,6,0.015698,31.429390,1.783709,-3.960187,0.709001,-0.704861,-0.022113
621,4,6,0.040263,31.465964,2.048430,-3.948368,0.999931,0.000826,-0.011677
622,4,6,0.015790,31.429565,2.312799,-3.923242,0.712347,0.697730,0.075726
623,4,6,0.233807,30.616606,2.052299,-3.986719,-0.010048,0.070733,-0.997445
624,4,6,0.019784,30.617098,2.349698,-3.908964,0.001439,0.992042,0.125896
625,4,6,0.015773,30.454589,2.312864,-3.912066,-0.711753,0.696315,0.092485
626,4,6,0.040269,30.418217,2.048512,-3.936804,-0.999952,-0.000797,0.009815
627,4,6,0.015680,30.454783,1.783791,-3.949841,-0.708894,-0.705269,-0.008018
628,4,6,0.019782,30.617158,1.746859,-3.951723,-0.000216,-0.999879,-0.015573
629,4,6,0.015696,30.779484,1.783742,-3.952862,0.709052,-0.704836,-0.021270
630,4,6,0.040266,30.816038,2.048466,-3.940813,0.999948,0.000788,-0.010191
631,4,6,0.015791,30.779626,2.312841,-3.915534,0.712383,0.697532,0.077200
632,4,6,0.233815,29.966915,2.052500,-3.981108,-0.006993,0.072629,-0.997334
633,4,6,0.019781,29.967334,1.746951,-3.946675,-0.000222,-0.999849,-0.017398
634,4,6,0.015695,30.129646,1.783825,-3.947206,0.709129,-0.704790,-0.020163
635,4,6,0.040271,30.166181,2.048552,-3.934618,0.999973,0.000661,-0.007335
636,4,6,0.015791,30.129755,2.312926,-3.908990,0.712418,0.697153,0.080240
637,4,6,0.019782,29.967229,2.349796,-3.902765,0.001165,0.991790,0.127870
638,4,6,0.015776,29.804730,2.312968,-3.906397,-0.712013,0.696129,0.091880
639,4,6,0.040275,29.768380,2.048628,-3.931825,-0.999978,-0.000640,0.006576
640,4,6,0.015704,29.804988,1.783867,-3.945232,-0.708928,-0.705180,-0.011959
641,4,6,0.233833,29.317267,2.052763,-3.977698,-0.003376,0.075351,-0.997151
642,4,6,0.019783,29.317536,1.747084,-3.944086,-0.000196,-0.999798,-0.020077
643,4,6,0.015721,29.479869,1.783980,-3.943814,0.709207,-0.704738,-0.019232
644,4,6,0.040279,29.516360,2.048684,-3.930503,0.999993,0.000465,-0.003773
645,4,6,0.015772,29.479823,2.312953,-3.904332,0.712324,0.696759,0.084390
646,4,6,0.019781,29.317393,2.349934,-3.898526,0.000791,0.991430,0.130635
647,4,6,0.015780,29.154895,2.313109,-3.902811,-0.712327,0.695864,0.091451
648,4,6,0.040285,29.118563,2.048783,-3.929149,-0.999996,-0.000425,0.002922
649,4,6,0.015704,29.155185,1.784012,-3.943187,-0.708920,-0.705090,-0.016715
650,4,6,0.233902,28.667631,2.053110,-3.976654,0.000215,0.078655,-0.996902
651,4,6,0.019775,28.667712,1.747248,-3.944075,-0.000135,-0.999728,-0.023338
652,4,6,0.015717,28.830057,1.784135,-3.943056,0.709283,-0.704674,-0.018756
653,4,6,0.040288,28.866543,2.048851,-3.928754,1.000000,0.000229,-0.000129
654,4,6,0.015773,28.829998,2.313110,-3.901861,0.712367,0.696128,0.089099
655,4,6,0.019781,28.667561,2.350101,-3.896487,0.000373,0.990986,0.133965
656,4,6,0.015785,28.505059,2.313277,-3.901450,-0.712664,0.695525,0.091408
657,4,6,0.040296,28.468740,2.048964,-3.928833,-1.000000,-0.000182,-0.000591
658,4,6,0.015705,28.505368,1.784180,-3.943642,-0.708935,-0.704940,-0.021696
659,4,6,0.234017,28.017926,2.053460,-3.977804,0.003300,0.082225,-0.996608
660,4,6,0.040308,27.818887,2.049155,-3.930604,-0.999994,0.000058,-0.003503
661,4,6,0.015703,27.855385,1.784284,-3.946334,-0.709014,-0.704706,-0.026248
662,4,6,0.019775,28.017865,1.747424,-3.946330,-0.000048,-0.999639,-0.026856
663,4,6,0.015696,28.180199,1.784288,-3.944717,0.709327,-0.704628,-0.018835
664,4,6,0.040300,28.216706,2.049038,-3.929296,0.999995,-0.000018,0.003098
665,4,6,0.015774,28.180156,2.313281,-3.901567,0.712438,0.695438,0.093798
666,4,6,0.019782,28.017711,2.350282,-3.896558,-0.000034,0.990490,0.137582
667,4,6,0.015792,27.855198,2.313456,-3.902143,-0.712972,0.695141,0.091920
668,4,6,1.739838,26.718280,1.893038,-3.969422,0.006781,0.055585,-0.998431
669,4,6,0.072095,26.717869,0.956404,-3.908469,-0.001468,-0.991062,0.133391
670,4,6,0.015762,27.141852,0.993284,-3.909255,0.711819,-0.695407,0.098604
671,4,6,0.167027,27.178645,1.889287,-3.921782,0.999835,-0.000608,0.018161
672,4,6,0.015927,27.141661,2.779922,-3.812992,0.720433,0.672995,0.167491
673,4,6,0.072082,26.717498,2.817112,-3.804441,-0.000431,0.969443,0.245317
674,4,6,0.015975,26.293242,2.780148,-3.815237,-0.721494,0.672312,0.165659
675,4,6,0.167071,26.256749,1.889650,-3.927926,-0.999985,-0.000549,0.005366
676,4,6,0.015781,26.293823,0.993359,-3.917555,-0.712441,-0.696626,0.084495
677,4,6,0.234445,25.167757,2.054543,-3.991793,0.001415,0.092219,-0.995738
678,4,6,0.019791,25.167699,2.350821,-3.907494,-0.000193,0.988936,0.148343
679,4,6,0.015809,25.005095,2.313947,-3.913310,-0.713416,0.693525,0.100305
680,4,6,0.040347,24.968717,2.049628,-3.944195,-1.000000,0.000032,-0.000118
681,4,6,0.015705,25.005285,1.784780,-3.962280,-0.709099,-0.704516,-0.028911
682,4,6,0.019793,25.167698,1.747882,-3.963353,0.000066,-0.999351,-0.036013
683,4,6,0.015708,25.330118,1.784779,-3.961840,0.709572,-0.704128,-0.026663
684,4,6,0.040346,25.366685,2.049628,-3.943628,0.999996,-0.000229,0.002659
685,4,6,0.015784,25.330200,2.313838,-3.912871,0.713063,0.693621,0.102131
686,4,6,0.234512,23.866707,2.054238,-3.987422,-0.008758,0.089475,-0.995951
687,4,6,0.019797,23.867126,1.747717,-3.958085,-0.000180,-0.999465,-0.032708
688,4,6,0.015707,24.029566,1.784648,-3.958489,0.709171,-0.704276,-0.032721
689,4,6,0.040344,24.066195,2.049529,-3.941263,0.999975,0.000478,-0.007069
690,4,6,0.015788,24.029762,2.313767,-3.910637,0.713354,0.694365,0.094775
691,4,6,0.019794,23.867254,2.350715,-3.903892,0.000995,0.989251,0.146227
692,4,6,0.015801,23.704627,2.313814,-3.908107,-0.712774,0.693453,0.105244
693,4,6,0.040340,23.668187,2.049444,-3.937772,-0.999945,-0.000730,0.010428
694,4,6,0.015727,23.704605,1.784479,-3.955276,-0.709314,-0.704663,-0.018009
695,4,6,0.234480,23.216136,2.053961,-3.979778,-0.014705,0.086305,-0.996160
696,4,6,0.015796,23.054354,2.313660,-3.900379,-0.712262,0.693699,0.107070
697,4,6,0.040330,23.017890,2.049263,-3.928942,-0.999866,-0.001139,0.016337
698,4,6,0.015704,23.054400,1.784406,-3.945735,-0.709036,-0.705084,-0.011174
699,4,6,0.019806,23.216822,1.747547,-3.949427,-0.000292,-0.999570,-0.029334
700,4,6,0.015707,23.379246,1.784488,-3.951005,0.708969,-0.704374,-0.034945
701,4,6,0.040336,23.415897,2.049379,-3.934806,0.999915,0.000906,-0.013002
702,4,6,0.015810,23.379584,2.313737,-3.904703,0.713477,0.695010,0.088953
703,4,6,0.019796,23.216981,2.350570,-3.897181,0.001710,0.989676,0.143310
704,4,6,0.234398,22.565590,2.053571,-3.968388,-0.020112,0.082552,-0.996384
705,4,6,0.015789,22.404103,2.313474,-3.889118,-0.711727,0.694087,0.108108
706,4,6,0.040316,22.367633,2.049065,-3.916478,-0.999769,-0.001496,0.021447
707,4,6,0.015704,22.404144,1.784220,-3.932466,-0.708932,-0.705260,-0.004994
708,4,6,0.019798,22.566538,1.747362,-3.936890,-0.000382,-0.999672,-0.025613
709,4,6,0.015707,22.728958,1.784301,-3.939497,0.708765,-0.704506,-0.036371
710,4,6,0.040324,22.765613,2.049185,-3.924502,0.999826,0.001303,-0.018629
711,4,6,0.015809,22.729307,2.313562,-3.895174,0.713433,0.695841,0.082572
712,4,6,0.019797,22.566719,2.350385,-3.886912,0.002380,0.990203,0.139613
713,4,6,0.234256,21.915229,2.053234,-3.954002,-0.023703,0.079309,-0.996568
714,4,6,0.019796,21.916518,2.350206,-3.873533,0.002903,0.990702,0.136021
715,4,6,0.015782,21.753931,2.313308,-3.874985,-0.711305,0.694500,0.108238
716,4,6,0.040302,21.717482,2.048913,-3.901389,-0.999700,-0.001764,0.024446
717,4,6,0.015706,21.754017,1.784095,-3.916775,-0.708858,-0.705350,-0.001492
718,4,6,0.019794,21.916392,1.747222,-3.921535,-0.000476,-0.999739,-0.022821
719,4,6,0.015704,22.078774,1.784142,-3.924793,0.708622,-0.704627,-0.036811
720,4,6,0.040310,22.115407,2.048996,-3.910850,0.999740,0.001620,-0.022728
721,4,6,0.015809,22.079084,2.313381,-3.882347,0.713405,0.696519,0.076908
722,4,6,0.234099,21.265145,2.053071,-3.938165,-0.024537,0.077773,-0.996669
723,4,6,0.040292,21.067470,2.048862,-3.885392,-0.999694,-0.001891,0.024674
724,4,6,0.015707,21.104040,1.784079,-3.900610,-0.708873,-0.705335,-0.001572
725,4,6,0.019790,21.266399,1.747185,-3.905293,-0.000571,-0.999756,-0.022081
726,4,6,0.015700,21.428743,1.784079,-3.908627,0.708606,-0.704662,-0.036446
727,4,6,0.040297,21.465336,2.048880,-3.895192,0.999707,0.001807,-0.024143
728,4,6,0.015809,21.428980,2.313256,-3.867266,0.713240,0.697036,0.073686
729,4,6,0.019793,21.266433,2.350092,-3.858228,0.003172,0.991010,0.133750
730,4,6,0.015777,21.103881,2.313218,-3.859377,-0.711116,0.694789,0.107621
731,4,6,0.233972,20.615300,2.053119,-3.922585,-0.022997,0.078293,-0.996665
732,4,6,0.019789,20.616464,2.350072,-3.842586,0.003178,0.991064,0.133352
733,4,6,0.015774,20.453939,2.313221,-3.843873,-0.711164,0.694873,0.106756
734,4,6,0.040287,20.417569,2.048917,-3.870119,-0.999741,-0.001893,0.022692
735,4,6,0.015708,20.454171,1.784171,-3.885643,-0.708927,-0.705266,-0.004703
736,4,6,0.019786,20.616524,1.747257,-3.889962,-0.000654,-0.999723,-0.023524
737,4,6,0.015696,20.778840,1.784127,-3.892891,0.708678,-0.704622,-0.035827
738,4,6,0.040289,20.815391,2.048871,-3.879308,0.999733,0.001852,-0.023037
739,4,6,0.015809,20.778999,2.313220,-3.851526,0.713327,0.696971,0.073456
740,4,6,0.233895,19.965617,2.053364,-3.908559,-0.019851,0.080708,-0.996540
741,4,6,0.019786,19.966580,2.350146,-3.827934,0.002989,0.990864,0.134831
742,4,6,0.015774,19.804073,2.313314,-3.829694,-0.711443,0.694692,0.106074
743,4,6,0.040289,19.767739,2.049067,-3.856712,-0.999812,-0.001790,0.019290
744,4,6,0.015710,19.804367,1.784352,-3.872967,-0.709014,-0.705123,-0.010009
745,4,6,0.019783,19.966720,1.747422,-3.876769,-0.000705,-0.999640,-0.026829
746,4,6,0.015693,20.129019,1.784274,-3.878973,0.708803,-0.704518,-0.035399
747,4,6,0.040287,20.165536,2.048966,-3.864652,0.999795,0.001784,-0.020164
748,4,6,0.015809,20.129114,2.313277,-3.836557,0.713229,0.696810,0.075897
749,4,6,0.233897,19.316002,2.053741,-3.896876,-0.015866,0.084638,-0.996285
750,4,6,0.019784,19.316746,2.350299,-3.815161,0.002663,0.990441,0.137909
751,4,6,0.015777,19.154247,2.313482,-3.817607,-0.711853,0.694306,0.105853
752,4,6,0.040298,19.117944,2.049291,-3.845816,-0.999883,-0.001604,0.015197
753,4,6,0.015733,19.154491,1.784496,-3.863139,-0.709345,-0.704666,-0.016593
754,4,6,0.019781,19.316948,1.747657,-3.866377,-0.000706,-0.999503,-0.031528
755,4,6,0.015692,19.479240,1.784495,-3.867682,0.708966,-0.704353,-0.035427
756,4,6,0.040291,19.515730,2.049147,-3.852168,0.999866,0.001625,-0.016302
757,4,6,0.015811,19.479284,2.313415,-3.823353,0.713415,0.696131,0.080254
758,4,6,0.233888,18.666459,2.054257,-3.887872,-0.011662,0.089660,-0.995904
759,4,6,0.019783,18.666933,2.350514,-3.804727,0.002259,0.989832,0.142222
760,4,6,0.015759,18.504542,2.313597,-3.807971,-0.712420,0.693667,0.106227
761,4,6,0.040311,18.468153,2.049566,-3.837646,-0.999938,-0.001361,0.011029
762,4,6,0.015712,18.504814,1.784889,-3.856276,-0.709174,-0.704631,-0.023818
763,4,6,0.019780,18.667178,1.747938,-3.858991,-0.000649,-0.999309,-0.037158
764,4,6,0.015692,18.829470,1.784769,-3.859345,0.709140,-0.704146,-0.036038
765,4,6,0.040302,18.865941,2.049393,-3.842324,0.999926,0.001396,-0.012096
766,4,6,0.015813,18.829481,2.313616,-3.812461,0.713519,0.695354,0.085872
767,4,6,0.233998,18.016836,2.054881,-3.881515,-0.007749,0.095416,-0.995407
768,4,6,0.019782,18.017112,2.350772,-3.796713,0.001834,0.989078,0.147378
769,4,6,0.015790,17.854601,2.313967,-3.800722,-0.712805,0.693088,0.107415
770,4,6,0.040330,17.818344,2.049876,-3.832074,-0.999973,-0.001097,0.007232
771,4,6,0.015714,17.855012,1.785207,-3.852195,-0.709225,-0.704296,-0.031093
772,4,6,0.019781,18.017387,1.748251,-3.854478,-0.000549,-0.999058,-0.043402
773,4,6,0.015693,18.179686,1.785076,-3.853917,0.709320,-0.703898,-0.037336
774,4,6,0.040318,18.216143,2.049683,-3.835193,0.999967,0.001133,-0.008091
775,4,6,0.015816,18.179675,2.313863,-3.804041,0.713673,0.694403,0.092060
776,4,6,1.737840,16.717281,1.896040,-3.865580,-0.000382,0.077686,-0.996978
777,4,6,0.072086,16.716885,2.817467,-3.684782,0.002897,0.967616,0.252410
778,4,6,0.015970,16.292626,2.780571,-3.690516,-0.721244,0.668836,0.180181
779,4,6,0.167152,16.256504,1.891714,-3.821148,-0.999947,-0.001700,0.010133
780,4,6,0.015754,16.293957,0.995069,-3.837442,-0.710604,-0.701128,0.058825
781,4,6,0.072078,16.717855,0.957971,-3.829264,-0.001434,-0.994790,0.101936
782,4,6,0.015731,17.141687,0.994687,-3.829416,0.710877,-0.699123,0.076693
783,4,6,0.167053,17.178217,1.890834,-3.821279,0.999954,0.000080,0.009573
784,4,6,0.015997,17.141191,2.780272,-3.698862,0.721874,0.672642,0.162637
785,4,6,0.238737,15.164931,2.067096,-3.871307,-0.003179,0.129081,-0.991629
786,4,6,0.019802,15.164703,2.366101,-3.775702,0.002294,0.983591,0.180398
787,4,6,0.015871,15.002200,2.328705,-3.781494,-0.720470,0.681532,0.128206
788,4,6,0.041260,14.966066,2.060564,-3.822847,-0.999989,-0.001755,0.004304
789,4,6,0.015822,15.002983,1.791368,-3.852574,-0.715210,-0.696557,-0.057301
790,4,6,0.019795,15.165534,1.753705,-3.855392,-0.000862,-0.997031,-0.076991
791,4,6,0.015770,15.327884,1.790998,-3.852516,0.715565,-0.696344,-0.055413
792,4,6,0.041231,15.364171,2.059991,-3.824195,0.999998,0.001270,-0.001759
793,4,6,0.015927,15.327399,2.328352,-3.783766,0.720816,0.683180,0.117004
794,4,6,0.239123,14.514233,2.068597,-3.867647,-0.007720,0.137773,-0.990434
795,4,6,0.019802,14.514151,2.367161,-3.769313,0.003567,0.981878,0.189480
796,4,6,0.015874,14.351662,2.329794,-3.774645,-0.720853,0.679179,0.138151
797,4,6,0.041322,14.315611,2.061671,-3.818308,-0.999952,-0.002727,0.009380
798,4,6,0.015835,14.352580,1.792373,-3.850546,-0.715999,-0.695595,-0.059105
799,4,6,0.019796,14.515157,1.754667,-3.854483,-0.001381,-0.996375,-0.085059
800,4,6,0.015771,14.677501,1.791950,-3.852005,0.715792,-0.695377,-0.063968
801,4,6,0.041282,14.713722,2.060973,-3.821501,0.999982,0.002050,-0.005619
802,4,6,0.015953,14.676892,2.329343,-3.778473,0.721561,0.681842,0.120174
803,4,6,0.239581,13.863443,2.070260,-3.860131,-0.014568,0.146272,-0.989137
804,4,6,0.019800,13.863669,2.368455,-3.759023,0.005242,0.979989,0.198981
805,4,6,0.015881,13.701199,2.331086,-3.763603,-0.721163,0.676431,0.149548
806,4,6,0.041394,13.665196,2.062910,-3.809497,-0.999856,-0.003952,0.016497
807,4,6,0.015848,13.702176,1.793458,-3.844186,-0.716585,-0.695020,-0.058758
808,4,6,0.019797,13.864764,1.755720,-3.849611,-0.002138,-0.995720,-0.092396
809,4,6,0.015773,14.027101,1.793015,-3.847991,0.716002,-0.694159,-0.074050
810,4,6,0.041349,14.063283,2.062145,-3.815461,0.999923,0.003160,-0.011979
811,4,6,0.015982,14.026428,2.330574,-3.769664,0.722719,0.680299,0.121948
812,4,6,0.240063,13.212662,2.071940,-3.847642,-0.022612,0.153900,-0.987828
813,4,6,0.019801,13.213310,2.369829,-3.743976,0.006981,0.978119,0.207929
814,4,6,0.015890,13.050843,2.332415,-3.747673,-0.721362,0.673616,0.160871
815,4,6,0.041463,13.014836,2.064164,-3.795497,-0.999683,-0.005308,0.024619
816,4,6,0.015859,13.051808,1.794567,-3.832382,-0.717053,-0.694674,-0.057126
817,4,6,0.019799,13.214391,1.756801,-3.839479,-0.003086,-0.995114,-0.098681
818,4,6,0.015776,13.376728,1.794115,-3.839005,0.715933,-0.693025,-0.084591
819,4,6,0.041422,13.412903,2.063403,-3.804716,0.999796,0.004436,-0.019696
820,4,6,0.016011,13.376072,2.331916,-3.756225,0.724035,0.678763,0.122699
821,4,6,0.010142,12.402577,2.053501,-3.729433,0.033929,-0.160708,0.986419
822,4,6,0.009872,12.728401,2.066099,-3.737820,0.029348,-0.160662,0.986573
823,4,6,0.240515,12.561827,2.073527,-3.829531,-0.031646,0.160205,-0.986576
824,4,6,0.019809,12.562962,2.371140,-3.723760,0.008907,0.976521,0.215238
825,4,6,0.015877,12.400495,2.333737,-3.726401,-0.721034,0.671246,0.171866
826,4,6,0.041516,12.364451,2.065393,-3.775649,-0.999406,-0.006943,0.033749
827,4,6,0.015872,12.401430,1.795698,-3.814469,-0.717377,-0.694587,-0.054019
828,4,6,0.019805,12.564022,1.757905,-3.823352,-0.004257,-0.994571,-0.103971
829,4,6,0.015777,12.726359,1.795230,-3.824219,0.715593,-0.692014,-0.095092
830,4,6,0.041486,12.762543,2.064645,-3.788533,0.999582,0.005907,-0.028318
831,4,6,0.016033,12.725735,2.333206,-3.737694,0.724994,0.677963,0.121448
832,4,6,0.009941,12.728640,2.066112,-3.737820,-0.029227,0.160802,-0.986554
833,4,6,264.819365,21.279711,3.596617,-2.522823,-0.097902,0.518116,-0.849689
834,4,6,0.240961,11.910785,2.075118,-3.804945,-0.042272,0.165722,-0.985266
835,4,6,0.019827,11.912416,2.372431,-3.697401,0.011561,0.975183,0.221100
836,4,6,0.015894,11.749877,2.334987,-3.698436,-0.720158,0.669028,0.183776
837,4,6,0.041122,11.713893,2.067537,-3.749359,-0.998964,-0.009210,0.044571
838,4,6,0.015896,11.750962,1.796952,-3.789716,-0.717532,-0.694744,-0.049788
839,4,6,0.019812,11.913596,1.759118,-3.800589,-0.005771,-0.994027,-0.108977
840,4,6,0.015798,12.075976,1.796448,-3.802917,0.714981,-0.691054,-0.106054
841,4,6,0.041977,12.112109,2.066526,-3.765547,0.999236,0.007833,-0.038296
842,4,6,0.016065,12.075263,2.334476,-3.713285,0.725831,0.677605,0.118413
843,4,6,0.010038,12.403673,2.053604,-3.729449,-0.034030,0.160403,-0.986465
844,4,6,0.241501,11.259476,2.076985,-3.772584,-0.054835,0.171997,-0.983570
845,4,6,0.019850,11.261614,2.373961,-3.663038,0.015349,0.973697,0.227328
846,4,6,0.015886,11.099080,2.336576,-3.662088,-0.718863,0.666309,0.198163
847,4,6,0.041212,11.063203,2.069115,-3.714464,-0.998285,-0.012175,0.057255
848,4,6,0.015926,11.100385,1.798456,-3.757220,-0.717694,-0.694889,-0.045217
849,4,6,0.019829,11.263085,1.760558,-3.770352,-0.007684,-0.993353,-0.114851
850,4,6,0.015792,11.425457,1.797850,-3.774418,0.714136,-0.689905,-0.118492
851,4,6,0.042007,11.461505,2.067913,-3.735865,0.998689,0.010453,-0.050119
852,4,6,0.016157,11.424538,2.335961,-3.681228,0.726765,0.677351,0.114053
853,4,6,0.242300,10.607865,2.079248,-3.731060,-0.069368,0.180093,-0.981201
854,4,6,0.019878,10.610654,2.375895,-3.618847,0.020068,0.971633,0.235639
855,4,6,0.015885,10.448125,2.338550,-3.615637,-0.717274,0.662607,0.215571
856,4,6,0.041287,10.412319,2.071074,-3.670087,-0.997292,-0.015667,0.071849
857,4,6,0.015962,10.449575,1.800158,-3.715785,-0.717957,-0.694936,-0.040013
858,4,6,0.019854,10.612357,1.762221,-3.731572,-0.009950,-0.992466,-0.122119
859,4,6,0.015772,10.774724,1.799465,-3.737687,0.712974,-0.688413,-0.133251
860,4,6,0.042095,10.810740,2.069663,-3.697443,0.997867,0.013661,-0.063835
861,4,6,0.016168,10.773683,2.337784,-3.640138,0.727577,0.677402,0.108437
862,4,6,0.244898,9.303038,2.084164,-3.614503,-0.106010,0.198431,-0.974365
863,4,6,0.019986,9.307844,2.380158,-3.496041,0.031257,0.966325,0.255418
864,4,6,0.015903,9.145104,2.342742,-3.487443,-0.711615,0.653982,0.256733
865,4,6,0.041954,9.109191,2.074123,-3.545921,-0.993742,-0.024465,0.108986
866,4,6,0.016050,9.146377,1.803501,-3.598559,-0.717282,-0.696387,-0.023475
867,4,6,0.019961,9.309391,1.765583,-3.621358,-0.016123,-0.990383,-0.137410
868,4,6,0.015795,9.472011,1.802884,-3.632926,0.708368,-0.685062,-0.170016
869,4,6,0.041881,9.508097,2.072984,-3.589541,0.994947,0.021625,-0.098045
870,4,6,0.016312,9.471124,2.342022,-3.524380,0.729646,0.676898,0.097088
871,4,6,0.243438,9.955855,2.081744,-3.678985,-0.085936,0.189467,-0.978119
872,4,6,0.019895,9.959556,2.378075,-3.563650,0.025231,0.969000,0.245768
873,4,6,0.015897,9.796936,2.340678,-3.557968,-0.715149,0.658267,0.235046
874,4,6,0.041471,9.761092,2.072943,-3.614700,-0.995883,-0.019577,0.088506
875,4,6,0.015952,9.798283,1.801947,-3.663874,-0.717939,-0.695304,-0.033394
876,4,6,0.019898,9.961210,1.763941,-3.682677,-0.012663,-0.991424,-0.130068
877,4,6,0.015781,10.123677,1.801210,-3.691184,0.711210,-0.686694,-0.150436
878,4,6,0.042199,10.159714,2.071623,-3.648995,0.996688,0.017303,-0.079453
879,4,6,0.016271,10.122624,2.339916,-3.588057,0.728758,0.676896,0.103554
880,4,6,0.246718,8.648952,2.086583,-3.534446,-0.130836,0.207270,-0.969495
881,4,6,0.020105,8.655037,2.382198,-3.412901,0.039610,0.963616,0.264340
882,4,6,0.015921,8.492093,2.344779,-3.400235,-0.705989,0.649313,0.282793
883,4,6,0.042086,8.456177,2.076063,-3.460879,-0.990525,-0.031179,0.133749
884,4,6,0.016121,8.493450,1.805137,-3.517247,-0.715809,-0.698204,-0.011373
885,4,6,0.020050,8.656656,1.767204,-3.544589,-0.020670,-0.989290,-0.144489
886,4,6,0.015809,8.819433,1.804490,-3.559968,0.704046,-0.683577,-0.192463
887,4,6,0.042002,8.855583,2.074849,-3.515020,0.992241,0.027406,-0.121268
888,4,6,0.016412,8.818593,2.344060,-3.446047,0.729946,0.678010,0.086496
889,4,6,0.248955,7.993737,2.089485,-3.436317,-0.156047,0.219191,-0.963122
890,4,6,0.020211,8.001055,2.384619,-3.310499,0.050227,0.959675,0.276588
891,4,6,0.015935,7.837941,2.347250,-3.293645,-0.699832,0.642736,0.311650
892,4,6,0.041949,7.802013,2.079084,-3.358042,-0.986790,-0.039012,0.157234
893,4,6,0.016149,7.839406,1.807103,-3.419106,-0.714404,-0.699730,-0.002170
894,4,6,0.020154,8.002922,1.769024,-3.450823,-0.026042,-0.987783,-0.153646
895,4,6,0.015822,8.165848,1.806263,-3.470009,0.698728,-0.681734,-0.216834
896,4,6,0.042152,8.201976,2.076909,-3.422884,0.988684,0.034686,-0.145950
897,4,6,0.016580,8.164849,2.346382,-3.349043,0.729920,0.679288,0.076056
898,4,6,1.845087,6.699320,1.923263,-3.094606,0.195082,-0.214353,0.957077
899,4,6,1.901017,6.679639,1.944108,-3.189384,-0.195080,0.214351,-0.957078
900,4,6,0.074746,6.688296,2.870477,-2.842497,0.109630,0.895109,0.432159
901,4,6,0.016415,6.261099,2.833956,-2.758266,-0.701352,0.543288,0.461458
902,4,6,0.177315,6.224908,1.932202,-3.052550,-0.975517,-0.051759,0.213747
903,4,6,0.016005,6.264748,0.996128,-3.188491,-0.690628,-0.705407,0.159483
904,4,6,0.074113,6.692436,0.958290,-3.269491,0.005993,-0.999349,0.035572
905,4,6,0.015980,7.120351,0.995465,-3.349271,0.699709,-0.707461,-0.099529
906,4,6,0.175646,7.156819,1.926148,-3.244362,0.985641,0.037301,-0.164685
907,4,6,0.017590,7.116935,2.829834,-2.962620,0.756762,0.639153,0.137092
908,4,6,0.233185,45.171804,2.044391,3.657046,0.041041,-0.003125,0.999153
909,4,6,0.019791,45.169940,1.743202,3.599646,-0.003298,-0.998337,-0.057547
910,4,6,0.015709,45.332253,1.779873,3.594665,0.707435,-0.703373,-0.069304
911,4,6,0.040163,45.368509,2.044396,3.600975,0.999238,0.000977,-0.039021
912,4,6,0.015735,45.331850,2.309072,3.597809,0.707787,0.704171,-0.056394
913,4,6,0.019782,45.169426,2.345973,3.601549,-0.001317,0.998680,-0.051356
914,4,6,0.015732,45.007115,2.309300,3.609716,-0.708913,0.705266,-0.006533
915,4,6,0.040159,44.970869,2.044757,3.617300,-0.999075,-0.000691,0.043001
916,4,6,0.015766,45.007516,1.780098,3.609505,-0.708739,-0.705466,-0.002479
917,4,6,0.233323,44.522637,2.045541,3.686578,0.049250,0.007779,0.998756
918,4,6,0.015710,44.682679,1.780441,3.625825,0.706765,-0.704233,-0.067378
919,4,6,0.040158,44.718961,2.044982,3.628806,0.998846,0.000467,-0.048021
920,4,6,0.015738,44.682308,2.309596,3.623114,0.707375,0.703337,-0.070266
921,4,6,0.019795,44.519850,2.346486,3.627916,-0.002235,0.998096,-0.061632
922,4,6,0.015744,44.357497,2.309814,3.637766,-0.709014,0.705144,-0.008380
923,4,6,0.040158,44.321240,2.045323,3.648412,-0.998728,-0.000115,0.050420
924,4,6,0.015763,44.357890,1.780650,3.643244,-0.708027,-0.706107,0.010541
925,4,6,0.019805,44.520336,1.743777,3.632590,-0.003080,-0.998937,-0.045991
926,4,6,0.233467,43.873129,2.046628,3.720342,0.054127,0.018089,0.998370
927,4,6,0.015712,44.032935,1.780970,3.661581,0.706397,-0.704956,-0.063567
928,4,6,0.040159,44.069239,2.045535,3.661553,0.998564,-0.000147,-0.053562
929,4,6,0.015740,44.032588,2.310097,3.653336,0.707065,0.702457,-0.081330
930,4,6,0.019804,43.870101,2.346984,3.658651,-0.003051,0.997431,-0.071565
931,4,6,0.015756,43.707710,2.310314,3.669641,-0.709264,0.704836,-0.012293
932,4,6,0.040163,43.671450,2.045859,3.683112,-0.998508,0.000517,0.054609
933,4,6,0.015759,43.708098,1.781164,3.680507,-0.707373,-0.706536,0.020716
934,4,6,0.019815,43.870565,1.744308,3.669550,-0.002617,-0.999371,-0.035375
935,4,6,0.233599,43.223351,2.047657,3.756389,0.056328,0.027822,0.998025
936,4,6,0.019821,43.220662,1.744801,3.708592,-0.002044,-0.999672,-0.025523
937,4,6,0.015714,43.383054,1.781464,3.699894,0.706284,-0.705524,-0.058292
938,4,6,0.040166,43.419376,2.046059,3.697133,0.998414,-0.000777,-0.056285
939,4,6,0.015743,43.382732,2.310577,3.686411,0.706911,0.701531,-0.090177
940,4,6,0.019810,43.220221,2.347463,3.691810,-0.003747,0.996697,-0.081122
941,4,6,0.015767,43.057800,2.310785,3.703509,-0.709672,0.704310,-0.017707
942,4,6,0.040173,43.021534,2.046363,3.719577,-0.998415,0.001123,0.056276
943,4,6,0.015755,43.058179,1.781646,3.719459,-0.706942,-0.706695,0.028538
944,4,6,0.233718,42.573359,2.048622,3.793166,0.056401,0.036932,0.997725
945,4,6,0.015777,42.407788,2.311230,3.737922,-0.710173,0.703617,-0.024020
946,4,6,0.040186,42.371517,2.046834,3.756359,-0.998434,0.001649,0.055914
947,4,6,0.015750,42.408157,1.782095,3.758617,-0.706756,-0.706613,0.034552
948,4,6,0.019824,42.570652,1.745256,3.748154,-0.001445,-0.999864,-0.016439
949,4,6,0.015717,42.733064,1.781924,3.739114,0.706379,-0.705924,-0.051956
950,4,6,0.040177,42.769401,2.046551,3.733877,0.998386,-0.001355,-0.056774
951,4,6,0.015746,42.732769,2.311032,3.720713,0.706986,0.700527,-0.097124
952,4,6,0.019813,42.570239,2.347918,3.725863,-0.004284,0.995914,-0.090201
953,4,6,0.233826,41.923189,2.049509,3.829421,0.054723,0.045312,0.997473
954,4,6,0.015719,42.082983,1.782348,3.777907,0.706562,-0.706229,-0.044854
955,4,6,0.040191,42.119335,2.047006,3.770453,0.998460,-0.001832,-0.055454
956,4,6,0.015749,42.082720,2.311454,3.754952,0.707233,0.699534,-0.102343
957,4,6,0.019814,41.920172,2.348341,3.759595,-0.004634,0.995112,-0.098648
958,4,6,0.015785,41.757694,2.311637,3.771720,-0.710692,0.702817,-0.031072
959,4,6,0.040201,41.721414,2.047264,3.792274,-0.998547,0.002054,0.053852
960,4,6,0.015745,41.758044,1.782503,3.796766,-0.706748,-0.706407,0.038698
961,4,6,0.019824,41.920552,1.745671,3.786962,-0.000883,-0.999966,-0.008157
962,4,6,0.010246,41.103243,2.036571,3.776171,-0.050578,-0.052577,-0.997335
963,4,6,0.011038,41.430890,2.054268,3.758316,-0.052254,-0.052678,-0.997244
964,4,6,0.233926,41.272857,2.050312,3.864069,0.051444,0.052876,0.997275
965,4,6,0.015718,41.432829,1.782732,3.815150,0.706885,-0.706346,-0.037278
966,4,6,0.040232,41.469187,2.047404,3.805715,0.998618,-0.002169,-0.052508
967,4,6,0.015762,41.432605,2.311827,3.788028,0.707663,0.698551,-0.106015
968,4,6,0.019814,41.270028,2.348724,3.791962,-0.004764,0.994321,-0.106314
969,4,6,0.015784,41.107511,2.311997,3.803898,-0.711079,0.702047,-0.038683
970,4,6,0.040211,41.071232,2.047626,3.826270,-0.998736,0.002302,0.050209
971,4,6,0.015744,41.107842,1.782872,3.832809,-0.706827,-0.706194,0.041062
972,4,6,0.019824,41.270367,1.746043,3.823905,-0.000398,-1.000000,-0.000738
973,4,6,0.011032,41.430868,2.054266,3.758310,0.052319,0.052906,0.997228
974,4,6,0.008175,40.448488,2.037835,3.807605,-0.045200,-0.060010,-0.997174
975,4,6,0.008927,40.785382,2.053177,3.790940,-0.047858,-0.059291,-0.997093
976,4,6,0.234014,40.622363,2.051020,3.896076,0.046573,0.059522,0.997140
977,4,6,0.019821,40.620102,1.746368,3.857928,-0.000025,-0.999983,0.005757
978,4,6,0.015721,40.782588,1.783068,3.849752,0.707238,-0.706378,-0.029077
979,4,6,0.040224,40.818963,2.047784,3.838705,0.998844,-0.002336,-0.048010
980,4,6,0.015757,40.782394,2.312180,3.819003,0.708182,0.697741,-0.107871
981,4,6,0.019812,40.619806,2.349064,3.821959,-0.004641,0.993571,-0.113113
982,4,6,0.015787,40.457259,2.312317,3.833392,-0.711528,0.701102,-0.046745
983,4,6,0.040224,40.420969,2.047959,3.857300,-0.998987,0.002357,0.044942
984,4,6,0.015739,40.457563,1.783192,3.865712,-0.706960,-0.706028,0.041625
985,4,6,0.008922,40.785363,2.053179,3.790936,0.047905,0.059576,0.997074
986,4,6,0.010252,41.103222,2.036569,3.776166,0.050502,0.053013,0.997316
987,4,6,0.234148,39.971690,2.051627,3.924411,0.040088,0.065216,0.997066
988,4,6,0.015726,40.132271,1.783349,3.880670,0.707698,-0.706214,-0.020643
989,4,6,0.040240,40.168670,2.048104,3.868299,0.999109,-0.002313,-0.042152
990,4,6,0.015763,40.132119,2.312477,3.846775,0.708830,0.697051,-0.108075
991,4,6,0.019811,39.969503,2.349370,3.848556,-0.004203,0.992855,-0.119253
992,4,6,0.015798,39.806925,2.312610,3.859137,-0.712044,0.699932,-0.055574
993,4,6,0.040252,39.770599,2.048278,3.884306,-0.999291,0.002162,0.037583
994,4,6,0.015733,39.807187,1.783448,3.894397,-0.707242,-0.705848,0.039853
995,4,6,0.019817,39.969755,1.746632,3.887982,0.000239,-0.999939,0.011023
996,4,6,0.233716,39.318130,2.051950,3.934903,0.004974,0.068146,0.997663
997,4,6,0.019783,39.317920,1.746779,3.899222,-0.000003,-0.999902,0.013970
998,4,6,0.015718,39.480355,1.783544,3.897945,0.709094,-0.705054,0.009211
999,4,6,0.040250,39.516789,2.048315,3.885946,0.999989,-0.000199,-0.004731
1000,4,6,0.015777,39.480359,2.312660,3.862056,0.711691,0.697308,-0.085193
1001,4,6,0.019783,39.317838,2.349510,3.858047,-0.000414,0.992510,-0.122159
1002,4,6,0.015778,39.155333,2.312697,3.863437,-0.712108,0.697556,-0.079481
1003,4,6,0.040254,39.118969,2.048373,3.887929,-0.999987,0.000241,0.005136
1004,4,6,0.015723,39.155463,1.783575,3.899791,-0.708914,-0.705078,0.017488
1005,4,6,0.233790,38.668265,2.052128,3.938612,0.006268,0.069848,0.997538
1006,4,6,0.040256,38.866872,2.048409,3.889384,0.999980,-0.000332,-0.006393
1007,4,6,0.015777,38.830440,2.312746,3.865077,0.711735,0.696972,-0.087537
1008,4,6,0.019785,38.667907,2.349599,3.861253,-0.000614,0.992291,-0.123926
1009,4,6,0.015781,38.505386,2.312781,3.866909,-0.712229,0.697386,-0.079893
1010,4,6,0.040259,38.469017,2.048460,3.891880,-0.999981,0.000329,0.006100
1011,4,6,0.015723,38.505511,1.783658,3.904146,-0.708899,-0.705045,0.019338
1012,4,6,0.019786,38.667982,1.746862,3.903463,0.000024,-0.999878,0.015624
1013,4,6,0.015720,38.830435,1.783625,3.901895,0.709081,-0.705067,0.009195
1014,4,6,0.233842,38.018284,2.052281,3.942799,0.006439,0.071277,0.997436
1015,4,6,0.015721,38.180450,1.783703,3.906454,0.709089,-0.705047,0.010050
1016,4,6,0.040260,38.216895,2.048490,3.893520,0.999976,-0.000395,-0.006845
1017,4,6,0.015778,38.180469,2.312818,3.868830,0.711733,0.696798,-0.088930
1018,4,6,0.019787,38.017924,2.349668,3.865030,-0.000684,0.992118,-0.125303
1019,4,6,0.015784,37.855385,2.312846,3.870768,-0.712125,0.697390,-0.080779
1020,4,6,0.040261,37.819012,2.048530,3.896084,-0.999982,0.000353,0.005991
1021,4,6,0.015723,37.855503,1.783730,3.908717,-0.708948,-0.704971,0.020212
1022,4,6,0.019788,38.017983,1.746937,3.908108,0.000051,-0.999853,0.017117
1023,4,6,1.736912,36.717999,1.890453,3.933061,0.004270,0.040294,0.999179
1024,4,6,0.015923,37.141825,2.779061,3.791428,0.718643,0.677696,-0.155822
1025,4,6,0.072090,36.717556,2.816037,3.784428,-0.000819,0.974588,-0.224005
1026,4,6,0.015931,36.293290,2.779071,3.794566,-0.719019,0.678457,-0.150693
1027,4,6,0.166787,36.256638,1.887928,3.890129,-0.999972,-0.000349,-0.007481
1028,4,6,0.015808,36.293490,0.992764,3.867210,-0.713000,-0.694752,-0.094610
1029,4,6,0.072096,36.717639,0.955902,3.859649,-0.000846,-0.989652,-0.143484
1030,4,6,0.015798,37.141769,0.992714,3.862698,0.712417,-0.694244,-0.102405
1031,4,6,0.166808,37.178545,1.887848,3.886179,0.999872,-0.000547,-0.016012
1032,4,6,0.233862,35.167539,2.052497,3.952560,-0.000906,0.073318,0.997308
1033,4,6,0.015722,35.330068,1.783845,3.918075,0.708997,-0.704995,0.017476
1034,4,6,0.040263,35.366542,2.048618,3.904712,1.000000,0.000013,0.000188
1035,4,6,0.015782,35.330145,2.312913,3.879192,0.712057,0.696888,-0.085574
1036,4,6,0.019788,35.167588,2.349742,3.874251,0.000102,0.991929,-0.126796
1037,4,6,0.015781,35.005031,2.312909,3.878907,-0.711852,0.696947,-0.086787
1038,4,6,0.040263,34.968630,2.048616,3.904351,-0.999999,-0.000107,-0.001607
1039,4,6,0.015722,35.005097,1.783840,3.917772,-0.708994,-0.705032,0.016036
1040,4,0,0.019787,35.167583,1.747070,3.918569,-0.000015,-0.999804,0.019797
1041,4,6,0.233862,34.517328,2.052486,3.951285,-0.002980,0.073208,0.997312
1042,4,6,0.015722,34.679963,1.783838,3.917114,0.708974,-0.704982,0.018853
1043,4,6,0.040263,34.716437,2.048614,3.903853,0.999997,0.000159,0.002285
1044,4,6,0.015784,34.680043,2.312911,3.878279,0.712155,0.696970,-0.084073
1045,4,6,0.019788,34.517486,2.349739,3.873004,0.000365,0.991936,-0.126736
1046,4,6,0.015780,34.354930,2.312904,3.877324,-0.711778,0.696848,-0.088175
1047,4,6,0.040263,34.318527,2.048610,3.902665,-0.999993,-0.000253,-0.003652
1048,4,6,0.015722,34.354992,1.783832,3.916124,-0.709002,-0.705058,0.014460
1049,4,6,0.019789,34.517478,1.747061,3.917253,-0.000051,-0.999808,0.019610
1050,4,6,0.233860,33.867147,2.052473,3.948745,-0.004759,0.073079,0.997315
1051,4,6,0.015722,34.029870,1.783829,3.914826,0.708959,-0.704965,0.020032
1052,4,6,0.040263,34.066344,2.048607,3.901675,0.999991,0.000292,0.004124
1053,4,6,0.015785,34.029952,2.312908,3.876062,0.712226,0.697060,-0.082716
1054,4,6,0.019788,33.867397,2.349738,3.870491,0.000599,0.991941,-0.126697
1055,4,6,0.015778,33.704846,2.312900,3.874522,-0.711759,0.696715,-0.089371
1056,4,6,0.040263,33.668441,2.048604,3.899777,-0.999986,-0.000379,-0.005364
1057,4,6,0.015723,33.704906,1.783822,3.913257,-0.708986,-0.705101,0.013105
1058,4,6,0.019788,33.867389,1.747051,3.914662,-0.000083,-0.999812,0.019404
1059,4,6,0.233865,33.216996,2.052465,3.945151,-0.006216,0.072981,0.997314
1060,4,6,0.015722,33.379795,1.783819,3.911437,0.708944,-0.704954,0.020960
1061,4,6,0.040264,33.416268,2.048602,3.898381,0.999984,0.000404,0.005636
1062,4,6,0.015786,33.379876,2.312908,3.872727,0.712281,0.697131,-0.081637
1063,4,6,0.019788,33.217322,2.349740,3.866908,0.000793,0.991936,-0.126740
1064,4,6,0.015778,33.054772,2.312904,3.870705,-0.711685,0.696647,-0.090481
1065,4,6,0.040264,33.018370,2.048600,3.895902,-0.999977,-0.000482,-0.006763
1066,4,6,0.015723,33.054833,1.783810,3.909395,-0.709006,-0.705102,0.011893
1067,4,6,0.019788,33.217316,1.747040,3.911024,-0.000110,-0.999816,0.019189
1068,4,6,0.233875,32.566872,2.052460,3.940687,-0.007441,0.072914,0.997310
1069,4,6,0.015722,32.729731,1.783808,3.907143,0.708925,-0.704950,0.021704
1070,4,6,0.040265,32.766205,2.048599,3.894170,0.999976,0.000496,0.006892
1071,4,6,0.015787,32.729811,2.312912,3.868470,0.712454,0.697054,-0.080778
1072,4,6,0.019788,32.567261,2.349746,3.862440,0.000955,0.991920,-0.126861
1073,4,6,0.015777,32.404715,2.312908,3.866045,-0.711795,0.696426,-0.091316
1074,4,6,0.040266,32.368310,2.048597,3.891202,-0.999968,-0.000567,-0.007954
1075,4,6,0.015723,32.404775,1.783801,3.904700,-0.708974,-0.705150,0.010952
1076,4,6,0.019788,32.567254,1.747028,3.906517,-0.000129,-0.999820,0.018949
1077,4,6,0.233891,31.916761,2.052452,3.935474,-0.008525,0.072816,0.997309
1078,4,6,0.040266,32.116150,2.048596,3.889182,0.999968,0.000571,0.007987
1079,4,6,0.015788,32.079758,2.312918,3.863438,0.712417,0.697173,-0.080071
1080,4,6,0.019788,31.917209,2.349753,3.857228,0.001090,0.991903,-0.126995
1081,4,6,0.015777,31.754663,2.312913,3.860667,-0.711716,0.696401,-0.092127
1082,4,6,0.040267,31.718257,2.048592,3.885782,-0.999959,-0.000637,-0.009023
1083,4,6,0.015723,31.754719,1.783786,3.899263,-0.708966,-0.705172,0.009962
1084,4,6,0.019788,31.917198,1.747013,3.901250,-0.000143,-0.999826,0.018646
1085,4,6,0.015722,32.079675,1.783795,3.902069,0.708911,-0.704945,0.022328
1086,4,6,0.233910,31.266656,2.052433,3.929575,-0.009558,0.072614,0.997314
1087,4,6,0.015777,31.104614,2.312912,3.854643,-0.711588,0.696435,-0.092847
1088,4,6,0.040268,31.068205,2.048580,3.879686,-0.999949,-0.000698,-0.010056
1089,4,6,0.015723,31.104664,1.783763,3.893113,-0.708985,-0.705168,0.008861
1090,4,6,0.019788,31.267143,1.746991,3.895263,-0.000151,-0.999834,0.018212
1091,4,6,0.015722,31.429621,1.783776,3.896276,0.708778,-0.705063,0.022809
1092,4,6,0.040268,31.466098,2.048589,3.883497,0.999959,0.000637,0.009020
1093,4,6,0.015789,31.429709,2.312921,3.857732,0.712382,0.697281,-0.079447
1094,4,6,0.019788,31.267160,2.349756,3.851359,0.001208,0.991895,-0.127055
1095,4,6,0.233930,30.616547,2.052395,3.922996,-0.010628,0.072222,0.997332
1096,4,6,0.015776,30.454564,2.312903,3.847988,-0.711481,0.696466,-0.093436
1097,4,6,0.040269,30.418150,2.048557,3.872901,-0.999938,-0.000753,-0.011149
1098,4,6,0.015723,30.454605,1.783729,3.886218,-0.709046,-0.705122,0.007548
1099,4,6,0.019789,30.617083,1.746960,3.888537,-0.000153,-0.999846,0.017575
1100,4,6,0.015722,30.779563,1.783747,3.889761,0.708879,-0.704949,0.023207
1101,4,6,0.040269,30.816045,2.048573,3.877139,0.999949,0.000695,0.010067
1102,4,6,0.015790,30.779660,2.312916,3.851395,0.712459,0.697289,-0.078679
1103,4,6,0.019788,30.617112,2.349750,3.844867,0.001318,0.991909,-0.126942
1104,4,6,0.233949,29.966426,2.052326,3.915687,-0.011822,0.071540,0.997368
1105,4,6,0.019788,29.967061,2.349731,3.837731,0.001429,0.991959,-0.126550
1106,4,6,0.015776,29.804512,2.312877,3.840664,-0.711439,0.696449,-0.093880
1107,4,6,0.040269,29.768088,2.048517,3.865358,-0.999923,-0.000808,-0.012384
1108,4,6,0.015723,29.804538,1.783680,3.878487,-0.709066,-0.705117,0.005894
1109,4,6,0.019789,29.967016,1.746913,3.880991,-0.000148,-0.999861,0.016647
1110,4,6,0.015723,30.129499,1.783705,3.882462,0.708849,-0.704968,0.023508
1111,4,6,0.040269,30.165987,2.048544,3.870071,0.999937,0.000752,0.011216
1112,4,6,0.015790,30.129608,2.312899,3.844414,0.712487,0.697371,-0.077690
1113,4,6,0.233964,29.316284,2.052217,3.907540,-0.013219,0.070467,0.997427
1114,4,6,0.015775,29.154448,2.312834,3.832577,-0.711319,0.696531,-0.094180
1115,4,6,0.040267,29.118015,2.048454,3.856934,-0.999904,-0.000864,-0.013846
1116,4,6,0.015722,29.154459,1.783611,3.869772,-0.709107,-0.705091,0.003770
1117,4,6,0.019790,29.316936,1.746848,3.872491,-0.000135,-0.999882,0.015333
1118,4,6,0.015724,29.479424,1.783644,3.874260,0.708817,-0.704994,0.023709
1119,4,6,0.040269,29.515920,2.048495,3.862204,0.999921,0.000809,0.012551
1120,4,6,0.015790,29.479548,2.312864,3.836724,0.712471,0.697536,-0.076341
1121,4,6,0.019789,29.317001,2.349692,3.829875,0.001547,0.992058,-0.125772
1122,4,6,0.233971,28.666118,2.052058,3.898407,-0.014856,0.068928,0.997511
1123,4,6,0.015774,28.504375,2.312766,3.823592,-0.711200,0.696635,-0.094311
1124,4,6,0.040265,28.467930,2.048367,3.847475,-0.999879,-0.000926,-0.015535
1125,4,6,0.015722,28.504365,1.783518,3.859909,-0.708965,-0.705243,0.001184
1126,4,6,0.019791,28.666844,1.746760,3.862862,-0.000115,-0.999908,0.013582
1127,4,6,0.015724,28.829336,1.783562,3.864988,0.708659,-0.705150,0.023780
1128,4,6,0.040267,28.865841,2.048423,3.853396,0.999900,0.000870,0.014128
1129,4,6,0.015790,28.829475,2.312806,3.828208,0.712501,0.697705,-0.074503
1130,4,6,0.019790,28.666931,2.349629,3.821176,0.001682,0.992216,-0.124514
1131,4,6,0.233966,28.015942,2.051855,3.888172,-0.016590,0.066965,0.997617
1132,4,6,0.015772,27.854296,2.312676,3.813600,-0.711035,0.696820,-0.094184
1133,4,6,0.040260,27.817842,2.048259,3.836892,-0.999850,-0.000987,-0.017302
1134,4,6,0.015722,27.854272,1.783408,3.848826,-0.708977,-0.705229,-0.001674
1135,4,6,0.019792,28.016749,1.746653,3.852007,-0.000087,-0.999935,0.011445
1136,4,6,0.015725,28.179241,1.783460,3.854515,0.708628,-0.705187,0.023639
1137,4,6,0.040263,28.215755,2.048327,3.843504,0.999874,0.000933,0.015825
1138,4,6,0.015789,28.179394,2.312724,3.818728,0.712533,0.697911,-0.072227
1139,4,6,0.019791,28.016853,2.349544,3.811508,0.001828,0.992430,-0.122800
1140,4,6,1.737513,26.714509,1.889504,3.845238,-0.020175,0.030023,0.999346
1141,4,6,0.015944,27.140793,2.779000,3.719943,0.719783,0.679969,-0.139838
1142,4,6,0.072098,26.716558,2.815919,3.704215,0.003600,0.975123,-0.221634
1143,4,6,0.015908,26.292301,2.778879,3.705567,-0.717225,0.677592,-0.162654
1144,4,6,0.166770,26.255448,1.887093,3.791003,-0.999514,-0.000628,-0.031173
1145,4,6,0.015795,26.292148,0.992300,3.757988,-0.711793,-0.692029,-0.120191
1146,4,6,0.072106,26.716251,0.955491,3.761884,0.003548,-0.988421,-0.151696
1147,4,6,0.015833,27.140372,0.992358,3.777302,0.713912,-0.694759,-0.087411
1148,4,6,0.166801,27.177314,1.887354,3.809514,0.999964,-0.000025,0.008495
1149,4,6,0.233760,25.165510,2.050850,3.832604,-0.020905,0.057295,0.998138
1150,4,6,0.040236,25.365518,2.047810,3.788786,0.999788,0.001074,0.020557
1151,4,6,0.015782,25.329145,2.312241,3.766478,0.712163,0.699275,-0.061955
1152,4,6,0.019790,25.166630,2.349051,3.758874,0.002183,0.993601,-0.112929
1153,4,6,0.015761,25.004102,2.312194,3.759895,-0.710563,0.697826,-0.090215
1154,4,6,0.040232,24.967649,2.047760,3.780452,-0.999776,-0.001089,-0.021145
1155,4,6,0.015721,25.004098,1.782963,3.790068,-0.708861,-0.705270,-0.010486
1156,4,6,0.019790,25.166553,1.746198,3.793523,0.000007,-0.999997,0.002341
1157,4,6,0.015724,25.329017,1.782987,3.797057,0.708645,-0.705274,0.020244
1158,4,6,0.233681,24.515585,2.050729,3.819199,-0.020183,0.056143,0.998219
1159,4,6,0.040230,24.715545,2.047735,3.775232,0.999799,0.001066,0.020032
1160,4,6,0.015780,24.679157,2.312159,3.753352,0.712066,0.699458,-0.060993
1161,4,6,0.019789,24.516648,2.348973,3.745860,0.002146,0.993777,-0.111371
1162,4,6,0.015759,24.354133,2.312126,3.746901,-0.710542,0.698029,-0.088800
1163,4,6,0.040226,24.317696,2.047712,3.767185,-0.999795,-0.001077,-0.020208
1164,4,6,0.015721,24.354160,1.782937,3.776574,-0.708875,-0.705264,-0.009960
1165,4,6,0.019788,24.516610,1.746164,3.779808,-0.000029,-0.999999,0.001653
1166,4,6,0.015722,24.679062,1.782940,3.783209,0.708549,-0.705405,0.019013
1167,4,6,0.233600,23.865759,2.050714,3.806578,-0.018487,0.055988,0.998260
1168,4,6,0.040224,24.065619,2.047708,3.762267,0.999827,0.001044,0.018546
1169,4,6,0.015780,24.029216,2.312118,3.740621,0.711896,0.699612,-0.061208
1170,4,6,0.019787,23.866709,2.348937,3.733345,0.002048,0.993856,-0.110660
1171,4,6,0.015757,23.704207,2.312103,3.734581,-0.710604,0.698144,-0.087388
1172,4,6,0.040221,23.667791,2.047720,3.754895,-0.999832,-0.001046,-0.018297
1173,4,6,0.015721,23.704275,1.782970,3.764314,-0.708957,-0.705208,-0.007883
1174,4,6,0.019786,23.866722,1.746186,3.767197,-0.000096,-0.999998,0.002094
1175,4,6,0.015720,24.029158,1.782947,3.770248,0.708592,-0.705394,0.017796
1176,4,6,0.233529,23.216018,2.050814,3.795349,-0.015932,0.056959,0.998249
1177,4,6,0.040220,23.415739,2.047740,3.750520,0.999869,0.000994,0.016156
1178,4,6,0.015779,23.379316,2.312124,3.728853,0.711908,0.699465,-0.062741
1179,4,6,0.019785,23.216811,2.348953,3.721896,0.001879,0.993820,-0.110984
1180,4,6,0.015757,23.054320,2.312132,3.723499,-0.710752,0.698148,-0.086139
1181,4,6,0.040219,23.017927,2.047788,3.744163,-0.999878,-0.000987,-0.015580
1182,4,6,0.015722,23.054430,1.783062,3.753891,-0.708994,-0.705201,-0.004403
1183,4,6,0.019783,23.216876,1.746268,3.756333,-0.000175,-0.999993,0.003733
1184,4,6,0.015717,23.379299,1.783017,3.758845,0.708690,-0.705320,0.016773
1185,4,6,0.233477,22.566338,2.051028,3.785985,-0.012781,0.059029,0.998174
1186,4,6,0.040218,22.765893,2.047830,3.740516,0.999914,0.000916,0.013108
1187,4,6,0.015779,22.729452,2.312183,3.718563,0.711766,0.699356,-0.065508
1188,4,6,0.019784,22.566943,2.349021,3.711991,0.001654,0.993667,-0.112349
1189,4,6,0.015758,22.404461,2.312212,3.714095,-0.710946,0.698064,-0.085217
1190,4,6,0.040218,22.368091,2.047912,3.735413,-0.999924,-0.000898,-0.012326
1191,4,6,0.015723,22.404610,1.783209,3.745720,-0.709044,-0.705164,0.000219
1192,4,6,0.019782,22.567058,1.746406,3.747676,-0.000249,-0.999979,0.006505
1193,4,6,0.015714,22.729471,1.783143,3.749510,0.708737,-0.705289,0.016109
1194,4,6,0.233451,21.916688,2.051342,3.778782,-0.009317,0.062082,0.998028
1195,4,6,0.040219,22.116065,2.047974,3.732611,0.999953,0.000806,0.009684
1196,4,6,0.015780,22.079608,2.312290,3.710113,0.711817,0.698944,-0.069247
1197,4,6,0.019783,21.917095,2.349137,3.703954,0.001382,0.993401,-0.114686
1198,4,6,0.015760,21.754615,2.312339,3.706652,-0.711198,0.697865,-0.084743
1199,4,6,0.040221,21.718265,2.048084,3.728884,-0.999961,-0.000775,-0.008837
1200,4,6,0.015724,21.754796,1.783399,3.740008,-0.708988,-0.705199,0.005607
1201,4,6,0.019781,21.917251,1.746593,3.741483,-0.000295,-0.999947,0.010245
1202,4,6,0.015713,22.079662,1.783317,3.742559,0.708866,-0.705163,0.015932
1203,4,6,0.233457,21.267032,2.051733,3.773827,-0.005907,0.065871,0.997811
1204,4,6,0.040223,21.466238,2.048161,3.726963,0.999980,0.000660,0.006225
1205,4,6,0.015781,21.429771,2.312439,3.703698,0.711891,0.698417,-0.073656
1206,4,6,0.019782,21.267251,2.349294,3.697941,0.001080,0.993035,-0.117815
1207,4,6,0.015763,21.104769,2.312502,3.701266,-0.711486,0.697565,-0.084799
1208,4,6,0.040226,21.068433,2.048289,3.724595,-0.999985,-0.000619,-0.005494
1209,4,6,0.015725,21.104971,1.783622,3.736704,-0.708914,-0.705205,0.011215
1210,4,6,0.019781,21.267434,1.746813,3.737761,-0.000297,-0.999893,0.014643
1211,4,6,0.015712,21.429847,1.783530,3.738077,0.708805,-0.705216,0.016325
1212,4,6,0.233501,20.617323,2.052157,3.770944,-0.003010,0.069992,0.997543
1213,4,6,0.040229,20.816392,2.048374,3.723487,0.999995,0.000490,0.003170
1214,4,6,0.015782,20.779922,2.312614,3.699305,0.711960,0.697846,-0.078260
1215,4,6,0.019783,20.617391,2.349473,3.693886,0.000777,0.992602,-0.121408
1216,4,6,0.015768,20.454899,2.312684,3.697797,-0.711733,0.697234,-0.085442
1217,4,6,0.040235,20.418569,2.048504,3.722275,-0.999996,-0.000448,-0.002786
1218,4,6,0.015725,20.455105,1.783847,3.735428,-0.708963,-0.705057,0.016292
1219,4,6,0.019783,20.617579,1.747041,3.736200,-0.000252,-0.999815,0.019213
1220,4,6,0.015713,20.780004,1.783757,3.735858,0.708844,-0.705152,0.017333
1221,4,6,0.233581,19.967504,2.052556,3.769619,-0.001200,0.073866,0.997267
1222,4,6,0.040238,20.166498,2.048584,3.721784,0.999999,0.000324,0.001071
1223,4,6,0.015784,20.130035,2.312794,3.696646,0.712055,0.697274,-0.082380
1224,4,6,0.019784,19.967491,2.349652,3.691441,0.000524,0.992160,-0.124971
1225,4,6,0.015773,19.804983,2.312857,3.695791,-0.711970,0.696840,-0.086675
1226,4,6,0.040244,19.768643,2.048696,3.721295,-0.999999,-0.000302,-0.001309
1227,4,6,0.015725,19.805167,1.784042,3.735401,-0.708935,-0.704992,0.019903
1228,4,6,0.019786,19.967653,1.747246,3.736105,-0.000177,-0.999728,0.023307
1229,4,6,0.015714,20.130098,1.783969,3.735329,0.709003,-0.704951,0.018948
1230,4,6,0.233753,18.667347,2.053055,3.767752,-0.002766,0.078629,0.996900
1231,4,6,0.040255,18.866457,2.048870,3.720190,0.999998,0.000248,0.001892
1232,4,6,0.015787,18.830036,2.313046,3.693607,0.712296,0.696606,-0.085875
1233,4,6,0.019789,18.667464,2.349885,3.688181,0.000500,0.991563,-0.129628
1234,4,6,0.015779,18.504906,2.313067,3.692533,-0.712067,0.696223,-0.090739
1235,4,6,0.040258,18.468527,2.048912,3.719082,-0.999993,-0.000349,-0.003633
1236,4,6,0.015724,18.505014,1.784256,3.734390,-0.709027,-0.704876,0.020767
1237,4,6,0.019791,18.667522,1.747485,3.735734,-0.000130,-0.999606,0.028077
1238,4,6,0.015719,18.830012,1.784232,3.735123,0.708909,-0.704900,0.023774
1239,4,6,0.233795,18.017039,2.053153,3.765000,-0.005825,0.079550,0.996814
1240,4,6,0.040259,18.216316,2.048930,3.718032,0.999989,0.000421,0.004688
1241,4,6,0.015789,18.179911,2.313097,3.691058,0.712417,0.696617,-0.084772
1242,4,6,0.019792,18.017328,2.349926,3.685174,0.000821,0.991455,-0.130447
1243,4,6,0.015779,17.854756,2.313100,3.689081,-0.711839,0.696101,-0.093423
1244,4,6,0.040259,17.818361,2.048950,3.715703,-0.999976,-0.000577,-0.006921
1245,4,6,0.015724,17.854841,1.784300,3.731348,-0.709057,-0.704897,0.018931
1246,4,6,0.019792,18.017355,1.747535,3.733285,-0.000201,-0.999577,0.029081
1247,4,6,0.015720,18.179857,1.784287,3.733158,0.708951,-0.704751,0.026732
1248,4,6,1.734469,16.715476,1.892473,3.738490,-0.013811,0.051538,0.998576
1249,4,6,0.166689,17.177713,1.888948,3.699464,1.000000,0.000087,0.000574
1250,4,6,0.015929,17.141054,2.779128,3.598022,0.719755,0.678856,-0.145282
1251,4,6,0.072212,16.716499,2.816100,3.583488,0.003312,0.974297,-0.225242
1252,4,6,0.015908,16.292265,2.779124,3.585413,-0.717414,0.676473,-0.166441
1253,4,6,0.166682,16.255688,1.889044,3.686803,-0.999652,-0.001563,-0.026322
1254,4,6,0.015745,16.292618,0.994092,3.679740,-0.710695,-0.697909,-0.088518
1255,4,6,0.072108,16.716792,0.957231,3.680584,0.001284,-0.993162,-0.116733
1256,4,6,0.015779,17.140941,0.993981,3.689737,0.711514,-0.698871,-0.072992
1257,4,6,1.894154,6.681964,1.942574,3.421829,-0.165960,0.210355,0.963436
1258,4,6,0.017317,7.119120,2.829220,3.187936,0.754023,0.636377,-0.162706
1259,4,6,0.074436,6.689042,2.869901,3.085231,0.094737,0.900939,-0.423478
1260,4,6,0.016414,6.261252,2.833561,3.009147,-0.697236,0.556847,-0.451424
1261,4,6,0.176760,6.225301,1.931042,3.295253,-0.977262,-0.048911,-0.206315
1262,4,6,0.016030,6.264954,0.996285,3.429283,-0.688424,-0.709511,-0.150552
1263,4,6,0.073938,6.693539,0.958600,3.501332,0.003965,-0.999558,-0.029449
1264,4,6,0.015928,7.123173,0.995760,3.563147,0.704042,-0.707053,0.066347
1265,4,6,0.175080,7.159260,1.925003,3.457892,0.992695,0.027209,0.117542
1266,4,6,0.246230,8.001764,2.088607,3.588964,-0.077560,0.212076,0.974171
1267,4,6,0.015979,7.841443,2.346900,3.461915,-0.713536,0.653891,-0.251580
1268,4,6,0.042178,7.805923,2.077998,3.526010,-0.996340,-0.021243,-0.082791
1269,4,6,0.016083,7.843246,1.806805,3.581963,-0.716511,-0.695423,0.054760
1270,4,6,0.019980,8.006957,1.768811,3.600217,-0.013092,-0.988454,0.150954
1271,4,6,0.015836,8.170184,1.805948,3.605951,0.709609,-0.687448,0.154498
1272,4,6,0.042040,8.205997,2.076447,3.558177,0.997548,0.016979,0.067896
1273,4,6,0.016338,8.168883,2.345854,3.490767,0.728445,0.673418,-0.126003
1274,4,6,0.020013,8.004868,2.384141,3.466145,0.027054,0.962433,-0.270170
1275,4,6,0.244006,8.657053,2.085373,3.632476,-0.051730,0.196774,0.979083
1276,4,6,0.015966,8.495769,2.344290,3.514672,-0.717276,0.661588,-0.218670
1277,4,6,0.041966,8.460215,2.075534,3.574752,-0.998378,-0.013906,-0.055213
1278,4,6,0.016006,8.497433,1.804775,3.625190,-0.715924,-0.695103,0.065458
1279,4,6,0.019894,8.660768,1.766817,3.638414,-0.008388,-0.990400,0.137980
1280,4,6,0.015825,8.823663,1.803975,3.640639,0.711819,-0.690428,0.128929
1281,4,6,0.041860,8.859476,2.074169,3.596106,0.998903,0.011307,0.045441
1282,4,6,0.016226,8.822459,2.343383,3.534288,0.726227,0.674587,-0.132391
1283,4,6,0.019914,8.658866,2.381563,3.514802,0.017972,0.967106,-0.253740
1284,4,6,0.242409,9.310144,2.082413,3.662033,-0.036557,0.182754,0.982479
1285,4,6,0.015946,9.148367,2.341986,3.551000,-0.718593,0.667360,-0.195590
1286,4,6,0.041800,9.112807,2.073334,3.607339,-0.999211,-0.009782,-0.038485
1287,4,6,0.015961,9.149961,1.802871,3.653221,-0.715310,-0.695452,0.068404
1288,4,6,0.019843,9.313032,1.764953,3.663278,-0.005815,-0.992055,0.125671
1289,4,6,0.015811,9.475673,1.802097,3.663635,0.712616,-0.692751,0.110791
1290,4,6,0.041707,9.511448,2.072024,3.622401,0.999432,0.008365,0.032659
1291,4,6,0.016155,9.474427,2.341103,3.565346,0.724366,0.676731,-0.131637
1292,4,6,0.019851,9.311165,2.379241,3.548963,0.013103,0.971038,-0.238564
1293,4,6,0.241135,9.961667,2.079436,3.684048,-0.029070,0.168516,0.985270
1294,4,6,0.015915,9.799647,2.339686,3.578366,-0.718328,0.672288,-0.178979
1295,4,6,0.041649,9.764135,2.071170,3.630765,-0.999522,-0.007859,-0.029892
1296,4,6,0.015933,9.801315,1.800975,3.672512,-0.714491,-0.696513,0.066121
1297,4,6,0.019812,9.964209,1.763067,3.680677,-0.004600,-0.993568,0.113142
1298,4,6,0.015793,10.126660,1.800163,3.680333,0.712631,-0.694768,0.097238
1299,4,6,0.041558,10.162376,2.069798,3.642734,0.999620,0.007045,0.026656
1300,4,6,0.016107,10.125294,2.338749,3.590260,0.722520,0.679903,-0.125290
1301,4,6,0.019817,9.962226,2.376864,3.575654,0.010885,0.974795,-0.222836
1302,4,6,0.240097,10.612278,2.076372,3.702644,-0.026126,0.153723,0.987769
1303,4,6,0.015886,10.450188,2.337291,3.601689,-0.717233,0.676893,-0.165507
1304,4,6,0.041502,10.414685,2.068906,3.649819,-0.999628,-0.006934,-0.026363
1305,4,6,0.015912,10.451895,1.798987,3.687487,-0.713666,-0.697924,0.059856
1306,4,6,0.019794,10.614673,1.761098,3.694570,-0.004044,-0.994973,0.100064
1307,4,6,0.015777,10.777003,1.798151,3.694282,0.712327,-0.696520,0.086311
1308,4,6,0.041422,10.812719,2.067528,3.660547,0.999680,0.006295,0.024518
1309,4,6,0.016064,10.775621,2.336348,3.612549,0.720727,0.683465,-0.115883
1310,4,6,0.019805,10.612666,2.374406,3.599094,0.009597,0.978398,-0.206508
1311,4,6,0.238801,11.262620,2.073486,3.719928,-0.025219,0.139656,0.989879
1312,4,6,0.019802,11.262944,2.372155,3.620900,0.008285,0.981453,-0.191522
1313,4,6,0.015874,11.100453,2.335048,3.623197,-0.717110,0.679841,-0.153523
1314,4,6,0.041378,11.064874,2.066684,3.667172,-0.999664,-0.006128,-0.025167
1315,4,6,0.015897,11.102000,1.796962,3.700922,-0.713862,-0.698427,0.051004
1316,4,6,0.019786,11.264722,1.759161,3.707407,-0.003626,-0.996188,0.087158
1317,4,6,0.015776,11.427034,1.796183,3.707568,0.712723,-0.697163,0.077387
1318,4,6,0.041322,11.462813,2.065464,3.677475,0.999694,0.005544,0.024126
1319,4,6,0.016029,11.425845,2.334247,3.633428,0.720246,0.685367,-0.107318
1320,4,6,0.238878,11.912545,2.071050,3.736750,-0.025073,0.127770,0.991487
1321,4,6,0.015861,11.750687,2.333139,3.643500,-0.715449,0.683615,-0.144233
1322,4,6,0.041293,11.714916,2.064758,3.683952,-0.999671,-0.005330,-0.025103
1323,4,6,0.015871,11.751960,1.795197,3.714288,-0.712546,-0.700318,0.042821
1324,4,6,0.019783,11.914592,1.757444,3.720440,-0.003177,-0.997126,0.075691
1325,4,6,0.015770,12.076886,1.794537,3.721156,0.711497,-0.699186,0.070079
1326,4,6,0.041257,12.112820,2.063765,3.694139,0.999697,0.004836,0.024121
1327,4,6,0.015990,12.075937,2.332504,3.653265,0.718450,0.688362,-0.099934
1328,4,6,0.019797,11.913152,2.370341,3.641430,0.007159,0.983737,-0.179473
1329,4,6,0.238523,12.562473,2.069027,3.753526,-0.025455,0.117962,0.992692
1330,4,6,0.015853,12.400762,2.331626,3.662997,-0.714835,0.685746,-0.136978
1331,4,6,0.041236,12.364883,2.063185,3.700606,-0.999666,-0.004752,-0.025411
1332,4,6,0.015856,12.401837,1.793694,3.728158,-0.712279,-0.701012,0.035235
1333,4,6,0.019783,12.564423,1.756006,3.734102,-0.002801,-0.997808,0.066117
1334,4,6,0.015770,12.726725,1.793135,3.735342,0.711359,-0.699884,0.064271
1335,4,6,0.041204,12.762736,2.062330,3.710905,0.999684,0.004451,0.024751
1336,4,6,0.015971,12.725913,2.331075,3.672657,0.717836,0.689904,-0.093512
1337,4,6,0.019791,12.563194,2.368853,3.661242,0.006610,0.985494,-0.169581
1338,4,6,0.237498,13.212286,2.067184,3.770661,-0.026249,0.109081,0.993686
1339,4,6,0.019791,13.213097,2.367441,3.681190,0.006427,0.987079,-0.160107
1340,4,6,0.015846,13.050656,2.330266,3.682469,-0.715013,0.686764,-0.130808
1341,4,6,0.041183,13.014769,2.061801,3.717521,-0.999648,-0.004484,-0.026142
1342,4,6,0.015854,13.051652,1.792359,3.742686,-0.712692,-0.700916,0.028057
1343,4,6,0.019785,13.214257,1.754752,3.748484,-0.002545,-0.998327,0.057761
1344,4,6,0.015775,13.376601,1.791855,3.750199,0.711657,-0.700022,0.059277
1345,4,6,0.041149,13.412610,2.060990,3.728112,0.999660,0.004253,0.025709
1346,4,6,0.015961,13.375820,2.329720,3.692323,0.717688,0.690965,-0.086553
1347,4,6,0.237133,15.162980,2.062703,3.821816,-0.023536,0.087227,0.995910
1348,4,6,0.019809,15.163782,2.363923,3.739310,0.004319,0.990598,-0.136739
1349,4,6,0.015835,15.001189,2.326691,3.740326,-0.713690,0.691466,-0.111897
1350,4,6,0.041046,14.965061,2.058292,3.768991,-0.999699,-0.003107,-0.024339
1351,4,6,0.015828,15.001799,1.789195,3.788077,-0.711948,-0.702092,0.014066
1352,4,6,0.019798,15.164428,1.751738,3.792949,-0.001557,-0.999289,0.037679
1353,4,6,0.015781,15.326903,1.788893,3.795133,0.711224,-0.701590,0.043959
1354,4,6,0.041035,15.363139,2.057840,3.778438,0.999746,0.002696,0.022363
1355,4,6,0.015907,15.326529,2.326413,3.748696,0.715913,0.694179,-0.074734
1356,4,6,0.237268,14.512407,2.063892,3.805528,-0.025761,0.093116,0.995322
1357,4,6,0.019804,14.513304,2.364830,3.721180,0.005324,0.989744,-0.142755
1358,4,6,0.015831,14.350780,2.327653,3.721945,-0.714093,0.689994,-0.118233
1359,4,6,0.041078,14.314768,2.059276,3.752315,-0.999649,-0.003784,-0.026233
1360,4,6,0.015838,14.351588,1.790093,3.773168,-0.712087,-0.701880,0.017240
1361,4,6,0.019793,14.514212,1.752576,3.778480,-0.001968,-0.999062,0.043254
1362,4,6,0.015775,14.676627,1.789697,3.780728,0.711328,-0.701148,0.049031
1363,4,6,0.041056,14.712761,2.058642,3.762671,0.999686,0.003394,0.024816
1364,4,6,0.015925,14.676052,2.327236,3.731342,0.716337,0.693574,-0.076270
1365,4,6,0.237639,13.862227,2.065452,3.788183,-0.026586,0.100659,0.994566
1366,4,6,0.019796,13.863081,2.366055,3.701419,0.006073,0.988531,-0.150898
1367,4,6,0.015836,13.700615,2.328901,3.702299,-0.714310,0.688622,-0.124743
1368,4,6,0.041128,13.664688,2.060485,3.734889,-0.999634,-0.004238,-0.026713
1369,4,6,0.015846,13.701554,1.791172,3.757819,-0.712426,-0.701400,0.022072
1370,4,6,0.019789,13.864165,1.753604,3.763432,-0.002294,-0.998741,0.050105
1371,4,6,0.015773,14.026534,1.790711,3.765508,0.711448,-0.700644,0.054221
1372,4,6,0.041096,14.062590,2.059728,3.745594,0.999657,0.003940,0.025896
1373,4,6,0.015944,14.025814,2.328383,3.712177,0.716952,0.692469,-0.080414
1374,4,6,0.019799,15.166348,2.350244,3.640284,0.003804,0.990598,-0.136752
1375,4,6,0.015768,15.003788,2.313462,3.641238,-0.710863,0.694321,-0.112215
1376,4,6,0.040281,14.967481,2.049419,3.669444,-0.999700,-0.002496,-0.024370
1377,4,6,0.015737,15.004039,1.784775,3.688199,-0.709252,-0.704811,0.014235
1378,4,6,0.019794,15.166563,1.747966,3.693043,-0.001056,-0.999289,0.037690
1379,4,6,0.015715,15.329033,1.784674,3.695244,0.708443,-0.704395,0.044008
1380,4,6,0.040271,15.365423,2.049262,3.678862,0.999746,0.002197,0.022429
1381,4,6,0.015815,15.328963,2.313384,3.649578,0.713196,0.696922,-0.075173
1382,4,6,0.019799,14.516188,2.350546,3.622248,0.004553,0.989744,-0.142777
1383,4,6,0.015770,14.353649,2.313776,3.622954,-0.711222,0.692896,-0.118567
1384,4,6,0.040308,14.317382,2.049760,3.652833,-0.999650,-0.002956,-0.026289
1385,4,6,0.015743,14.353966,1.785076,3.673321,-0.709356,-0.704635,0.017431
1386,4,6,0.019793,14.516491,1.748245,3.678600,-0.001315,-0.999063,0.043269
1387,4,6,0.015714,14.678940,1.784946,3.680867,0.708487,-0.704014,0.049090
1388,4,6,0.040290,14.715296,2.049540,3.663147,0.999686,0.002667,0.024905
1389,4,6,0.015828,14.678809,2.313656,3.632306,0.713603,0.696335,-0.076737
1390,4,6,0.019797,13.866114,2.350954,3.602613,0.005116,0.988532,-0.150928
1391,4,6,0.015777,13.703583,2.314185,3.603432,-0.711368,0.691594,-0.125109
1392,4,6,0.040346,13.667356,2.050180,3.635487,-0.999636,-0.003286,-0.026788
1393,4,6,0.015748,13.703952,1.785439,3.658012,-0.709639,-0.704213,0.022287
1394,4,6,0.019791,13.866476,1.748588,3.663585,-0.001538,-0.998742,0.050123
1395,4,6,0.015714,14.028911,1.785287,3.665683,0.708533,-0.703586,0.054300
1396,4,6,0.040321,14.065239,2.049916,3.646141,0.999657,0.003046,0.026009
1397,4,6,0.015842,14.028737,2.314033,3.613255,0.714165,0.695285,-0.080918
1398,4,6,0.019795,13.216120,2.351416,3.582528,0.005415,0.987080,-0.160137
1399,4,6,0.015787,13.053588,2.314630,3.583741,-0.712000,0.689810,-0.131214
1400,4,6,0.040389,13.017383,2.050638,3.618211,-0.999650,-0.003484,-0.026229
1401,4,6,0.015753,13.053980,1.785838,3.642925,-0.709853,-0.703781,0.028297
1402,4,6,0.019790,13.216506,1.748971,3.648676,-0.001717,-0.998328,0.057780
1403,4,6,0.015717,13.378938,1.785669,3.650417,0.708681,-0.703026,0.059382
1404,4,6,0.040362,13.415246,2.050356,3.628745,0.999661,0.003286,0.025837
1405,4,6,0.015856,13.378748,2.314471,3.593536,0.714834,0.693849,-0.087097
1406,4,6,0.019795,12.566152,2.351886,3.562738,0.005598,0.985498,-0.169596
1407,4,6,0.015800,12.403603,2.315084,3.564413,-0.712560,0.688056,-0.137247
1408,4,6,0.040435,12.367423,2.051118,3.601399,-0.999671,-0.003666,-0.025405
1409,4,6,0.015759,12.404029,1.786278,3.628458,-0.710244,-0.703082,0.035058
1410,4,6,0.019789,12.566562,1.749389,3.634347,-0.001879,-0.997808,0.066145
1411,4,6,0.015719,12.728988,1.786093,3.635613,0.709061,-0.702193,0.064486
1412,4,6,0.040407,12.765286,2.050821,3.611633,0.999681,0.003446,0.025005
1413,4,6,0.015869,12.728795,2.314921,3.574010,0.715683,0.692074,-0.093977
1414,4,6,0.019797,11.916138,2.352382,3.543103,0.006020,0.983743,-0.179483
1415,4,6,0.015811,11.753566,2.315577,3.545093,-0.713167,0.685934,-0.144524
1416,4,6,0.040490,11.717434,2.051663,3.584875,-0.999676,-0.004020,-0.025134
1417,4,6,0.015769,11.754063,1.786784,3.614665,-0.710525,-0.702377,0.042665
1418,4,6,0.019789,11.916618,1.749868,3.620750,-0.002085,-0.997127,0.075723
1419,4,6,0.015722,12.079048,1.786564,3.621495,0.709194,-0.701497,0.070325
1420,4,6,0.040455,12.115314,2.051319,3.594979,0.999695,0.003689,0.024404
1421,4,6,0.015886,12.078817,2.315391,3.554782,0.716448,0.690332,-0.100715
1422,4,6,0.019799,11.266068,2.352987,3.522803,0.006831,0.981456,-0.191568
1423,4,6,0.015824,11.103483,2.316185,3.525038,-0.714048,0.682941,-0.154037
1424,4,6,0.040565,11.067418,2.052333,3.568272,-0.999668,-0.004544,-0.025372
1425,4,6,0.015782,11.104078,1.787392,3.601403,-0.711008,-0.701308,0.051325
1426,4,6,0.019789,11.266661,1.750440,3.607807,-0.002340,-0.996190,0.087184
1427,4,6,0.015726,11.429094,1.787131,3.607998,0.709665,-0.700253,0.077592
1428,4,6,0.040516,11.465314,2.051908,3.578462,0.999695,0.004112,0.024348
1429,4,6,0.015910,11.428790,2.315948,3.535161,0.717415,0.688231,-0.107952
1430,4,6,0.015942,10.778744,2.316644,3.514560,0.718729,0.685423,-0.116724
1431,4,6,0.019801,10.615976,2.353738,3.501312,0.007862,0.978405,-0.206549
1432,4,6,0.015845,10.453362,2.316924,3.503832,-0.714913,0.679275,-0.165786
1433,4,6,0.040667,10.417357,2.053110,3.551144,-0.999636,-0.005187,-0.026493
1434,4,6,0.015797,10.454024,1.788068,3.588107,-0.711605,-0.700019,0.059941
1435,4,6,0.019792,10.616645,1.751086,3.595095,-0.002669,-0.994973,0.100105
1436,4,6,0.015733,10.779101,1.787786,3.594839,0.709939,-0.698912,0.086653
1437,4,6,0.040602,10.815280,2.052627,3.561729,0.999679,0.004661,0.024917
1438,4,6,0.019807,9.965829,2.354557,3.478243,0.009122,0.974801,-0.222890
1439,4,6,0.015870,9.803161,2.317697,3.480872,-0.716008,0.674678,-0.179282
1440,4,6,0.040784,9.767173,2.053907,3.532349,-0.999530,-0.006182,-0.030037
1441,4,6,0.015814,9.803827,1.788748,3.573290,-0.712263,-0.698736,0.066710
1442,4,6,0.019799,9.966490,1.751743,3.581349,-0.003261,-0.993569,0.113182
1443,4,6,0.015745,10.128998,1.788466,3.581043,0.710221,-0.697178,0.097611
1444,4,6,0.040711,10.165165,2.053423,3.544157,0.999618,0.005412,0.027085
1445,4,6,0.015979,10.128657,2.317424,3.492617,0.720400,0.682030,-0.125935
1446,4,6,0.019817,9.315465,2.355354,3.451969,0.011427,0.971039,-0.238647
1447,4,6,0.015895,9.152715,2.318440,3.453900,-0.716310,0.669722,-0.195891
1448,4,6,0.040572,9.116713,2.054199,3.509711,-0.999219,-0.008213,-0.038654
1449,4,6,0.015837,9.153364,1.789389,3.554194,-0.713120,-0.697634,0.069032
1450,4,6,0.019812,9.316097,1.752372,3.564122,-0.004523,-0.992056,0.125713
1451,4,6,0.015789,9.478654,1.789079,3.564425,0.710234,-0.695128,0.111194
1452,4,6,0.041162,9.514869,2.053615,3.523812,0.999429,0.006848,0.033075
1453,4,6,0.016020,9.478382,2.318182,3.468092,0.722110,0.679080,-0.131940
1454,4,6,0.019828,8.664657,2.356144,3.418328,0.016218,0.967098,-0.253887
1455,4,6,0.015910,8.501832,2.319183,3.418056,-0.715085,0.663870,-0.218930
1456,4,6,0.041038,8.465862,2.055453,3.476996,-0.998386,-0.012289,-0.055443
1457,4,6,0.015875,8.502509,1.790031,3.526416,-0.713908,-0.697131,0.065906
1458,4,6,0.019846,8.665341,1.752991,3.539460,-0.007040,-0.990405,0.138018
1459,4,6,0.015767,8.828013,1.789757,3.541741,0.709510,-0.692722,0.129348
1460,4,6,0.040953,8.864197,2.054968,3.498122,0.998900,0.009824,0.045846
1461,4,6,0.016085,8.827754,2.318929,3.437466,0.724054,0.676850,-0.132740
1462,4,6,0.016182,8.176587,2.319755,3.394549,0.726497,0.675385,-0.126718
1463,4,6,0.019920,8.013362,2.356987,3.370267,0.024990,0.962416,-0.270428
1464,4,6,0.015906,7.850363,2.320027,3.366049,-0.711481,0.656053,-0.251770
1465,4,6,0.041206,7.814426,2.056336,3.428804,-0.996349,-0.019507,-0.083113
1466,4,6,0.015942,7.851096,1.790703,3.483579,-0.714635,-0.697310,0.055281
1467,4,6,0.019886,8.014064,1.753660,3.501630,-0.011612,-0.988465,0.151003
1468,4,6,0.015806,8.176834,1.790379,3.507281,0.707389,-0.689639,0.154914
1469,4,6,0.041100,8.213035,2.055778,3.460634,0.997545,0.015384,0.068312
1470,4,6,1.204513,6.711741,1.920609,3.248362,0.164994,-0.218527,-0.961781
1471,4,6,0.073800,6.707547,2.826579,2.997158,0.090730,0.900862,-0.424518
1472,4,6,0.016313,6.282175,2.789429,2.921875,-0.695722,0.558463,-0.451762
1473,4,6,0.171779,6.246330,1.909585,3.200923,-0.977253,-0.048043,-0.206565
1474,4,6,0.015848,6.283973,0.998360,3.331220,-0.686698,-0.711208,-0.150430
1475,4,6,0.073241,6.709009,0.961566,3.402659,0.004427,-0.999547,-0.029760
1476,4,6,0.015843,7.135289,0.998237,3.463829,0.701836,-0.709280,0.065944
1477,4,6,0.170676,7.171618,1.905112,3.361495,0.992675,0.025592,0.118077
1478,4,6,0.017084,7.134519,2.788318,3.097992,0.752106,0.638307,-0.164015
1479,4,6,1.203567,6.712096,1.920240,3.247066,-0.163891,0.218582,0.961957
1480,4,6,183.785454,64.379471,3.309435,-7.343367,-0.224076,0.973570,-0.044166
1481,4,0,0.590316,69.849112,3.700275,-15.025153,0.000000,0.000000,-1.000000
1482,4,0,0.377257,64.379169,2.639290,-1.050000,0.000000,0.000000,1.000000
1483,4,6,34.700037,63.969687,3.491101,0.000094,-0.081686,0.367623,-0.926380
1484,4,6,183.782713,64.379547,3.309425,7.343447,-0.224076,0.973570,0.044166
1485,4,0,0.377237,64.379046,2.639298,1.050000,0.000000,0.000000,-1.000000
1486,4,0,0.590316,69.849112,3.700275,15.025153,0.000000,0.000000,1.000000
1487,4,6,0.008180,40.448472,2.037833,3.807601,0.045160,0.059708,0.997194
1488,4,6,0.570942,64.313688,5.413385,-0.266413,0.677326,0.056537,-0.733507
1489,4,1,6.417588,67.275402,12.172803,-0.265806,0.644414,-0.291085,-0.707107
1490,4,6,0.135546,70.101270,18.516211,-0.280086,0.724700,-0.100236,-0.681735
1491,4,6,10.088229,57.224994,10.396672,-0.263857,-0.398353,0.564644,-0.722836
1492,4,6,0.122792,69.889920,18.921266,-0.270251,-0.003781,0.722812,-0.691035
1493,4,1,1.330498,68.347329,18.871682,-0.265709,-0.025795,0.706636,-0.707107
1494,4,6,1.163301,65.800430,18.413572,-0.263075,-0.333006,0.614852,-0.714887
1495,4,6,0.272655,70.246582,18.862933,-0.225724,0.036832,0.612671,-0.789479
1496,4,6,0.176821,64.428836,5.387852,-0.000009,0.999889,0.014923,0.000000
1497,4,0,2.048658,67.385993,12.153260,0.000000,0.911339,-0.411656,0.000000
1498,4,6,0.203374,70.218895,18.850590,-0.000000,0.697098,-0.716976,0.000000
1499,4,6,1.163265,65.800401,18.413564,0.263075,-0.332972,0.614869,0.714889
1500,4,1,1.330498,68.347329,18.871682,0.265709,-0.025795,0.706636,0.707107
1501,4,6,0.122784,69.889919,18.921258,0.270248,-0.002874,0.722817,0.691034
1502,4,6,10.094340,57.224292,10.395809,0.263943,-0.398313,0.564177,0.723222
1503,4,6,0.135543,70.101270,18.516212,0.280085,0.724749,-0.100052,0.681710
1504,4,1,6.417588,67.275402,12.172803,0.265806,0.644414,-0.291085,0.707107
1505,4,6,0.570828,64.313684,5.413319,0.266439,0.677115,0.057159,0.733654
1506,4,6,0.272445,70.247208,18.861571,0.225669,0.527873,-0.315497,0.788550
1507,4,6,3.290236,56.924957,10.372052,-0.000003,-0.509637,0.860390,0.000000
1508,4,6,0.384199,65.755047,18.504844,0.000000,-0.465875,0.884851,0.000000
1509,4,0,0.425761,68.352365,18.980675,0.000000,-0.036479,0.999334,0.000000
1510,4,6,2.319848,66.799397,3.538004,-0.000014,-0.028251,0.264376,-0.964006
1511,4,6,3.149643,67.268274,3.846346,-0.000001,-0.000000,1.000000,-0.000002
1512,4,6,1.372647,67.847377,3.766941,-0.429029,0.718440,-0.000122,-0.695589
1513,4,6,1.370792,67.847303,3.766938,0.428436,0.717723,-0.000228,0.696329
1514,4,6,0.430665,67.798443,2.806692,-0.000555,0.761058,-0.648683,0.001448
1515,4,6,0.430665,67.798443,4.727185,0.000555,0.761059,0.648681,-0.001449
1516,4,0,0.295349,68.047456,3.766941,-0.000023,1.000000,-0.000000,0.000000
1517,4,0,0.783387,59.862956,5.114024,0.298695,-0.062039,-0.998074,0.000000
1518,4,0,0.778726,59.879174,5.113016,-0.298774,-0.062039,-0.998074,0.000000
1519,4,0,98.290846,62.502178,10.755869,-0.375000,0.000000,0.000000,-1.000000
1520,4,0,98.290649,62.501573,10.755381,0.375000,0.000000,0.000000,1.000000
1521,4,1,0.529886,28.759084,-0.192514,-14.561865,-0.755380,0.655287,-0.000000
1522,4,0,1.124970,29.330865,-0.324917,-14.305871,0.000000,0.000000,1.000000
1523,4,1,0.673984,29.880255,-0.387598,-14.559215,0.798497,-0.601998,0.000000
1524,4,0,1.254674,29.360635,-0.272233,-14.805871,-0.000000,-0.000000,-1.000000
1525,4,1,1.090004,37.801404,1.345578,-25.162450,0.529002,-0.848620,0.000000
1526,4,0,1.226246,37.256660,1.380974,-24.910116,0.000000,0.000000,1.000000
1527,4,1,1.093852,36.737915,1.471053,-25.163124,-0.364867,0.931060,0.000000
1528,4,0,1.324425,37.325388,1.424093,-25.410116,-0.000000,-0.000000,-1.000000
1529,4,6,1.816384,37.554835,-0.027055,-25.160116,0.291516,-0.076974,0.953464
1530,4,1,0.434981,37.300000,-0.026861,-25.160116,0.000000,-0.277350,0.960769
1531,4,4,8.020974,29.947548,-0.026861,-25.160116,-0.983388,0.148531,-0.104342
1532,4,6,62.952258,33.313971,-0.026861,-25.159658,0.045120,0.960317,-0.275238
1533,4,6,67.901543,33.329379,-0.036191,-25.160204,-0.044750,-0.960333,0.275243
1534,4,1,1.546584,37.500000,-0.026861,-25.160116,0.000000,-0.277350,0.960769
1535,4,0,0.229464,37.250000,-0.026861,-25.160116,-1.000000,0.000000,0.000000
1536,4,1,4.222860,30.000000,-0.026861,-25.160116,0.000000,-0.277350,0.960769
1537,4,0,3.500637,30.250000,-0.026861,-25.160116,1.000000,0.000000,0.000000
1538,4,1,1.093136,37.801725,1.345801,25.162878,0.529020,-0.848609,0.000000
1539,4,0,1.226498,37.256575,1.381090,24.910116,0.000000,0.000000,-1.000000
1540,4,1,1.093852,36.737915,1.471053,25.163124,-0.364867,0.931060,0.000000
1541,4,0,1.324672,37.325331,1.424217,25.410116,-0.000000,-0.000000,1.000000
1542,4,1,0.673984,29.880255,-0.387598,14.559215,0.798497,-0.601998,-0.000000
1543,4,0,1.125059,29.330882,-0.324880,14.305871,0.000000,0.000000,-1.000000
1544,4,1,0.529886,28.759084,-0.192514,14.561865,-0.755380,0.655287,0.000000
1545,4,0,1.255493,29.360792,-0.271917,14.805871,-0.000000,-0.000000,1.000000
1546,4,6,677.551135,35.068458,1.560654,-16.423488,0.196408,-0.980445,-0.012280
1547,4,6,1.843529,6.699767,1.922890,-3.091889,-0.194154,0.216097,-0.956873
1548,4,6,678.920011,35.051260,1.560506,16.397404,0.196401,-0.980444,0.012475
1549,4,6,304.277550,31.812261,-2.471066,0.077273,0.014606,-0.916001,0.400910
1550,4,6,69.153273,9.970532,-1.439983,1.746603,-0.105586,-0.812468,0.573365
1551,4,6,0.010849,39.500679,-0.008996,3.521658,0.010584,-0.366893,0.930203
1552,4,6,69.182435,10.078031,-1.414837,-1.772278,-0.104467,-0.814845,-0.570188
1553,4,6,1.816384,30.054835,-1.709548,14.555871,0.291516,-0.076974,-0.953464
1554,4,1,0.434981,29.800000,-1.709354,14.555871,0.000000,-0.277350,-0.960769
1555,4,4,8.020974,22.447548,-1.709354,14.555871,-0.983388,0.148531,-0.104342
1556,4,6,62.952258,25.813971,-1.709354,14.555413,0.045120,0.960317,0.275238
1557,4,6,67.931179,25.829437,-1.717813,14.555959,-0.044750,-0.960333,-0.275243
1558,4,1,1.546584,30.000000,-1.709354,14.555871,0.000000,-0.277350,-0.960769
1559,4,0,0.229464,29.750000,-1.709354,14.555871,-1.000000,0.000000,0.000000
1560,4,1,4.222860,22.500000,-1.709354,14.555871,0.000000,-0.277350,-0.960769
1561,4,0,3.500637,22.750000,-1.709354,14.555871,1.000000,0.000000,0.000000
1562,4,6,1.816384,37.554835,-0.027055,25.160116,0.291516,-0.076974,-0.953464
1563,4,1,0.434981,37.300000,-0.026861,25.160116,0.000000,-0.277350,-0.960769
1564,4,4,8.020974,29.947548,-0.026861,25.160116,-0.983388,0.148531,-0.104342
1565,4,6,62.952258,33.313971,-0.026861,25.159658,0.045120,0.960317,0.275238
1566,4,6,67.901543,33.329379,-0.036191,25.160204,-0.044750,-0.960333,-0.275243
1567,4,1,1.546584,37.500000,-0.026861,25.160116,0.000000,-0.277350,-0.960769
1568,4,0,0.229464,37.250000,-0.026861,25.160116,-1.000000,0.000000,0.000000
1569,4,1,4.222860,30.000000,-0.026861,25.160116,0.000000,-0.277350,-0.960769
1570,4,0,3.500637,30.250000,-0.026861,25.160116,1.000000,0.000000,0.000000
1571,4,6,1.816384,30.054835,-1.709548,-14.555871,0.291516,-0.076974,0.953464
1572,4,1,0.434981,29.800000,-1.709354,-14.555871,0.000000,-0.277350,0.960769
1573,4,4,8.020974,22.447548,-1.709354,-14.555871,-0.983388,0.148531,-0.104342
1574,4,6,62.952258,25.813971,-1.709354,-14.555413,0.045120,0.960317,-0.275238
1575,4,6,67.931179,25.829437,-1.717813,-14.555959,-0.044750,-0.960333,0.275243
1576,4,1,1.546584,30.000000,-1.709354,-14.555871,0.000000,-0.277350,0.960769
1577,4,0,0.229464,29.750000,-1.709354,-14.555871,-1.000000,0.000000,0.000000
1578,4,1,4.222860,22.500000,-1.709354,-14.555871,0.000000,-0.277350,0.960769
1579,4,0,3.500637,22.750000,-1.709354,-14.555871,1.000000,0.000000,0.000000
1580,5,6,0.853360,30.749159,0.781450,25.422627,-0.564800,-0.348762,0.747908
1581,5,6,0.853314,30.749134,-0.289375,25.968459,-0.564800,-0.747908,-0.348763
1582,5,6,0.853450,30.749094,-0.526256,25.847719,-0.564799,-0.603529,-0.562809
1583,5,6,0.853449,30.749094,-0.714295,25.659744,-0.564799,-0.400073,-0.721764
1584,5,6,0.853448,30.749095,-0.835043,25.422862,-0.564800,-0.157455,-0.810068
1585,5,6,0.853447,30.749096,-0.876681,25.160260,-0.564800,0.100576,-0.819076
1586,5,6,0.853445,30.749097,-0.835133,24.897644,-0.564800,0.348762,-0.747908
1587,5,6,0.853443,30.749098,-0.714465,24.660720,-0.564800,0.562808,-0.603530
1588,5,6,0.853442,30.749100,-0.526489,24.472681,-0.564800,0.721763,-0.400074
1589,5,6,0.853625,30.749105,0.781275,24.897411,-0.564800,0.157455,0.810067
1590,5,6,0.853441,30.749100,-0.289607,24.351933,-0.564800,0.810067,-0.157457
1591,5,6,0.853445,30.749098,0.660573,24.660488,-0.564800,0.400074,0.721763
1592,5,6,0.853441,30.749100,-0.027005,24.310295,-0.564800,0.819076,0.100574
1593,5,6,0.853442,30.749099,0.472534,24.472512,-0.564800,0.603530,0.562808
1594,5,6,0.853442,30.749100,0.235611,24.351844,-0.564800,0.747908,0.348761
1595,5,6,0.026212,30.768740,1.100354,25.462214,0.202678,0.893326,-0.401111
1596,5,6,0.026213,30.730867,1.062598,25.578300,-0.202448,0.487682,0.849224
1597,5,6,0.087957,30.511314,1.091357,25.446459,-0.161031,0.953738,0.253877
1598,5,6,0.087788,30.988573,1.046011,25.585933,0.161032,0.920814,0.355204
1599,5,0,0.000382,30.749809,1.114406,25.530938,0.000000,0.951057,0.309017
1600,5,6,0.853449,30.749094,0.660742,25.659510,-0.564799,-0.562809,0.603529
1601,5,6,0.026212,30.768740,0.951830,25.795757,0.202678,0.973554,-0.105426
1602,5,6,0.026213,30.730867,0.880050,25.894494,-0.202448,0.201389,0.958362
1603,5,6,0.087958,30.511313,0.948143,25.777992,-0.161031,0.828606,0.536172
1604,5,6,0.087788,30.988573,0.861916,25.896628,0.161033,0.765982,0.622367
1605,5,0,0.000382,30.749809,0.943958,25.865459,0.000000,0.809017,0.587785
1606,5,6,0.853449,30.749094,0.472767,25.847549,-0.564800,-0.721764,0.400073
1607,5,6,0.026212,30.768740,0.707506,26.067079,0.202678,0.958483,0.200579
1608,5,6,0.026213,30.730867,0.608727,26.138802,-0.202448,-0.104618,0.973689
1609,5,6,0.087958,30.511314,0.709489,26.049044,-0.161032,0.622365,0.765983
1610,5,6,0.087788,30.988573,0.590821,26.135228,0.161032,0.536170,0.828607
1611,5,0,0.000382,30.749809,0.678480,26.130937,0.000000,0.587785,0.809017
1612,5,6,0.853396,30.749080,0.235901,25.968325,-0.564800,-0.810068,0.157455
1613,5,6,0.026212,30.768740,0.391296,26.249621,0.202678,0.849589,0.486949
1614,5,6,0.026213,30.730867,0.275189,26.287309,-0.202448,-0.400384,0.893704
1615,5,6,0.087957,30.511314,0.398755,26.233082,-0.161031,0.355202,0.920815
1616,5,6,0.087788,30.988573,0.259264,26.278377,0.161032,0.253876,0.953738
1617,5,0,0.000382,30.749809,0.343958,26.301384,0.000000,0.309017,0.951057
1618,5,6,0.853448,30.749095,-0.026717,26.009935,-0.564800,-0.819076,-0.100576
1619,5,6,0.026212,30.768740,0.034155,26.325515,0.202678,0.657532,0.725654
1620,5,6,0.026213,30.730867,-0.087917,26.325479,-0.202448,-0.656958,0.726238
1621,5,6,0.087957,30.511314,0.046359,26.312090,-0.161031,0.053268,0.985511
1622,5,6,0.087467,30.989069,-0.100695,26.311997,0.161032,-0.053271,0.985510
1623,5,0,0.000382,30.749809,-0.026863,26.360116,0.000000,-0.000000,1.000000
1624,5,6,0.026212,30.768740,-0.328960,26.287331,0.202678,0.401111,0.893326
1625,5,6,0.026213,30.730867,-0.445046,26.249575,-0.202448,-0.849224,0.487682
1626,5,6,0.087957,30.511314,-0.313204,26.278334,-0.161031,-0.253877,0.953738
1627,5,6,0.087788,30.988573,-0.452679,26.232988,0.161032,-0.355204,0.920814
1628,5,0,0.000382,30.749809,-0.397683,26.301383,0.000000,-0.309017,0.951057
1629,5,6,0.026212,30.768740,-0.662503,26.138807,0.202678,0.105426,0.973554
1630,5,6,0.026213,30.730867,-0.761240,26.067027,-0.202448,-0.958362,0.201389
1631,5,6,0.087785,30.511048,-0.644545,26.135227,-0.161032,-0.536172,0.828606
1632,5,6,0.087788,30.988573,-0.763374,26.048893,0.161033,-0.622367,0.765982
1633,5,0,0.000382,30.749809,-0.732205,26.130935,0.000000,-0.587785,0.809017
1634,5,6,0.026212,30.768740,-0.933824,25.894483,0.202678,-0.200579,0.958483
1635,5,6,0.026213,30.730867,-1.005548,25.795704,-0.202448,-0.973689,-0.104618
1636,5,6,0.087958,30.511313,-0.915790,25.896466,-0.161032,-0.765983,0.622365
1637,5,6,0.087788,30.988573,-1.001973,25.777798,0.161033,-0.828607,0.536170
1638,5,0,0.000382,30.749809,-0.997683,25.865457,0.000000,-0.809017,0.587785
1639,5,6,0.026212,30.768740,-1.116367,25.578273,0.202678,-0.486949,0.849589
1640,5,6,0.026213,30.730867,-1.154055,25.462166,-0.202448,-0.893704,-0.400384
1641,5,6,0.087847,30.511093,-1.099818,25.585706,-0.161031,-0.920815,0.355202
1642,5,6,0.087788,30.988573,-1.145122,25.446241,0.161032,-0.953738,0.253875
1643,5,0,0.000382,30.749809,-1.168130,25.530935,0.000000,-0.951057,0.309017
1644,5,6,0.026212,30.768740,-1.192260,25.221132,0.202678,-0.725654,0.657532
1645,5,6,0.026213,30.730867,-1.192225,25.099060,-0.202448,-0.726238,-0.656958
1646,5,6,0.087785,30.511048,-1.178808,25.233555,-0.161031,-0.985511,0.053269
1647,5,6,0.087788,30.988572,-1.178808,25.086675,0.161031,-0.985511,-0.053270
1648,5,0,0.000382,30.749809,-1.226861,25.160114,0.000000,-1.000000,-0.000000
1649,5,6,0.026212,30.768740,-1.154077,24.858017,0.202678,-0.893326,0.401111
1650,5,6,0.026213,30.730867,-1.116321,24.741931,-0.202448,-0.487682,-0.849224
1651,5,6,0.087784,30.511049,-1.145122,24.873989,-0.161030,-0.953737,-0.253880
1652,5,6,0.087787,30.988572,-1.099734,24.734299,0.161030,-0.920816,-0.355200
1653,5,0,0.000382,30.749809,-1.168129,24.789294,0.000000,-0.951057,-0.309017
1654,5,6,0.026212,30.768740,-1.005553,24.524474,0.202678,-0.973554,0.105426
1655,5,6,0.026213,30.730867,-0.933773,24.425737,-0.202448,-0.201389,-0.958362
1656,5,6,0.087956,30.511315,-1.001865,24.542238,-0.161029,-0.828603,-0.536177
1657,5,6,0.087786,30.988571,-0.915639,24.423605,0.161029,-0.765987,-0.622361
1658,5,0,0.000382,30.749809,-0.997681,24.454772,0.000000,-0.809017,-0.587785
1659,5,6,0.026212,30.768740,-0.761229,24.253153,0.202678,-0.958483,-0.200579
1660,5,6,0.026213,30.730867,-0.662450,24.181429,-0.202448,0.104618,-0.973689
1661,5,6,0.087208,30.509847,-0.763030,24.271247,-0.161027,-0.622359,-0.765989
1662,5,6,0.087465,30.989066,-0.644189,24.184827,0.161028,-0.536179,-0.828603
1663,5,0,0.000382,30.749809,-0.732202,24.189294,0.000000,-0.587785,-0.809017
1664,5,6,0.026212,30.768740,-0.445019,24.070610,0.202678,-0.849589,-0.486949
1665,5,6,0.026213,30.730867,-0.328911,24.032922,-0.202448,0.400384,-0.893704
1666,5,6,0.087782,30.511050,-0.452675,24.087243,-0.161026,-0.355192,-0.920820
1667,5,6,0.087785,30.988570,-0.312988,24.041855,0.161027,-0.253886,-0.953736
1668,5,0,0.000382,30.749809,-0.397680,24.018847,0.000000,-0.309017,-0.951057
1669,5,6,0.026212,30.768740,-0.087878,23.994717,0.202678,-0.657532,-0.725654
1670,5,6,0.026213,30.730867,0.034194,23.994752,-0.202448,0.656958,-0.726238
1671,5,6,0.087955,30.511318,-0.100079,24.008142,-0.161025,-0.053257,-0.985512
1672,5,6,0.087958,30.988303,0.046358,24.008141,0.161026,0.053259,-0.985512
1673,5,0,0.000382,30.749809,-0.026860,23.960116,0.000000,0.000000,-1.000000
1674,5,6,0.026212,30.768740,0.275237,24.032900,0.202678,-0.401111,-0.893326
1675,5,6,0.026213,30.730867,0.391323,24.070656,-0.202448,0.849224,-0.487682
1676,5,6,0.087955,30.511317,0.259484,24.041898,-0.161026,0.253888,-0.953735
1677,5,6,0.087465,30.989066,0.399307,24.087427,0.161027,0.355195,-0.920819
1678,5,0,0.000382,30.749809,0.343960,24.018848,0.000000,0.309017,-0.951057
1679,5,6,0.026212,30.768740,0.608780,24.181424,0.202678,-0.105426,-0.973554
1680,5,6,0.026213,30.730867,0.707517,24.253204,-0.202448,0.958362,-0.201389
1681,5,6,0.087783,30.511050,0.590824,24.185006,-0.161027,0.536181,-0.828602
1682,5,6,0.087786,30.988571,0.709650,24.271338,0.161029,0.622361,-0.765988
1683,5,0,0.000382,30.749809,0.678482,24.189296,0.000000,0.587785,-0.809017
1684,5,6,0.026212,30.768740,0.880102,24.425748,0.202678,0.200579,-0.958483
1685,5,6,0.026213,30.730867,0.951825,24.524527,-0.202448,0.973689,0.104618
1686,5,6,0.087956,30.511316,0.862068,24.423767,-0.161028,0.765988,-0.622360
1687,5,6,0.087787,30.988572,0.948250,24.542432,0.161030,0.828605,-0.536175
1688,5,0,0.000382,30.749809,0.943960,24.454775,0.000000,0.809017,-0.587785
1689,5,6,0.026212,30.768740,1.062644,24.741958,0.202678,0.486949,-0.849589
1690,5,6,0.026213,30.730867,1.100332,24.858066,-0.202448,0.893704,0.400384
1691,5,6,0.087784,30.511049,1.046011,24.734301,-0.161029,0.920817,-0.355198
1692,5,6,0.087676,30.988794,1.091377,24.873976,0.161031,0.953737,-0.253878
1693,5,0,0.000382,30.749809,1.114407,24.789297,0.000000,0.951057,-0.309017
1694,5,1,1.695066,30.129796,-0.026902,25.160182,0.000000,-0.960751,0.277413
1695,5,1,13.956760,34.121239,-0.026806,25.160117,0.000000,-0.960740,0.277450
1696,5,6,0.853422,30.749175,0.822993,25.160003,-0.564800,-0.100576,0.819076
1697,5,6,0.026212,30.768740,1.138537,25.099100,0.202678,0.725654,-0.657532
1698,5,6,0.026213,30.730867,1.138502,25.221171,-0.202448,0.726238,0.656958
1699,5,6,0.087785,30.511048,1.125085,25.086677,-0.161030,0.985511,-0.053268
1700,5,6,0.087960,30.988307,1.125113,25.233338,0.161032,0.985511,0.053271
1701,5,0,0.000382,30.749809,1.173139,25.160117,0.000000,1.000000,0.000000
1702,5,0,0.395919,29.749809,-0.026861,25.160116,-1.000000,0.000000,0.000000
1703,5,0,0.395919,37.249809,-0.026861,25.160116,1.000000,0.000000,0.000000
1704,6,6,0.233678,19.317515,2.052865,3.768944,-0.001087,0.076828,0.997044
1705,6,6,0.229763,19.317628,2.045170,3.669280,0.001092,-0.077057,-0.997026
1706,6,6,0.040248,19.516523,2.048757,3.721066,1.000000,0.000218,0.000566
1707,6,6,0.015785,19.480081,2.312947,3.695087,0.712163,0.696831,-0.085148
1708,6,6,0.019787,19.317522,2.349796,3.689898,0.000400,0.991793,-0.127857
1709,6,6,0.015777,19.154988,2.312990,3.694417,-0.711967,0.696616,-0.088483
1710,6,6,0.040253,19.118628,2.048833,3.720626,-0.999999,-0.000252,-0.001610
1711,6,6,0.015724,19.155132,1.784177,3.735450,-0.708982,-0.704905,0.021310
1712,6,6,0.019789,19.317630,1.747395,3.736359,-0.000120,-0.999655,0.026277
1713,6,6,0.015717,19.480100,1.784131,3.735499,0.709029,-0.704863,0.021142
1714,7,6,0.230025,24.517627,2.045352,-3.891740,0.003187,-0.091509,0.995799
1715,7,6,0.234504,24.517304,2.054502,-3.991271,-0.003187,0.091511,-0.995799
1716,7,6,0.019795,24.517436,1.747832,-3.962592,-0.000050,-0.999387,-0.035019
1717,7,6,0.015707,24.679865,1.784752,-3.961929,0.709327,-0.704241,-0.029992
1718,7,6,0.040348,24.716467,2.049614,-3.944014,0.999999,0.000083,-0.001675
1719,7,6,0.015808,24.680112,2.313936,-3.913150,0.713293,0.693792,0.099326
1720,7,6,0.019793,24.517501,2.350800,-3.907162,0.000334,0.988997,0.147936
1721,7,6,0.015806,24.354883,2.313911,-3.912279,-0.713180,0.693393,0.102864
1722,7,6,0.040347,24.318474,2.049570,-3.942747,-0.999989,-0.000319,0.004726
1723,7,6,0.015705,24.355017,1.784714,-3.960696,-0.709116,-0.704677,-0.024192
