graph_id,model_name,candidate_id,host_face_id,local_wire_index,hostFaceArea,hostFaceRelativeArea,hostFacePerimeter,hostInnerWireCount,hostNeighborFaceCount,wireLength,wireLengthRatio,estimatedHoleRadius,estimatedHoleArea,wireCenterX,wireCenterY,wireCenterZ,adjacentFaceCount,adjacentCylinderCount,adjacentSmallCylinderCount,minAdjacentCylinderRadius,maxAdjacentCylinderRadius,concaveEdgeRatio,label
0,"0.step",0,12,0,2528.37,0.00624497,1990.84,1,10,986.405,0.495471,156.991,77428.5,5.53218e-15,4.09463e-30,307.414,10,0,0,0,0,0,0
1,"1.step",0,1,0,221.287,0.00578684,128.612,1,16,55.3734,0.430547,8.81295,244.002,77.6716,0,-2.55331,16,2,0,79.8512,82.0738,0.25,0
1,"1.step",1,61,0,201.712,0.00527496,97.9277,1,9,19.9491,0.203713,3.175,31.6692,95.8593,8.1026,-28.7144,9,4,3,0.635,3.175,0,0
1,"1.step",2,62,0,201.712,0.00527495,97.9277,1,9,19.9491,0.203713,3.175,31.6692,95.8593,-8.1026,-28.7144,9,4,3,0.635,3.175,0,0
1,"1.step",3,86,0,227.903,0.00595986,131.812,1,10,55.3734,0.420093,8.81295,244.002,-77.6716,6.41592e-17,-2.55331,10,2,0,79.8512,82.0738,0,0
2,"10.step",0,69,0,354.93,0.00687794,558.945,1,2,275.483,0.492862,43.8444,6039.19,-2.08733e-13,-1.29648e-15,104.783,2,0,0,0,0,0,0
3,"14.step",0,14,0,32.0839,0.00270231,63.195,1,2,28.4075,0.449522,4.5212,64.2181,1.26709e-14,95.25,4.42007e-16,2,0,0,0,0,0,0
3,"14.step",1,28,0,4.31968,0.000363831,12.3685,1,2,3.98982,0.322581,0.635,1.26677,-8.61922e-15,94.4372,0,2,2,2,0.635,1.3335,0,1
3,"14.step",2,32,0,2.03143,0.0001711,17.5532,1,8,8.37863,0.477327,1.3335,5.58645,-1.31961e-14,126.187,8.32563e-17,8,4,4,0.635,1.3335,0.75,1
3,"14.step",3,125,0,132.653,0.0111729,101.812,2,26,19.7257,0.193746,3.13945,30.9639,-3.63387e-08,84.8969,3.0077,26,11,8,0.127,4.7244,0,0
3,"14.step",4,125,1,132.653,0.0111729,101.812,2,26,18.3389,0.180125,2.91873,26.7632,-6.02245e-08,77.861,3.0077,26,11,8,0.127,4.7244,0,1
3,"14.step",5,136,0,7.60061,0.000640171,23.9389,1,2,9.97456,0.416667,1.5875,7.9173,-1.5106e-14,113.665,-6.99353e-17,2,2,1,1.5875,2.2225,0,1
3,"14.step",6,155,0,45.9036,0.00386629,42.614,1,3,13.9644,0.327695,2.2225,15.5179,-8.76689e-15,94.4372,0,3,2,0,2.2225,4.7244,0.333333,0
3,"14.step",7,162,0,32.632,0.00274847,51.3889,1,2,21.7046,0.42236,3.4544,37.4882,7.84201e-15,94.4372,-1.28558e-16,2,2,0,3.4544,4.7244,0.5,0
3,"14.step",8,163,0,27.0086,0.00227484,50.7411,1,3,21.7046,0.427753,3.4544,37.4882,-1.29311e-14,19.8628,-8.18423e-17,3,2,0,3.4544,4.7244,0.666667,0
3,"14.step",9,174,0,39.1178,0.00329475,61.6029,1,2,26.8116,0.435233,4.2672,57.2052,-2.88275e-14,95.25,1.0407e-16,2,2,0,4.2672,5.5372,0.5,0
3,"14.step",10,176,0,9.27477,0.00078118,22.8218,1,2,8.85741,0.388112,1.4097,6.24314,-1.18134e-16,125.4,7.8756e-17,2,1,1,1.4097,1.4097,0.5,1
3,"14.step",11,197,0,1.51992,0.000128017,8.60368,1,2,3.19186,0.370988,0.508,0.810732,9.42488e-16,130.48,6.14666e-17,2,1,1,0.508,0.508,0.5,1
3,"14.step",12,199,0,1.58335,0.00013336,11.3315,1,2,4.78779,0.422521,0.762,1.82415,-8.8694e-15,138.151,2.73185e-17,2,0,0,0,0,0,0
3,"14.step",13,201,0,2.85648,0.000240591,18.2465,1,2,8.13962,0.446092,1.29546,5.27228,2.61388e-15,134.595,8.5701e-17,2,1,1,1.29546,1.29546,0.5,1
3,"14.step",14,204,0,3.3544,0.000282529,52.8253,1,2,26.0136,0.492447,4.1402,53.8508,1.25497e-14,120.371,1.60894e-16,2,2,0,4.1402,4.2672,0.5,0
3,"14.step",15,205,0,19.717,0.00166069,48.5162,1,2,21.7046,0.447368,3.4544,37.4882,-3.0211e-14,9.02752e-31,-1.28558e-16,2,2,0,3.4544,4.2672,0,0
3,"14.step",16,207,0,32.9905,0.00277867,61.0084,1,3,26.8116,0.439474,4.2672,57.2052,-1.28531e-14,19.05,0,3,2,0,4.2672,5.5372,0.333333,0
3,"14.step",17,210,0,19.0684,0.00160606,46.9203,1,2,20.9067,0.445578,3.3274,34.7824,8.74191e-15,119.558,2.66929e-16,2,2,0,3.3274,4.1402,0.5,0
4,"2.step",0,5,0,352.344,0.019352,346.795,1,2,167.014,0.481592,26.5811,2219.71,-1.27775e-13,8.01934e-16,-2.98165,2,1,0,26.5811,26.5811,0.5,0
4,"2.step",1,29,0,2.58421,0.000141934,40.6962,1,2,19.9491,0.490196,3.175,31.6692,30.48,1.78089e-16,-8.6014,2,1,0,3.175,3.175,0,0
4,"2.step",2,43,0,2.58421,0.000141934,40.6962,1,2,19.9491,0.490196,3.175,31.6692,-30.48,1.39871e-16,-8.6014,2,1,0,3.175,3.175,0,0
8,"27.step",0,23,0,15.708,0.00338325,31.4159,1,2,12.5664,0.4,2,12.5664,4.996e-16,24.0111,31.8355,2,2,1,2,3,0.5,1
8,"27.step",1,27,0,62.1276,0.0133813,59.7411,1,7,18.8496,0.315521,3,28.2743,1.88477e-16,8,31.8355,7,2,0,3,5,0,0
8,"27.step",2,30,0,62.1276,0.0133813,59.7411,1,7,18.8496,0.315521,3,28.2743,5.92119e-16,33,31.8355,7,1,0,5,5,0,0
8,"27.step",3,58,0,15.708,0.00338325,31.4159,1,2,12.5664,0.4,2,12.5664,4.996e-16,27.0111,31.8355,2,2,1,2,3,0.5,1
9,"28.step",0,51,0,47.7281,0.00261941,51.9061,1,5,18.8496,0.363147,3,28.2743,5.92119e-16,33,31.8355,5,1,0,5,5,0,0
9,"28.step",1,60,0,97.807,0.00536785,52.5006,1,6,12.5664,0.239357,2,12.5664,4.996e-16,24.0111,31.8355,6,3,1,2,12.7,0,1
9,"28.step",2,61,0,90.7112,0.00497842,51.0787,1,6,12.5664,0.24602,2,12.5664,4.996e-16,27.0111,31.8355,6,3,1,2,12.7,0,1
9,"28.step",3,66,0,105.897,0.00581187,141.464,1,5,65.9734,0.466361,10.5,346.361,4.99072e-14,2.53765e-16,22,5,2,0,10.5,12,0,0
9,"28.step",4,91,0,223.134,0.012246,61.2779,1,5,7.87086,0.128445,1.25269,4.92986,0,0,18,5,1,0,8.5,8.5,1,1
10,"29.step",0,2,0,101.236,0.0234477,100.43,1,2,43.8815,0.436935,6.98396,153.233,9.95773e-14,0,66,2,2,0,6.98396,9,0,0
10,"29.step",1,9,0,116.644,0.0270165,65.3243,1,2,21.4428,0.328251,3.41272,36.5891,8.28262e-14,2.27723e-16,65.9,2,2,0,3.41272,6.98396,1,0
10,"29.step",2,11,0,16.9542,0.00392684,37.1507,1,2,15.708,0.422817,2.5,19.635,5.60441e-14,6.66134e-17,66,2,2,0,2.5,3.41272,0,0
11,"31.step",0,14,0,101.124,0.0259717,142.615,1,8,65.9734,0.462599,10.5,346.361,4.99072e-14,2.53765e-16,0,8,7,6,1.84305,12,0,0
11,"31.step",1,15,0,138.23,0.0355017,138.23,1,2,62.8319,0.454545,10,314.159,4.74287e-14,2.66454e-16,27,2,2,0,10,12,0,0
11,"31.step",2,20,0,160.221,0.0411497,106.814,1,2,43.9823,0.411765,7,153.938,3.28626e-14,1.90324e-16,3,2,2,0,7,10,1,0
11,"31.step",3,23,0,14.6489,0.00376229,149.566,1,2,74.1674,0.495885,11.8041,437.74,5.65828e-14,6.01945e-16,24.7364,2,2,0,11.8041,12,0.5,0
12,"34.step",0,15,0,927.104,0.000874491,197.284,1,2,69.115,0.350333,11,380.133,5.19988e-14,4.84461e-16,60,2,1,0,11,11,0,0
12,"34.step",1,17,0,30434.6,0.0287075,880.807,3,14,75.1387,0.0853067,11.9587,449.281,-31.3308,-103.69,0,14,1,0,10,10,0.285714,0
12,"34.step",2,17,1,30434.6,0.0287075,880.807,3,14,62.8319,0.0713345,10,314.159,4.74287e-14,2.66454e-16,0,14,1,0,10,10,0.285714,0
12,"34.step",3,17,2,30434.6,0.0287075,880.807,3,14,48.7794,0.0553804,7.76349,189.349,-29.8454,-97.6365,0,14,1,0,10,10,0.285714,0
12,"34.step",4,42,0,28732.6,0.027102,1046.96,1,15,352.902,0.337074,56.1661,9910.58,-3.46712e-14,-8.40732,10,15,0,0,0,0,0.666667,0
14,"43.step",0,1,0,42273.4,0.0293077,1250.47,1,0,32.9696,0.0263656,5.24727,86.5001,182.094,248.983,-176.927,0,0,0,0,0,0,0
14,"43.step",1,2,0,39896.8,0.02766,1377.82,2,3,97.4868,0.0707542,15.5155,756.278,2.55227,-1.49711,0.494549,3,2,0,10,15.5155,0,0
14,"43.step",2,2,1,39896.8,0.02766,1377.82,2,3,62.8319,0.0456022,10,314.159,183.37,248.234,-176.68,3,2,0,10,15.5155,0,0
14,"43.step",3,4,0,39896.8,0.02766,1377.82,2,3,97.4868,0.0707542,15.5155,756.278,1.01552e-13,4.06665e-13,2.96985e-13,3,2,0,10,15.5155,0,0
14,"43.step",4,4,1,39896.8,0.02766,1377.82,2,3,62.8319,0.0456022,10,314.159,180.818,249.731,-177.174,3,2,0,10,15.5155,0,0
14,"43.step",5,7,0,44295.5,0.0307096,997.767,2,0,32.9696,0.0330433,5.24727,86.5001,264.008,459.768,20.2242,0,0,0,0,0,0,1
14,"43.step",6,7,1,44295.5,0.0307096,997.767,2,0,32.9696,0.0330433,5.24727,86.5001,179.542,250.48,-177.421,0,0,0,0,0,0,1
14,"43.step",7,8,1,44050.7,0.0305399,1057.49,2,3,62.8319,0.0594159,10,314.159,265.285,459.02,20.4714,3,2,0,10,10,0,0
14,"43.step",8,11,0,44050.7,0.0305399,1057.49,2,3,62.8319,0.0594159,10,314.159,178.266,251.228,-177.669,3,2,0,10,10,0,0
14,"43.step",9,11,1,44050.7,0.0305399,1057.49,2,3,62.8319,0.0594159,10,314.159,262.732,460.517,19.9769,3,2,0,10,10,0,0
14,"43.step",10,13,0,28847.8,0.0199998,829.109,1,0,32.9696,0.0397651,5.24727,86.5001,-88.8205,-370.164,-671.281,0,0,0,0,0,0,0
14,"43.step",11,14,0,28425.2,0.0197069,858.971,1,4,62.8319,0.0731478,10,314.159,-90.0966,-369.415,-671.529,4,1,0,10,10,0,0
14,"43.step",12,17,0,28425.2,0.0197069,858.971,1,4,62.8319,0.0731478,10,314.159,-87.5444,-370.912,-671.034,4,1,0,10,10,0,0
14,"43.step",13,20,0,54850.4,0.0380272,1279.91,2,0,32.9696,0.0257592,5.24727,86.5001,-74.0525,-194.984,-235.388,0,0,0,0,0,0,1
14,"43.step",14,20,1,54850.4,0.0380272,1279.91,2,0,32.9696,0.0257592,5.24727,86.5001,-91.3728,-368.667,-671.776,0,0,0,0,0,0,1
14,"43.step",15,21,0,54257.2,0.0376159,1339.64,2,3,62.8319,0.0469021,10,314.159,-92.6489,-367.918,-672.023,3,2,0,10,10,0,0
14,"43.step",16,21,1,54257.2,0.0376159,1339.64,2,3,62.8319,0.0469021,10,314.159,-75.3286,-194.236,-235.635,3,2,0,10,10,0,0
14,"43.step",17,24,1,54257.2,0.0376159,1339.64,2,3,62.8319,0.0469021,10,314.159,-72.7764,-195.733,-235.141,3,2,0,10,10,0,0
14,"43.step",18,26,0,82228.5,0.0570081,1414.61,2,0,32.9696,0.0233064,5.24727,86.5001,175.229,175.697,-381.549,0,0,0,0,0,0,1
14,"43.step",19,26,1,82228.5,0.0570081,1414.61,2,0,32.9696,0.0233064,5.24727,86.5001,-71.5002,-196.482,-234.893,0,0,0,0,0,0,1
14,"43.step",20,27,0,81663.5,0.0566164,1474.34,2,3,62.8319,0.042617,10,314.159,-70.2241,-197.23,-234.646,3,2,0,10,10,0,0
14,"43.step",21,27,1,81663.5,0.0566164,1474.34,2,3,62.8319,0.042617,10,314.159,176.505,174.948,-381.302,3,2,0,10,10,0,0
14,"43.step",22,30,0,81663.5,0.0566164,1474.34,2,3,62.8319,0.042617,10,314.159,173.953,176.445,-381.796,3,2,0,10,10,0,0
14,"43.step",23,32,0,69566.5,0.0482297,1218.57,1,0,32.9696,0.027056,5.24727,86.5001,258.904,462.762,19.2351,0,0,0,0,0,0,0
14,"43.step",24,33,0,69989.6,0.048523,1248.43,1,3,62.8319,0.0503287,10,314.159,260.18,462.014,19.4823,3,1,0,10,10,0,0
14,"43.step",25,35,0,69989.6,0.048523,1248.43,1,3,62.8319,0.0503287,10,314.159,257.628,463.511,18.9878,3,1,0,10,10,0,0
14,"43.step",26,38,0,152473,0.105708,1721.01,2,0,33.0991,0.0192323,5.26788,87.1809,261.456,461.265,19.7296,0,0,0,0,0,0,1
14,"43.step",27,38,1,152473,0.105708,1721.01,2,0,33.0991,0.0192323,5.26788,87.1809,172.677,177.194,-382.044,0,0,0,0,0,0,1
14,"43.step",28,42,1,151962,0.105353,1780.48,2,3,62.8319,0.0352893,10,314.159,171.401,177.942,-382.291,3,2,0,10,10,0,0
15,"44.step",0,18,0,300.58,0.00052966,129.774,2,16,21.9911,0.169458,3.5,38.4845,-165.857,36.4872,11.3416,16,6,1,1.5,10,0.1875,0
15,"44.step",1,18,1,300.58,0.00052966,129.774,2,16,21.9911,0.169458,3.5,38.4845,-150.657,33.5885,20.5365,16,6,1,1.5,10,0.1875,0
15,"44.step",2,20,0,228.531,0.000402701,124.349,2,7,21.9911,0.17685,3.5,38.4845,-180.776,17.883,30.1386,7,1,0,11,11,0,0
15,"44.step",3,20,1,228.531,0.000402701,124.349,2,7,21.9911,0.17685,3.5,38.4845,-165.575,14.9844,39.3335,7,1,0,11,11,0,0
15,"44.step",4,29,0,300.58,0.00052966,129.774,2,16,21.9911,0.169458,3.5,38.4845,-162.431,9.96804,32.5547,16,6,1,1.5,10,0.1875,0
15,"44.step",5,29,1,300.58,0.00052966,129.774,2,16,21.9911,0.169458,3.5,38.4845,-177.632,12.8667,23.3598,16,6,1,1.5,10,0.1875,0
15,"44.step",6,59,0,228.531,0.000402701,124.349,2,7,21.9911,0.17685,3.5,38.4845,-169.001,41.5035,18.1203,7,1,0,11,11,0,0
15,"44.step",7,59,1,228.531,0.000402701,124.349,2,7,21.9911,0.17685,3.5,38.4845,-153.801,38.6048,27.3153,7,1,0,11,11,0,0
15,"44.step",8,69,0,75.3982,0.000132861,37.6991,1,2,6.28319,0.166667,1,3.14159,-170.507,49.4655,40.7386,2,2,1,1,5,0.5,1
15,"44.step",9,70,0,10.2102,1.79916e-05,40.8407,1,2,18.8496,0.461538,3,28.2743,-183.216,23.9717,53.71,2,2,0,3,3.5,0.5,0
15,"44.step",10,71,0,75.3982,0.000132861,37.6991,1,2,6.28319,0.166667,1,3.14159,-187.044,43.9715,66.3434,2,2,1,1,5,0.5,1
15,"44.step",11,72,0,35.3429,6.22787e-05,141.372,1,2,69.115,0.488889,11,380.133,-191.742,67.2597,81.4508,2,2,0,11,11.5,0.5,0
15,"44.step",12,77,0,529.288,0.000932673,131.558,1,11,31.4159,0.2388,5,78.5398,-166.447,57.6105,36.5944,11,3,0,5,5,0,0
15,"44.step",13,78,0,436.512,0.000769189,161.581,2,18,31.4159,0.194428,5,78.5398,-191.104,35.8265,70.4876,18,5,0,3.5,10,0.222222,0
15,"44.step",14,78,1,436.512,0.000769189,161.581,2,18,21.9911,0.1361,3.5,38.4845,-183.419,23.5644,53.9172,18,5,0,3.5,10,0.222222,0
15,"44.step",15,79,0,35.3429,6.22787e-05,141.372,1,2,69.115,0.488889,11,380.133,-192.091,67.817,82.204,2,2,0,11,11.5,0.5,0
15,"44.step",16,81,0,224.397,0.000395417,124.073,2,6,21.9911,0.177243,3.5,38.4845,-170.399,43.7329,21.1331,6,1,0,11,11,0,0
15,"44.step",17,81,1,224.397,0.000395417,124.073,2,6,21.9911,0.177243,3.5,38.4845,-155.198,40.8343,30.3281,6,1,0,11,11,0,0
15,"44.step",18,89,0,60.6677,0.000106904,143.541,1,2,69.115,0.481499,11,380.133,-192.44,68.3744,82.9572,2,1,0,11,11,0,0
15,"44.step",19,132,0,139.605,0.000246001,124.093,1,2,54.9779,0.443038,8.75,240.528,-189.646,63.9154,76.9316,2,2,0,8.75,11,0.5,0
15,"44.step",20,151,0,224.397,0.000395417,124.073,2,8,21.9911,0.177243,3.5,38.4845,-182.173,20.1125,33.1514,8,1,0,11,11,0,0
15,"44.step",21,151,1,224.397,0.000395417,124.073,2,8,21.9911,0.177243,3.5,38.4845,-166.973,17.2138,42.3463,8,1,0,11,11,0,0
15,"44.step",22,178,0,213.988,0.000377075,254.608,3,23,81.0531,0.318345,12.9,522.792,-190.344,65.0302,78.438,23,3,0,10,12.9,0.0434783,0
15,"44.step",23,178,1,213.988,0.000377075,254.608,3,23,21.9911,0.0863727,3.5,38.4845,-174.981,76.3713,77.1709,23,3,0,10,12.9,0.0434783,0
15,"44.step",24,178,2,213.988,0.000377075,254.608,3,23,21.9911,0.0863727,3.5,38.4845,-205.707,53.6891,79.705,23,3,0,10,12.9,0.0434783,0
15,"44.step",25,226,0,415.974,0.000732999,138.25,1,9,37.6991,0.272688,6,113.097,-185.772,72.3664,114.694,9,3,0,6,10,0.222222,0
15,"44.step",26,257,0,722.469,0.00127308,333.773,1,20,156.195,0.467969,24.8592,1941.45,-189.104,64.6685,79.2809,20,1,0,50,50,0,0
15,"44.step",27,283,0,130.283,0.000229576,66.0813,1,6,18.8496,0.285248,3,28.2743,-217.606,82.4252,78.6784,6,3,0,3,50,0.166667,0
15,"44.step",28,285,0,130.283,0.000229576,66.0813,1,6,18.8496,0.285248,3,28.2743,-220.042,77.5382,81.1649,6,3,0,3,50,0.166667,0
15,"44.step",29,292,0,282.861,0.000498437,126.479,1,9,37.6991,0.298067,6,113.097,-179.931,84.0851,108.732,9,3,0,5.2,8.8,0.222222,0
15,"44.step",30,312,0,250.928,0.000442167,134.378,2,9,23.8761,0.177679,3.8,45.3646,-197.482,83.1198,94.9327,9,0,0,0,0,0,0
15,"44.step",31,312,1,250.928,0.000442167,134.378,2,9,20.7345,0.1543,3.3,34.2119,-216.794,84.0542,77.8496,9,0,0,0,0,0,0
15,"44.step",32,317,0,234.874,0.000413879,138.776,2,9,25.1327,0.181103,4,50.2655,-220.854,75.9092,81.9938,9,0,0,0,0,0,0
15,"44.step",33,317,1,234.874,0.000413879,138.776,2,9,23.8761,0.172048,3.8,45.3646,-201.543,74.9748,99.0769,9,0,0,0,0,0,0
15,"44.step",34,356,0,647.548,0.00114106,291.134,6,212,120.045,0.412335,19.1057,1146.77,-205.862,94.6216,97.264,212,90,86,0.1,6,0,0
15,"44.step",35,356,1,647.548,0.00114106,291.134,6,212,10.4288,0.0358212,1.65979,8.65477,-195.86,92.9171,103.713,212,90,86,0.1,6,0,1
15,"44.step",36,356,2,647.548,0.00114106,291.134,6,212,9.36991,0.0321842,1.49127,6.98652,-205.181,89.971,88.7906,212,90,86,0.1,6,0,1
15,"44.step",37,356,3,647.548,0.00114106,291.134,6,212,9.36991,0.0321842,1.49127,6.98652,-198.087,95.3502,106.313,212,90,86,0.1,6,0,1
15,"44.step",38,356,4,647.548,0.00114106,291.134,6,212,6.05664,0.0208036,0.963944,2.91913,-197.739,89.6557,95.4623,212,90,86,0.1,6,0,1
15,"44.step",39,356,5,647.548,0.00114106,291.134,6,212,6.05664,0.0208036,0.963944,2.91913,-193.632,90.4841,101.113,212,90,86,0.1,6,0,1
15,"44.step",40,359,0,647.551,0.00114107,291.135,6,212,120.045,0.412336,19.1058,1146.78,-213.982,78.3316,105.552,212,90,86,0.1,6,0,0
15,"44.step",41,359,1,647.551,0.00114107,291.135,6,212,10.4288,0.0358211,1.65979,8.65477,-203.98,76.6272,112.001,212,90,86,0.1,6,0,1
15,"44.step",42,359,2,647.551,0.00114107,291.135,6,212,9.36991,0.0321841,1.49127,6.98652,-213.301,73.681,97.0791,212,90,86,0.1,6,0,1
15,"44.step",43,359,3,647.551,0.00114107,291.135,6,212,9.36991,0.0321841,1.49127,6.98652,-206.207,79.0603,114.601,212,90,86,0.1,6,0,1
15,"44.step",44,359,4,647.551,0.00114107,291.135,6,212,6.05664,0.0208036,0.963944,2.91913,-205.859,73.3657,103.751,212,90,86,0.1,6,0,1
15,"44.step",45,359,5,647.551,0.00114107,291.135,6,212,6.05664,0.0208036,0.963944,2.91913,-201.753,74.1941,109.402,212,90,86,0.1,6,0,1
15,"44.step",46,364,0,431.353,0.000760098,145.647,2,15,18.8496,0.129419,3,28.2743,-164.788,76.9193,105.126,15,7,0,3,8.8,0.133333,0
15,"44.step",47,364,1,431.353,0.000760098,145.647,2,15,18.8496,0.129419,3,28.2743,-179.198,85.5563,107.983,15,7,0,3,8.8,0.133333,0
15,"44.step",48,702,0,340.297,0.000599646,122.08,2,12,18.8496,0.154404,3,28.2743,-177.168,89.6288,105.911,12,3,0,3,4,0,0
15,"44.step",49,702,1,340.297,0.000599646,122.08,2,12,18.8496,0.154404,3,28.2743,-162.758,80.9918,103.054,12,3,0,3,4,0,0
15,"44.step",50,704,0,340.297,0.000599646,122.08,2,12,18.8496,0.154404,3,28.2743,-188.536,66.8228,117.515,12,3,0,3,4,0,0
15,"44.step",51,704,1,340.297,0.000599646,122.08,2,12,18.8496,0.154404,3,28.2743,-174.126,58.1859,114.657,12,3,0,3,4,0,0
15,"44.step",52,705,0,431.352,0.000760098,145.647,2,15,18.8496,0.129419,3,28.2743,-172.096,62.2583,112.585,15,7,0,3,8.8,0.133333,0
15,"44.step",53,705,1,431.352,0.000760098,145.647,2,15,18.8496,0.129419,3,28.2743,-186.506,70.8953,115.443,15,7,0,3,8.8,0.133333,0
15,"44.step",54,716,0,177.528,0.000312827,99.0984,1,12,31.4159,0.317018,5,78.5398,-238.362,77.0271,73.3118,12,3,0,3,5,0.166667,0
15,"44.step",55,770,0,166.989,0.000294255,72.9684,1,8,18.8496,0.258325,3,28.2743,-239.358,95.286,80.7139,8,3,0,3,4,0.5,0
15,"44.step",56,772,0,166.989,0.000294255,72.9684,1,8,18.8496,0.258325,3,28.2743,-242.444,89.0958,83.8635,8,3,0,3,4,0.5,0
15,"44.step",57,774,0,177.528,0.000312827,99.0984,1,12,31.4159,0.317018,5,78.5398,-232.191,89.4075,67.0126,12,3,0,3,5,0.166667,0
15,"44.step",58,832,0,146.703,0.000258509,111.848,1,7,43.9823,0.393231,7,153.938,-199.874,86.051,110.415,7,3,0,4,7,0,0
15,"44.step",59,972,0,131.488,0.000231699,89.0391,1,10,32.3894,0.363766,5.15493,83.4825,-250.577,87.1893,62.9785,10,1,0,10,10,0.1,0
15,"44.step",60,979,0,1157.69,0.00203999,426.214,3,27,37.6991,0.0884511,6,113.097,-254.51,95.0959,56.5671,27,5,0,3,12,0,1
15,"44.step",61,979,1,1157.69,0.00203999,426.214,3,27,37.6991,0.0884511,6,113.097,-341.926,115.937,11.8863,27,5,0,3,12,0,1
15,"44.step",62,979,2,1157.69,0.00203999,426.214,3,27,18.8496,0.0442256,3,28.2743,-237.995,98.5226,79.4818,27,5,0,3,12,0,1
15,"44.step",63,991,0,135.128,0.000238113,69.7724,1,7,18.8496,0.270158,3,28.2743,-239.498,95.509,81.0152,7,3,1,0.5,5,0.142857,0
15,"44.step",64,1025,0,135.128,0.000238113,69.7724,1,7,18.8496,0.270158,3,28.2743,-242.583,89.3188,84.1648,7,3,1,0.5,5,0.142857,0
15,"44.step",65,1054,0,1157.69,0.00203999,426.214,3,27,37.6991,0.0884511,6,113.097,-348.016,103.72,18.1026,27,5,0,3,12,0,1
15,"44.step",66,1054,1,1157.69,0.00203999,426.214,3,27,37.6991,0.0884511,6,113.097,-260.601,82.8784,62.7835,27,5,0,3,12,0,1
15,"44.step",67,1054,2,1157.69,0.00203999,426.214,3,27,18.8496,0.0442256,3,28.2743,-244.086,86.3051,85.6981,27,5,0,3,12,0,1
15,"44.step",68,1067,0,7.06858,1.24557e-05,28.2743,1,2,12.5664,0.444444,2,12.5664,-251.309,94.672,76.968,2,2,1,2,2.5,0.5,1
15,"44.step",69,1090,0,186.852,0.000329257,79.65,1,25,21.9911,0.276097,3.5,38.4845,-249.117,86.873,63.7872,25,13,12,1.5,3.5,0.04,0
15,"44.step",70,1096,0,186.852,0.000329257,79.65,1,25,21.9911,0.276097,3.5,38.4845,-243.855,85.5546,66.3512,25,13,12,1.5,3.5,0.04,0
15,"44.step",71,1149,0,29.0358,5.11649e-05,56.3568,1,2,24.9409,0.442553,3.96946,49.5009,-238.461,77.3315,73.5717,2,1,0,5,5,0,0
15,"44.step",72,1150,0,29.0358,5.11649e-05,56.3568,1,2,24.9409,0.442553,3.96946,49.5009,-232.371,89.549,67.3553,2,1,0,5,5,0,0
15,"44.step",73,1157,0,29.0358,5.11649e-05,56.3568,1,2,24.9409,0.442553,3.96946,49.5009,-260.601,82.8784,62.7835,2,1,0,5,5,0,0
15,"44.step",74,1158,0,29.0358,5.11649e-05,56.3568,1,2,24.9409,0.442553,3.96946,49.5009,-254.51,95.0959,56.5671,2,1,0,5,5,0,0
15,"44.step",75,1167,0,33.1493,5.84133e-05,41.3229,1,4,15.0796,0.364923,2.4,18.0956,-203.755,91.4226,102.692,4,3,0,2.4,7,0.25,0
15,"44.step",76,1185,0,105.692,0.000186244,65.2449,1,5,21.9911,0.337056,3.5,38.4845,-200.163,86.2802,110.583,5,3,0,3.5,7,0.2,0
15,"44.step",77,1195,0,33.1493,5.84133e-05,41.3229,1,4,15.0796,0.364923,2.4,18.0956,-208.627,81.6486,107.665,4,3,0,2.4,7,0.25,0
15,"44.step",78,1196,0,86.4007,0.000152249,59.9216,1,7,18.8496,0.31457,3,28.2743,-207.572,83.7663,106.588,7,1,0,3,3,0.285714,0
15,"44.step",79,1198,0,86.4007,0.000152249,59.9216,1,7,18.8496,0.31457,3,28.2743,-204.811,89.3049,103.77,7,1,0,3,3,0.285714,0
15,"44.step",80,1204,0,110.289,0.000194344,60.5777,1,3,18.8496,0.311163,3,28.2743,-204.973,88.9791,103.936,3,1,0,3,3,0,0
15,"44.step",81,1205,0,110.289,0.000194344,60.5777,1,3,18.8496,0.311163,3,28.2743,-207.409,84.0921,106.422,3,1,0,3,3,0,0
15,"44.step",82,1221,0,35.7827,6.30538e-05,42.0973,1,2,15.708,0.373134,2.5,19.635,-208.627,81.6486,107.665,2,2,0,2.5,4.2,0.5,0
15,"44.step",83,1231,0,31.0198,5.46608e-05,39.0186,1,9,14.5142,0.371981,2.31,16.7639,-210.576,77.739,109.655,9,0,0,0,0,0,0
15,"44.step",84,1245,0,37.1101,6.53927e-05,42.4115,1,2,15.708,0.37037,2.5,19.635,-203.755,91.4226,102.692,2,2,0,2.5,4.25,0,0
15,"44.step",85,1252,0,17.0912,3.01169e-05,42.7256,1,3,18.8495,0.441176,2.99999,28.2742,-244.898,84.6761,86.527,3,0,0,0,0,0,0
15,"44.step",86,1312,0,17.0927,3.01196e-05,42.7256,1,3,18.8495,0.441176,2.99999,28.2742,-175.078,56.7798,115.788,3,0,0,0,0,0,0
15,"44.step",87,1316,0,21.9911,3.87512e-05,43.9823,1,2,18.8496,0.428571,3,28.2743,-174.266,58.4088,114.959,2,2,0,3,4,0.5,0
15,"44.step",88,1372,0,40.2124,7.08594e-05,50.2655,1,4,20.1062,0.4,3.2,32.1699,-186.465,70.9767,115.401,4,0,0,0,0,0,0
15,"44.step",89,1380,0,40.2124,7.08594e-05,50.2655,1,4,20.1062,0.4,3.2,32.1699,-179.238,85.4748,108.025,4,0,0,0,0,0,0
15,"44.step",90,1385,0,131.979,0.000232564,87.9651,1,2,34.5576,0.392856,5.50002,95.0339,-186.179,71.552,115.108,2,0,0,0,0,0,0
15,"44.step",91,1388,0,18.1554,3.19921e-05,72.257,1,2,34.5579,0.478263,5.50006,95.0351,-183.336,77.2534,112.208,2,1,0,6,6,0,0
15,"44.step",92,1393,0,132.061,0.000232709,87.9651,1,2,34.5579,0.392859,5.50006,95.0351,-179.525,84.8996,108.317,2,0,0,0,0,0,0
15,"44.step",93,1399,0,18.0582,3.18209e-05,72.2568,1,2,34.5576,0.478262,5.50002,95.0339,-182.367,79.1982,111.218,2,1,0,6,6,0,0
15,"44.step",94,1412,0,0.335947,5.91981e-07,5.50476,1,3,1.23709e-05,2.24731e-06,1.96889e-06,1.21784e-11,-188.881,62.9859,116.875,3,0,0,0,0,0.666667,1
15,"44.step",95,1423,0,24.081,4.24339e-05,43.2723,1,10,18.1396,0.419196,2.887,26.1844,-190.972,61.9358,120.001,10,0,0,0,0,0,0
15,"44.step",96,1432,0,5.1409,9.05892e-06,50.2635,1,2,24.5045,0.487521,3.90001,47.784,-174.731,94.5158,103.425,2,0,0,0,0,0,0
15,"44.step",97,1450,0,32.7846,5.77706e-05,31.279,1,7,9.17987,0.293484,1.46102,6.70599,-220.854,75.9092,81.9938,7,6,6,0.2,0.2,0,1
15,"44.step",98,1471,0,15.708,2.76794e-05,31.4159,1,2,12.5664,0.4,2,12.5664,-220.042,77.5382,81.1649,2,2,1,2,3,0,1
15,"44.step",99,1487,0,25.7189,4.532e-05,73.5134,1,2,34.5575,0.470085,5.5,95.0332,-194.886,72.276,88.2296,2,0,0,0,0,0,0
15,"44.step",100,1493,0,99.5021,0.000175335,97.0752,1,2,42.0973,0.433657,6.7,141.026,-191.392,66.7023,80.6976,2,2,0,6.7,8.75,0.5,0
15,"44.step",101,1501,0,182.973,0.000322421,111.213,1,2,45.2391,0.40678,7.20003,162.861,-191.741,67.2599,81.4507,2,0,0,0,0,0,0
15,"44.step",102,1507,0,117.631,0.00020728,144.361,2,8,4.71239,0.0326431,0.75,1.76715,-184.725,64.1826,88.3095,8,6,4,0.75,11.5,0,1
15,"44.step",103,1507,1,117.631,0.00020728,144.361,2,8,4.71239,0.0326431,0.75,1.76715,-182.695,68.2551,86.2374,8,6,4,0.75,11.5,0,1
15,"44.step",104,1508,0,117.631,0.00020728,144.361,2,8,4.71239,0.0326431,0.75,1.76715,-184.376,63.6253,87.5563,8,6,4,0.75,11.5,0,1
15,"44.step",105,1508,1,117.631,0.00020728,144.361,2,8,4.71239,0.0326431,0.75,1.76715,-182.346,67.6978,85.4842,8,6,4,0.75,11.5,0,1
15,"44.step",106,1515,0,18.8496,3.32153e-05,37.6991,1,2,15.708,0.416667,2.5,19.635,-192.665,68.7444,83.4643,2,1,0,2.5,2.5,0.5,0
15,"44.step",107,1527,0,10.2102,1.79916e-05,40.8407,1,2,18.8496,0.461538,3,28.2743,183.216,23.9717,53.71,2,2,0,3,3.5,0.5,0
15,"44.step",108,1528,0,75.3982,0.000132861,37.6991,1,2,6.28319,0.166667,1,3.14159,187.044,43.9715,66.3434,2,2,1,1,5,0.5,1
15,"44.step",109,1529,0,35.3429,6.22787e-05,141.372,1,2,69.115,0.488889,11,380.133,191.742,67.2597,81.4508,2,2,0,11,11.5,0.5,0
15,"44.step",110,1530,0,529.288,0.000932673,131.558,1,11,31.4159,0.2388,5,78.5398,166.447,57.6105,36.5944,11,3,0,5,5,0,0
15,"44.step",111,1535,0,224.397,0.000395417,124.073,2,6,21.9911,0.177243,3.5,38.4845,170.399,43.7329,21.1331,6,1,0,11,11,0,0
15,"44.step",112,1535,1,224.397,0.000395417,124.073,2,6,21.9911,0.177243,3.5,38.4845,155.198,40.8343,30.3281,6,1,0,11,11,0,0
15,"44.step",113,1542,0,60.6677,0.000106904,143.541,1,2,69.115,0.481499,11,380.133,192.44,68.3744,82.9572,2,1,0,11,11,0,0
15,"44.step",114,1575,0,213.988,0.000377075,254.608,3,21,81.0531,0.318345,12.9,522.792,190.344,65.0302,78.438,21,3,0,10,12.9,0.047619,0
15,"44.step",115,1575,1,213.988,0.000377075,254.608,3,21,21.9911,0.0863727,3.5,38.4845,205.707,53.6891,79.705,21,3,0,10,12.9,0.047619,0
15,"44.step",116,1575,2,213.988,0.000377075,254.608,3,21,21.9911,0.0863727,3.5,38.4845,174.981,76.3713,77.1709,21,3,0,10,12.9,0.047619,0
15,"44.step",117,1606,0,436.512,0.000769189,161.581,2,18,31.4159,0.194428,5,78.5398,191.104,35.8265,70.4876,18,5,0,3.5,10,0.222222,0
15,"44.step",118,1606,1,436.512,0.000769189,161.581,2,18,21.9911,0.1361,3.5,38.4845,183.419,23.5644,53.9172,18,5,0,3.5,10,0.222222,0
15,"44.step",119,1607,0,35.3429,6.22787e-05,141.372,1,2,69.115,0.488889,11,380.133,192.091,67.817,82.204,2,2,0,11,11.5,0.5,0
15,"44.step",120,1614,0,224.397,0.000395417,124.073,2,8,21.9911,0.177243,3.5,38.4845,166.973,17.2138,42.3463,8,1,0,11,11,0,0
15,"44.step",121,1614,1,224.397,0.000395417,124.073,2,8,21.9911,0.177243,3.5,38.4845,182.173,20.1125,33.1514,8,1,0,11,11,0,0
15,"44.step",122,1656,0,75.3982,0.000132861,37.6991,1,2,6.28319,0.166667,1,3.14159,170.507,49.4655,40.7386,2,2,1,1,5,0.5,1
15,"44.step",123,1657,0,139.605,0.000246001,124.093,1,2,54.9779,0.443038,8.75,240.528,189.646,63.9154,76.9316,2,2,0,8.75,11,0.5,0
15,"44.step",124,1680,0,300.58,0.00052966,129.774,2,16,21.9911,0.169458,3.5,38.4845,165.857,36.4872,11.3416,16,6,1,1.5,10,0.1875,0
15,"44.step",125,1680,1,300.58,0.00052966,129.774,2,16,21.9911,0.169458,3.5,38.4845,150.657,33.5885,20.5365,16,6,1,1.5,10,0.1875,0
15,"44.step",126,1696,0,300.58,0.00052966,129.774,2,15,21.9911,0.169458,3.5,38.4845,177.632,12.8667,23.3598,15,6,1,1.5,10,0.2,0
15,"44.step",127,1696,1,300.58,0.00052966,129.774,2,15,21.9911,0.169458,3.5,38.4845,162.431,9.96804,32.5547,15,6,1,1.5,10,0.2,0
15,"44.step",128,1702,0,228.531,0.000402701,124.349,2,8,21.9911,0.17685,3.5,38.4845,180.776,17.883,30.1386,8,1,0,11,11,0,0
15,"44.step",129,1702,1,228.531,0.000402701,124.349,2,8,21.9911,0.17685,3.5,38.4845,165.575,14.9844,39.3335,8,1,0,11,11,0,0
15,"44.step",130,1703,0,228.531,0.000402701,124.349,2,7,21.9911,0.17685,3.5,38.4845,169.001,41.5035,18.1203,7,1,0,11,11,0,0
15,"44.step",131,1703,1,228.531,0.000402701,124.349,2,7,21.9911,0.17685,3.5,38.4845,153.801,38.6048,27.3153,7,1,0,11,11,0,0
15,"44.step",132,1735,0,722.469,0.00127308,333.773,1,20,156.195,0.467969,24.8592,1941.45,189.104,64.6685,79.2809,20,1,0,50,50,0,0
15,"44.step",133,1742,0,415.975,0.000733001,138.25,1,9,37.6991,0.272688,6,113.097,185.772,72.3664,114.694,9,3,0,6,10,0.222222,0
15,"44.step",134,1759,0,130.283,0.000229576,66.0813,1,6,18.8496,0.285248,3,28.2743,220.042,77.5382,81.1649,6,3,0,3,50,0.166667,0
15,"44.step",135,1761,0,130.283,0.000229576,66.0813,1,6,18.8496,0.285248,3,28.2743,217.606,82.4252,78.6784,6,3,0,3,50,0.166667,0
15,"44.step",136,1765,0,282.861,0.000498437,126.479,1,9,37.6991,0.298067,6,113.097,179.931,84.0851,108.732,9,3,0,5.2,8.8,0.222222,0
15,"44.step",137,1818,0,250.928,0.000442167,134.378,2,10,23.8761,0.177679,3.8,45.3646,197.482,83.1198,94.9327,10,0,0,0,0,0,0
15,"44.step",138,1818,1,250.928,0.000442167,134.378,2,10,20.7345,0.1543,3.3,34.2119,216.794,84.0542,77.8496,10,0,0,0,0,0,0
15,"44.step",139,1843,0,234.874,0.000413879,138.776,2,9,25.1327,0.181103,4,50.2655,220.854,75.9092,81.9938,9,0,0,0,0,0,0
15,"44.step",140,1843,1,234.874,0.000413879,138.776,2,9,23.8761,0.172048,3.8,45.3646,201.543,74.9748,99.0769,9,0,0,0,0,0,0
15,"44.step",141,1874,0,431.353,0.0007601,145.647,2,15,18.8496,0.129419,3,28.2743,164.788,76.9193,105.126,15,7,0,3,8.8,0.133333,0
15,"44.step",142,1874,1,431.353,0.0007601,145.647,2,15,18.8496,0.129419,3,28.2743,179.198,85.5563,107.983,15,7,0,3,8.8,0.133333,0
15,"44.step",143,1875,0,647.569,0.0011411,291.135,6,212,120.045,0.412336,19.1058,1146.78,213.982,78.3316,105.552,212,90,86,0.1,6,0,0
15,"44.step",144,1875,1,647.569,0.0011411,291.135,6,212,10.4288,0.0358211,1.65979,8.65477,203.98,76.6272,112.001,212,90,86,0.1,6,0,1
15,"44.step",145,1875,2,647.569,0.0011411,291.135,6,212,9.36991,0.0321841,1.49127,6.98652,213.301,73.681,97.0791,212,90,86,0.1,6,0,1
15,"44.step",146,1875,3,647.569,0.0011411,291.135,6,212,9.36991,0.0321841,1.49127,6.98652,206.207,79.0603,114.601,212,90,86,0.1,6,0,1
15,"44.step",147,1875,4,647.569,0.0011411,291.135,6,212,6.05664,0.0208036,0.963944,2.91913,205.859,73.3657,103.751,212,90,86,0.1,6,0,1
15,"44.step",148,1875,5,647.569,0.0011411,291.135,6,212,6.05664,0.0208036,0.963944,2.91913,201.753,74.1941,109.402,212,90,86,0.1,6,0,1
15,"44.step",149,1931,0,647.551,0.00114107,291.134,6,212,120.045,0.412335,19.1057,1146.77,205.862,94.6216,97.264,212,90,86,0.1,6,0,0
15,"44.step",150,1931,1,647.551,0.00114107,291.134,6,212,10.4288,0.0358212,1.65979,8.65477,195.86,92.9171,103.713,212,90,86,0.1,6,0,1
15,"44.step",151,1931,2,647.551,0.00114107,291.134,6,212,9.36991,0.0321842,1.49127,6.98652,205.181,89.971,88.7906,212,90,86,0.1,6,0,1
15,"44.step",152,1931,3,647.551,0.00114107,291.134,6,212,9.36991,0.0321842,1.49127,6.98652,198.087,95.3502,106.313,212,90,86,0.1,6,0,1
15,"44.step",153,1931,4,647.551,0.00114107,291.134,6,212,6.05664,0.0208036,0.963944,2.91913,197.739,89.6557,95.4623,212,90,86,0.1,6,0,1
15,"44.step",154,1931,5,647.551,0.00114107,291.134,6,212,6.05664,0.0208036,0.963944,2.91913,193.632,90.4841,101.113,212,90,86,0.1,6,0,1
15,"44.step",155,2104,0,146.703,0.000258509,111.848,1,7,43.9823,0.393231,7,153.938,199.874,86.051,110.415,7,3,0,4,7,0,0
15,"44.step",156,2135,0,431.354,0.0007601,145.647,2,15,18.8496,0.129419,3,28.2743,172.096,62.2583,112.585,15,7,0,3,8.8,0.133333,0
15,"44.step",157,2135,1,431.354,0.0007601,145.647,2,15,18.8496,0.129419,3,28.2743,186.506,70.8953,115.443,15,7,0,3,8.8,0.133333,0
15,"44.step",158,2136,0,340.297,0.000599646,122.08,2,12,18.8496,0.154404,3,28.2743,188.536,66.8228,117.515,12,3,0,3,4,0,0
15,"44.step",159,2136,1,340.297,0.000599646,122.08,2,12,18.8496,0.154404,3,28.2743,174.126,58.1859,114.657,12,3,0,3,4,0,0
15,"44.step",160,2138,0,340.297,0.000599646,122.08,2,12,18.8496,0.154404,3,28.2743,177.168,89.6288,105.911,12,3,0,3,4,0,0
15,"44.step",161,2138,1,340.297,0.000599646,122.08,2,12,18.8496,0.154404,3,28.2743,162.758,80.9918,103.054,12,3,0,3,4,0,0
15,"44.step",162,2156,0,166.989,0.000294255,72.9684,1,8,18.8496,0.258325,3,28.2743,239.358,95.286,80.7139,8,3,0,3,4,0.5,0
15,"44.step",163,2158,0,166.989,0.000294255,72.9684,1,8,18.8496,0.258325,3,28.2743,242.444,89.0958,83.8635,8,3,0,3,4,0.5,0
15,"44.step",164,2160,0,177.528,0.000312827,99.0984,1,12,31.4159,0.317018,5,78.5398,232.191,89.4075,67.0126,12,3,0,3,5,0.166667,0
15,"44.step",165,2416,0,177.528,0.000312827,99.0984,1,12,31.4159,0.317018,5,78.5398,238.362,77.0271,73.3118,12,3,0,3,5,0.166667,0
15,"44.step",166,2475,0,131.488,0.000231699,89.0391,1,10,32.3894,0.363766,5.15493,83.4825,250.577,87.1893,62.9785,10,1,0,10,10,0.1,0
15,"44.step",167,2482,0,1157.69,0.00203999,426.214,3,26,37.6991,0.0884511,6,113.097,341.926,115.937,11.8863,26,5,0,3,12,0,1
15,"44.step",168,2482,1,1157.69,0.00203999,426.214,3,26,37.6991,0.0884511,6,113.097,254.51,95.0959,56.5671,26,5,0,3,12,0,1
15,"44.step",169,2482,2,1157.69,0.00203999,426.214,3,26,18.8496,0.0442256,3,28.2743,237.995,98.5226,79.4818,26,5,0,3,12,0,1
15,"44.step",170,2510,0,1157.69,0.00203999,426.214,3,26,37.6991,0.0884511,6,113.097,260.601,82.8784,62.7835,26,5,0,3,12,0,1
15,"44.step",171,2510,1,1157.69,0.00203999,426.214,3,26,37.6991,0.0884511,6,113.097,348.016,103.72,18.1026,26,5,0,3,12,0,1
15,"44.step",172,2510,2,1157.69,0.00203999,426.214,3,26,18.8496,0.0442256,3,28.2743,244.086,86.3051,85.6981,26,5,0,3,12,0,1
15,"44.step",173,2522,0,7.06858,1.24557e-05,28.2743,1,2,12.5664,0.444444,2,12.5664,251.309,94.672,76.968,2,2,1,2,2.5,0.5,1
15,"44.step",174,2527,0,135.128,0.000238113,69.7724,1,7,18.8496,0.270158,3,28.2743,242.583,89.3188,84.1648,7,3,1,0.5,5,0.142857,0
15,"44.step",175,2586,0,135.128,0.000238113,69.7724,1,7,18.8496,0.270158,3,28.2743,239.498,95.509,81.0152,7,3,1,0.5,5,0.142857,0
15,"44.step",176,2642,0,186.852,0.000329257,79.65,1,25,21.9911,0.276097,3.5,38.4845,249.117,86.873,63.7872,25,13,12,1.5,3.5,0.04,0
15,"44.step",177,2647,0,186.852,0.000329257,79.65,1,25,21.9911,0.276097,3.5,38.4845,243.855,85.5546,66.3512,25,13,12,1.5,3.5,0.04,0
15,"44.step",178,2655,0,29.0427,5.11769e-05,56.3568,1,2,24.9409,0.442553,3.96946,49.5009,232.371,89.549,67.3553,2,1,0,5,5,0,0
15,"44.step",179,2656,0,29.0427,5.11769e-05,56.3568,1,2,24.9409,0.442553,3.96946,49.5009,238.461,77.3315,73.5717,2,1,0,5,5,0,0
15,"44.step",180,2663,0,29.0427,5.11769e-05,56.3568,1,2,24.9409,0.442553,3.96946,49.5009,254.51,95.0959,56.5671,2,1,0,5,5,0,0
15,"44.step",181,2664,0,29.0427,5.11769e-05,56.3568,1,2,24.9409,0.442553,3.96946,49.5009,260.601,82.8784,62.7835,2,1,0,5,5,0,0
15,"44.step",182,2670,0,33.1494,5.84134e-05,41.3229,1,4,15.0796,0.364923,2.4,18.0956,203.755,91.4226,102.692,4,3,0,2.4,7,0.25,0
15,"44.step",183,2673,0,86.4007,0.000152249,59.9216,1,7,18.8496,0.31457,3,28.2743,204.811,89.3049,103.77,7,1,0,3,3,0.285714,0
15,"44.step",184,2675,0,86.4007,0.000152249,59.9216,1,7,18.8496,0.31457,3,28.2743,207.572,83.7663,106.588,7,1,0,3,3,0.285714,0
15,"44.step",185,2684,0,105.692,0.000186244,65.2449,1,5,21.9911,0.337056,3.5,38.4845,200.163,86.2802,110.583,5,3,0,3.5,7,0.2,0
15,"44.step",186,2699,0,33.1494,5.84134e-05,41.3229,1,4,15.0796,0.364923,2.4,18.0956,208.627,81.6486,107.665,4,3,0,2.4,7,0.25,0
15,"44.step",187,2706,0,110.289,0.000194344,60.5777,1,3,18.8496,0.311163,3,28.2743,207.409,84.0921,106.422,3,1,0,3,3,0,0
15,"44.step",188,2711,0,110.289,0.000194344,60.5777,1,3,18.8496,0.311163,3,28.2743,204.973,88.9791,103.936,3,1,0,3,3,0,0
15,"44.step",189,2726,0,35.7827,6.30538e-05,42.0973,1,2,15.708,0.373134,2.5,19.635,208.627,81.6486,107.665,2,2,0,2.5,4.2,0.5,0
15,"44.step",190,2729,0,31.0198,5.46608e-05,39.0186,1,8,14.5142,0.371981,2.31,16.7639,210.576,77.739,109.655,8,0,0,0,0,0,0
15,"44.step",191,2749,0,37.1101,6.53927e-05,42.4115,1,2,15.708,0.37037,2.5,19.635,203.755,91.4226,102.692,2,2,0,2.5,4.25,0,0
15,"44.step",192,2756,0,17.0824,3.01014e-05,42.7256,1,3,18.8495,0.441176,2.99999,28.2742,244.898,84.6761,86.527,3,0,0,0,0,0,0
15,"44.step",193,2824,0,17.0794,3.00961e-05,42.7256,1,3,18.8495,0.441176,2.99999,28.2742,175.078,56.7798,115.788,3,0,0,0,0,0,0
15,"44.step",194,2828,0,21.9911,3.87512e-05,43.9823,1,2,18.8496,0.428571,3,28.2743,174.266,58.4088,114.959,2,2,0,3,4,0.5,0
15,"44.step",195,2877,0,40.2124,7.08594e-05,50.2655,1,3,20.1062,0.4,3.2,32.1699,186.465,70.9767,115.401,3,0,0,0,0,0,0
15,"44.step",196,2882,0,40.2124,7.08594e-05,50.2655,1,3,20.1062,0.4,3.2,32.1699,179.238,85.4748,108.025,3,0,0,0,0,0,0
15,"44.step",197,2886,0,131.945,0.000232504,87.965,1,2,34.5578,0.392858,5.50004,95.0345,179.525,84.8996,108.317,2,0,0,0,0,0,0
15,"44.step",198,2893,0,18.1554,3.19921e-05,72.257,1,2,34.5579,0.478263,5.50006,95.0351,182.367,79.1982,111.218,2,1,0,6,6,0,0
15,"44.step",199,2896,0,18.0482,3.18032e-05,72.2569,1,2,34.5578,0.478263,5.50004,95.0345,183.336,77.2534,112.208,2,1,0,6,6,0,0
15,"44.step",200,2901,0,132.085,0.000232751,87.9653,1,2,34.5579,0.392858,5.50006,95.0351,186.179,71.552,115.109,2,0,0,0,0,0,0
15,"44.step",201,2929,0,24.081,4.24339e-05,43.2723,1,9,18.1396,0.419196,2.887,26.1844,190.972,61.9358,120.001,9,0,0,0,0,0,0
15,"44.step",202,2944,0,5.01327,8.83403e-06,50.2627,1,2,24.5046,0.48753,3.90003,47.7843,174.731,94.5158,103.424,2,0,0,0,0,0,0
15,"44.step",203,2958,0,32.7846,5.77706e-05,31.279,1,7,9.17987,0.293484,1.46102,6.70599,220.854,75.9092,81.9938,7,6,6,0.2,0.2,0,1
15,"44.step",204,2975,0,15.708,2.76794e-05,31.4159,1,2,12.5664,0.4,2,12.5664,220.042,77.5382,81.1649,2,2,1,2,3,0,1
15,"44.step",205,2986,0,26.0191,4.58491e-05,73.5134,1,2,34.5575,0.470085,5.5,95.0332,194.886,72.276,88.2296,2,0,0,0,0,0,0
15,"44.step",206,2991,0,99.5021,0.000175335,97.0752,1,2,42.0973,0.433657,6.7,141.026,191.392,66.7023,80.6976,2,2,0,6.7,8.75,0.5,0
15,"44.step",207,3000,0,183.469,0.000323296,111.213,1,2,45.2393,0.40678,7.20005,162.862,191.742,67.2597,81.4508,2,0,0,0,0,0,0
15,"44.step",208,3004,0,117.631,0.00020728,144.361,2,8,4.71239,0.0326431,0.75,1.76715,184.376,63.6253,87.5563,8,6,4,0.75,11.5,0,1
15,"44.step",209,3004,1,117.631,0.00020728,144.361,2,8,4.71239,0.0326431,0.75,1.76715,182.346,67.6978,85.4842,8,6,4,0.75,11.5,0,1
15,"44.step",210,3005,0,117.631,0.00020728,144.361,2,8,4.71239,0.0326431,0.75,1.76715,182.695,68.2551,86.2374,8,6,4,0.75,11.5,0,1
15,"44.step",211,3005,1,117.631,0.00020728,144.361,2,8,4.71239,0.0326431,0.75,1.76715,184.725,64.1826,88.3095,8,6,4,0.75,11.5,0,1
15,"44.step",212,3018,0,18.8496,3.32153e-05,37.6991,1,2,15.708,0.416667,2.5,19.635,192.665,68.7444,83.4643,2,1,0,2.5,2.5,0.5,0
15,"44.step",213,3073,0,1722.6,0.00303544,234.365,1,2,71.0013,0.302952,11.3002,401.165,-221.188,39.5039,-1.94899,2,0,0,0,0,0,0
15,"44.step",214,3077,0,283.633,0.000499798,163.765,1,2,71.0001,0.43355,11.3,401.152,-328.857,60.036,-67.0798,2,0,0,0,0,0,0
15,"44.step",215,3081,0,46.3385,8.16543e-05,185.354,1,2,91.1062,0.491525,14.5,660.52,-233.433,41.8389,-9.35602,2,2,0,14.5,15,0.5,0
15,"44.step",216,3082,0,46.3385,8.16543e-05,185.354,1,2,91.1062,0.491525,14.5,660.52,-322.102,58.7477,-62.9932,2,2,0,14.5,15,0.5,0
15,"44.step",217,3085,0,46.3385,8.16543e-05,185.354,1,2,91.1062,0.491525,14.5,660.52,-240.189,43.1272,-13.4427,2,2,0,14.5,15,0.5,0
15,"44.step",218,3086,0,46.3385,8.16543e-05,185.354,1,2,91.1062,0.491525,14.5,660.52,-321.257,58.5866,-62.4824,2,2,0,14.5,15,0.5,0
15,"44.step",219,3533,0,47.9101,8.44238e-05,185.459,1,2,91.1062,0.491248,14.5,660.52,-232.588,41.6779,-8.84519,2,1,0,14.5,14.5,0.5,0
15,"44.step",220,3543,0,46.3385,8.16543e-05,185.354,1,2,91.1062,0.491525,14.5,660.52,-241.033,43.2882,-13.9535,2,2,0,14.5,15,0.5,0
15,"44.step",221,3580,0,58.9127,0.000103812,47.1244,1,0,15.7095,0.333363,2.50025,19.6388,-182.005,40.6397,-2.7437,0,0,0,0,0,0,0
15,"44.step",222,3617,0,1526.49,0.00268988,235.204,1,0,69.115,0.293851,11,380.133,-220.766,39.4234,-1.69357,0,0,0,0,0,0,0
15,"44.step",223,3655,0,44.0308,7.75879e-05,48.4232,1,0,15.708,0.324389,2.5,19.635,-197.152,65.9732,30.2831,0,0,0,0,0,0,0
15,"44.step",224,3667,0,389.12,0.00068568,141.068,1,0,32.9194,0.233358,5.23928,86.2369,-181.2,44.567,-2.83693,0,0,0,0,0,0,0
15,"44.step",225,3683,0,1390.24,0.00244978,235.798,1,0,69.115,0.293111,11,380.133,-181.076,31.8547,22.3154,0,0,0,0,0,0,0
15,"44.step",226,4276,0,1722.54,0.00303534,234.364,1,2,71.0001,0.302948,11.3,401.152,221.188,39.5039,-1.94895,2,0,0,0,0,0,0
15,"44.step",227,4281,0,283.358,0.000499313,163.767,1,2,71.0002,0.433545,11.3,401.152,328.857,60.036,-67.0798,2,0,0,0,0,0,0
15,"44.step",228,4285,0,47.9101,8.44238e-05,185.459,1,2,91.1062,0.491248,14.5,660.52,232.588,41.6779,-8.84519,2,1,0,14.5,14.5,0.5,0
15,"44.step",229,4289,0,46.3385,8.16543e-05,185.354,1,2,91.1062,0.491525,14.5,660.52,233.433,41.8389,-9.35602,2,2,0,14.5,15,0.5,0
15,"44.step",230,4290,0,46.3385,8.16543e-05,185.354,1,2,91.1062,0.491525,14.5,660.52,322.102,58.7477,-62.9932,2,2,0,14.5,15,0.5,0
15,"44.step",231,4293,0,46.3385,8.16543e-05,185.354,1,2,91.1062,0.491525,14.5,660.52,240.189,43.1272,-13.4427,2,2,0,14.5,15,0.5,0
15,"44.step",232,4294,0,46.3385,8.16543e-05,185.354,1,2,91.1062,0.491525,14.5,660.52,321.257,58.5866,-62.4824,2,2,0,14.5,15,0.5,0
15,"44.step",233,4333,0,46.3385,8.16543e-05,185.354,1,2,91.1062,0.491525,14.5,660.52,241.033,43.2882,-13.9535,2,2,0,14.5,15,0.5,0
15,"44.step",234,4363,0,124.153,0.000218774,69.1285,1,0,15.7074,0.227221,2.49992,19.6337,212.595,65.4027,12.5653,0,0,0,0,0,0,0
15,"44.step",235,4401,0,163.75,0.000288549,102.673,1,0,37.6979,0.367163,5.9998,113.09,203.856,73.2932,-2.33013,0,0,0,0,0,0,0
15,"44.step",236,4419,0,64.8253,0.000114231,54.7715,1,0,18.8514,0.344183,3.0003,28.28,174.981,42.78,1.98096,0,0,0,0,0,0,0
15,"44.step",237,4533,0,223.737,0.000394253,118.319,1,0,42.9161,0.362717,6.83032,146.565,185.701,55.687,-5.63022,0,0,0,0,0,0,0
15,"44.step",238,4543,0,63.3482,0.000111628,84.8223,1,0,37.6979,0.444434,5.9998,113.09,221.831,64.5048,24.6131,0,0,0,0,0,0,0
15,"44.step",239,4616,0,25.5338,4.49939e-05,51.2908,1,0,21.9923,0.428777,3.50018,38.4885,191.061,67.4823,36.3501,0,0,0,0,0,0,0
15,"44.step",240,4655,0,182.597,0.000321759,93.6993,1,9,25.1327,0.268228,4,50.2655,-77.2085,39.6,53.784,9,3,0,4,25.5,0,0
15,"44.step",241,4696,0,123.547,0.000217706,68.7586,1,6,18.8496,0.274141,3,28.2743,-76.9815,36.1,8.32558,6,1,0,3,3,0.166667,0
15,"44.step",242,4697,0,182.597,0.000321759,93.6993,1,9,25.1327,0.268228,4,50.2655,-77.8174,39.6,54.5772,9,3,0,4,25.5,0,0
15,"44.step",243,4714,0,1030.5,0.00181588,402.883,1,17,18.8496,0.0467867,3,28.2743,-76.9815,27.1,8.32558,17,3,1,2,25.5,0.0588235,0
15,"44.step",244,4717,0,59.7257,0.000105244,56.8496,1,5,18.8496,0.331569,3,28.2743,-149.806,8.1,45.3216,5,5,4,2,3,0,0
15,"44.step",245,4763,0,179.071,0.000315546,119.381,1,2,50.2655,0.421053,8,201.062,-328.857,60.036,-67.0798,2,2,0,8,11,0,0
15,"44.step",246,4764,0,72.3103,0.00012742,144.518,1,7,69.115,0.478246,11,380.133,-154.898,26.8626,38.1512,7,5,0,3,12.0019,0.142857,0
15,"44.step",247,4794,0,1030.29,0.0018155,402.883,1,17,18.8496,0.0467867,3,28.2743,76.9815,27.1,8.32558,17,3,1,2,25.5,0.0588235,0
15,"44.step",248,4836,0,59.7257,0.000105244,56.8496,1,5,18.8496,0.331569,3,28.2743,149.806,8.1,45.3216,5,5,4,2,3,0,0
15,"44.step",249,4863,0,182.597,0.000321759,93.6993,1,9,25.1327,0.268228,4,50.2655,77.2085,39.6,53.784,9,3,0,4,25.5,0,0
15,"44.step",250,4865,0,182.597,0.000321759,93.6993,1,9,25.1327,0.268228,4,50.2655,77.8174,39.6,54.5772,9,3,0,4,25.5,0,0
15,"44.step",251,4874,0,123.547,0.000217706,68.7586,1,6,18.8496,0.274141,3,28.2743,76.9815,36.1,8.32558,6,1,0,3,3,0.166667,0
15,"44.step",252,4936,0,179.071,0.000315546,119.381,1,2,50.2655,0.421053,8,201.062,328.857,60.036,-67.0798,2,2,0,8,11,0,0
15,"44.step",253,4937,0,72.3103,0.00012742,144.518,1,7,69.115,0.478246,11,380.133,154.898,26.8626,38.1512,7,5,0,3,12.0019,0.142857,0
15,"44.step",254,4948,0,626.827,0.00110455,314.454,1,13,148.968,0.473737,23.7091,1765.95,-3.09855,-37.5904,32.6515,13,7,0,4.15,49.2,0.692308,0
15,"44.step",255,4963,0,4.20896,7.41673e-06,13.9926,1,7,5.19615,0.37135,0.826993,2.14859,-18.2292,-59.6904,22.3641,7,1,1,1.4,1.4,0,1
15,"44.step",256,4972,0,57.418,0.000101178,100.987,1,5,43.9823,0.435525,7,153.938,-16.5834,-57.4904,18.5,5,5,1,0.05,8,0,0
15,"44.step",257,4974,0,57.418,0.000101178,100.987,1,5,43.9823,0.435525,7,153.938,-16.5834,-54.9904,18.5,5,5,1,0.05,8,0,0
15,"44.step",258,4980,0,106.912,0.000188393,46.4958,1,2,8.79646,0.189188,1.4,6.15752,-18.2292,-59.4904,22.3641,2,1,1,1.4,1.4,0,1
15,"44.step",259,4993,0,18.3594,3.23515e-05,28.4351,1,5,7.53982,0.265159,1.2,4.52389,13.8363,-54.8904,14.5,5,0,0,0,0,0,0
15,"44.step",260,5002,0,4.47051,7.87761e-06,15.4248,1,7,6,0.388985,0.95493,2.86479,33,-43.0904,20,7,1,1,1.5,1.5,0,1
15,"44.step",261,5003,0,4.47051,7.87761e-06,15.4248,1,7,6,0.388985,0.95493,2.86479,30,-43.0904,20,7,1,1,1.5,1.5,0,1
15,"44.step",262,5043,0,63.6173,0.000112102,84.823,1,2,37.6991,0.444444,6,113.097,8.59234e-11,-16.0904,-3.93179e-11,2,2,0,6,7.5,0.5,0
15,"44.step",263,5236,0,3468.33,0.00611164,317.436,4,20,24.5036,0.0771922,3.89987,47.7805,-25,-16.5904,14,20,4,4,1.5,1.5,0,1
15,"44.step",264,5236,1,3468.33,0.00611164,317.436,4,20,24.5036,0.0771922,3.89987,47.7805,25,-16.5904,14,20,4,4,1.5,1.5,0,1
15,"44.step",265,5236,2,3468.33,0.00611164,317.436,4,20,22.6187,0.0712544,3.59988,40.7124,-27,-16.5904,-3.31294e-10,20,4,4,1.5,1.5,0,1
15,"44.step",266,5236,3,3468.33,0.00611164,317.436,4,20,22.6187,0.0712544,3.59988,40.7124,27,-16.5904,-2.03873e-10,20,4,4,1.5,1.5,0,1
15,"44.step",267,5270,0,3765.56,0.0066354,299.293,2,20,33.9292,0.113364,5.4,91.6088,27,-39.0904,-3.62128e-11,20,0,0,0,0,0,1
15,"44.step",268,5270,1,3765.56,0.0066354,299.293,2,20,33.9292,0.113364,5.4,91.6088,-27,-39.0904,-2.95329e-11,20,0,0,0,0,0,1
15,"44.step",269,5281,0,46.4083,8.17774e-05,51.5255,1,3,20.1082,0.390257,3.20032,32.1763,27,-29.0904,-5.35631e-06,3,1,0,5,5,0.333333,0
15,"44.step",270,5293,0,46.4083,8.17774e-05,51.5255,1,3,20.1082,0.390257,3.20032,32.1763,-27,-29.0904,5.35631e-06,3,1,0,5,5,0.333333,0
15,"44.step",271,5309,0,9.71305,1.71156e-05,64.7169,1,2,31.4159,0.485436,5,78.5398,16.5363,-55.4904,14.5,2,1,0,5,5,0,0
15,"44.step",272,5321,0,55.7054,9.816e-05,60.0875,1,6,9.42478,0.156851,1.5,7.06858,35,-43.0904,20,6,5,1,1.5,4,0,1
15,"44.step",273,5325,0,1381.78,0.00243487,422.541,5,46,73.6255,0.174245,11.7179,431.367,8.85959e-11,-47.0904,34.5714,46,10,2,1,10.9,0,0
15,"44.step",274,5325,1,1381.78,0.00243487,422.541,5,46,43.9823,0.10409,7,153.938,-16.5834,-47.0904,18.5,46,10,2,1,10.9,0,0
15,"44.step",275,5325,2,1381.78,0.00243487,422.541,5,46,41.6772,0.0986348,6.63314,138.225,-16.5834,-47.0904,27.654,46,10,2,1,10.9,0,0
15,"44.step",276,5325,3,1381.78,0.00243487,422.541,5,46,6.28319,0.01487,1,3.14159,-31.5,-47.0904,31,46,10,2,1,10.9,0,1
15,"44.step",277,5325,4,1381.78,0.00243487,422.541,5,46,6.28319,0.01487,1,3.14159,31.5,-47.0904,31,46,10,2,1,10.9,0,1
15,"44.step",278,5327,0,27.3386,4.81741e-05,144.88,1,16,71.2546,0.491818,11.3405,404.032,8.8632e-11,-46.7904,34.5714,16,0,0,0,0,1,0
15,"44.step",279,5331,0,1.543,2.71896e-06,16.354,1,8,7.4222,0.453846,1.18128,4.38385,-9.6866,-46.7904,34.1625,8,0,0,0,0,1,1
15,"44.step",280,5332,0,3024.86,0.00533019,494.005,11,24,49.0088,0.0992071,7.8,191.134,8.47451e-11,-39.0904,-3.28078e-11,24,10,0,3.5,3.5,0,0
15,"44.step",281,5332,1,3024.86,0.00533019,494.005,11,24,21.9911,0.044516,3.5,38.4845,27,-39.0904,13.6271,24,10,0,3.5,3.5,0,1
15,"44.step",282,5332,3,3024.86,0.00533019,494.005,11,24,21.9911,0.044516,3.5,38.4845,-9,-39.0904,43.9887,24,10,0,3.5,3.5,0,1
15,"44.step",283,5332,4,3024.86,0.00533019,494.005,11,24,21.9911,0.044516,3.5,38.4845,-27,-39.0904,13.6271,24,10,0,3.5,3.5,0,1
15,"44.step",284,5332,5,3024.86,0.00533019,494.005,11,24,21.9911,0.044516,3.5,38.4845,9,-39.0904,-15.0083,24,10,0,3.5,3.5,0,1
15,"44.step",285,5332,9,3024.86,0.00533019,494.005,11,24,21.9911,0.044516,3.5,38.4845,-17.5,-39.0904,-3.06399e-11,24,10,0,3.5,3.5,0,1
15,"44.step",286,5332,10,3024.86,0.00533019,494.005,11,24,21.9911,0.044516,3.5,38.4845,17.5,-39.0904,-3.49787e-11,24,10,0,3.5,3.5,0,1
15,"44.step",287,5343,0,16.2292,2.85979e-05,26.0116,1,12,8.9318,0.343377,1.42154,6.34846,-9.6866,-47.0904,34.1625,12,0,0,0,0,0,0
15,"44.step",288,5422,0,3.34095,5.88719e-06,35.4102,1,16,17.0798,0.482341,2.71834,23.2143,-9.6866,-46.7904,34.1625,16,0,0,0,0,1,0
15,"44.step",289,5423,0,5.35466,9.4356e-06,57.2851,1,44,28.0728,0.490054,4.46792,62.7136,9.82064,-46.7904,34.1692,44,0,0,0,0,1,0
15,"44.step",290,5424,0,0.791282,1.39434e-06,10.064,1,8,4.403,0.4375,0.700759,1.54272,-8.7431,-46.7904,38.0938,8,0,0,0,0,1,1
15,"44.step",291,5425,0,0.791282,1.39434e-06,10.064,1,8,4.403,0.4375,0.700759,1.54272,-10.6301,-46.7904,38.0938,8,0,0,0,0,1,1
15,"44.step",292,5426,0,5.42424,9.5582e-06,57.4906,1,24,27.9905,0.486871,4.45483,62.3464,-5.12635,-46.7904,34.1614,24,0,0,0,0,1,0
15,"44.step",293,5427,0,3.35899,5.91897e-06,35.6014,1,12,17.0459,0.478799,2.71294,23.1222,-1.44629,-46.7904,33.7698,12,0,0,0,0,1,0
15,"44.step",294,5428,0,2.80114,4.93596e-06,29.6888,1,8,14.0896,0.474576,2.24243,15.7975,1.7612,-46.7904,34.1625,8,0,0,0,0,1,1
15,"44.step",295,5429,0,5.42557,9.56054e-06,57.5047,1,20,27.7759,0.48302,4.42068,61.3942,5.1578,-46.7904,34.1625,20,0,0,0,0,1,0
15,"44.step",296,5430,0,18.0712,3.18438e-05,72.2568,1,2,34.5575,0.47826,5.5,95.0332,16.5363,-54.9904,14.5,2,1,0,5.5,5.5,0.5,0
15,"44.step",297,5501,0,130.718,0.000230342,221.55,8,78,29.5001,0.133153,4.69509,69.2528,-5.12635,-47.0904,34.1526,78,0,0,0,0,0,0
15,"44.step",298,5501,1,130.718,0.000230342,221.55,8,78,29.2123,0.131854,4.64928,67.9082,9.8194,-47.0904,34.1676,78,0,0,0,0,0,0
15,"44.step",299,5501,2,130.718,0.000230342,221.55,8,78,27.7759,0.125371,4.42068,61.3942,5.1578,-47.0904,34.1625,78,0,0,0,0,0,0
15,"44.step",300,5501,3,130.718,0.000230342,221.55,8,78,18.5555,0.0837531,2.9532,27.399,-1.41434,-47.0904,33.8018,78,0,0,0,0,0,0
15,"44.step",301,5501,4,130.718,0.000230342,221.55,8,78,18.3304,0.0827371,2.91737,26.7383,-9.6866,-47.0904,34.1625,78,0,0,0,0,0,0
15,"44.step",302,5501,5,130.718,0.000230342,221.55,8,78,15.5992,0.0704094,2.48269,19.364,1.7612,-47.0904,34.1625,78,0,0,0,0,0,0
15,"44.step",303,5501,6,130.718,0.000230342,221.55,8,78,5.661,0.0255518,0.900976,2.55021,-10.6301,-47.0904,38.0938,78,0,0,0,0,0,0
15,"44.step",304,5501,7,130.718,0.000230342,221.55,8,78,5.661,0.0255518,0.900976,2.55021,-8.7431,-47.0904,38.0938,78,0,0,0,0,0,0
15,"44.step",305,5510,0,20.9444,3.69067e-05,84.8401,1,4,40.8407,0.481385,6.5,132.732,16.5363,-46.9904,14.5,4,2,0,6.5,7,0.5,0
15,"44.step",306,5598,0,514.586,0.000906767,158.973,2,14,25.1338,0.158101,4.00017,50.2698,-75.4808,249.569,58.0132,14,5,0,4,28,0,0
15,"44.step",307,5598,1,514.586,0.000906767,158.973,2,14,25.1338,0.158101,4.00017,50.2698,-75.4808,225.569,58.0132,14,5,0,4,28,0,0
15,"44.step",308,5601,0,150.646,0.000265458,75.3976,1,2,25.1338,0.33335,4.00017,50.2698,85.3314,225.569,70.6214,2,2,0,4,8,0.5,0
15,"44.step",309,5609,0,345.789,0.000609325,105.346,1,7,28.2756,0.268408,4.5002,63.623,44,207.569,30.489,7,3,3,1,1,0,0
15,"44.step",310,5616,0,514.846,0.000907225,158.967,2,14,25.1319,0.158095,3.99987,50.2622,75.4808,249.569,58.0132,14,5,0,4,28,0,0
15,"44.step",311,5616,1,514.846,0.000907225,158.967,2,14,25.1319,0.158095,3.99987,50.2622,75.4808,225.569,58.0132,14,5,0,4,28,0,0
15,"44.step",312,5633,0,515.115,0.000907698,159.271,2,13,25.1338,0.157805,4.00017,50.2698,-73.6338,249.569,55.6492,13,5,0,4,28,0,0
15,"44.step",313,5633,1,515.115,0.000907698,159.271,2,13,25.1338,0.157805,4.00017,50.2698,-73.6338,225.569,55.6492,13,5,0,4,28,0,0
15,"44.step",314,5639,0,515.458,0.000908302,159.269,2,13,25.1327,0.157801,4,50.2655,73.6338,249.569,55.6492,13,5,0,4,28,0,0
15,"44.step",315,5639,1,515.458,0.000908302,159.269,2,13,25.1327,0.157801,4,50.2655,73.6338,225.569,55.6492,13,5,0,4,28,0,0
15,"44.step",316,5644,0,8885.23,0.0156569,1192.44,3,35,125.664,0.105384,20,1256.64,9.23706e-15,259.569,3.19886e-12,35,11,0,3,20,0,0
15,"44.step",317,5644,1,8885.23,0.0156569,1192.44,3,35,25.1327,0.0210768,4,50.2655,44,259.569,30.489,35,11,0,3,20,0,1
15,"44.step",318,5644,2,8885.23,0.0156569,1192.44,3,35,25.1327,0.0210768,4,50.2655,-44,259.569,30.489,35,11,0,3,20,0,1
15,"44.step",319,5653,0,174.632,0.000307723,235.621,1,3,113.098,0.48,18.0001,1017.89,-7.07312e-08,244.569,-2.17789e-06,3,0,0,0,0,0.333333,0
15,"44.step",320,5654,0,345.795,0.000609335,105.346,1,8,28.2756,0.268408,4.5002,63.623,-44,207.569,30.489,8,3,3,1,1,0,0
15,"44.step",321,5683,0,150.951,0.000265996,75.3996,1,2,25.1338,0.333341,4.00017,50.2698,-85.3314,249.569,70.6214,2,2,0,4,8,0.5,0
15,"44.step",322,5684,0,150.951,0.000265996,75.3996,1,2,25.1338,0.333341,4.00017,50.2698,-85.3314,225.569,70.6214,2,2,0,4,8,0.5,0
15,"44.step",323,5704,0,150.653,0.000265469,75.3986,1,2,25.1338,0.333346,4.00017,50.2698,85.3314,249.569,70.6214,2,2,0,4,8,0.5,0
15,"44.step",324,5735,0,2123.36,0.00374163,310.809,1,11,96.2009,0.309518,15.3109,736.459,48.0381,212.798,27.4105,11,7,3,2,16,0,0
15,"44.step",325,5759,0,2123.35,0.00374161,310.809,1,11,96.2004,0.309516,15.3108,736.45,-48.0381,212.798,27.4105,11,7,3,2,16,0,0
15,"44.step",326,5797,0,1678.59,0.0029579,320.987,1,8,113.097,0.352342,18,1017.87,3.28938e-12,209.569,6.36562e-11,8,5,0,3,16,0,0
15,"44.step",327,5856,0,28.4963,5.02141e-05,50.0372,1,21,21.4643,0.428966,3.41614,36.6625,90.2624,249.51,76.921,21,6,6,0.2,0.2,0,0
15,"44.step",328,5867,0,81.5293,0.000143665,65.2234,1,2,24.7577,0.379583,3.94032,48.7766,85.3314,249.569,70.6214,2,2,0,3.94032,6.44032,0.5,0
15,"44.step",329,5890,0,129.591,0.000228355,103.673,1,4,43.9823,0.424242,7,153.938,-44,196.569,30.489,4,0,0,0,0,0,0
15,"44.step",330,5892,0,30.6305,5.39749e-05,122.522,1,2,59.6903,0.487179,9.5,283.529,-44,200.069,30.489,2,2,0,9.5,10,0.5,0
15,"44.step",331,5898,0,30.6305,5.39749e-05,122.522,1,2,59.6903,0.487179,9.5,283.529,-44,204.069,30.489,2,2,0,9.5,10,0.5,0
15,"44.step",332,5900,0,30.6305,5.39749e-05,122.522,1,2,59.6903,0.487179,9.5,283.529,-44,203.069,30.489,2,2,0,9.5,10,0.5,0
15,"44.step",333,5902,0,30.6305,5.39749e-05,122.522,1,2,59.6903,0.487179,9.5,283.529,-44,201.069,30.489,2,2,0,9.5,10,0.5,0
15,"44.step",334,5909,0,28.4963,5.02141e-05,50.0372,1,21,21.4643,0.428966,3.41614,36.6625,90.2581,225.509,76.9244,21,6,6,0.2,0.2,0,0
15,"44.step",335,5920,0,81.5293,0.000143665,65.2234,1,2,24.7577,0.379583,3.94032,48.7766,85.3314,225.569,70.6214,2,2,0,3.94032,6.44032,0.5,0
15,"44.step",336,5946,0,30.6305,5.39749e-05,122.522,1,2,59.6903,0.487179,9.5,283.529,44,204.069,30.489,2,2,0,9.5,10,0.5,0
15,"44.step",337,5948,0,30.6305,5.39749e-05,122.522,1,2,59.6903,0.487179,9.5,283.529,44,203.069,30.489,2,2,0,9.5,10,0.5,0
15,"44.step",338,5950,0,30.6305,5.39749e-05,122.522,1,2,59.6903,0.487179,9.5,283.529,44,201.069,30.489,2,2,0,9.5,10,0.5,0
15,"44.step",339,5952,0,30.6305,5.39749e-05,122.522,1,2,59.6903,0.487179,9.5,283.529,44,200.069,30.489,2,2,0,9.5,10,0.5,0
15,"44.step",340,5954,0,129.591,0.000228355,103.673,1,4,43.9823,0.424242,7,153.938,44,196.569,30.489,4,0,0,0,0,0,0
15,"44.step",341,5985,0,81.5293,0.000143665,65.2234,1,2,24.7577,0.379583,3.94032,48.7766,-44,203.569,30.489,2,2,0,3.94032,6.44032,0.5,0
15,"44.step",342,5995,0,28.4978,5.02168e-05,50.0376,1,21,21.4643,0.428963,3.41614,36.6625,-44,195.569,30.4293,21,6,6,0.2,0.2,0,0
15,"44.step",343,5996,0,51.0509,8.99582e-05,204.204,1,3,100.531,0.492308,16,804.248,1.34337e-13,181.384,1.9003e-11,3,0,0,0,0,0.333333,0
15,"44.step",344,6003,0,148.44,0.000261571,197.92,1,4,94.2478,0.47619,15,706.858,-3.67114e-15,241.384,1.58086e-11,4,0,0,0,0,0,0
15,"44.step",345,6004,0,91.1062,0.000160541,182.212,1,2,87.9646,0.482759,14,615.752,5.84929e-13,1.38353,2.82743e-11,2,2,0,14,15,0,0
15,"44.step",346,6010,0,876.512,0.00154453,235.305,1,2,94.2478,0.400534,15,706.858,7.05806e-14,-1,-1.16055e-14,2,1,0,15,15,0,0
15,"44.step",347,6011,0,919.112,0.00161959,237.19,1,2,94.2478,0.397351,15,706.858,7.05806e-14,-3.70239e-29,-4.73695e-16,2,2,0,15,22.75,0,0
15,"44.step",348,6014,0,116.15,0.000204671,74.7702,1,3,27.646,0.369746,4.4,60.8212,86.0441,11.6,68.2832,3,1,0,7.5,7.5,0.333333,0
15,"44.step",349,6017,0,512.398,0.000902911,258.912,1,8,109.956,0.424686,17.5001,962.125,7.07472e-08,15.1,75.6,8,3,0,7.5,60,0.375,0
15,"44.step",350,6064,0,945.332,0.0016658,307.001,1,11,109.956,0.358164,17.5001,962.125,7.07539e-08,5.1,75.6,11,0,0,0,0,0.0909091,0
15,"44.step",351,6070,0,94.3183,0.000166201,62.8327,1,4,21.9933,0.35003,3.50035,38.4921,-76,27.1,8.58662,4,0,0,0,0,0,0
15,"44.step",352,6077,0,5506.15,0.00970253,1522.17,4,71,159.513,0.104793,25.3873,2024.8,-43.0364,0.1,26.8243,71,14,4,2,50,0,0
15,"44.step",353,6077,1,5506.15,0.00970253,1522.17,4,71,159.513,0.104793,25.3873,2024.8,43.0364,0.1,26.8243,71,14,4,2,50,0,0
15,"44.step",354,6077,2,5506.15,0.00970253,1522.17,4,71,109.956,0.0722362,17.5,962.113,-3.95874e-15,0.1,3.53295e-12,71,14,4,2,50,0,0
15,"44.step",355,6077,3,5506.15,0.00970253,1522.17,4,71,72.5664,0.047673,11.5493,419.045,-1.95833e-16,0.1,34.3608,71,14,4,2,50,0,0
15,"44.step",356,6085,0,4139.03,0.0072935,1789.12,4,79,526.548,0.294305,83.8027,22063.1,1.17632e-10,23.1,16.743,79,13,0,7,60,0.0632911,0
15,"44.step",357,6085,1,4139.03,0.0072935,1789.12,4,79,83.9911,0.0469454,13.3676,561.38,-2.373e-16,23.1,37,79,13,0,7,60,0.0632911,0
15,"44.step",358,6085,2,4139.03,0.0072935,1789.12,4,79,78.2743,0.0437501,12.4577,487.561,44.6806,23.1,5.22654,79,13,0,7,60,0.0632911,0
15,"44.step",359,6085,3,4139.03,0.0072935,1789.12,4,79,78.2743,0.0437501,12.4577,487.561,-44.6806,23.1,5.22654,79,13,0,7,60,0.0632911,0
15,"44.step",360,6121,0,115.621,0.000203738,74.7696,1,3,27.6473,0.369766,4.4002,60.8268,-86.0441,11.6,68.2832,3,1,0,7.5,7.5,0.333333,0
15,"44.step",361,6226,0,163.64,0.000288354,220.541,1,3,105.558,0.478631,16.8,886.683,-5.28678e-16,19.1,3.53045e-12,3,0,0,0,0,0,0
15,"44.step",362,6227,0,921.68,0.00162412,278.595,1,6,118.125,0.424002,18.8001,1110.38,-7.0735e-08,22.6,-2.27392e-06,6,2,0,25.5,25.5,0.333333,0
15,"44.step",363,6278,0,94.3183,0.000166201,62.8327,1,4,21.9933,0.35003,3.50035,38.4921,76,27.1,8.58662,4,0,0,0,0,0,0
15,"44.step",364,6289,0,447.611,0.000788748,196.691,2,8,25.1342,0.127785,4.00023,50.2713,25.3599,27.1,54.4078,8,0,0,0,0,0,0
15,"44.step",365,6289,1,447.611,0.000788748,196.691,2,8,25.1342,0.127785,4.00023,50.2713,-25.3599,27.1,54.4078,8,0,0,0,0,0,0
15,"44.step",366,6353,0,81.5293,0.000143665,65.2234,1,2,24.7577,0.379583,3.94032,48.7766,86.0441,11.6,68.2832,2,2,0,3.94032,6.44032,0.5,0
15,"44.step",367,6363,0,28.4978,5.02168e-05,50.0376,1,21,21.4643,0.428963,3.41614,36.6625,91.1836,11.5404,74.4138,21,6,6,0.2,0.2,0,0
15,"44.step",368,6387,0,81.5293,0.000143665,65.2234,1,2,24.7577,0.379583,3.94032,48.7766,-86.0441,11.6,68.2832,2,2,0,3.94032,6.44032,0.5,0
15,"44.step",369,6397,0,28.4978,5.02168e-05,50.0376,1,21,21.4643,0.428963,3.41614,36.6625,-91.182,11.5406,74.4152,21,6,6,0.2,0.2,0,0
15,"44.step",370,6398,0,228.518,0.000402678,156.53,1,2,69.115,0.441546,11,380.133,4.84461e-16,-6,2.40616e-14,2,0,0,0,0,0,0
15,"44.step",371,6399,0,113.094,0.000199286,113.101,1,13,50.2691,0.444462,8.00058,201.091,-2.8557e-08,-5,1.68589e-08,13,6,6,0.5,0.5,0.0769231,0
15,"44.step",372,6417,1,676.73,0.00119249,383.903,13,15,12.5664,0.0327332,2,12.5664,9,-1,-15.5885,15,13,12,2,15,0.0666667,1
15,"44.step",373,6417,2,676.73,0.00119249,383.903,13,15,12.5664,0.0327332,2,12.5664,-18,-1,6.33382e-14,15,13,12,2,15,0.0666667,1
15,"44.step",374,6417,3,676.73,0.00119249,383.903,13,15,12.5664,0.0327332,2,12.5664,18,-1,6.42264e-14,15,13,12,2,15,0.0666667,1
15,"44.step",375,6417,4,676.73,0.00119249,383.903,13,15,12.5664,0.0327332,2,12.5664,-15.5885,-1,9,15,13,12,2,15,0.0666667,1
15,"44.step",376,6417,5,676.73,0.00119249,383.903,13,15,12.5664,0.0327332,2,12.5664,-9,-1,15.5885,15,13,12,2,15,0.0666667,1
15,"44.step",377,6417,6,676.73,0.00119249,383.903,13,15,12.5664,0.0327332,2,12.5664,5.55112e-17,-1,18,15,13,12,2,15,0.0666667,1
15,"44.step",378,6417,8,676.73,0.00119249,383.903,13,15,12.5664,0.0327332,2,12.5664,15.5885,-1,9,15,13,12,2,15,0.0666667,1
15,"44.step",379,6456,0,537.198,0.000946612,142.423,1,13,48.1749,0.338253,7.66728,184.685,-2.21238e-16,9,7.62535e-14,13,7,6,0.5,15,0,0
15,"44.step",380,6460,0,5710.58,0.0100628,1519.03,4,71,158.57,0.104389,25.2373,2000.94,-43.036,0.15,26.824,71,14,4,2,50,0,0
15,"44.step",381,6460,1,5710.58,0.0100628,1519.03,4,71,158.57,0.104389,25.2373,2000.94,43.036,0.15,26.824,71,14,4,2,50,0,0
15,"44.step",382,6460,2,5710.58,0.0100628,1519.03,4,71,109.013,0.0717651,17.35,945.69,4.60727e-16,0.15,1.04287e-15,71,14,4,2,50,0,0
15,"44.step",383,6460,3,5710.58,0.0100628,1519.03,4,71,72.5664,0.0477715,11.5493,419.045,2.93749e-16,0.15,34.3608,71,14,4,2,50,0,0
15,"44.step",384,6465,0,5506.14,0.00970253,1522.17,4,71,159.513,0.104793,25.3873,2024.8,-43.0364,9.92324e-12,26.8243,71,14,4,2,50,0,0
15,"44.step",385,6465,1,5506.14,0.00970253,1522.17,4,71,159.513,0.104793,25.3873,2024.8,43.0364,5.21479e-12,26.8243,71,14,4,2,50,0,0
15,"44.step",386,6465,2,5506.14,0.00970253,1522.17,4,71,109.956,0.0722362,17.5,962.113,-1.87786e-15,-3.36459e-14,-1.03393e-15,71,14,4,2,50,0,0
15,"44.step",387,6465,3,5506.14,0.00970253,1522.17,4,71,72.5664,0.047673,11.5493,419.045,9.79163e-17,0,34.3608,71,14,4,2,50,0,0
16,"45.step",0,7,0,807.192,0.00148941,185.121,1,7,31.416,0.169705,5.00001,78.54,365.883,141.752,-30,7,5,0,5,12,0.285714,0
16,"45.step",1,19,0,629.666,0.00116184,137.852,1,6,31.4149,0.227889,4.99984,78.5347,379.785,192.909,-87.5,6,3,0,5,11,0.166667,0
16,"45.step",2,25,0,110.664,0.000204195,147.652,1,4,69.1151,0.468094,11,380.134,365.883,141.752,105,4,4,0,11,12.5,0,0
16,"45.step",3,58,0,762.772,0.00140745,152.635,1,6,31.4149,0.205817,4.99984,78.5347,384.785,104.05,-93.5,6,4,0,5,12,0.166667,0
16,"45.step",4,90,0,1323.86,0.00244275,294.836,2,20,20.4197,0.0692578,3.24989,33.1809,376.572,-75.203,-133,20,12,5,1,17.5,0.2,1
16,"45.step",5,90,1,1323.86,0.00244275,294.836,2,20,20.4197,0.0692578,3.24989,33.1809,360.143,-143.248,-133,20,12,5,1,17.5,0.2,1
16,"45.step",6,180,0,110.734,0.000204323,147.65,1,4,69.1128,0.468085,10.9996,380.108,313.667,-42.8424,-120,4,4,0,11,12.5,0,0
16,"45.step",7,207,0,157.767,0.000291108,210.487,1,4,100.531,0.477613,16,804.249,325.883,-145.248,-151,4,4,0,16,17.5,0,0
16,"45.step",8,243,0,110.664,0.000204195,147.652,1,4,69.1151,0.468094,11,380.134,-6.60229,-10.6141,-133,4,4,0,11,12.5,0,0
16,"45.step",9,309,0,332.222,0.000613008,442.964,1,4,216.769,0.489362,34.4999,3739.27,-290.896,342.125,-3.35654e-14,4,4,0,34.5,36,0,0
16,"45.step",10,310,0,331.77,0.000612175,442.964,1,4,216.77,0.489362,34.5,3739.29,-366.785,175.602,1.46848e-14,4,4,0,34.5,36,0,0
16,"45.step",11,319,0,204.181,0.00037675,81.6796,1,4,25.1328,0.3077,4,50.2656,-299.012,166.616,-85,4,4,0,4,9,0,0
16,"45.step",12,325,0,253.431,0.000467625,266.106,1,9,112.403,0.422398,17.8895,1005.41,361.22,155.315,-40,9,5,0,8,14,0.222222,0
17,"49.step",0,5,0,104.973,0.0374943,78.4839,1,13,29.8439,0.380255,4.7498,70.8762,-2.25326e-14,0,50.8,13,7,0,4.7498,8.001,0.0769231,0
18,"51.step",0,2,0,294.524,0.000277538,235.619,1,2,109.956,0.466667,17.5,962.113,180,5.16966e-16,27.5,2,2,0,17.5,20,0,0
18,"51.step",1,5,0,294.524,0.000277538,235.619,1,2,109.956,0.466667,17.5,962.113,180,725,27.5,2,2,0,17.5,20,0,0
18,"51.step",2,16,0,171397,0.161511,6104.76,19,48,1801.42,0.295084,286.704,258237,-175,362.5,-5,48,32,0,5,10,0,0
18,"51.step",3,16,1,171397,0.161511,6104.76,19,48,571.416,0.0936017,90.9437,25983.3,-175,1.59165e-15,-5,48,32,0,5,10,0,0
18,"51.step",4,16,2,171397,0.161511,6104.76,19,48,571.416,0.0936017,90.9437,25983.3,-175,725,-5,48,32,0,5,10,0,0
18,"51.step",5,16,3,171397,0.161511,6104.76,19,48,31.7301,0.0051976,5.05,80.1185,20,765,-5,48,32,0,5,10,0,1
18,"51.step",6,16,4,171397,0.161511,6104.76,19,48,31.7301,0.0051976,5.05,80.1185,-20,765,-5,48,32,0,5,10,0,1
18,"51.step",7,16,5,171397,0.161511,6104.76,19,48,31.7301,0.0051976,5.05,80.1185,20,685,-5,48,32,0,5,10,0,1
18,"51.step",8,16,6,171397,0.161511,6104.76,19,48,31.7301,0.0051976,5.05,80.1185,-20,685,-5,48,32,0,5,10,0,1
18,"51.step",9,16,7,171397,0.161511,6104.76,19,48,31.7301,0.0051976,5.05,80.1185,-330,765,-5,48,32,0,5,10,0,1
18,"51.step",10,16,8,171397,0.161511,6104.76,19,48,31.7301,0.0051976,5.05,80.1185,-370,765,-5,48,32,0,5,10,0,1
18,"51.step",11,16,9,171397,0.161511,6104.76,19,48,31.7301,0.0051976,5.05,80.1185,-330,685,-5,48,32,0,5,10,0,1
18,"51.step",12,16,10,171397,0.161511,6104.76,19,48,31.7301,0.0051976,5.05,80.1185,-370,685,-5,48,32,0,5,10,0,1
18,"51.step",13,16,11,171397,0.161511,6104.76,19,48,31.7301,0.0051976,5.05,80.1185,-330,40,-5,48,32,0,5,10,0,1
18,"51.step",14,16,12,171397,0.161511,6104.76,19,48,31.7301,0.0051976,5.05,80.1185,-370,40,-5,48,32,0,5,10,0,1
18,"51.step",15,16,13,171397,0.161511,6104.76,19,48,31.7301,0.0051976,5.05,80.1185,-370,-40,-5,48,32,0,5,10,0,1
18,"51.step",16,16,14,171397,0.161511,6104.76,19,48,31.7301,0.0051976,5.05,80.1185,-330,-40,-5,48,32,0,5,10,0,1
18,"51.step",17,16,15,171397,0.161511,6104.76,19,48,31.7301,0.0051976,5.05,80.1185,-20,-40,-5,48,32,0,5,10,0,1
18,"51.step",18,16,16,171397,0.161511,6104.76,19,48,31.7301,0.0051976,5.05,80.1185,20,-40,-5,48,32,0,5,10,0,1
18,"51.step",19,16,17,171397,0.161511,6104.76,19,48,31.7301,0.0051976,5.05,80.1185,-20,40,-5,48,32,0,5,10,0,1
18,"51.step",20,16,18,171397,0.161511,6104.76,19,48,31.7301,0.0051976,5.05,80.1185,20,40,-5,48,32,0,5,10,0,1
18,"51.step",21,67,0,482.431,0.000454607,98.9602,1,2,18.8496,0.190476,3,28.2743,2.59052e-16,-26.6,50,2,2,0,3,12.75,0.5,0
18,"51.step",22,73,0,4084.07,0.00384852,452.372,1,5,141.372,0.312512,22.5,1590.43,30,5.31757e-14,27.5,5,1,0,22.5,22.5,0,0
18,"51.step",23,82,0,4653.62,0.00438522,603.627,6,14,80.1106,0.132715,12.75,510.705,5.57288e-16,26.6,-2.41284e-15,14,6,0,5.05,12.75,0,0
18,"51.step",24,82,1,4653.62,0.00438522,603.627,6,14,80.1106,0.132715,12.75,510.705,5.57288e-16,-26.6,-2.41284e-15,14,6,0,5.05,12.75,0,0
18,"51.step",25,83,0,4646.21,0.00437824,540.478,5,9,50.2655,0.0930019,8,201.062,-20,-40,60,9,5,0,5,8,0,0
18,"51.step",26,83,1,4646.21,0.00437824,540.478,5,9,50.2655,0.0930019,8,201.062,20,-40,60,9,5,0,5,8,0,0
18,"51.step",27,83,2,4646.21,0.00437824,540.478,5,9,50.2655,0.0930019,8,201.062,-20,40,60,9,5,0,5,8,0,0
18,"51.step",28,83,3,4646.21,0.00437824,540.478,5,9,50.2655,0.0930019,8,201.062,20,40,60,9,5,0,5,8,0,0
18,"51.step",29,83,4,4646.21,0.00437824,540.478,5,9,31.4159,0.0581262,5,78.5398,-2.37144e-14,1.33227e-16,60,9,5,0,5,8,0,1
18,"51.step",30,85,0,4084.07,0.00384852,452.372,1,5,141.372,0.312512,22.5,1590.43,-30,1.12424e-13,27.5,5,1,0,22.5,22.5,0,0
18,"51.step",31,90,0,482.431,0.000454607,98.9602,1,2,18.8496,0.190476,3,28.2743,2.59052e-16,26.6,50,2,2,0,3,12.75,0.5,0
18,"51.step",32,108,0,207.345,0.000195387,138.23,1,2,59.6903,0.431818,9.5,283.529,-4.54373e-14,-26.6,5,2,2,0,9.5,12.5,0,0
18,"51.step",33,116,0,253.338,0.000238727,79.1681,1,2,19.4779,0.246032,3.1,30.1907,-1.46836e-14,-26.6,44,2,2,0,3.1,9.5,0.5,0
19,"53.step",0,1,0,121.679,0.013303,67.8431,1,11,18.8496,0.27784,3,28.2743,-2,24.9165,-1.29526e-16,11,3,0,3,30,0,0
19,"53.step",1,6,0,121.684,0.0133035,67.8431,1,11,18.8496,0.27784,3,28.2743,2,24.9165,-1.42109e-14,11,3,0,3,30,0,0
19,"53.step",2,15,0,49.7943,0.00544395,50.2254,1,3,18.8496,0.375299,3,28.2743,-4.5,24.9165,-1.42109e-14,3,3,0,3,30,0.333333,0
19,"53.step",3,31,0,47.2313,0.00516374,46.7415,1,7,17.3205,0.370559,2.75664,23.8732,-10.5,24.9165,1.02558e-16,7,0,0,0,0,0,0
20,"55.step",0,9,0,1560.32,0.000211469,219.065,1,5,26.7035,0.121898,4.25,56.745,60,-70,158,5,4,0,3.535,10,0,0
20,"55.step",1,57,0,5140.41,0.000696677,523.739,4,44,35.6168,0.0680048,5.66859,100.949,22.4892,-1.63,209.035,44,18,10,1.905,4.65,0.0909091,1
20,"55.step",2,57,1,5140.41,0.000696677,523.739,4,44,35.6168,0.0680048,5.66859,100.949,97.5108,-1.63,209.035,44,18,10,1.905,4.65,0.0909091,1
20,"55.step",3,58,0,5140.41,0.000696677,523.739,4,40,35.6168,0.0680048,5.66859,100.949,97.5108,-1.97358e-16,209.035,40,18,0,3.535,4.65,0,1
20,"55.step",4,58,1,5140.41,0.000696677,523.739,4,40,35.6168,0.0680048,5.66859,100.949,22.4892,1.19262e-15,209.035,40,18,0,3.535,4.65,0,1
20,"55.step",5,112,0,201.062,2.72498e-05,100.531,1,2,37.6991,0.375,6,113.097,60,-70,197.5,2,2,0,6,10,0,0
20,"55.step",6,116,0,1577.81,0.00021384,217.024,1,2,62.8319,0.289516,10,314.159,60,-70,182.5,2,1,0,10,10,1,0
20,"55.step",7,125,0,1021.02,0.000138378,408.407,1,2,188.496,0.461538,30,2827.43,60,-70,197.5,2,1,0,35,35,0,0
20,"55.step",8,140,0,71.9111,9.74606e-06,68.4867,1,2,27.646,0.40367,4.4,60.8212,60,-70,158,2,1,0,6.5,6.5,0,0
20,"55.step",9,163,0,69.5254,9.42273e-06,63.9314,1,2,25.1327,0.39312,4,50.2655,60,-70,211,2,0,0,0,0,0,0
20,"55.step",10,172,0,51.0587,6.91996e-06,61.8894,1,2,25.7611,0.416244,4.1,52.8102,60,-70,201.37,2,2,0,4.1,5.75,0,0
20,"55.step",11,349,0,7011.07,0.000950205,531.007,5,25,47.1239,0.0887444,7.5,176.715,441,1.9531e-12,180.5,25,13,0,4.65,7.5,0,0
20,"55.step",12,349,1,7011.07,0.000950205,531.007,5,25,35.6168,0.0670741,5.66859,100.949,403.489,1.96812e-12,151.969,25,13,0,4.65,7.5,0,1
20,"55.step",13,349,3,7011.07,0.000950205,531.007,5,25,35.6168,0.0670741,5.66859,100.949,478.511,1.935e-12,151.969,25,13,0,4.65,7.5,0,1
20,"55.step",14,355,0,2822.91,0.000382587,241.274,1,2,47.1239,0.195312,7.5,176.715,441,-5.65,180.5,2,1,0,7.5,7.5,0,0
20,"55.step",15,369,0,3556.1,0.000481956,697.511,5,25,213.628,0.306272,34,3631.68,441,-2.55,180.5,25,12,0,4.65,5,0.04,0
20,"55.step",16,369,1,3556.1,0.000481956,697.511,5,25,35.6168,0.0510627,5.66859,100.949,403.489,-2.55,151.969,25,12,0,4.65,5,0.04,1
20,"55.step",17,369,3,3556.1,0.000481956,697.511,5,25,35.6168,0.0510627,5.66859,100.949,478.511,-2.55,151.969,25,12,0,4.65,5,0.04,1
20,"55.step",18,398,0,2474.61,0.000335382,291.704,1,12,25.7611,0.0883124,4.1,52.8102,471,-70,203.37,12,8,3,2,20,0,0
20,"55.step",19,441,0,201.062,2.72498e-05,100.531,1,2,37.6991,0.375,6,113.097,471,-70,197.5,2,2,0,6,10,0,0
20,"55.step",20,445,0,1577.81,0.00021384,217.024,1,2,62.8319,0.289516,10,314.159,471,-70,182.5,2,1,0,10,10,1,0
20,"55.step",21,454,0,1021.02,0.000138378,408.407,1,2,188.496,0.461538,30,2827.43,471,-70,197.5,2,1,0,35,35,0,0
20,"55.step",22,462,0,71.9111,9.74606e-06,68.4867,1,2,27.646,0.40367,4.4,60.8212,471,-70,203.37,2,1,0,6.5,6.5,0,0
20,"55.step",23,492,0,69.5254,9.42273e-06,63.9314,1,2,25.1327,0.39312,4,50.2655,471,-70,149.63,2,0,0,0,0,0,0
20,"55.step",24,660,0,424.115,5.748e-05,169.646,1,2,69.115,0.407407,11,380.133,504,566,173.5,2,2,0,11,16,0.5,0
20,"55.step",25,662,0,203.418,2.75691e-05,116.239,1,2,47.1239,0.405405,7.5,176.715,486.5,566,173.5,2,2,0,7.5,11,0,0
20,"55.step",26,664,0,137.445,1.86278e-05,109.956,1,2,47.1239,0.428571,7.5,176.715,510.5,566,173.5,2,1,0,7.5,7.5,0,0
20,"55.step",27,674,0,146.122,1.98039e-05,114.371,1,9,47.1239,0.412027,7.5,176.715,511,566,173.5,9,3,0,7.5,10,0.333333,0
20,"55.step",28,688,0,337.896,4.57948e-05,99.6568,1,5,25.1327,0.252193,4,50.2655,482,566,173.5,5,3,0,4,10,0,0
20,"55.step",29,690,0,337.896,4.57948e-05,99.6568,1,5,25.1327,0.252193,4,50.2655,486,566,173.5,5,3,1,1.905,10,0,0
20,"55.step",30,783,0,308907,0.041866,2705.9,3,14,278.54,0.102938,44.331,6173.97,501,488.5,-0.5,14,8,0,3.5,12.5,0,0
20,"55.step",31,783,1,308907,0.041866,2705.9,3,14,70.6858,0.0261228,11.25,397.608,501,566,173.5,14,8,0,3.5,12.5,0,0
20,"55.step",32,785,0,308907,0.041866,2705.9,3,14,278.54,0.102938,44.331,6173.97,504,488.5,-0.5,14,8,0,3.5,12.5,0,0
20,"55.step",33,785,1,308907,0.041866,2705.9,3,14,70.6858,0.0261228,11.25,397.608,504,566,173.5,14,8,0,3.5,12.5,0,0
20,"55.step",34,812,0,213.825,2.89795e-05,155.509,1,2,69.115,0.444444,11,380.133,51.5,566,229.5,2,2,0,11,13.75,0.5,0
20,"55.step",35,813,0,179.071,2.42693e-05,119.381,1,2,50.2655,0.421053,8,201.062,51.5,566,234.5,2,1,0,8,8,0,0
20,"55.step",36,817,0,47.1239,6.38667e-06,94.2478,1,2,43.9823,0.466667,7,153.938,51.5,566,230.5,2,2,0,7,8,0.5,0
20,"55.step",37,835,0,337.896,4.57948e-05,99.6568,1,5,25.1327,0.252193,4,50.2655,51.5,566,206,5,3,0,4,10,0,0
20,"55.step",38,865,0,213.825,2.89795e-05,155.509,1,2,69.115,0.444444,11,380.133,449.5,566,228,2,2,0,11,13.75,0.5,0
20,"55.step",39,866,0,179.071,2.42693e-05,119.381,1,2,50.2655,0.421053,8,201.062,449.5,566,233,2,1,0,8,8,0,0
20,"55.step",40,870,0,47.1239,6.38667e-06,94.2478,1,2,43.9823,0.466667,7,153.938,449.5,566,229,2,2,0,7,8,0.5,0
20,"55.step",41,888,0,337.896,4.57948e-05,99.6568,1,5,25.1327,0.252193,4,50.2655,449.5,566,204.5,5,3,0,4,10,0,0
20,"55.step",42,917,0,344835,0.0467352,2684.44,3,11,157.08,0.0585148,25,1963.5,250.5,328,228,11,7,0,3.5,25,0,0
20,"55.step",43,917,1,344835,0.0467352,2684.44,3,11,70.6858,0.0263317,11.25,397.608,449.5,566,228,11,7,0,3.5,25,0,0
20,"55.step",44,917,2,344835,0.0467352,2684.44,3,11,70.6858,0.0263317,11.25,397.608,51.5,566,228,11,7,0,3.5,25,0,0
20,"55.step",45,1089,0,14101.1,0.00191111,1259.83,7,9,471.239,0.374049,75,17671.5,-3,611,-105.5,9,8,0,4,102,0,0
20,"55.step",46,1089,1,14101.1,0.00191111,1259.83,7,9,25.1327,0.0199493,4,50.2655,-3,533.491,-150.25,9,8,0,4,102,0,1
20,"55.step",47,1089,3,14101.1,0.00191111,1259.83,7,9,25.1327,0.0199493,4,50.2655,-3,611,-16,9,8,0,4,102,0,1
20,"55.step",48,1089,4,14101.1,0.00191111,1259.83,7,9,25.1327,0.0199493,4,50.2655,-3,688.509,-60.75,9,8,0,4,102,0,1
20,"55.step",49,1096,0,14101.1,0.00191111,1259.83,7,9,471.239,0.374049,75,17671.5,-1.5,611,-105.5,9,8,0,4,102,0,0
20,"55.step",50,1096,1,14101.1,0.00191111,1259.83,7,9,25.1327,0.0199493,4,50.2655,-1.5,533.491,-150.25,9,8,0,4,102,0,1
20,"55.step",51,1096,3,14101.1,0.00191111,1259.83,7,9,25.1327,0.0199493,4,50.2655,-1.5,611,-16,9,8,0,4,102,0,1
20,"55.step",52,1096,4,14101.1,0.00191111,1259.83,7,9,25.1327,0.0199493,4,50.2655,-1.5,688.509,-60.75,9,8,0,4,102,0,1
20,"55.step",53,1114,0,570.236,7.72836e-05,934.812,1,2,463.573,0.4959,73.78,17101.2,-188.5,792,-105.5,2,2,0,73.78,75,0.5,0
20,"55.step",54,1118,0,570.236,7.72836e-05,934.812,1,2,463.573,0.4959,73.78,17101.2,-7.5,611,-105.5,2,2,0,73.78,75,0.5,0
20,"55.step",55,1145,0,293914,0.039834,2892.04,7,11,486.947,0.168375,77.5,18869.2,2.5,611,-105.5,11,11,4,1,77.5,0,0
20,"55.step",56,1145,1,293914,0.039834,2892.04,7,11,18.8496,0.00651773,3,28.2743,2.5,533.491,-60.75,11,11,4,1,77.5,0,1
20,"55.step",57,1145,3,293914,0.039834,2892.04,7,11,18.8496,0.00651773,3,28.2743,2.5,611,-195,11,11,4,1,77.5,0,1
20,"55.step",58,1145,4,293914,0.039834,2892.04,7,11,18.8496,0.00651773,3,28.2743,2.5,688.509,-150.25,11,11,4,1,77.5,0,1
20,"55.step",59,1166,0,170938,0.0231671,3133.21,12,20,785.398,0.250669,125,49087.4,251,701.5,5.74801e-13,20,16,4,1,125,0,0
20,"55.step",60,1166,1,170938,0.0231671,3133.21,12,20,78.5398,0.0250669,12.5,490.874,20,701.5,5.94014e-14,20,16,4,1,125,0,0
20,"55.step",61,1166,2,170938,0.0231671,3133.21,12,20,53.4071,0.0170455,8.5,226.98,153.773,701.5,-97.2272,20,16,4,1,125,0,0
20,"55.step",62,1166,3,170938,0.0231671,3133.21,12,20,53.4071,0.0170455,8.5,226.98,348.227,701.5,-97.2272,20,16,4,1,125,0,0
20,"55.step",63,1166,6,170938,0.0231671,3133.21,12,20,28.2743,0.00902407,4.5,63.6173,153.5,701.5,-168.875,20,16,4,1,125,0,1
20,"55.step",64,1166,7,170938,0.0231671,3133.21,12,20,28.2743,0.00902407,4.5,63.6173,348.5,701.5,-168.875,20,16,4,1,125,0,1
20,"55.step",65,1166,8,170938,0.0231671,3133.21,12,20,28.2743,0.00902407,4.5,63.6173,446,701.5,2.13163e-14,20,16,4,1,125,0,1
20,"55.step",66,1166,11,170938,0.0231671,3133.21,12,20,28.2743,0.00902407,4.5,63.6173,56,701.5,2.13163e-14,20,16,4,1,125,0,1
20,"55.step",67,1167,0,170938,0.0231671,3133.21,12,20,785.398,0.250669,125,49087.4,251,704,5.74801e-13,20,16,0,3.5,125,0,0
20,"55.step",68,1167,1,170938,0.0231671,3133.21,12,20,78.5398,0.0250669,12.5,490.874,20,704,5.94014e-14,20,16,0,3.5,125,0,0
20,"55.step",69,1167,2,170938,0.0231671,3133.21,12,20,53.4071,0.0170455,8.5,226.98,153.773,704,-97.2272,20,16,0,3.5,125,0,0
20,"55.step",70,1167,3,170938,0.0231671,3133.21,12,20,53.4071,0.0170455,8.5,226.98,348.227,704,-97.2272,20,16,0,3.5,125,0,0
20,"55.step",71,1167,6,170938,0.0231671,3133.21,12,20,28.2743,0.00902407,4.5,63.6173,348.5,704,-168.875,20,16,0,3.5,125,0,1
20,"55.step",72,1167,7,170938,0.0231671,3133.21,12,20,28.2743,0.00902407,4.5,63.6173,446,704,2.3438e-16,20,16,0,3.5,125,0,1
20,"55.step",73,1167,9,170938,0.0231671,3133.21,12,20,28.2743,0.00902407,4.5,63.6173,56,704,2.13163e-14,20,16,0,3.5,125,0,1
20,"55.step",74,1167,10,170938,0.0231671,3133.21,12,20,28.2743,0.00902407,4.5,63.6173,153.5,704,-168.875,20,16,0,3.5,125,0,1
20,"55.step",75,1168,0,293914,0.039834,2892.04,7,11,486.947,0.168375,77.5,18869.2,0,611,-105.5,11,11,0,3,77.5,0,0
20,"55.step",76,1168,1,293914,0.039834,2892.04,7,11,18.8496,0.00651773,3,28.2743,4.89859e-17,533.491,-60.75,11,11,0,3,77.5,0,1
20,"55.step",77,1168,3,293914,0.039834,2892.04,7,11,18.8496,0.00651773,3,28.2743,4.89859e-17,611,-195,11,11,0,3,77.5,0,1
20,"55.step",78,1168,4,293914,0.039834,2892.04,7,11,18.8496,0.00651773,3,28.2743,4.89859e-17,688.509,-150.25,11,11,0,3,77.5,0,1
20,"55.step",79,1228,0,220725,0.0299146,2366.66,17,25,28.2743,0.0119469,4.5,63.6173,250.5,2.5,-2.13163e-14,25,21,4,1,4.5,0,1
20,"55.step",80,1228,1,220725,0.0299146,2366.66,17,25,28.2743,0.0119469,4.5,63.6173,478.5,2.5,-152,25,21,4,1,4.5,0,1
20,"55.step",81,1228,2,220725,0.0299146,2366.66,17,25,28.2743,0.0119469,4.5,63.6173,403.5,2.5,-209,25,21,4,1,4.5,0,1
20,"55.step",82,1228,3,220725,0.0299146,2366.66,17,25,28.2743,0.0119469,4.5,63.6173,97.5,2.5,-209,25,21,4,1,4.5,0,1
20,"55.step",83,1228,4,220725,0.0299146,2366.66,17,25,28.2743,0.0119469,4.5,63.6173,22.5,2.5,-209,25,21,4,1,4.5,0,1
20,"55.step",84,1239,0,220725,0.0299146,2366.66,17,25,28.2743,0.0119469,4.5,63.6173,250.5,0,-2.13163e-14,25,21,0,3.5,4.5,0,1
20,"55.step",85,1239,1,220725,0.0299146,2366.66,17,25,28.2743,0.0119469,4.5,63.6173,478.5,0,-152,25,21,0,3.5,4.5,0,1
20,"55.step",86,1239,2,220725,0.0299146,2366.66,17,25,28.2743,0.0119469,4.5,63.6173,403.5,0,-209,25,21,0,3.5,4.5,0,1
20,"55.step",87,1239,3,220725,0.0299146,2366.66,17,25,28.2743,0.0119469,4.5,63.6173,97.5,0,-209,25,21,0,3.5,4.5,0,1
20,"55.step",88,1239,4,220725,0.0299146,2366.66,17,25,28.2743,0.0119469,4.5,63.6173,22.5,0,-209,25,21,0,3.5,4.5,0,1
20,"55.step",89,1256,0,14311.1,0.00193957,1495.74,3,7,18.8496,0.0126022,3,28.2743,489.5,38,228,7,4,0,3,4.405,0,1
20,"55.step",90,1256,1,14311.1,0.00193957,1495.74,3,7,18.8496,0.0126022,3,28.2743,489.5,352,228,7,4,0,3,4.405,0,1
20,"55.step",91,1256,2,14311.1,0.00193957,1495.74,3,7,18.8496,0.0126022,3,28.2743,489.5,666,228,7,4,0,3,4.405,0,1
20,"55.step",92,1293,0,82.4668,1.11767e-05,65.9734,1,7,25.1327,0.380952,4,50.2655,22.5,9.3,152,7,0,0,0,0,0,0
20,"55.step",93,1296,0,82.4668,1.11767e-05,65.9734,1,7,25.1327,0.380952,4,50.2655,22.5,2.5,152,7,1,0,4,4,0,0
20,"55.step",94,1317,0,82.4668,1.11767e-05,65.9734,1,7,25.1327,0.380952,4,50.2655,97.5,9.3,152,7,0,0,0,0,0,0
20,"55.step",95,1320,0,82.4668,1.11767e-05,65.9734,1,7,25.1327,0.380952,4,50.2655,97.5,2.5,152,7,1,0,4,4,0,0
20,"55.step",96,1485,0,82.4668,1.11767e-05,65.9734,1,7,25.1327,0.380952,4,50.2655,403.5,9.3,-152,7,0,0,0,0,0,0
20,"55.step",97,1488,0,82.4668,1.11767e-05,65.9734,1,7,25.1327,0.380952,4,50.2655,403.5,2.5,-152,7,1,0,4,4,0,0
20,"55.step",98,1581,0,82.4668,1.11767e-05,65.9734,1,7,25.1327,0.380952,4,50.2655,478.5,9.3,209,7,0,0,0,0,0,0
20,"55.step",99,1584,0,82.4668,1.11767e-05,65.9734,1,7,25.1327,0.380952,4,50.2655,478.5,2.5,209,7,1,0,4,4,0,0
20,"55.step",100,1671,0,96.0928,1.30234e-05,70.1661,1,7,25.1327,0.358189,4,50.2655,478.5,-2.55,-209,7,1,0,4,4,0.142857,0
20,"55.step",101,1705,0,96.0928,1.30234e-05,70.1661,1,7,25.1327,0.358189,4,50.2655,403.5,-2.55,-209,7,1,0,4,4,0.142857,0
20,"55.step",102,1807,0,96.0928,1.30234e-05,70.1661,1,7,25.1327,0.358189,4,50.2655,22.5,-1.63,209,7,1,0,4,4,0.142857,0
20,"55.step",103,1841,0,96.0928,1.30234e-05,70.1661,1,7,25.1327,0.358189,4,50.2655,97.5,-1.63,209,7,1,0,4,4,0.142857,0
20,"55.step",104,1953,0,50.2655,6.81245e-06,50.2655,1,7,18.8496,0.375,3,28.2743,7.7,611,-16,7,0,0,0,0,0,0
20,"55.step",105,1977,0,50.2655,6.81245e-06,50.2655,1,7,18.8496,0.375,3,28.2743,7.7,533.491,-60.75,7,0,0,0,0,0,0
20,"55.step",106,2049,0,50.2655,6.81245e-06,50.2655,1,7,18.8496,0.375,3,28.2743,7.7,688.509,-60.75,7,0,0,0,0,0,0
20,"55.step",107,2078,0,62.8633,8.51982e-06,54.6637,1,2,20.1062,0.367816,3.2,32.1699,-4.6,688.509,-60.75,2,2,0,3.2,5.5,0,0
20,"55.step",108,2079,0,62.8633,8.51982e-06,54.6637,1,2,20.1062,0.367816,3.2,32.1699,-3,688.509,-60.75,2,2,0,3.2,5.5,0,0
20,"55.step",109,2082,0,62.8633,8.51982e-06,54.6637,1,2,20.1062,0.367816,3.2,32.1699,-4.6,533.491,-150.25,2,2,0,3.2,5.5,0,0
20,"55.step",110,2083,0,62.8633,8.51982e-06,54.6637,1,2,20.1062,0.367816,3.2,32.1699,-3,533.491,-150.25,2,2,0,3.2,5.5,0,0
20,"55.step",111,2086,0,62.8633,8.51982e-06,54.6637,1,2,20.1062,0.367816,3.2,32.1699,-3,611,-16,2,2,0,3.2,5.5,0,0
20,"55.step",112,2087,0,62.8633,8.51982e-06,54.6637,1,2,20.1062,0.367816,3.2,32.1699,-4.6,611,-16,2,2,0,3.2,5.5,0,0
20,"55.step",113,2108,0,53.4071,7.23822e-06,53.4071,1,2,20.4204,0.382353,3.25,33.1831,-4.6,688.509,-150.25,2,1,0,5.25,5.25,0,0
20,"55.step",114,2110,0,7.79113,1.05593e-06,30.3498,1,7,13.8564,0.456557,2.20532,15.2789,-7.9,688.509,-150.25,7,0,0,0,0,0,0
20,"55.step",115,2129,0,53.4071,7.23822e-06,53.4071,1,2,20.4204,0.382353,3.25,33.1831,-4.6,611,-195,2,1,0,5.25,5.25,0,0
20,"55.step",116,2131,0,7.79113,1.05593e-06,30.3498,1,7,13.8564,0.456557,2.20532,15.2789,-7.9,611,-195,7,0,0,0,0,0,0
20,"55.step",117,2150,0,53.4071,7.23822e-06,53.4071,1,2,20.4204,0.382353,3.25,33.1831,-4.6,533.491,-150.25,2,1,0,5.25,5.25,0,0
20,"55.step",118,2152,0,7.79113,1.05593e-06,30.3498,1,7,13.8564,0.456557,2.20532,15.2789,-7.9,533.491,-150.25,7,0,0,0,0,0,0
20,"55.step",119,2243,0,82.4668,1.11767e-05,65.9734,1,7,25.1327,0.380952,4,50.2655,153.5,694.7,-168.875,7,0,0,0,0,0,0
20,"55.step",120,2246,0,82.4668,1.11767e-05,65.9734,1,7,25.1327,0.380952,4,50.2655,153.5,701.5,-168.875,7,1,0,4,4,0,0
20,"55.step",121,2267,0,82.4668,1.11767e-05,65.9734,1,7,25.1327,0.380952,4,50.2655,56,694.7,1.11022e-16,7,0,0,0,0,0,0
20,"55.step",122,2270,0,82.4668,1.11767e-05,65.9734,1,7,25.1327,0.380952,4,50.2655,56,701.5,1.41358e-16,7,1,0,4,4,0,0
20,"55.step",123,2291,0,82.4668,1.11767e-05,65.9734,1,7,25.1327,0.380952,4,50.2655,348.5,694.7,168.875,7,0,0,0,0,0,0
20,"55.step",124,2294,0,82.4668,1.11767e-05,65.9734,1,7,25.1327,0.380952,4,50.2655,348.5,701.5,168.875,7,1,0,4,4,0,0
20,"55.step",125,2315,0,82.4668,1.11767e-05,65.9734,1,7,25.1327,0.380952,4,50.2655,446,694.7,1.11022e-16,7,0,0,0,0,0,0
20,"55.step",126,2318,0,82.4668,1.11767e-05,65.9734,1,7,25.1327,0.380952,4,50.2655,446,701.5,1.41358e-16,7,1,0,4,4,0,0
20,"55.step",127,2371,0,88820.7,0.0120378,2387.61,11,12,785.398,0.328947,125,49087.4,251,708,-4.26553e-13,12,12,0,4.5,210,0,0
20,"55.step",128,2371,1,88820.7,0.0120378,2387.61,11,12,28.2743,0.0118421,4.5,63.6173,348.227,708,97.2272,12,12,0,4.5,210,0,1
20,"55.step",129,2371,2,88820.7,0.0120378,2387.61,11,12,28.2743,0.0118421,4.5,63.6173,348.5,708,-168.875,12,12,0,4.5,210,0,1
20,"55.step",130,2371,3,88820.7,0.0120378,2387.61,11,12,28.2743,0.0118421,4.5,63.6173,153.5,708,-168.875,12,12,0,4.5,210,0,1
20,"55.step",131,2371,4,88820.7,0.0120378,2387.61,11,12,28.2743,0.0118421,4.5,63.6173,56,708,-2.99637e-13,12,12,0,4.5,210,0,1
20,"55.step",132,2371,7,88820.7,0.0120378,2387.61,11,12,28.2743,0.0118421,4.5,63.6173,446,708,-1.37981e-12,12,12,0,4.5,210,0,1
20,"55.step",133,2371,8,88820.7,0.0120378,2387.61,11,12,28.2743,0.0118421,4.5,63.6173,153.773,708,97.2272,12,12,0,4.5,210,0,1
20,"55.step",134,2381,1,88270.9,0.0119633,2475.58,11,12,50.2655,0.0203046,8,201.062,153.773,704,97.2272,12,8,0,4.5,210,0,0
20,"55.step",135,2381,3,88270.9,0.0119633,2475.58,11,12,50.2655,0.0203046,8,201.062,348.227,704,-97.2272,12,8,0,4.5,210,0,0
20,"55.step",136,2389,0,121.297,1.64393e-05,73.5133,1,2,26.3894,0.358974,4.2,55.4177,348.5,709.6,168.875,2,2,0,4.2,7.5,0,0
20,"55.step",137,2391,0,121.297,1.64393e-05,73.5133,1,2,26.3894,0.358974,4.2,55.4177,348.5,708,168.875,2,2,0,4.2,7.5,0,0
20,"55.step",138,2393,0,121.297,1.64393e-05,73.5133,1,2,26.3894,0.358974,4.2,55.4177,153.5,709.6,168.875,2,2,0,4.2,7.5,0,0
20,"55.step",139,2395,0,121.297,1.64393e-05,73.5133,1,2,26.3894,0.358974,4.2,55.4177,153.5,708,168.875,2,2,0,4.2,7.5,0,0
20,"55.step",140,2401,0,121.297,1.64393e-05,73.5133,1,2,26.3894,0.358974,4.2,55.4177,446,709.6,1.9984e-14,2,2,0,4.2,7.5,0,0
20,"55.step",141,2403,0,121.297,1.64393e-05,73.5133,1,2,26.3894,0.358974,4.2,55.4177,446,708,1.9984e-14,2,2,0,4.2,7.5,0,0
20,"55.step",142,2409,0,121.297,1.64393e-05,73.5133,1,2,26.3894,0.358974,4.2,55.4177,56,709.6,1.9984e-14,2,2,0,4.2,7.5,0,0
20,"55.step",143,2411,0,121.297,1.64393e-05,73.5133,1,2,26.3894,0.358974,4.2,55.4177,56,708,1.9984e-14,2,2,0,4.2,7.5,0,0
20,"55.step",144,2426,0,16.8339,2.28148e-06,39.3117,1,7,17.3205,0.440595,2.75664,23.8732,153.5,714,-168.875,7,0,0,0,0,0,0
20,"55.step",145,2427,0,93.1168,1.26201e-05,71.6283,1,2,27.646,0.385965,4.4,60.8212,153.5,709.6,-168.875,2,1,0,7,7,0,0
20,"55.step",146,2447,0,16.8339,2.28148e-06,39.3117,1,7,17.3205,0.440595,2.75664,23.8732,56,714,2.56395e-17,7,0,0,0,0,0,0
20,"55.step",147,2448,0,93.1168,1.26201e-05,71.6283,1,2,27.646,0.385965,4.4,60.8212,56,709.6,2.09933e-14,2,1,0,7,7,0,0
20,"55.step",148,2489,0,16.8339,2.28148e-06,39.3117,1,7,17.3205,0.440595,2.75664,23.8732,348.5,714,168.875,7,0,0,0,0,0,0
20,"55.step",149,2490,0,93.1168,1.26201e-05,71.6283,1,2,27.646,0.385965,4.4,60.8212,348.5,709.6,168.875,2,1,0,7,7,0,0
20,"55.step",150,2510,0,16.8339,2.28148e-06,39.3117,1,7,17.3205,0.440595,2.75664,23.8732,446,714,5.1279e-17,7,0,0,0,0,0,0
20,"55.step",151,2511,0,93.1168,1.26201e-05,71.6283,1,2,27.646,0.385965,4.4,60.8212,446,709.6,2.09933e-14,2,1,0,7,7,0,0
20,"55.step",152,2542,0,159.285,2.15878e-05,82.6195,1,5,22.6195,0.273779,3.6,40.715,306.34,-100.411,-3.08395e-17,5,3,2,1.5,3.6,0,0
20,"55.step",153,2543,0,159.285,2.15878e-05,82.6195,1,5,22.6195,0.273779,3.6,40.715,304.042,-102.34,-3.08395e-17,5,3,2,1.5,3.6,0,0
20,"55.step",154,2544,0,159.285,2.15878e-05,82.6195,1,5,22.6195,0.273779,3.6,40.715,250.5,-6.59575e-29,3.08395e-17,5,3,2,1.5,3.6,0,0
20,"55.step",155,2545,0,159.285,2.15878e-05,82.6195,1,5,22.6195,0.273779,3.6,40.715,250.5,-3,3.08395e-17,5,3,2,1.5,3.6,0,0
20,"55.step",156,2578,0,58.3282,7.90518e-06,53.4906,1,7,18.8496,0.35239,3,28.2743,250.5,-3,-5.81105e-12,7,1,0,3,3,0.142857,0
20,"55.step",157,2599,0,50.2655,6.81245e-06,50.2655,1,7,18.8496,0.375,3,28.2743,250.5,2.5,-1.9836e-14,7,1,0,3,3,0,0
20,"55.step",158,2602,0,50.2655,6.81245e-06,50.2655,1,7,18.8496,0.375,3,28.2743,250.5,8.6,-1.87258e-14,7,0,0,0,0,0,0
20,"55.step",159,2615,0,12507.2,0.00169509,1254.27,7,9,477.522,0.380717,76,18145.8,-1.5,611,-105.5,9,8,0,4,100,0,0
20,"55.step",160,2615,1,12507.2,0.00169509,1254.27,7,9,25.1327,0.0200377,4,50.2655,-1.5,533.058,-150.5,9,8,0,4,100,0,1
20,"55.step",161,2615,4,12507.2,0.00169509,1254.27,7,9,25.1327,0.0200377,4,50.2655,-1.5,688.942,-60.5,9,8,0,4,100,0,1
20,"55.step",162,2616,0,12507.2,0.00169509,1254.27,7,9,477.522,0.380717,76,18145.8,3.08237e-28,611,-105.5,9,8,0,4,100,0,0
20,"55.step",163,2616,1,12507.2,0.00169509,1254.27,7,9,25.1327,0.0200377,4,50.2655,-9.15674e-14,533.058,-150.5,9,8,0,4,100,0,1
20,"55.step",164,2616,3,12507.2,0.00169509,1254.27,7,9,25.1327,0.0200377,4,50.2655,1.32565e-13,611,-15.5,9,8,0,4,100,0,1
20,"55.step",165,2616,4,12507.2,0.00169509,1254.27,7,9,25.1327,0.0200377,4,50.2655,1.47079e-13,688.942,-60.5,9,8,0,4,100,0,1
20,"55.step",166,2626,0,741.919,0.000100552,309.133,1,2,139.487,0.45122,22.2,1548.3,250.5,328,234.55,2,1,0,22.2,22.2,0,0
20,"55.step",167,2633,0,615.25,8.33844e-05,341.805,1,2,159.593,0.466912,25.4,2026.83,250.5,328,229.5,2,2,0,25.4,29,0.5,0
20,"55.step",168,2637,0,120.755,1.63658e-05,322.013,1,2,158.65,0.492683,25.25,2002.96,250.5,328,-227.5,2,1,0,25.25,25.25,0.5,0
20,"55.step",169,2639,0,147.655,2.00116e-05,295.31,1,2,144.513,0.489362,23,1661.9,250.5,328,-223.3,2,1,0,23,23,0,0
20,"55.step",170,2652,0,160.764,2.17882e-05,65.1984,1,7,17.3205,0.265659,2.75664,23.8732,348.227,703.04,97.2272,7,1,0,7.62,7.62,0,0
20,"55.step",171,2672,0,160.764,2.17882e-05,65.1984,1,7,17.3205,0.265659,2.75664,23.8732,153.773,703.04,97.2272,7,1,0,7.62,7.62,0,0
20,"55.step",172,2726,0,14137.2,0.001916,1413.72,1,2,644.026,0.455556,102.5,33006.4,251,716.5,1.0803e-12,2,2,0,102.5,122.5,0,0
20,"55.step",173,2728,0,14137.2,0.001916,1413.72,1,2,644.026,0.455556,102.5,33006.4,251,701.5,1.0803e-12,2,2,0,102.5,122.5,0,0
20,"55.step",174,2729,0,27.9293,3.78524e-06,223.435,1,12,110.851,0.496124,17.6425,977.848,296.962,1075.5,45.9619,12,0,0,0,0,0,0
20,"55.step",175,2733,0,159.972,2.16809e-05,209.973,1,7,97.3894,0.463819,15.5,754.768,296.962,1072,45.9619,7,1,0,15.5,15.5,0.142857,0
20,"55.step",176,2738,0,47.9093,6.49311e-06,191.637,1,2,94.2478,0.491803,15,706.858,296.962,1050.5,45.9619,2,2,0,15,15.5,0,0
20,"55.step",177,2755,0,836.545,0.000113376,135.984,1,7,25.1327,0.184821,4,50.2655,296.962,1075.5,45.9619,7,1,0,4,4,0.142857,0
20,"55.step",178,2764,0,656.593,8.89876e-05,119.381,1,2,25.1327,0.210526,4,50.2655,296.962,1050.5,45.9619,2,2,0,4,15,0.5,0
20,"55.step",179,2765,0,27.9293,3.78524e-06,223.435,1,12,110.851,0.496124,17.6425,977.848,205.038,1075.5,45.9619,12,0,0,0,0,0,0
20,"55.step",180,2769,0,159.972,2.16809e-05,209.973,1,7,97.3894,0.463819,15.5,754.768,205.038,1072,45.9619,7,1,0,15.5,15.5,0.142857,0
20,"55.step",181,2774,0,47.9093,6.49311e-06,191.637,1,2,94.2478,0.491803,15,706.858,205.038,1050.5,45.9619,2,2,0,15,15.5,0,0
20,"55.step",182,2791,0,836.545,0.000113376,135.984,1,7,25.1327,0.184821,4,50.2655,205.038,1075.5,45.9619,7,1,0,4,4,0.142857,0
20,"55.step",183,2800,0,656.593,8.89876e-05,119.381,1,2,25.1327,0.210526,4,50.2655,205.038,1050.5,45.9619,2,2,0,4,15,0.5,0
20,"55.step",184,2882,0,17637.7,0.00239042,845.648,9,10,125.664,0.1486,20,1256.64,251,1048.5,-9.93206e-13,10,9,0,4.5,20,0,0
20,"55.step",185,2882,1,17637.7,0.00239042,845.648,9,10,28.2743,0.0334351,4.5,63.6173,205.038,1048.5,45.9619,10,9,0,4.5,20,0,1
20,"55.step",186,2882,3,17637.7,0.00239042,845.648,9,10,28.2743,0.0334351,4.5,63.6173,251,1048.5,-65,10,9,0,4.5,20,0,1
20,"55.step",187,2882,4,17637.7,0.00239042,845.648,9,10,28.2743,0.0334351,4.5,63.6173,296.962,1048.5,-45.9619,10,9,0,4.5,20,0,1
20,"55.step",188,2882,6,17637.7,0.00239042,845.648,9,10,28.2743,0.0334351,4.5,63.6173,186,1048.5,-6.80403e-13,10,9,0,4.5,20,0,1
20,"55.step",189,2882,7,17637.7,0.00239042,845.648,9,10,28.2743,0.0334351,4.5,63.6173,316,1048.5,-8.48399e-13,10,9,0,4.5,20,0,1
20,"55.step",190,2926,0,96.1327,1.30288e-05,96.1327,1,2,41.7832,0.434641,6.65,138.929,79.275,1085.5,-1.96855e-12,2,2,0,6.65,8.65,0,0
20,"55.step",191,2927,0,96.1327,1.30288e-05,96.1327,1,2,41.7832,0.434641,6.65,138.929,129.572,1085.5,121.428,2,2,0,6.65,8.65,0,0
20,"55.step",192,2928,0,96.1327,1.30288e-05,96.1327,1,2,41.7832,0.434641,6.65,138.929,251,1085.5,171.725,2,2,0,6.65,8.65,0,0
20,"55.step",193,2929,0,96.1327,1.30288e-05,96.1327,1,2,41.7832,0.434641,6.65,138.929,372.428,1085.5,121.428,2,2,0,6.65,8.65,0,0
20,"55.step",194,2930,0,96.1327,1.30288e-05,96.1327,1,2,41.7832,0.434641,6.65,138.929,422.725,1085.5,-1.4124e-14,2,2,0,6.65,8.65,0,0
20,"55.step",195,3037,0,17637.7,0.00239042,845.648,9,10,125.664,0.1486,20,1256.64,251,1050.5,-1.08642e-12,10,9,0,4.5,20,0,0
20,"55.step",196,3037,1,17637.7,0.00239042,845.648,9,10,28.2743,0.0334351,4.5,63.6173,205.038,1050.5,45.9619,10,9,0,4.5,20,0,1
20,"55.step",197,3037,2,17637.7,0.00239042,845.648,9,10,28.2743,0.0334351,4.5,63.6173,186,1050.5,-6.80591e-13,10,9,0,4.5,20,0,1
20,"55.step",198,3037,4,17637.7,0.00239042,845.648,9,10,28.2743,0.0334351,4.5,63.6173,251,1050.5,-65,10,9,0,4.5,20,0,1
20,"55.step",199,3037,5,17637.7,0.00239042,845.648,9,10,28.2743,0.0334351,4.5,63.6173,296.962,1050.5,-45.9619,10,9,0,4.5,20,0,1
20,"55.step",200,3037,6,17637.7,0.00239042,845.648,9,10,28.2743,0.0334351,4.5,63.6173,316,1050.5,-8.48358e-13,10,9,0,4.5,20,0,1
20,"55.step",201,3068,0,1277.25,0.000173104,2128.74,1,2,1060.6,0.498229,168.8,89514.8,251,1030.5,-1.00082e-12,2,2,0,168.8,170,0,0
20,"55.step",202,3069,0,3739.82,0.000506856,2168.01,1,2,1073.17,0.495001,170.8,91648.6,251,1043.5,-1.00375e-12,2,0,0,0,0,0,0
20,"55.step",203,3071,0,3739.82,0.000506856,2168.01,1,2,1073.17,0.495001,170.8,91648.6,251,1044.7,-1.00375e-12,2,0,0,0,0,0,0
20,"55.step",204,3073,0,1324.37,0.000179491,2207.28,1,2,1099.87,0.498292,175.05,96266.3,251,1075.5,-9.96262e-13,2,2,0,175.05,176.25,0,0
20,"55.step",205,3099,0,25.1327,3.40622e-06,50.2655,1,2,21.9911,0.4375,3.5,38.4845,251,1085.5,171.75,2,1,0,3.5,3.5,0,0
20,"55.step",206,3102,0,96.2274,1.30416e-05,113.107,1,2,51.208,0.452739,8.15,208.672,251,1085.5,172.75,2,2,0,8.15,9.85153,0,0
20,"55.step",207,3112,0,167.465,2.26964e-05,77.4403,1,2,25.1327,0.324544,4,50.2655,251,1085.5,178.5,2,0,0,0,0,0,0
20,"55.step",208,3208,0,25.1327,3.40622e-06,50.2655,1,2,21.9911,0.4375,3.5,38.4845,372.446,1085.5,121.446,2,1,0,3.5,3.5,0,0
20,"55.step",209,3211,0,96.2274,1.30416e-05,113.107,1,2,51.208,0.452739,8.15,208.672,373.153,1085.5,122.153,2,2,0,8.15,9.85153,0,0
20,"55.step",210,3221,0,167.465,2.26964e-05,77.4403,1,2,25.1327,0.324544,4,50.2655,377.219,1085.5,126.219,2,0,0,0,0,0,0
20,"55.step",211,3317,0,25.1327,3.40622e-06,50.2655,1,2,21.9911,0.4375,3.5,38.4845,422.75,1085.5,-9.34332e-13,2,1,0,3.5,3.5,0,0
20,"55.step",212,3320,0,96.2274,1.30416e-05,113.107,1,2,51.208,0.452739,8.15,208.672,423.75,1085.5,-9.91164e-13,2,2,0,8.15,9.85153,0,0
20,"55.step",213,3330,0,167.465,2.26964e-05,77.4403,1,2,25.1327,0.324544,4,50.2655,429.5,1085.5,-9.43801e-13,2,0,0,0,0,0,0
20,"55.step",214,3644,0,25.1327,3.40622e-06,50.2655,1,2,21.9911,0.4375,3.5,38.4845,129.554,1085.5,-121.446,2,1,0,3.5,3.5,0,0
20,"55.step",215,3647,0,96.2274,1.30416e-05,113.107,1,2,51.208,0.452739,8.15,208.672,128.847,1085.5,-122.153,2,2,0,8.15,9.85153,0,0
20,"55.step",216,3657,0,167.465,2.26964e-05,77.4403,1,2,25.1327,0.324544,4,50.2655,124.781,1085.5,-126.219,2,0,0,0,0,0,0
20,"55.step",217,3753,0,25.1327,3.40622e-06,50.2655,1,2,21.9911,0.4375,3.5,38.4845,79.25,1085.5,1.92227e-13,2,1,0,3.5,3.5,0,0
20,"55.step",218,3756,0,96.2274,1.30416e-05,113.107,1,2,51.208,0.452739,8.15,208.672,78.25,1085.5,2.56318e-13,2,2,0,8.15,9.85153,0,0
20,"55.step",219,3766,0,167.465,2.26964e-05,77.4403,1,2,25.1327,0.324544,4,50.2655,72.5,1085.5,2.48579e-13,2,0,0,0,0,0,0
20,"55.step",220,4008,0,20.5528,2.78551e-06,34.6506,1,7,13.8564,0.399889,2.20532,15.2789,377.219,1085.5,126.219,7,0,0,0,0,0,0
20,"55.step",221,4032,0,20.5528,2.78551e-06,34.6506,1,7,13.8564,0.399889,2.20532,15.2789,124.781,1085.5,-126.219,7,0,0,0,0,0,0
20,"55.step",222,4056,0,20.5528,2.78551e-06,34.6506,1,7,13.8564,0.399889,2.20532,15.2789,251,1085.5,178.5,7,0,0,0,0,0,0
20,"55.step",223,4068,0,20.5528,2.78551e-06,34.6506,1,7,13.8564,0.399889,2.20532,15.2789,429.5,1085.5,4.01899e-14,7,0,0,0,0,0,0
20,"55.step",224,4092,0,20.5528,2.78551e-06,34.6506,1,7,13.8564,0.399889,2.20532,15.2789,72.5,1085.5,2.18352e-13,7,0,0,0,0,0,0
20,"55.step",225,4118,0,54620.6,0.0074027,1937.73,5,6,634.602,0.327497,101,32047.4,251,709.2,-6.61297e-13,6,0,0,0,0,0.666667,0
20,"55.step",226,4118,1,54620.6,0.0074027,1937.73,5,6,62.9886,0.0325064,10.025,315.729,348.227,709.2,97.2272,6,0,0,0,0,0.666667,0
20,"55.step",227,4118,2,54620.6,0.0074027,1937.73,5,6,62.9886,0.0325064,10.025,315.729,153.773,709.2,-97.2272,6,0,0,0,0,0.666667,0
20,"55.step",228,4119,0,54904.9,0.00744122,1907.58,5,6,634.602,0.332675,101,32047.4,251,708,-6.52855e-13,6,4,0,8.825,8.825,0,0
20,"55.step",229,4119,1,54904.9,0.00744122,1907.58,5,6,55.4491,0.0290679,8.825,244.669,348.227,708,-97.2272,6,4,0,8.825,8.825,0,0
20,"55.step",230,4119,3,54904.9,0.00744122,1907.58,5,6,55.4491,0.0290679,8.825,244.669,153.773,708,-97.2272,6,4,0,8.825,8.825,0,0
20,"55.step",231,4120,0,1341.33,0.00018179,2235.56,1,2,1114.01,0.498314,177.3,98756.9,251,743,-3.84727e-13,2,2,0,177.3,178.5,0,0
20,"55.step",232,4121,0,741.919,0.000100552,1236.53,1,2,614.496,0.496951,97.8,30048.8,251,673,-6.67242e-13,2,2,0,97.8,99,0,0
20,"55.step",233,4122,0,54.6637,7.40854e-06,91.1062,1,2,41.7832,0.458621,6.65,138.929,348.227,714.866,-97.2272,2,2,0,6.65,7.85,0,0
20,"55.step",234,4123,0,54.6637,7.40854e-06,91.1062,1,2,41.7832,0.458621,6.65,138.929,153.773,714.866,-97.2272,2,2,0,6.65,7.85,0,0
20,"55.step",235,4172,0,3251.55,0.00044068,2167.7,1,2,1074.42,0.495652,171,91863.3,251,1038.8,-9.81297e-13,2,1,0,171,171,0,0
20,"55.step",236,4173,0,3251.55,0.00044068,2167.7,1,2,1074.42,0.495652,171,91863.3,251,1040,-9.81297e-13,2,1,0,171,171,0,0
20,"55.step",237,4186,0,32.7982,4.44512e-06,109.327,1,2,52.7788,0.482759,8.4,221.671,52,950,-9.92857e-13,2,1,0,8.4,8.4,0,0
20,"55.step",238,4187,0,143.862,1.94975e-05,149.496,1,2,68.2483,0.456522,10.862,370.658,75,1021.44,-9.85311e-13,2,2,0,8.4,10,0,0
20,"55.step",239,4211,0,25.1327,3.40622e-06,50.2655,1,2,21.9911,0.4375,3.5,38.4845,153.773,714.75,97.2272,2,1,0,3.5,3.5,0,0
20,"55.step",240,4214,0,96.2274,1.30416e-05,113.107,1,2,51.208,0.452739,8.15,208.672,153.773,713.75,97.2272,2,2,0,8.15,9.85153,0,0
20,"55.step",241,4224,0,167.465,2.26964e-05,77.4403,1,2,25.1327,0.324544,4,50.2655,153.773,708,97.2272,2,0,0,0,0,0,0
20,"55.step",242,4320,0,25.1327,3.40622e-06,50.2655,1,2,21.9911,0.4375,3.5,38.4845,348.227,714.75,97.2272,2,1,0,3.5,3.5,0,0
20,"55.step",243,4323,0,96.2274,1.30416e-05,113.107,1,2,51.208,0.452739,8.15,208.672,348.227,713.75,97.2272,2,2,0,8.15,9.85153,0,0
20,"55.step",244,4333,0,167.465,2.26964e-05,77.4403,1,2,25.1327,0.324544,4,50.2655,348.227,708,97.2272,2,0,0,0,0,0,0
20,"55.step",245,4711,0,20.5528,2.78551e-06,34.6506,1,7,13.8564,0.399889,2.20532,15.2789,348.227,708,97.2272,7,0,0,0,0,0,0
20,"55.step",246,4735,0,20.5528,2.78551e-06,34.6506,1,7,13.8564,0.399889,2.20532,15.2789,153.773,708,97.2272,7,0,0,0,0,0,0
20,"55.step",247,4762,0,461.652,6.25674e-05,142.018,3,10,24.9757,0.175863,3.975,49.6391,381.196,971.3,146.283,10,7,4,1,6.5,0,0
20,"55.step",248,4762,1,461.652,6.25674e-05,142.018,3,10,9.89602,0.0696816,1.575,7.79311,374.479,986.3,139.565,10,7,4,1,6.5,0,1
20,"55.step",249,4762,2,461.652,6.25674e-05,142.018,3,10,8.79646,0.0619392,1.4,6.15752,379.181,965.3,144.267,10,7,4,1,6.5,0,1
20,"55.step",250,4771,0,644.089,8.7293e-05,139.146,2,6,13.823,0.0993417,2.2,15.2053,378.279,980,127.279,6,4,2,1,2.2,0,0
20,"55.step",251,4771,1,644.089,8.7293e-05,139.146,2,6,13.823,0.0993417,2.2,15.2053,378.279,962.5,127.279,6,4,2,1,2.2,0,0
20,"55.step",252,4772,0,644.089,8.7293e-05,139.146,2,6,13.823,0.0993417,2.2,15.2053,377.219,980,126.219,6,4,0,2.2,2.5,0,0
20,"55.step",253,4772,1,644.089,8.7293e-05,139.146,2,6,13.823,0.0993417,2.2,15.2053,377.219,962.5,126.219,6,4,0,2.2,2.5,0,0
20,"55.step",254,4779,0,461.652,6.25674e-05,142.018,3,10,24.9757,0.175863,3.975,49.6391,396.222,971.3,131.257,10,7,5,1,6.5,0,0
20,"55.step",255,4779,1,461.652,6.25674e-05,142.018,3,10,9.89602,0.0696816,1.575,7.79311,389.505,986.3,124.539,10,7,5,1,6.5,0,1
20,"55.step",256,4779,2,461.652,6.25674e-05,142.018,3,10,8.79646,0.0619392,1.4,6.15752,394.207,965.3,129.241,10,7,5,1,6.5,0,1
20,"55.step",257,4783,0,461.652,6.25674e-05,142.018,3,10,24.9757,0.175863,3.975,49.6391,382.257,971.3,145.222,10,7,5,1,6.5,0,0
20,"55.step",258,4783,1,461.652,6.25674e-05,142.018,3,10,9.89602,0.0696816,1.575,7.79311,375.539,986.3,138.505,10,7,5,1,6.5,0,1
20,"55.step",259,4783,2,461.652,6.25674e-05,142.018,3,10,8.79646,0.0619392,1.4,6.15752,380.241,965.3,143.207,10,7,5,1,6.5,0,1
20,"55.step",260,4790,0,461.652,6.25674e-05,142.018,3,10,24.9757,0.175863,3.975,49.6391,397.283,971.3,130.196,10,7,4,1,6.5,0,0
20,"55.step",261,4790,1,461.652,6.25674e-05,142.018,3,10,9.89602,0.0696816,1.575,7.79311,390.565,986.3,123.479,10,7,4,1,6.5,0,1
20,"55.step",262,4790,2,461.652,6.25674e-05,142.018,3,10,8.79646,0.0619392,1.4,6.15752,395.267,965.3,128.181,10,7,4,1,6.5,0,1
20,"55.step",263,4808,0,297.028,4.02561e-05,113.151,2,13,9.89602,0.0874582,1.575,7.79311,375.875,970.3,138.31,13,7,6,1,4,0,1
20,"55.step",264,4808,1,297.028,4.02561e-05,113.151,2,13,9.89602,0.0874582,1.575,7.79311,375.804,986.3,138.239,13,7,6,1,4,0,1
20,"55.step",265,4830,0,297.028,4.02561e-05,113.151,2,13,9.89602,0.0874582,1.575,7.79311,389.31,970.3,124.875,13,7,6,1,4,0,1
20,"55.step",266,4830,1,297.028,4.02561e-05,113.151,2,13,9.89602,0.0874582,1.575,7.79311,389.239,986.3,124.804,13,7,6,1,4,0,1
20,"55.step",267,4831,0,297.028,4.02561e-05,113.151,2,13,9.89602,0.0874582,1.575,7.79311,376.936,970.3,137.249,13,7,6,0.1,4,0,1
20,"55.step",268,4831,1,297.028,4.02561e-05,113.151,2,13,9.89602,0.0874582,1.575,7.79311,376.865,986.3,137.179,13,7,6,0.1,4,0,1
20,"55.step",269,4833,0,297.028,4.02561e-05,113.151,2,13,9.89602,0.0874582,1.575,7.79311,388.249,970.3,125.936,13,7,6,0.1,4,0,1
20,"55.step",270,4833,1,297.028,4.02561e-05,113.151,2,13,9.89602,0.0874582,1.575,7.79311,388.179,986.3,125.865,13,7,6,0.1,4,0,1
20,"55.step",271,4859,0,6.98075,9.46097e-07,24.7266,1,2,10.5895,0.428262,1.68537,8.92356,374.302,986.3,139.742,2,0,0,0,0,0,0
20,"55.step",272,4861,0,21.2058,2.874e-06,28.2743,1,2,9.42478,0.333333,1.5,7.06858,390.565,986.3,123.479,2,1,1,1.5,1.5,0.5,1
20,"55.step",273,4868,0,461.652,6.25674e-05,142.018,3,10,24.9757,0.175863,3.975,49.6391,120.804,971.3,-146.283,10,7,4,1,6.5,0,0
20,"55.step",274,4868,1,461.652,6.25674e-05,142.018,3,10,9.89602,0.0696816,1.575,7.79311,127.521,986.3,-139.565,10,7,4,1,6.5,0,1
20,"55.step",275,4868,2,461.652,6.25674e-05,142.018,3,10,8.79646,0.0619392,1.4,6.15752,122.819,965.3,-144.267,10,7,4,1,6.5,0,1
20,"55.step",276,4877,0,644.089,8.7293e-05,139.146,2,6,13.823,0.0993417,2.2,15.2053,123.721,980,-127.279,6,4,2,1,2.2,0,0
20,"55.step",277,4877,1,644.089,8.7293e-05,139.146,2,6,13.823,0.0993417,2.2,15.2053,123.721,962.5,-127.279,6,4,2,1,2.2,0,0
20,"55.step",278,4878,0,644.089,8.7293e-05,139.146,2,6,13.823,0.0993417,2.2,15.2053,124.781,980,-126.219,6,4,0,2.2,2.5,0,0
20,"55.step",279,4878,1,644.089,8.7293e-05,139.146,2,6,13.823,0.0993417,2.2,15.2053,124.781,962.5,-126.219,6,4,0,2.2,2.5,0,0
20,"55.step",280,4885,0,461.652,6.25674e-05,142.018,3,10,24.9757,0.175863,3.975,49.6391,105.778,971.3,-131.257,10,7,5,1,6.5,0,0
20,"55.step",281,4885,1,461.652,6.25674e-05,142.018,3,10,9.89602,0.0696816,1.575,7.79311,112.495,986.3,-124.539,10,7,5,1,6.5,0,1
20,"55.step",282,4885,2,461.652,6.25674e-05,142.018,3,10,8.79646,0.0619392,1.4,6.15752,107.793,965.3,-129.241,10,7,5,1,6.5,0,1
20,"55.step",283,4889,0,461.652,6.25674e-05,142.018,3,10,24.9757,0.175863,3.975,49.6391,119.743,971.3,-145.222,10,7,5,1,6.5,0,0
20,"55.step",284,4889,1,461.652,6.25674e-05,142.018,3,10,9.89602,0.0696816,1.575,7.79311,126.461,986.3,-138.505,10,7,5,1,6.5,0,1
20,"55.step",285,4889,2,461.652,6.25674e-05,142.018,3,10,8.79646,0.0619392,1.4,6.15752,121.759,965.3,-143.207,10,7,5,1,6.5,0,1
20,"55.step",286,4896,0,461.652,6.25674e-05,142.018,3,10,24.9757,0.175863,3.975,49.6391,104.717,971.3,-130.196,10,7,4,1,6.5,0,0
20,"55.step",287,4896,1,461.652,6.25674e-05,142.018,3,10,9.89602,0.0696816,1.575,7.79311,111.435,986.3,-123.479,10,7,4,1,6.5,0,1
20,"55.step",288,4896,2,461.652,6.25674e-05,142.018,3,10,8.79646,0.0619392,1.4,6.15752,106.733,965.3,-128.181,10,7,4,1,6.5,0,1
20,"55.step",289,4914,0,297.028,4.02561e-05,113.151,2,13,9.89602,0.0874582,1.575,7.79311,126.125,970.3,-138.31,13,7,6,1,4,0,1
20,"55.step",290,4914,1,297.028,4.02561e-05,113.151,2,13,9.89602,0.0874582,1.575,7.79311,126.196,986.3,-138.239,13,7,6,1,4,0,1
20,"55.step",291,4936,0,297.028,4.02561e-05,113.151,2,13,9.89602,0.0874582,1.575,7.79311,112.69,970.3,-124.875,13,7,6,1,4,0,1
20,"55.step",292,4936,1,297.028,4.02561e-05,113.151,2,13,9.89602,0.0874582,1.575,7.79311,112.761,986.3,-124.804,13,7,6,1,4,0,1
20,"55.step",293,4937,0,297.028,4.02561e-05,113.151,2,13,9.89602,0.0874582,1.575,7.79311,125.135,986.3,-137.179,13,7,6,0.1,4,0,1
20,"55.step",294,4937,1,297.028,4.02561e-05,113.151,2,13,9.89602,0.0874582,1.575,7.79311,125.064,970.3,-137.249,13,7,6,0.1,4,0,1
20,"55.step",295,4939,0,297.028,4.02561e-05,113.151,2,13,9.89602,0.0874582,1.575,7.79311,113.751,970.3,-125.936,13,7,6,0.1,4,0,1
20,"55.step",296,4939,1,297.028,4.02561e-05,113.151,2,13,9.89602,0.0874582,1.575,7.79311,113.821,986.3,-125.865,13,7,6,0.1,4,0,1
20,"55.step",297,4965,0,6.98075,9.46097e-07,24.7266,1,2,10.5895,0.428262,1.68537,8.92356,127.698,986.3,-139.742,2,0,0,0,0,0,0
20,"55.step",298,4967,0,21.2058,2.874e-06,28.2743,1,2,9.42478,0.333333,1.5,7.06858,111.435,986.3,-123.479,2,1,1,1.5,1.5,0.5,1
20,"55.step",299,5016,0,297.028,4.02561e-05,113.151,2,13,9.89602,0.0874582,1.575,7.79311,389.113,970.301,-124.678,13,7,6,1,4,0,1
20,"55.step",300,5038,0,297.028,4.02561e-05,113.151,2,13,9.89602,0.0874582,1.575,7.79311,375.678,970.301,-138.113,13,7,6,1,4,0,1
20,"55.step",301,5039,0,297.028,4.02561e-05,113.151,2,13,9.89602,0.0874582,1.575,7.79311,388.052,970.301,-125.738,13,7,6,0.1,4,0,1
20,"55.step",302,5041,0,297.028,4.02561e-05,113.151,2,13,9.89602,0.0874582,1.575,7.79311,376.738,970.301,-137.052,13,7,6,0.1,4,0,1
20,"55.step",303,5072,0,6.98075,9.46097e-07,24.7266,1,2,10.5895,0.428262,1.68537,8.92356,390.742,986.3,-123.302,2,0,0,0,0,0,0
20,"55.step",304,5074,0,21.2058,2.874e-06,28.2743,1,2,9.42478,0.333333,1.5,7.06858,374.479,986.3,-139.565,2,1,1,1.5,1.5,0.5,1
20,"55.step",305,5118,0,297.028,4.02561e-05,113.151,2,13,9.89602,0.0874582,1.575,7.79311,112.887,970.301,124.678,13,7,6,1,4,0,1
20,"55.step",306,5140,0,297.028,4.02561e-05,113.151,2,13,9.89602,0.0874582,1.575,7.79311,126.322,970.301,138.113,13,7,6,1,4,0,1
20,"55.step",307,5141,0,297.028,4.02561e-05,113.151,2,13,9.89602,0.0874582,1.575,7.79311,113.948,970.301,125.738,13,7,6,0.1,4,0,1
20,"55.step",308,5143,0,297.028,4.02561e-05,113.151,2,13,9.89602,0.0874582,1.575,7.79311,125.262,970.301,137.052,13,7,6,0.1,4,0,1
20,"55.step",309,5174,0,6.98075,9.46097e-07,24.7266,1,2,10.5895,0.428262,1.68537,8.92356,111.258,986.3,123.302,2,0,0,0,0,0,0
20,"55.step",310,5176,0,21.2058,2.874e-06,28.2743,1,2,9.42478,0.333333,1.5,7.06858,127.521,986.3,139.565,2,1,1,1.5,1.5,0.5,1
20,"55.step",311,5179,0,199.523,2.70412e-05,137.602,1,2,59.6903,0.43379,9.5,283.529,218,1251,93.5,2,2,0,9.5,12.4,0,0
20,"55.step",312,5180,0,71.1806,9.64706e-06,149.854,1,2,71.9425,0.480084,11.45,411.871,195.713,1251,93.5,2,2,0,11.45,12.4,0,0
20,"55.step",313,5181,0,128.342,1.73941e-05,131.633,1,2,59.6903,0.453461,9.5,283.529,207.6,1251,93.5,2,2,0,9.5,11.45,0.5,0
20,"55.step",314,5287,0,433.54,5.87574e-05,867.08,1,2,430.398,0.496377,68.5,14741.1,251,1288.5,3.58255e-11,2,2,0,68.5,69.5,0.5,0
20,"55.step",315,5288,0,716.283,9.70774e-05,238.761,1,25,100.531,0.421053,16,804.248,251,1304.5,2.16414e-11,25,9,0,16,22,0.04,0
20,"55.step",316,5466,0,608.095,8.24146e-05,349.826,1,2,163.991,0.468779,26.1,2140.08,251,1273.5,3.60999e-11,2,1,0,26.1,26.1,0,0
20,"55.step",317,5467,0,16.3677,2.2183e-06,327.354,1,2,163.363,0.49904,26,2123.72,251,1276.5,3.85404e-11,2,2,0,26,26.1,0.5,0
20,"55.step",318,5468,0,388.772,5.269e-05,311.018,1,2,147.655,0.474747,23.5,1734.94,251,1290.5,3.60381e-11,2,2,0,23.5,26,0.5,0
20,"55.step",319,5469,0,107.947,1.463e-05,271.463,1,2,133.233,0.490796,21.2047,1412.58,251,1294.5,3.59864e-11,2,0,0,0,0,0,0
20,"55.step",320,5470,0,767.331,0.000103996,204.895,1,2,78.9168,0.385158,12.56,495.598,251,1302.5,3.64048e-11,2,2,0,12.56,20.05,0.5,0
20,"55.step",321,5474,0,224.244,3.03916e-05,83.1452,1,5,16.0271,0.19276,2.55079,20.4409,184.5,1294.5,39,5,3,3,1.5,1.5,0.2,0
20,"55.step",322,5492,0,224.244,3.03916e-05,83.1452,1,5,16.0271,0.19276,2.55079,20.4409,317.5,1294.5,39,5,3,3,1.5,1.5,0.2,0
20,"55.step",323,5519,0,8089.6,0.00109638,647.168,1,6,245.044,0.378641,39,4778.36,251,1304.5,3.51256e-11,6,3,0,64,64,0,0
20,"55.step",324,5531,0,125.248,1.69748e-05,60.6239,1,5,11.6239,0.191738,1.85,10.7521,329,1289.5,-39,5,2,2,1.5,1.85,0,1
20,"55.step",325,5559,0,125.248,1.69748e-05,60.6239,1,5,11.6239,0.191738,1.85,10.7521,173,1289.5,-39,5,2,2,1.5,1.85,0,1
20,"55.step",326,5638,0,1953.27,0.000264725,1096.68,5,21,436.681,0.398186,69.5,15174.7,251,1284.5,3.5184e-11,21,5,0,69.5,71.5,0,0
20,"55.step",327,5638,1,1953.27,0.000264725,1096.68,5,21,18.2212,0.0166149,2.9,26.4208,184.5,1284.5,39,21,5,0,69.5,71.5,0,1
20,"55.step",328,5638,3,1953.27,0.000264725,1096.68,5,21,18.2212,0.0166149,2.9,26.4208,317.5,1284.5,-39,21,5,0,69.5,71.5,0,1
20,"55.step",329,5734,0,78.95,1.07e-05,57.1628,1,10,16.3133,0.285383,2.59634,21.1774,207.118,1186.88,122,10,6,2,1,5,0.6,0
20,"55.step",330,5738,0,78.95,1.07e-05,57.1628,1,10,16.3133,0.285383,2.59634,21.1774,295.118,1186.88,122,10,6,2,1,5,0.6,0
20,"55.step",331,5741,0,78.95,1.07e-05,57.1628,1,10,16.3133,0.285383,2.59634,21.1774,295.118,1274.88,122,10,6,2,1,5,0.6,0
20,"55.step",332,5744,0,78.95,1.07e-05,57.1628,1,10,16.3133,0.285383,2.59634,21.1774,207.118,1274.88,122,10,6,2,1,5,0.6,0
20,"55.step",333,5759,0,36.4111,4.93477e-06,38.3274,1,2,13.1947,0.344262,2.1,13.8544,207.586,1186.41,122.043,2,2,0,2.1,4,0.5,1
20,"55.step",334,5761,0,36.4111,4.93477e-06,38.3274,1,2,13.1947,0.344262,2.1,13.8544,295.586,1186.41,122.043,2,2,0,2.1,4,0.5,1
20,"55.step",335,5763,0,36.4111,4.93477e-06,38.3274,1,2,13.1947,0.344262,2.1,13.8544,295.586,1274.41,122.043,2,2,0,2.1,4,0.5,1
20,"55.step",336,5765,0,36.4111,4.93477e-06,38.3274,1,2,13.1947,0.344262,2.1,13.8544,207.586,1274.41,122.043,2,2,0,2.1,4,0.5,1
20,"55.step",337,5801,0,231.327,3.13516e-05,82.8319,1,5,26.2832,0.317308,4.1831,54.9726,197,1211,93.5,5,2,2,1,1,0,0
20,"55.step",338,5802,0,2086.47,0.000282777,805.717,1,24,387.416,0.480833,61.6592,11943.9,251,1231,120.5,24,12,0,4.25,5,0.333333,0
20,"55.step",339,5819,0,1938.01,0.000262657,804.243,1,24,385.941,0.479881,61.4244,11853.1,251,1231,113,24,8,0,4.25,4.25,0.333333,0
20,"55.step",340,5823,0,3073.84,0.000416596,315.832,1,5,62.8319,0.198941,10,314.159,201,1211,93.5,5,1,0,10,10,0.4,0
20,"55.step",341,5921,0,168.434,2.28278e-05,395.121,1,9,194.779,0.492959,31,3019.07,251,1092.5,3.55317e-11,9,5,0,31,31.8581,0.888889,0
20,"55.step",342,5923,0,94.879,1.28589e-05,83.8812,1,9,31.4159,0.374529,5,78.5398,290,1084.5,-66.5,9,5,1,2,80,0.444444,0
20,"55.step",343,5926,0,527.078,7.14345e-05,141.795,1,9,12.5664,0.0886238,2,12.5664,251,1085.5,-36.1974,9,0,0,0,0,0.333333,1
20,"55.step",344,5943,0,860.796,0.000116663,860.796,1,2,424.115,0.492701,67.5,14313.9,251,1092.5,3.57078e-11,2,2,0,67.5,69.5,0.5,0
20,"55.step",345,5944,0,886.321,0.000120122,211.098,1,2,79.1681,0.375031,12.6,498.759,251,1078.5,3.55655e-11,2,1,0,12.6,12.6,0,0
20,"55.step",346,5953,0,714.28,9.68059e-05,202.633,1,2,79.1681,0.390698,12.6,498.759,251,1080.5,3.55655e-11,2,1,0,12.6,12.6,0,0
20,"55.step",347,5954,0,3560.67,0.000482575,789.338,1,9,348.624,0.441667,55.4853,9671.76,251,1083.5,3.51191e-11,9,4,0,6,6,0.444444,0
20,"55.step",348,5955,0,909.274,0.000123233,294.166,1,2,127.661,0.433978,20.3179,1296.91,251,1088.99,3.47148e-11,2,0,0,0,0,0,0
20,"55.step",349,5956,0,641.314,8.69169e-05,412.848,1,2,196.664,0.476359,31.3,3077.79,251,1114,3.52338e-11,2,0,0,0,0,0,0
20,"55.step",350,5957,0,811.675,0.000110006,373.13,1,9,172.788,0.463076,27.5,2375.83,251,1090.5,3.55184e-11,9,5,0,27.5,31.8581,0.888889,0
20,"55.step",351,5971,0,1883.55,0.000255276,977.093,1,25,438.566,0.448848,69.8,15306,251,1096.5,3.50458e-11,25,12,0,2.75,79,0,0
20,"55.step",352,6004,0,10903.4,0.00147772,994.049,5,21,326.726,0.328682,52,8494.87,251,1075.5,3.55873e-11,21,17,4,2,80,0,0
20,"55.step",353,6004,1,10903.4,0.00147772,994.049,5,21,31.4159,0.031604,5,78.5398,296.962,1075.5,45.9619,21,17,4,2,80,0,1
20,"55.step",354,6004,3,10903.4,0.00147772,994.049,5,21,31.4159,0.031604,5,78.5398,205.038,1075.5,-45.9619,21,17,4,2,80,0,1
20,"55.step",355,6051,0,54.7815,7.4245e-06,48.6947,1,2,17.2788,0.354839,2.75,23.7583,212,1089.5,-66.5,2,2,0,2.75,5,0.5,0
20,"55.step",356,6053,0,54.7815,7.4245e-06,48.6947,1,2,17.2788,0.354839,2.75,23.7583,290,1089.5,-66.5,2,2,0,2.75,5,0.5,0
20,"55.step",357,6071,0,94.879,1.28589e-05,83.8812,1,9,31.4159,0.374529,5,78.5398,212,1084.5,-66.5,9,5,1,2,80,0.444444,0
20,"55.step",358,6091,0,273.562,3.70757e-05,179.385,1,2,80.1106,0.446585,12.75,510.705,179.713,1251.07,93.5858,2,1,0,15.8,15.8,0.5,0
20,"55.step",359,6092,0,162.789,2.20627e-05,132.889,1,2,58.7478,0.44208,9.35,274.646,173.113,1251.07,93.5858,2,1,0,9.35,9.35,0,0
20,"55.step",360,6098,0,434.521,5.88904e-05,190.67,1,7,77.9115,0.408619,12.4,483.051,195.713,1251,93.5,7,1,0,12.4,12.4,0,0
20,"55.step",361,6101,0,208.405,2.8245e-05,136.659,1,2,58.7478,0.429885,9.35,274.646,179.713,1251.07,93.5858,2,2,0,9.35,12.4,0.5,0
20,"55.step",362,6120,0,27.3172,3.70228e-06,47.789,1,5,18.8496,0.394433,3,28.2743,290,1104.5,-66.5,5,2,0,3,3.25,0.6,0
20,"55.step",363,6124,0,27.3439,3.70589e-06,43.8888,1,7,17.2788,0.393694,2.75,23.7583,184.5,1290,39,7,1,0,2.75,2.75,0.142857,0
20,"55.step",364,6128,0,463.018,6.27525e-05,106.608,1,5,14.6084,0.137029,2.325,16.9823,192.7,1224.5,-65,5,2,1,1,2.325,0.2,0
20,"55.step",365,6223,0,278.766,3.7781e-05,258.295,2,18,7.85398,0.030407,1.25,4.90874,223.5,1141,79,18,7,6,0.4,4,0.111111,1
20,"55.step",366,6223,1,278.766,3.7781e-05,258.295,2,18,7.85398,0.030407,1.25,4.90874,213.5,1141,79,18,7,6,0.4,4,0.111111,1
20,"55.step",367,6231,0,885.929,0.000120069,885.929,1,2,436.681,0.492908,69.5,15174.7,251,1284,3.48552e-11,2,2,0,69.5,71.5,0.5,0
20,"55.step",368,6232,0,1563.14,0.000211851,1053.15,5,27,436.681,0.414641,69.5,15174.7,251,1096.5,3.49894e-11,27,15,8,0.999953,71.5,0.037037,0
20,"55.step",369,6232,1,1563.14,0.000211851,1053.15,5,27,18.8496,0.0178982,3,28.2743,290,1096.5,66.5,27,15,8,0.999953,71.5,0.037037,1
20,"55.step",370,6232,3,1563.14,0.000211851,1053.15,5,27,18.8496,0.0178982,3,28.2743,212,1096.5,66.5,27,15,8,0.999953,71.5,0.037037,1
20,"55.step",371,6265,0,169.302,2.29453e-05,79.1564,1,7,18.8496,0.23813,3,28.2743,184.5,1283.5,-39,7,4,2,1,71.5,0.142857,0
20,"55.step",372,6279,0,169.302,2.29453e-05,79.1564,1,7,18.8496,0.23813,3,28.2743,317.5,1283.5,-39,7,4,2,0.999953,71.5,0.142857,0
20,"55.step",373,6316,0,463.018,6.27525e-05,106.608,1,5,14.6084,0.137029,2.325,16.9823,186,1183.5,58.3,5,2,1,1,2.325,0.2,0
20,"55.step",374,6320,0,463.018,6.27525e-05,106.608,1,5,14.6084,0.137029,2.325,16.9823,316,1173.5,58.3,5,2,1,1,2.325,0.2,0
20,"55.step",375,6326,0,463.018,6.27525e-05,106.608,1,5,14.6084,0.137029,2.325,16.9823,316,1214.5,58.3,5,2,1,1,2.325,0.2,0
20,"55.step",376,6337,0,278.766,3.7781e-05,258.295,2,18,7.85398,0.030407,1.25,4.90874,278.5,1141,79,18,7,6,0.4,4,0.111111,1
20,"55.step",377,6337,1,278.766,3.7781e-05,258.295,2,18,7.85398,0.030407,1.25,4.90874,288.5,1141,79,18,7,6,0.4,4,0.111111,1
20,"55.step",378,6388,0,624.357,8.46187e-05,177.569,6,18,14.4513,0.0813841,2.3,16.619,251,1237,77,18,13,6,1.85,6,0,1
20,"55.step",379,6388,1,624.357,8.46187e-05,177.569,6,18,14.4513,0.0813841,2.3,16.619,251,1217,77,18,13,6,1.85,6,0,1
20,"55.step",380,6388,2,624.357,8.46187e-05,177.569,6,18,11.6239,0.0654612,1.85,10.7521,258.6,1224.4,77,18,13,6,1.85,6,0,1
20,"55.step",381,6388,3,624.357,8.46187e-05,177.569,6,18,11.6239,0.0654612,1.85,10.7521,258.6,1239.6,77,18,13,6,1.85,6,0,1
20,"55.step",382,6388,4,624.357,8.46187e-05,177.569,6,18,11.6239,0.0654612,1.85,10.7521,243.4,1239.6,77,18,13,6,1.85,6,0,1
20,"55.step",383,6388,5,624.357,8.46187e-05,177.569,6,18,11.6239,0.0654612,1.85,10.7521,243.4,1224.4,77,18,13,6,1.85,6,0,1
20,"55.step",384,6487,0,27.3439,3.70589e-06,43.8888,1,7,17.2788,0.393694,2.75,23.7583,290,1091.25,66.5,7,1,0,2.75,2.75,0.142857,0
20,"55.step",385,6510,0,15.9521,2.16198e-06,40.1589,1,7,17.2788,0.43026,2.75,23.7583,290,1109.25,-66.5,7,2,0,2.75,3.25,0.571429,0
20,"55.step",386,6517,0,4.51604,6.12056e-07,36.1283,1,2,17.2788,0.478261,2.75,23.7583,184.5,1276,-39,2,2,0,2.75,3,1,0
20,"55.step",387,6538,0,15.9521,2.16198e-06,40.1589,1,7,17.2788,0.43026,2.75,23.7583,184.5,1272,-39,7,2,0,2.75,3.25,0.571429,0
20,"55.step",388,6564,0,27.3172,3.70228e-06,47.789,1,5,18.8496,0.394433,3,28.2743,212,1104.5,66.5,5,2,0,3,3.25,0.6,0
20,"55.step",389,6599,0,15.9521,2.16198e-06,40.1589,1,7,17.2788,0.43026,2.75,23.7583,317.5,1272,39,7,2,0,2.75,3.25,0.571429,0
20,"55.step",390,6602,0,4.51604,6.12056e-07,36.1283,1,2,17.2788,0.478261,2.75,23.7583,317.5,1276,39,2,2,0,2.75,3,1,0
20,"55.step",391,6613,0,15.9521,2.16198e-06,40.1589,1,7,17.2788,0.43026,2.75,23.7583,290,1105.25,66.5,7,2,0,2.75,3.25,0.571429,0
20,"55.step",392,6649,0,916.106,0.000124159,642.859,6,50,9.42478,0.0146607,1.5,7.06858,172,1223.46,-6.00082e-11,50,14,14,1,1.5,0.12,1
20,"55.step",393,6649,1,916.106,0.000124159,642.859,6,50,9.42478,0.0146607,1.5,7.06858,172,1173.46,-6.00081e-11,50,14,14,1,1.5,0.12,1
20,"55.step",394,6649,2,916.106,0.000124159,642.859,6,50,7.85398,0.0122173,1.25,4.90874,172,1228.46,-6.57784e-11,50,14,14,1,1.5,0.12,1
20,"55.step",395,6649,3,916.106,0.000124159,642.859,6,50,7.85398,0.0122173,1.25,4.90874,172,1218.46,-6.00075e-11,50,14,14,1,1.5,0.12,1
20,"55.step",396,6649,4,916.106,0.000124159,642.859,6,50,7.85398,0.0122173,1.25,4.90874,172,1153.46,-6.00074e-11,50,14,14,1,1.5,0.12,1
20,"55.step",397,6649,5,916.106,0.000124159,642.859,6,50,7.85398,0.0122173,1.25,4.90874,172,1163.46,-6.00055e-11,50,14,14,1,1.5,0.12,1
20,"55.step",398,6679,0,916.106,0.000124159,642.859,6,50,9.42478,0.0146607,1.5,7.06858,330,1158.46,-5.95056e-11,50,14,14,1,1.5,0.12,1
20,"55.step",399,6679,1,916.106,0.000124159,642.859,6,50,9.42478,0.0146607,1.5,7.06858,330,1208.46,-5.95057e-11,50,14,14,1,1.5,0.12,1
20,"55.step",400,6679,2,916.106,0.000124159,642.859,6,50,7.85398,0.0122173,1.25,4.90874,330,1153.46,-5.95071e-11,50,14,14,1,1.5,0.12,1
20,"55.step",401,6679,3,916.106,0.000124159,642.859,6,50,7.85398,0.0122173,1.25,4.90874,330,1163.46,-5.95091e-11,50,14,14,1,1.5,0.12,1
20,"55.step",402,6679,4,916.106,0.000124159,642.859,6,50,7.85398,0.0122173,1.25,4.90874,330,1228.46,-5.37404e-11,50,14,14,1,1.5,0.12,1
20,"55.step",403,6679,5,916.106,0.000124159,642.859,6,50,7.85398,0.0122173,1.25,4.90874,330,1218.46,-5.95053e-11,50,14,14,1,1.5,0.12,1
20,"55.step",404,6705,0,463.018,6.27525e-05,106.608,1,5,14.6084,0.137029,2.325,16.9823,192.7,1183.5,-65,5,2,1,1,2.325,0.2,0
20,"55.step",405,6706,0,463.018,6.27525e-05,106.608,1,5,14.6084,0.137029,2.325,16.9823,186,1173.5,-58.3,5,2,1,1,2.325,0.2,0
20,"55.step",406,6724,0,463.018,6.27525e-05,106.608,1,5,14.6084,0.137029,2.325,16.9823,186,1214.5,-58.3,5,2,1,1,2.325,0.2,0
20,"55.step",407,6747,0,3049.54,0.000413302,769.506,5,50,335.982,0.436621,53.4732,8983.03,251,1231.88,74.5,50,16,12,1,5,0.14,0
20,"55.step",408,6747,1,3049.54,0.000413302,769.506,5,50,11.3097,0.0146974,1.8,10.1788,216,1196,74.5,50,16,12,1,5,0.14,1
20,"55.step",409,6747,2,3049.54,0.000413302,769.506,5,50,11.3097,0.0146974,1.8,10.1788,216,1266,74.5,50,16,12,1,5,0.14,1
20,"55.step",410,6747,3,3049.54,0.000413302,769.506,5,50,11.3097,0.0146974,1.8,10.1788,286,1266,74.5,50,16,12,1,5,0.14,1
20,"55.step",411,6747,4,3049.54,0.000413302,769.506,5,50,11.3097,0.0146974,1.8,10.1788,286,1196,74.5,50,16,12,1,5,0.14,1
20,"55.step",412,6748,0,410.669,5.56577e-05,867.413,1,2,430.732,0.496571,68.5531,14764,251,1287,3.44894e-11,2,1,0,69.5,69.5,0,0
20,"55.step",413,6749,0,373.078,5.0563e-05,867.961,1,2,431.28,0.496888,68.6403,14801.6,251,1093,3.42726e-11,2,1,0,69.5,69.5,0,0
20,"55.step",414,6817,0,27.3439,3.70589e-06,43.8888,1,7,17.2788,0.393694,2.75,23.7583,212,1091.25,-66.5,7,1,0,2.75,2.75,0.142857,0
20,"55.step",415,6847,0,15.9521,2.16198e-06,40.1589,1,7,17.2788,0.43026,2.75,23.7583,212,1105.25,-66.5,7,2,0,2.75,3.25,0.571429,0
20,"55.step",416,6848,0,15.9521,2.16198e-06,40.1589,1,7,17.2788,0.43026,2.75,23.7583,212,1109.25,-66.5,7,2,0,2.75,3.25,0.571429,0
20,"55.step",417,6894,0,463.018,6.27525e-05,106.608,1,5,14.6084,0.137029,2.325,16.9823,309.3,1173.5,-65,5,2,1,1,2.325,0.2,0
20,"55.step",418,6903,0,463.018,6.27525e-05,106.608,1,5,14.6084,0.137029,2.325,16.9823,316,1183.5,-58.3,5,2,1,1,2.325,0.2,0
20,"55.step",419,6917,0,463.018,6.27525e-05,106.608,1,5,14.6084,0.137029,2.325,16.9823,316,1224.5,-58.3,5,2,1,1,2.325,0.2,0
20,"55.step",420,6936,0,463.018,6.27525e-05,106.608,1,5,14.6084,0.137029,2.325,16.9823,309.3,1214.5,-65,5,2,1,1,2.325,0.2,0
20,"55.step",421,6941,0,463.018,6.27525e-05,106.608,1,5,14.6084,0.137029,2.325,16.9823,186,1224.5,58.3,5,2,1,1,2.325,0.2,0
20,"55.step",422,6947,0,27.3439,3.70589e-06,43.8888,1,7,17.2788,0.393694,2.75,23.7583,317.5,1290,39,7,1,0,2.75,2.75,0.142857,0
20,"55.step",423,7031,0,98.9339,1.34084e-05,129.841,1,2,60.0979,0.462857,9.56488,287.414,251,1025.49,3.54468e-11,2,0,0,0,0,0.5,0
20,"55.step",424,7033,0,203.605,2.75944e-05,73.042,1,2,19.0066,0.260215,3.025,28.7475,251,987.5,3.54035e-11,2,0,0,0,0,0,0
20,"55.step",425,7037,0,87.7789,1.18966e-05,172.683,1,2,83.1476,0.481504,13.2334,550.161,251,1103.5,3.57012e-11,2,1,0,14.25,14.25,0,0
20,"55.step",426,7050,0,225.43,3.05523e-05,146.285,1,2,63.4602,0.433811,10.1,320.474,251,1255.5,3.53335e-11,2,0,0,0,0,0.5,0
20,"55.step",427,7053,0,4.2333,5.73736e-07,169.332,1,2,84.5088,0.499072,13.45,568.322,251,1225.5,3.53528e-11,2,2,0,13.45,13.5,0.5,0
20,"55.step",428,7058,0,65.3844,8.8615e-06,174.358,1,2,84.823,0.486486,13.5,572.555,251,1123.5,3.53527e-11,2,2,0,13.5,14.25,0.5,0
20,"55.step",429,7076,0,14.6989,1.99214e-06,64.1408,1,2,30.6305,0.477551,4.875,74.6619,296.962,1037.4,-45.9619,2,1,0,4.875,4.875,0,0
20,"55.step",430,7084,0,22.8772,3.10053e-06,56.1403,1,2,25.5097,0.454393,4.06,51.7848,296.962,1038.57,-45.9619,2,1,0,4.875,4.875,0.5,0
20,"55.step",431,7085,0,167.797,2.27414e-05,77.4801,1,2,25.1327,0.324377,4,50.2655,296.962,1048.5,-45.9619,2,1,0,4,4,0,0
20,"55.step",432,7136,0,14.6989,1.99214e-06,64.1408,1,2,30.6305,0.477551,4.875,74.6619,205.038,1037.4,-45.9619,2,1,0,4.875,4.875,0,0
20,"55.step",433,7144,0,22.8772,3.10053e-06,56.1403,1,2,25.5097,0.454393,4.06,51.7848,205.038,1038.57,-45.9619,2,1,0,4.875,4.875,0.5,0
20,"55.step",434,7145,0,167.797,2.27414e-05,77.4801,1,2,25.1327,0.324377,4,50.2655,205.038,1048.5,-45.9619,2,1,0,4,4,0,0
20,"55.step",435,7183,0,25.1327,3.40622e-06,50.2655,1,2,21.9911,0.4375,3.5,38.4845,106.043,971.3,-131.522,2,0,0,0,0,0,0
20,"55.step",436,7184,0,25.1327,3.40622e-06,50.2655,1,2,21.9911,0.4375,3.5,38.4845,119.478,971.3,-144.957,2,0,0,0,0,0,0
20,"55.step",437,7191,0,25.1327,3.40622e-06,50.2655,1,2,21.9911,0.4375,3.5,38.4845,382.522,971.3,144.957,2,0,0,0,0,0,0
20,"55.step",438,7192,0,25.1327,3.40622e-06,50.2655,1,2,21.9911,0.4375,3.5,38.4845,395.957,971.3,131.522,2,0,0,0,0,0,0
20,"55.step",439,7203,0,58.3282,7.90518e-06,53.4906,1,7,18.8496,0.35239,3,28.2743,381.196,971.3,146.283,7,1,0,3,3,0.142857,0
20,"55.step",440,7220,0,58.3282,7.90518e-06,53.4906,1,7,18.8496,0.35239,3,28.2743,120.804,971.3,-146.283,7,1,0,3,3,0.142857,0
20,"55.step",441,7238,0,25.9181,3.51267e-06,34.5575,1,7,12.5664,0.363636,2,12.5664,123.155,962.5,-127.845,7,0,0,0,0,0,0
20,"55.step",442,7245,0,25.9181,3.51267e-06,34.5575,1,7,12.5664,0.363636,2,12.5664,120.892,962.5,-130.108,7,1,1,2,2,0,1
20,"55.step",443,7262,0,25.9181,3.51267e-06,34.5575,1,7,12.5664,0.363636,2,12.5664,378.845,962.5,-127.845,7,0,0,0,0,0,1
20,"55.step",444,7269,0,25.9181,3.51267e-06,34.5575,1,7,12.5664,0.363636,2,12.5664,381.108,962.5,-130.108,7,1,1,2,2,0,1
20,"55.step",445,7327,0,49.0952,6.65384e-06,41.7832,1,2,13.5088,0.323308,2.15,14.522,378.845,962.5,127.845,2,2,0,2.15,4.5,0,0
20,"55.step",446,7328,0,49.0952,6.65384e-06,41.7832,1,2,13.5088,0.323308,2.15,14.522,378.279,962.5,127.279,2,2,0,2.15,4.5,0,0
20,"55.step",447,7335,0,49.0952,6.65384e-06,41.7832,1,2,13.5088,0.323308,2.15,14.522,123.155,962.5,127.845,2,2,0,2.15,4.5,0,0
20,"55.step",448,7336,0,49.0952,6.65384e-06,41.7832,1,2,13.5088,0.323308,2.15,14.522,123.721,962.5,127.279,2,2,0,2.15,4.5,0,0
20,"55.step",449,7356,0,20.4364,2.76973e-06,38.1479,1,2,15.708,0.411765,2.5,19.635,402.209,971.3,125.27,2,2,0,2.5,3.57143,0.5,0
20,"55.step",450,7357,0,9.35988,1.26854e-06,47.3632,1,2,22.4399,0.473784,3.57143,40.0713,402.94,971.3,124.539,2,1,0,3.57143,3.57143,0,0
20,"55.step",451,7363,0,50.2655,6.81245e-06,50.2655,1,7,18.8496,0.375,3,28.2743,397.283,971.3,130.196,7,1,0,3,3,0,0
20,"55.step",452,7383,0,20.4364,2.76973e-06,38.1479,1,2,15.708,0.411765,2.5,19.635,99.7911,971.3,-125.27,2,2,0,2.5,3.57143,0.5,0
20,"55.step",453,7384,0,9.35988,1.26854e-06,47.3632,1,2,22.4399,0.473784,3.57143,40.0713,99.0604,971.3,-124.539,2,1,0,3.57143,3.57143,0,0
20,"55.step",454,7390,0,50.2655,6.81245e-06,50.2655,1,7,18.8496,0.375,3,28.2743,104.717,971.3,-130.196,7,1,0,3,3,0,0
20,"55.step",455,7498,0,176.715,2.395e-05,141.372,1,2,62.8319,0.444444,10,314.159,52,970,-1.58984e-14,2,2,0,10,12.5,0,0
20,"55.step",456,7502,0,176.715,2.395e-05,141.372,1,2,62.8319,0.444444,10,314.159,204.341,376.683,101.4,2,2,0,10,12.5,0,0
21,"59.step",0,28,0,5.91586e+06,0.04693,19758.7,2,12,4126.27,0.208833,656.716,1.35489e+06,-863.6,-2311.4,1147.36,12,0,0,0,0,0.833333,0
21,"59.step",1,28,1,5.91586e+06,0.04693,19758.7,2,12,4126.27,0.208833,656.716,1.35489e+06,863.6,-2311.4,1147.36,12,0,0,0,0,0.833333,0
21,"59.step",2,29,0,6.80122e+06,0.0539535,18101.9,2,12,3247.05,0.179376,516.785,839014,863.6,-2336.8,1147.36,12,0,0,0,0,0,0
21,"59.step",3,29,1,6.80122e+06,0.0539535,18101.9,2,12,3247.05,0.179376,516.785,839014,-863.6,-2336.8,1147.36,12,0,0,0,0,0,0
21,"59.step",4,36,0,460322,0.00365169,36245.8,1,24,18021.3,0.497197,2868.18,2.58442e+07,249.444,196.297,2324.1,24,0,0,0,0,0,0
21,"59.step",5,63,0,383646,0.00304343,7373.32,1,8,3247.05,0.440379,516.785,839014,-863.6,-2260.6,1147.36,8,0,0,0,0,0,0
21,"59.step",6,68,0,383646,0.00304343,7373.32,1,8,3247.05,0.440379,516.785,839014,863.6,-2260.6,1147.36,8,0,0,0,0,0,0
22,"8.step",0,4,0,1451.71,0.0857798,412.014,2,6,170.13,0.412923,27.077,2303.31,1.25434e-13,3.10962e-14,12.7,6,1,0,27.077,27.077,0,0
22,"8.step",1,4,1,1451.71,0.0857798,412.014,2,6,23.876,0.0579495,3.79998,45.3642,2.00878e-15,30.887,12.7,6,1,0,27.077,27.077,0,1
22,"8.step",2,5,0,1021.11,0.0603362,413.871,2,6,178.11,0.430351,28.347,2524.44,1.35356e-13,2.00527e-15,11.43,6,1,0,28.347,28.347,0.333333,0
22,"8.step",3,6,0,470.563,0.027805,482.482,1,2,235.113,0.487299,37.4194,4398.9,1.75455e-13,1.89886e-15,2.54,2,1,0,39.37,39.37,0.5,0
22,"8.step",4,7,0,309.092,0.0182639,486.758,1,2,239.389,0.491803,38.1,4560.37,1.7978e-13,7.45977e-16,-2.54,2,2,0,38.1,39.37,0,0
22,"8.step",5,19,0,387.607,0.0229032,468.379,1,2,228.99,0.488899,36.4449,4172.76,1.74687e-13,1.94964e-15,1.27,2,1,0,38.1,38.1,0.5,0
23,"82.step",0,1,0,592.797,0.000427643,224.506,3,7,7.10188,0.0316334,1.1303,4.01363,152.072,-47.6054,114.3,7,3,3,1.1303,1.1303,0,1
23,"82.step",1,1,1,592.797,0.000427643,224.506,3,7,7.10188,0.0316334,1.1303,4.01363,152.072,-15.8554,114.3,7,3,3,1.1303,1.1303,0,1
23,"82.step",2,1,2,592.797,0.000427643,224.506,3,7,7.10188,0.0316334,1.1303,4.01363,152.072,15.8946,114.3,7,3,3,1.1303,1.1303,0,1
23,"82.step",3,2,0,153.263,0.000110564,77.7038,2,6,7.10188,0.0913969,1.1303,4.01363,152.072,34.9446,133.35,6,2,2,1.1303,1.1303,0,1
23,"82.step",4,10,0,3422.7,0.00246914,320.22,1,9,54.8601,0.17132,8.73125,239.498,155.247,-23.8019,152.268,9,5,0,6.35,38.1,0,0
23,"82.step",5,11,0,3422.7,0.00246914,320.22,1,9,54.8601,0.17132,8.73125,239.498,148.897,-23.8019,152.268,9,5,0,6.35,38.1,0,0
23,"82.step",6,23,0,184.691,0.000133236,108.224,1,2,43.3893,0.400922,6.90563,149.815,147.706,-23.8019,152.268,2,2,0,6.90563,10.3187,0,0
23,"82.step",7,27,0,70.3823,5.07738e-05,95.9924,1,2,43.3893,0.452008,6.90563,149.815,154.056,-23.8019,152.268,2,1,0,6.90563,6.90563,0,0
23,"82.step",8,29,0,71.2557,5.14039e-05,74.8092,1,2,31.4199,0.42,5.00062,78.5595,152.278,-23.8019,152.268,2,2,0,5.00062,6.90563,1,0
23,"82.step",9,31,0,39.3189,2.83647e-05,53.626,1,2,22.2061,0.414092,3.53421,39.2405,154.056,-23.8019,152.268,2,1,0,5.00062,5.00062,0,0
23,"82.step",10,35,0,39.3189,2.83647e-05,53.626,1,2,22.2061,0.414092,3.53421,39.2405,146.119,-23.8019,152.268,2,1,0,5.00062,5.00062,0,0
23,"82.step",11,37,0,71.2557,5.14039e-05,74.8092,1,2,31.4199,0.42,5.00062,78.5595,149.484,-23.8019,152.268,2,2,0,5.00062,6.90563,1,0
23,"82.step",12,43,0,168.214,0.00012135,108.124,1,2,44.287,0.409594,7.0485,156.079,144.849,-23.8019,152.268,2,2,0,7.0485,10.16,0.5,0
23,"82.step",13,45,0,294.125,0.000212182,83.3075,1,2,19.4703,0.233716,3.0988,30.1673,146.119,-23.8019,152.268,2,2,0,3.0988,10.16,0.5,0
23,"82.step",14,52,0,1878.79,0.00135536,300.598,1,37,52.905,0.175999,8.4201,222.733,138.245,-23.8019,152.268,37,25,0,3.81,31.4325,0.027027,0
23,"82.step",15,77,0,1878.79,0.00135536,300.598,1,37,52.905,0.175999,8.4201,222.733,99.1286,-23.8019,152.268,37,25,0,3.81,31.4325,0.027027,0
23,"82.step",16,79,0,1878.79,0.00135536,300.598,1,37,52.905,0.175999,8.4201,222.733,134.816,-23.8019,152.268,37,25,0,3.81,31.4325,0.027027,0
23,"82.step",17,81,0,1878.79,0.00135536,300.598,1,37,52.905,0.175999,8.4201,222.733,102.558,-23.8019,152.268,37,25,0,3.81,31.4325,0.027027,0
23,"82.step",18,137,0,60492.1,0.043639,1329.49,20,24,20.7471,0.0156053,3.302,34.2534,-303.53,-87.3019,-331.478,24,20,12,1.1303,3.302,0,1
23,"82.step",19,137,1,60492.1,0.043639,1329.49,20,24,20.7471,0.0156053,3.302,34.2534,-154.305,-87.3019,-73.0128,24,20,12,1.1303,3.302,0,1
23,"82.step",20,137,2,60492.1,0.043639,1329.49,20,24,20.7471,0.0156053,3.302,34.2534,-154.305,39.6981,-73.0128,24,20,12,1.1303,3.302,0,1
23,"82.step",21,137,3,60492.1,0.043639,1329.49,20,24,20.7471,0.0156053,3.302,34.2534,-303.53,39.6981,-331.478,24,20,12,1.1303,3.302,0,1
23,"82.step",22,137,4,60492.1,0.043639,1329.49,20,24,16.9966,0.0127843,2.7051,22.9888,-314.261,-35.1049,-350.066,24,20,12,1.1303,3.302,0,1
23,"82.step",23,137,5,60492.1,0.043639,1329.49,20,24,16.9966,0.0127843,2.7051,22.9888,-314.261,-61.7749,-350.066,24,20,12,1.1303,3.302,0,1
23,"82.step",24,137,6,60492.1,0.043639,1329.49,20,24,16.9966,0.0127843,2.7051,22.9888,-285.94,-61.7749,-301.012,24,20,12,1.1303,3.302,0,1
23,"82.step",25,137,7,60492.1,0.043639,1329.49,20,24,16.9966,0.0127843,2.7051,22.9888,-285.94,-35.1049,-301.012,24,20,12,1.1303,3.302,0,1
23,"82.step",26,137,8,60492.1,0.043639,1329.49,20,24,10.8523,0.00816277,1.7272,9.37206,-214.116,-55.5519,-176.608,24,20,12,1.1303,3.302,0,1
23,"82.step",27,137,9,60492.1,0.043639,1329.49,20,24,10.8523,0.00816277,1.7272,9.37206,-214.116,7.94807,-176.608,24,20,12,1.1303,3.302,0,1
23,"82.step",28,137,10,60492.1,0.043639,1329.49,20,24,10.8523,0.00816277,1.7272,9.37206,-263.404,-55.5519,-261.978,24,20,12,1.1303,3.302,0,1
23,"82.step",29,137,11,60492.1,0.043639,1329.49,20,24,10.8523,0.00816277,1.7272,9.37206,-263.404,7.94807,-261.978,24,20,12,1.1303,3.302,0,1
23,"82.step",30,137,12,60492.1,0.043639,1329.49,20,24,9.97456,0.00750254,1.5875,7.9173,-158.78,-21.2429,-80.7634,24,20,12,1.1303,3.302,0,1
23,"82.step",31,137,13,60492.1,0.043639,1329.49,20,24,9.97456,0.00750254,1.5875,7.9173,-196.88,47.3371,-146.755,24,20,12,1.1303,3.302,0,1
23,"82.step",32,137,14,60492.1,0.043639,1329.49,20,24,9.97456,0.00750254,1.5875,7.9173,-196.88,-21.2429,-146.755,24,20,12,1.1303,3.302,0,1
23,"82.step",33,137,15,60492.1,0.043639,1329.49,20,24,9.97456,0.00750254,1.5875,7.9173,-158.78,47.3371,-80.7634,24,20,12,1.1303,3.302,0,1
23,"82.step",34,137,16,60492.1,0.043639,1329.49,20,24,7.10188,0.00534181,1.1303,4.01363,-192.088,-34.5969,-138.454,24,20,12,1.1303,3.302,0,1
23,"82.step",35,137,17,60492.1,0.043639,1329.49,20,24,7.10188,0.00534181,1.1303,4.01363,-192.088,-96.8269,-138.454,24,20,12,1.1303,3.302,0,1
23,"82.step",36,137,18,60492.1,0.043639,1329.49,20,24,7.10188,0.00534181,1.1303,4.01363,-160.972,-96.8269,-84.5612,24,20,12,1.1303,3.302,0,1
23,"82.step",37,137,19,60492.1,0.043639,1329.49,20,24,7.10188,0.00534181,1.1303,4.01363,-160.972,-34.5969,-84.5612,24,20,12,1.1303,3.302,0,1
23,"82.step",38,139,0,60492.1,0.043639,1329.49,20,24,20.7471,0.0156053,3.302,34.2534,-314.529,-87.3019,-325.128,24,20,12,1.1303,3.302,0,1
23,"82.step",39,139,1,60492.1,0.043639,1329.49,20,24,20.7471,0.0156053,3.302,34.2534,-165.304,-87.3019,-66.6628,24,20,12,1.1303,3.302,0,1
23,"82.step",40,139,2,60492.1,0.043639,1329.49,20,24,20.7471,0.0156053,3.302,34.2534,-165.304,39.6981,-66.6628,24,20,12,1.1303,3.302,0,1
23,"82.step",41,139,3,60492.1,0.043639,1329.49,20,24,20.7471,0.0156053,3.302,34.2534,-314.529,39.6981,-325.128,24,20,12,1.1303,3.302,0,1
23,"82.step",42,139,4,60492.1,0.043639,1329.49,20,24,16.9966,0.0127843,2.7051,22.9888,-325.26,-35.1049,-343.716,24,20,12,1.1303,3.302,0,1
23,"82.step",43,139,5,60492.1,0.043639,1329.49,20,24,16.9966,0.0127843,2.7051,22.9888,-325.26,-61.7749,-343.716,24,20,12,1.1303,3.302,0,1
23,"82.step",44,139,6,60492.1,0.043639,1329.49,20,24,16.9966,0.0127843,2.7051,22.9888,-296.939,-61.7749,-294.662,24,20,12,1.1303,3.302,0,1
23,"82.step",45,139,7,60492.1,0.043639,1329.49,20,24,16.9966,0.0127843,2.7051,22.9888,-296.939,-35.1049,-294.662,24,20,12,1.1303,3.302,0,1
23,"82.step",46,139,8,60492.1,0.043639,1329.49,20,24,10.8523,0.00816277,1.7272,9.37206,-225.114,-55.5519,-170.258,24,20,12,1.1303,3.302,0,1
23,"82.step",47,139,9,60492.1,0.043639,1329.49,20,24,10.8523,0.00816277,1.7272,9.37206,-225.114,7.94807,-170.258,24,20,12,1.1303,3.302,0,1
23,"82.step",48,139,10,60492.1,0.043639,1329.49,20,24,10.8523,0.00816277,1.7272,9.37206,-274.403,-55.5519,-255.628,24,20,12,1.1303,3.302,0,1
23,"82.step",49,139,11,60492.1,0.043639,1329.49,20,24,10.8523,0.00816277,1.7272,9.37206,-274.403,7.94807,-255.628,24,20,12,1.1303,3.302,0,1
23,"82.step",50,139,12,60492.1,0.043639,1329.49,20,24,9.97456,0.00750254,1.5875,7.9173,-169.778,-21.2429,-74.4134,24,20,12,1.1303,3.302,0,1
23,"82.step",51,139,13,60492.1,0.043639,1329.49,20,24,9.97456,0.00750254,1.5875,7.9173,-207.878,47.3371,-140.405,24,20,12,1.1303,3.302,0,1
23,"82.step",52,139,14,60492.1,0.043639,1329.49,20,24,9.97456,0.00750254,1.5875,7.9173,-207.878,-21.2429,-140.405,24,20,12,1.1303,3.302,0,1
23,"82.step",53,139,15,60492.1,0.043639,1329.49,20,24,9.97456,0.00750254,1.5875,7.9173,-169.778,47.3371,-74.4134,24,20,12,1.1303,3.302,0,1
23,"82.step",54,139,16,60492.1,0.043639,1329.49,20,24,7.10188,0.00534181,1.1303,4.01363,-171.971,-34.5969,-78.2112,24,20,12,1.1303,3.302,0,1
23,"82.step",55,139,17,60492.1,0.043639,1329.49,20,24,7.10188,0.00534181,1.1303,4.01363,-203.086,-34.5969,-132.104,24,20,12,1.1303,3.302,0,1
23,"82.step",56,139,18,60492.1,0.043639,1329.49,20,24,7.10188,0.00534181,1.1303,4.01363,-203.086,-96.8269,-132.104,24,20,12,1.1303,3.302,0,1
23,"82.step",57,139,19,60492.1,0.043639,1329.49,20,24,7.10188,0.00534181,1.1303,4.01363,-171.971,-96.8269,-78.2112,24,20,12,1.1303,3.302,0,1
23,"82.step",58,155,0,490.493,0.000353841,193.107,1,2,80.5944,0.417355,12.827,516.892,5.53943e-16,-89.0255,177.8,2,2,0,12.827,17.907,0,0
23,"82.step",59,157,0,490.493,0.000353841,193.107,1,2,80.5944,0.417355,12.827,516.892,5.53943e-16,-93.5975,177.8,2,2,0,12.827,17.907,0,0
23,"82.step",60,160,0,285.023,0.000205615,179.542,1,2,79.7965,0.444444,12.7,506.707,5.59482e-16,-94.169,177.8,2,2,0,12.7,15.875,0,0
23,"82.step",61,162,0,348.361,0.000251308,219.44,1,2,99.7456,0.454545,15.875,791.73,-2.23793e-16,-100.011,177.8,2,2,0,15.875,19.05,0.5,0
23,"82.step",62,164,0,633.384,0.000456923,199.491,1,2,79.7965,0.4,12.7,506.707,5.59482e-16,-103.186,177.8,2,2,0,12.7,19.05,0,0
23,"82.step",63,166,0,437.569,0.000315662,137.33,4,5,19.9491,0.145264,3.175,31.6692,1.39871e-16,-88.8985,177.8,5,5,3,1.9939,12.7,0.2,1
23,"82.step",64,166,1,437.569,0.000315662,137.33,4,5,12.528,0.091226,1.9939,12.4898,-9.41009e-15,-88.8985,170.883,5,5,3,1.9939,12.7,0.2,1
23,"82.step",65,166,2,437.569,0.000315662,137.33,4,5,12.528,0.091226,1.9939,12.4898,5.99054,-88.8985,181.259,5,5,3,1.9939,12.7,0.2,1
23,"82.step",66,166,3,437.569,0.000315662,137.33,4,5,12.528,0.091226,1.9939,12.4898,-5.99054,-88.8985,181.259,5,5,3,1.9939,12.7,0.2,1
23,"82.step",67,168,0,1135.02,0.000818807,223.43,1,2,79.7965,0.357143,12.7,506.707,5.59482e-16,-103.313,177.8,2,2,0,12.7,22.86,0.5,0
23,"82.step",68,170,0,1181.34,0.000852218,265.563,5,6,71.8168,0.270433,11.43,410.433,4.66235e-16,-113.981,177.8,6,6,4,1.9939,22.86,0,0
23,"82.step",69,170,1,1181.34,0.000852218,265.563,5,6,12.528,0.0471755,1.9939,12.4898,9.13168e-15,-113.981,195.58,6,6,4,1.9939,22.86,0,1
23,"82.step",70,170,2,1181.34,0.000852218,265.563,5,6,12.528,0.0471755,1.9939,12.4898,-17.78,-113.981,177.8,6,6,4,1.9939,22.86,0,1
23,"82.step",71,170,4,1181.34,0.000852218,265.563,5,6,12.528,0.0471755,1.9939,12.4898,17.78,-113.981,177.8,6,6,4,1.9939,22.86,0,1
23,"82.step",72,188,0,1893.01,0.00136562,473.193,1,2,211.461,0.44688,33.655,3558.35,-1.613e-13,-122.236,177.8,2,2,0,33.655,41.656,0,0
23,"82.step",73,191,0,220.541,0.000159098,83.1878,1,2,24.9364,0.29976,3.96875,49.4832,-5.59482e-17,-106.361,177.8,2,2,0,3.96875,9.271,0,0
23,"82.step",74,193,0,2700.5,0.00194814,447.658,1,2,185.926,0.41533,29.591,2750.86,1.39751e-13,-106.361,177.8,2,2,0,29.591,41.656,0,0
23,"82.step",75,196,0,719.152,0.000518796,505.59,1,2,243.858,0.482323,38.8112,4732.21,7.32307e-16,-107.948,177.8,2,2,0,38.8112,41.656,0.5,0
23,"82.step",76,198,0,719.152,0.000518796,505.59,1,2,243.858,0.482323,38.8112,4732.21,7.32307e-16,-120.648,177.8,2,2,0,38.8112,41.656,0.5,0
23,"82.step",77,199,0,338.465,0.000244168,94.7583,1,2,24.9364,0.263158,3.96875,49.4832,-5.59482e-17,-128.586,177.8,2,2,0,3.96875,11.1125,0,0
23,"82.step",78,202,0,3088.52,0.00222806,345.439,5,6,69.8219,0.202125,11.1125,387.948,-1.59852e-16,-115.505,177.8,6,6,0,2.5527,33.655,0.333333,0
23,"82.step",79,202,1,3088.52,0.00222806,345.439,5,6,16.0391,0.046431,2.5527,20.4715,-17.78,-115.505,177.8,6,6,0,2.5527,33.655,0.333333,1
23,"82.step",80,202,2,3088.52,0.00222806,345.439,5,6,16.0391,0.046431,2.5527,20.4715,1.20908e-14,-115.505,195.58,6,6,0,2.5527,33.655,0.333333,1
23,"82.step",81,202,3,3088.52,0.00222806,345.439,5,6,16.0391,0.046431,2.5527,20.4715,17.78,-115.505,177.8,6,6,0,2.5527,33.655,0.333333,1
23,"82.step",82,205,0,2398.95,0.0017306,308.333,5,6,58.2514,0.188923,9.271,270.024,4.42604e-14,-113.981,177.8,6,6,0,2.5527,29.591,0.333333,0
23,"82.step",83,205,1,2398.95,0.0017306,308.333,5,6,16.0391,0.0520186,2.5527,20.4715,-17.78,-113.981,177.8,6,6,0,2.5527,29.591,0.333333,1
23,"82.step",84,205,2,2398.95,0.0017306,308.333,5,6,16.0391,0.0520186,2.5527,20.4715,-1.66128e-16,-113.981,195.58,6,6,0,2.5527,29.591,0.333333,1
23,"82.step",85,205,3,2398.95,0.0017306,308.333,5,6,16.0391,0.0520186,2.5527,20.4715,17.78,-113.981,177.8,6,6,0,2.5527,29.591,0.333333,1
23,"82.step",86,209,0,618.108,0.000445903,213.628,5,6,69.115,0.323529,11,380.133,4.84461e-16,-93.661,5.11914e-14,6,6,4,1.25,18,0.166667,0
23,"82.step",87,209,1,618.108,0.000445903,213.628,5,6,7.85398,0.0367647,1.25,4.90874,14,-93.661,-9.32963e-16,6,6,4,1.25,18,0.166667,1
23,"82.step",88,209,2,618.108,0.000445903,213.628,5,6,7.85398,0.0367647,1.25,4.90874,-4.24074e-16,-93.661,-14,6,6,4,1.25,18,0.166667,1
23,"82.step",89,209,3,618.108,0.000445903,213.628,5,6,7.85398,0.0367647,1.25,4.90874,-14,-93.661,-9.32963e-16,6,6,4,1.25,18,0.166667,1
23,"82.step",90,211,0,329.867,0.000237966,94.2478,1,2,25.1327,0.266667,4,50.2655,-6.10623e-16,-95.661,1.80966e-14,2,2,0,4,11,0.5,0
23,"82.step",91,221,0,696.124,0.000502184,269.382,1,9,113.097,0.419841,18,1017.88,9.86865e-16,-45.461,8.52651e-14,9,1,0,18,18,0.111111,0
23,"82.step",92,247,0,17988.9,0.0129772,906.359,4,12,123.073,0.135788,19.5877,1205.36,-1.3856e-15,-100.011,7.56938e-16,12,4,2,1.8288,15.9004,0,0
23,"82.step",93,247,1,17988.9,0.0129772,906.359,4,12,99.9052,0.110227,15.9004,794.266,1.11718e-15,-100.011,177.8,12,4,2,1.8288,15.9004,0,0
23,"82.step",94,247,2,17988.9,0.0129772,906.359,4,12,11.4907,0.0126778,1.8288,10.5071,1.23673e-14,-100.011,203.2,12,4,2,1.8288,15.9004,0,1
23,"82.step",95,248,0,18087.7,0.0130485,898.269,8,12,99.9052,0.11122,15.9004,794.266,1.11718e-15,-93.661,177.8,12,8,6,1.7,15.9004,0,0
23,"82.step",96,248,1,18087.7,0.0130485,898.269,8,12,72.2566,0.0804399,11.5,415.476,1.54466e-16,-93.661,-5.52988e-14,12,8,6,1.7,15.9004,0,0
23,"82.step",97,248,2,18087.7,0.0130485,898.269,8,12,11.4907,0.012792,1.8288,10.5071,3.82459e-15,-93.661,203.2,12,8,6,1.7,15.9004,0,1
23,"82.step",98,248,4,18087.7,0.0130485,898.269,8,12,10.6814,0.0118911,1.7,9.0792,-4.73477e-16,-93.661,14,12,8,6,1.7,15.9004,0,1
23,"82.step",99,248,5,18087.7,0.0130485,898.269,8,12,10.6814,0.0118911,1.7,9.0792,14,-93.661,-2.26943e-15,12,8,6,1.7,15.9004,0,1
23,"82.step",100,248,7,18087.7,0.0130485,898.269,8,12,10.6814,0.0118911,1.7,9.0792,-14,-93.661,5.22458e-16,12,8,6,1.7,15.9004,0,1
23,"82.step",101,250,0,1600.86,0.00115486,542.006,3,7,7.10188,0.013103,1.1303,4.01363,38.1,-96.836,-23.8125,7,3,3,1.1303,1.1303,0,1
23,"82.step",102,252,0,1600.86,0.00115486,542.006,3,7,7.10188,0.013103,1.1303,4.01363,-38.1,-96.836,1.5875,7,3,3,1.1303,1.1303,0,1
23,"82.step",103,263,0,17.8139,1.2851e-05,44.8855,1,2,19.9491,0.444444,3.175,31.6692,1.39871e-16,-93.661,177.8,2,2,0,3.175,3.96875,0,0
23,"82.step",104,264,0,17.8139,1.2851e-05,44.8855,1,2,19.9491,0.444444,3.175,31.6692,1.39871e-16,-100.011,177.8,2,2,0,3.175,3.96875,0,0
23,"82.step",105,269,0,958.323,0.000691334,199.89,1,2,69.8219,0.349301,11.1125,387.948,-1.59852e-16,-106.361,5.24315e-14,2,2,0,11.1125,20.701,0.5,0
23,"82.step",106,271,0,351.705,0.00025372,241.863,1,2,111.795,0.462224,17.7927,994.566,0,-107.949,8.42618e-14,2,2,0,17.7927,20.701,0.5,0
23,"82.step",107,273,0,351.705,0.00025372,241.863,1,2,111.795,0.462224,17.7927,994.566,0,-120.648,8.42618e-14,2,2,0,17.7927,20.701,0.5,0
23,"82.step",108,275,0,1314.6,0.000948353,150.017,1,2,19.9491,0.132979,3.175,31.6692,1.39871e-16,-122.236,1.49662e-14,2,2,0,3.175,20.701,0,0
23,"82.step",109,276,0,3170.41,0.00228713,281.282,1,2,69.8219,0.248227,11.1125,387.948,-1.59852e-16,-113.092,177.8,2,2,0,11.1125,33.655,1,0
23,"82.step",110,278,0,1893.01,0.00136562,473.193,1,2,211.461,0.44688,33.655,3558.35,-1.613e-13,-106.361,177.8,2,2,0,33.655,41.656,0,0
23,"82.step",111,281,0,220.541,0.000159098,83.1878,1,2,24.9364,0.29976,3.96875,49.4832,-5.59482e-17,-122.236,177.8,2,2,0,3.96875,9.271,0,0
23,"82.step",112,283,0,2700.5,0.00194814,447.658,1,2,185.926,0.41533,29.591,2750.86,1.39751e-13,-122.236,177.8,2,2,0,29.591,41.656,0,0
23,"82.step",113,289,0,2480.84,0.00178968,244.177,1,2,58.2514,0.238562,9.271,270.024,4.42604e-14,-114.616,177.8,2,2,0,9.271,29.591,1,0
23,"82.step",114,291,0,338.465,0.000244168,94.7583,1,2,24.9364,0.263158,3.96875,49.4832,-5.59482e-17,-100.011,177.8,2,2,0,3.96875,11.1125,0,0
23,"82.step",115,293,0,21.1621,1.52664e-05,31.4398,1,2,11.4907,0.365482,1.8288,10.5071,-1.78481e-14,-77.786,152.4,2,2,1,1.8288,3.175,0,1
23,"82.step",116,301,0,94.4989,6.81715e-05,60.0069,1,2,20.1087,0.335106,3.2004,32.178,1.0407e-16,-88.8985,177.8,2,2,0,3.2004,6.35,0,0
23,"82.step",117,302,0,94.4989,6.81715e-05,60.0069,1,2,20.1087,0.335106,3.2004,32.178,1.0407e-16,-93.661,177.8,2,2,0,3.2004,6.35,0,0
23,"82.step",118,305,0,94.4989,6.81715e-05,60.0069,1,2,20.1087,0.335106,3.2004,32.178,1.0407e-16,-77.786,177.8,2,2,0,3.2004,6.35,0,0
23,"82.step",119,306,0,94.4989,6.81715e-05,60.0069,1,2,20.1087,0.335106,3.2004,32.178,1.0407e-16,-82.5485,177.8,2,2,0,3.2004,6.35,0,0
23,"82.step",120,308,0,562.295,0.000405639,174.602,3,11,24.9364,0.142819,3.96875,49.4832,-1.86867e-14,-71.436,177.8,11,7,2,1.8288,7.62,0,0
23,"82.step",121,308,1,562.295,0.000405639,174.602,3,11,11.4907,0.0658108,1.8288,10.5071,3.82459e-15,-71.436,203.2,11,7,2,1.8288,7.62,0,1
23,"82.step",122,310,0,562.295,0.000405639,174.602,3,11,24.9364,0.142819,3.96875,49.4832,-1.86867e-14,-77.786,177.8,11,7,2,1.8288,7.62,0,0
23,"82.step",123,321,0,7048.3,0.00508464,853.822,1,2,375.043,0.439252,59.69,11193.2,2.90455e-13,-23.8019,-45.72,2,2,0,59.69,76.2,0,0
23,"82.step",124,331,0,1207.75,0.000871273,294.039,1,4,21.944,0.0746297,3.4925,38.3198,71.1835,47.3816,-49.403,4,2,0,3.4925,76.2,0.25,1
23,"82.step",125,332,1,11862.2,0.00855738,1076.19,5,11,21.944,0.0203905,3.4925,38.3198,-71.1835,47.3816,-50.165,11,6,0,3.302,59.69,0,1
23,"82.step",126,332,2,11862.2,0.00855738,1076.19,5,11,21.944,0.0203905,3.4925,38.3198,-71.1835,-94.9854,-50.165,11,6,0,3.302,59.69,0,1
23,"82.step",127,332,3,11862.2,0.00855738,1076.19,5,11,21.944,0.0203905,3.4925,38.3198,71.1835,-94.9854,-50.165,11,6,0,3.302,59.69,0,1
23,"82.step",128,346,0,1227.2,0.000885301,287.495,1,4,15.4007,0.0535686,2.4511,18.8743,60.325,-84.1269,-42.037,4,2,0,2.4511,76.2,0.25,1
23,"82.step",129,347,2,11957.1,0.00862584,1046.25,5,9,15.4007,0.01472,2.4511,18.8743,60.325,36.5231,-41.275,9,5,0,2.4511,59.69,0,1
23,"82.step",130,347,3,11957.1,0.00862584,1046.25,5,9,15.4007,0.01472,2.4511,18.8743,-60.325,36.5231,-41.275,9,5,0,2.4511,59.69,0,1
23,"82.step",131,347,4,11957.1,0.00862584,1046.25,5,9,15.4007,0.01472,2.4511,18.8743,-60.325,-84.1269,-41.275,9,5,0,2.4511,59.69,0,1
23,"82.step",132,361,0,15877.7,0.0114541,627.375,5,9,39.579,0.0630867,6.2992,124.658,4.93495e-16,-23.8019,-102.438,9,5,0,3.175,6.2992,0.111111,1
23,"82.step",133,361,1,15877.7,0.0114541,627.375,5,9,19.9491,0.0317977,3.175,31.6692,-80.9752,-53.9771,-102.438,9,5,0,3.175,6.2992,0.111111,1
23,"82.step",134,361,2,15877.7,0.0114541,627.375,5,9,19.9491,0.0317977,3.175,31.6692,-80.9752,57.1733,-102.438,9,5,0,3.175,6.2992,0.111111,1
23,"82.step",135,361,3,15877.7,0.0114541,627.375,5,9,19.9491,0.0317977,3.175,31.6692,30.1752,57.1733,-102.438,9,5,0,3.175,6.2992,0.111111,1
23,"82.step",136,361,4,15877.7,0.0114541,627.375,5,9,19.9491,0.0317977,3.175,31.6692,30.1752,-53.9771,-102.438,9,5,0,3.175,6.2992,0.111111,1
23,"82.step",137,362,0,9753.36,0.00703607,881.53,4,10,202.683,0.229922,32.258,3269.07,-55.372,-24.5639,-166.116,10,6,0,3.175,32.258,0.2,0
23,"82.step",138,386,0,5794.92,0.00418045,988.482,8,16,20.7471,0.0209888,3.302,34.2534,-76.2,-74.6019,-134.366,16,9,0,3.302,274.637,0.1875,1
23,"82.step",139,386,1,5794.92,0.00418045,988.482,8,16,20.7471,0.0209888,3.302,34.2534,-50.8,-74.6019,-134.366,16,9,0,3.302,274.637,0.1875,1
23,"82.step",140,386,2,5794.92,0.00418045,988.482,8,16,20.7471,0.0209888,3.302,34.2534,-25.4,-74.6019,-134.366,16,9,0,3.302,274.637,0.1875,1
23,"82.step",141,386,3,5794.92,0.00418045,988.482,8,16,20.7471,0.0209888,3.302,34.2534,-25.4,77.7981,-134.366,16,9,0,3.302,274.637,0.1875,1
23,"82.step",142,386,4,5794.92,0.00418045,988.482,8,16,20.7471,0.0209888,3.302,34.2534,-50.8,77.7981,-134.366,16,9,0,3.302,274.637,0.1875,1
23,"82.step",143,386,5,5794.92,0.00418045,988.482,8,16,20.7471,0.0209888,3.302,34.2534,2.478e-14,77.7981,-134.366,16,9,0,3.302,274.637,0.1875,1
23,"82.step",144,386,6,5794.92,0.00418045,988.482,8,16,20.7471,0.0209888,3.302,34.2534,-76.2,77.7981,-134.366,16,9,0,3.302,274.637,0.1875,1
23,"82.step",145,386,7,5794.92,0.00418045,988.482,8,16,20.7471,0.0209888,3.302,34.2534,1.54665e-14,-74.6019,-134.366,16,9,0,3.302,274.637,0.1875,1
23,"82.step",146,431,2,7807.63,0.00563242,624.141,6,10,20.7471,0.033241,3.302,34.2534,-96.5835,-94.9854,-50.165,10,6,0,3.302,3.4925,0,1
23,"82.step",147,431,3,7807.63,0.00563242,624.141,6,10,20.7471,0.033241,3.302,34.2534,89.5611,-100.002,-50.165,10,6,0,3.302,3.4925,0,1
23,"82.step",148,449,2,10481.4,0.00756127,649.541,6,10,20.7471,0.0319411,3.302,34.2534,-96.5835,47.3816,-53.34,10,6,0,3.302,3.4925,0,1
23,"82.step",149,449,3,10481.4,0.00756127,649.541,6,10,20.7471,0.0319411,3.302,34.2534,93.1805,60.0816,-53.34,10,6,0,3.302,3.4925,0,1
23,"82.step",150,454,0,1802.3,0.00130018,365.069,7,8,89.771,0.245902,14.2875,641.302,-6.81325e-14,-23.8019,-42.164,8,8,0,2.54,28.575,0.125,0
23,"82.step",151,454,1,1802.3,0.00130018,365.069,7,8,15.9593,0.0437158,2.54,20.2683,-20.6222,-35.7082,-42.164,8,8,0,2.54,28.575,0.125,1
23,"82.step",152,454,2,1802.3,0.00130018,365.069,7,8,15.9593,0.0437158,2.54,20.2683,3.78634e-15,-47.6144,-42.164,8,8,0,2.54,28.575,0.125,1
23,"82.step",153,454,3,1802.3,0.00130018,365.069,7,8,15.9593,0.0437158,2.54,20.2683,20.6222,-35.7082,-42.164,8,8,0,2.54,28.575,0.125,1
23,"82.step",154,454,4,1802.3,0.00130018,365.069,7,8,15.9593,0.0437158,2.54,20.2683,20.6222,-11.8957,-42.164,8,8,0,2.54,28.575,0.125,1
23,"82.step",155,454,5,1802.3,0.00130018,365.069,7,8,15.9593,0.0437158,2.54,20.2683,1.31129e-16,0.0105705,-42.164,8,8,0,2.54,28.575,0.125,1
23,"82.step",156,454,6,1802.3,0.00130018,365.069,7,8,15.9593,0.0437158,2.54,20.2683,-20.6222,-11.8957,-42.164,8,8,0,2.54,28.575,0.125,1
23,"82.step",157,457,0,507.244,0.000365926,133.522,1,5,43.7507,0.327668,6.96315,152.321,-0.694903,-23.8019,-41.275,5,2,0,6.4008,14.2875,0,0
23,"82.step",158,460,0,174.32,0.000125754,166.376,1,2,76.6046,0.460432,12.192,466.982,-5.88622e-14,-23.8019,-47.625,2,2,0,12.192,14.2875,0.5,0
23,"82.step",159,473,0,1866.97,0.00134683,244.694,2,6,20.7471,0.0847878,3.302,34.2534,71.1835,47.3816,-53.34,6,2,0,3.302,3.302,0,1
23,"82.step",160,475,0,3783.71,0.00272956,287.942,3,10,12.7674,0.0443404,2.032,12.9717,89.3973,74.3951,-69.215,10,6,0,2.032,3.38667,0,1
23,"82.step",161,475,1,3783.71,0.00272956,287.942,3,10,12.7674,0.0443404,2.032,12.9717,67.4003,61.6951,-91.44,10,6,0,2.032,3.38667,0,1
23,"82.step",162,475,2,3783.71,0.00272956,287.942,3,10,12.7674,0.0443404,2.032,12.9717,45.4032,48.9951,-69.215,10,6,0,2.032,3.38667,0,1
23,"82.step",163,481,0,3541.77,0.00255503,281.592,3,10,12.7674,0.0453402,2.032,12.9717,90.9848,71.6455,-69.215,10,6,0,2.032,3.38667,0.1,1
23,"82.step",164,481,1,3541.77,0.00255503,281.592,3,10,12.7674,0.0453402,2.032,12.9717,68.9878,58.9455,-91.44,10,6,0,2.032,3.38667,0.1,1
23,"82.step",165,481,2,3541.77,0.00255503,281.592,3,10,12.7674,0.0453402,2.032,12.9717,46.9907,46.2455,-69.215,10,6,0,2.032,3.38667,0.1,1
23,"82.step",166,488,1,1625.04,0.0011723,238.344,2,6,20.7471,0.0870467,3.302,34.2534,71.1835,-94.9854,-56.515,6,2,0,3.302,3.302,0.166667,1
23,"82.step",167,490,0,3590.11,0.0025899,285.952,3,7,12.7674,0.0446488,2.032,12.9717,46.9907,-93.8493,-69.215,7,3,0,2.032,2.032,0.142857,1
23,"82.step",168,490,1,3590.11,0.0025899,285.952,3,7,12.7674,0.0446488,2.032,12.9717,90.9848,-119.249,-69.215,7,3,0,2.032,2.032,0.142857,1
23,"82.step",169,490,2,3590.11,0.0025899,285.952,3,7,12.7674,0.0446488,2.032,12.9717,68.9878,-106.549,-91.44,7,3,0,2.032,2.032,0.142857,1
23,"82.step",170,497,0,3832.04,0.00276444,292.302,3,7,12.7674,0.0436789,2.032,12.9717,45.4032,-96.599,-69.215,7,3,0,2.032,2.032,0,1
23,"82.step",171,497,1,3832.04,0.00276444,292.302,3,7,12.7674,0.0436789,2.032,12.9717,89.3973,-121.999,-69.215,7,3,0,2.032,2.032,0,1
23,"82.step",172,497,2,3832.04,0.00276444,292.302,3,7,12.7674,0.0436789,2.032,12.9717,67.4003,-109.299,-91.44,7,3,0,2.032,2.032,0,1
23,"82.step",173,505,1,1866.97,0.00134683,244.694,2,6,20.7471,0.0847878,3.302,34.2534,-71.1835,47.3816,-53.34,6,2,0,3.302,3.302,0,1
23,"82.step",174,506,0,3397.19,0.00245073,278.864,3,11,12.7674,0.0457838,2.032,12.9717,-124.172,61.9231,-66.675,11,7,0,2.032,47.6301,0,1
23,"82.step",175,506,2,3397.19,0.00245073,278.864,3,11,12.7674,0.0457838,2.032,12.9717,-104.14,61.9231,-80.3275,11,7,0,2.032,47.6301,0,1
23,"82.step",176,508,0,3155.26,0.0022762,272.514,3,11,12.7674,0.0468506,2.032,12.9717,-124.172,58.7481,-66.675,11,7,0,2.032,47.6301,0.0909091,1
23,"82.step",177,508,2,3155.26,0.0022762,272.514,3,11,12.7674,0.0468506,2.032,12.9717,-104.14,58.7481,-80.3275,11,7,0,2.032,47.6301,0.0909091,1
23,"82.step",178,525,0,3832.04,0.00276444,292.302,3,7,12.7674,0.0436789,2.032,12.9717,-124.172,-109.527,-66.675,7,3,0,2.032,2.032,0,1
23,"82.step",179,525,2,3832.04,0.00276444,292.302,3,7,12.7674,0.0436789,2.032,12.9717,-104.14,-109.527,-80.3275,7,3,0,2.032,2.032,0,1
23,"82.step",180,526,0,3590.11,0.0025899,285.952,3,7,12.7674,0.0446488,2.032,12.9717,-124.172,-106.352,-66.675,7,3,0,2.032,2.032,0.142857,1
23,"82.step",181,526,2,3590.11,0.0025899,285.952,3,7,12.7674,0.0446488,2.032,12.9717,-104.14,-106.352,-80.3275,7,3,0,2.032,2.032,0.142857,1
23,"82.step",182,527,1,1866.97,0.00134683,244.694,2,6,20.7471,0.0847878,3.302,34.2534,-71.1835,-94.9854,-53.34,6,2,0,3.302,3.302,0,1
23,"82.step",183,557,0,20526.5,0.0148078,1015.55,11,18,247.631,0.24384,39.4117,4879.79,-9.15773,13.0416,-41.275,18,12,0,2.4892,59.69,0,0
23,"82.step",184,557,1,20526.5,0.0148078,1015.55,11,18,15.9593,0.015715,2.54,20.2683,1.96256e-14,2.66628e-15,-41.275,18,12,0,2.4892,59.69,0,1
23,"82.step",185,557,7,20526.5,0.0148078,1015.55,11,18,15.6401,0.0154007,2.4892,19.4657,-60.325,36.5231,-41.275,18,12,0,2.4892,59.69,0,1
23,"82.step",186,557,8,20526.5,0.0148078,1015.55,11,18,15.6401,0.0154007,2.4892,19.4657,60.325,36.5231,-41.275,18,12,0,2.4892,59.69,0,1
23,"82.step",187,557,9,20526.5,0.0148078,1015.55,11,18,15.6401,0.0154007,2.4892,19.4657,60.325,-84.1269,-41.275,18,12,0,2.4892,59.69,0,1
23,"82.step",188,557,10,20526.5,0.0148078,1015.55,11,18,15.6401,0.0154007,2.4892,19.4657,-60.325,-84.1269,-41.275,18,12,0,2.4892,59.69,0,1
23,"82.step",189,563,0,7217.14,0.00520644,455.588,6,10,9.25639,0.0203174,1.4732,6.81826,41.275,49.2321,-23.8125,10,6,6,1.4732,1.4732,0.1,1
23,"82.step",190,563,3,7217.14,0.00520644,455.588,6,10,9.25639,0.0203174,1.4732,6.81826,41.275,-96.836,1.5875,10,6,6,1.4732,1.4732,0.1,1
23,"82.step",191,578,0,7701.01,0.00555551,461.938,6,10,9.25639,0.0200381,1.4732,6.81826,38.1,-96.836,1.5875,10,6,6,1.4732,1.4732,0,1
23,"82.step",192,578,1,7701.01,0.00555551,461.938,6,10,9.25639,0.0200381,1.4732,6.81826,38.1,49.2321,-23.8125,10,6,6,1.4732,1.4732,0,1
23,"82.step",193,580,0,7217.14,0.00520644,455.588,6,10,9.25639,0.0203174,1.4732,6.81826,-41.275,-96.836,1.5875,10,6,6,1.4732,1.4732,0.1,1
23,"82.step",194,580,1,7217.14,0.00520644,455.588,6,10,9.25639,0.0203174,1.4732,6.81826,-41.275,49.2321,-23.8125,10,6,6,1.4732,1.4732,0.1,1
23,"82.step",195,586,0,7701.01,0.00555551,461.938,6,10,9.25639,0.0200381,1.4732,6.81826,-38.1,-96.836,1.5875,10,6,6,1.4732,1.4732,0,1
23,"82.step",196,586,1,7701.01,0.00555551,461.938,6,10,9.25639,0.0200381,1.4732,6.81826,-38.1,49.2321,-23.8125,10,6,6,1.4732,1.4732,0,1
23,"82.step",197,598,0,18646,0.0134512,846.632,6,25,124.788,0.147394,19.8607,1239.19,-2.27759e-16,52.4071,78.6638,25,13,4,1.4732,5.08,0,0
23,"82.step",198,598,1,18646,0.0134512,846.632,6,25,19.9491,0.0235629,3.175,31.6692,8.90444e-17,52.4071,177.8,25,13,4,1.4732,5.08,0,1
23,"82.step",199,598,2,18646,0.0134512,846.632,6,25,11.4907,0.0135722,1.8288,10.5071,1.23673e-14,52.4071,203.2,25,13,4,1.4732,5.08,0,1
23,"82.step",200,598,4,18646,0.0134512,846.632,6,25,9.25639,0.0109332,1.4732,6.81826,5.0688,52.4071,85.09,25,13,4,1.4732,5.08,0,1
23,"82.step",201,598,5,18646,0.0134512,846.632,6,25,9.25639,0.0109332,1.4732,6.81826,-5.0688,52.4071,72.2376,25,13,4,1.4732,5.08,0,1
23,"82.step",202,599,0,18646,0.0134512,846.632,6,25,124.788,0.147394,19.8607,1239.19,-5.97868e-16,46.0571,78.6638,25,13,4,1.4732,5.08,0,0
23,"82.step",203,599,1,18646,0.0134512,846.632,6,25,19.9491,0.0235629,3.175,31.6692,1.39871e-16,46.0571,177.8,25,13,4,1.4732,5.08,0,1
23,"82.step",204,599,2,18646,0.0134512,846.632,6,25,11.4907,0.0135722,1.8288,10.5071,1.25513e-14,46.0571,203.2,25,13,4,1.4732,5.08,0,1
23,"82.step",205,599,4,18646,0.0134512,846.632,6,25,9.25639,0.0109332,1.4732,6.81826,-5.0688,46.0571,72.2376,25,13,4,1.4732,5.08,0,1
23,"82.step",206,599,5,18646,0.0134512,846.632,6,25,9.25639,0.0109332,1.4732,6.81826,5.0688,46.0571,85.09,25,13,4,1.4732,5.08,0,1
23,"82.step",207,600,0,1600.86,0.00115486,542.006,3,7,7.10188,0.013103,1.1303,4.01363,38.1,49.2321,1.5875,7,3,3,1.1303,1.1303,0,1
23,"82.step",208,602,0,1600.86,0.00115486,542.006,3,7,7.10188,0.013103,1.1303,4.01363,-38.1,49.2321,1.5875,7,3,3,1.1303,1.1303,0,1
23,"82.step",209,634,0,30563.8,0.0220487,918.722,3,8,12.7674,0.013897,2.032,12.9717,-124.172,-68.2519,-66.675,8,3,0,2.032,2.032,0,1
23,"82.step",210,634,2,30563.8,0.0220487,918.722,3,8,12.7674,0.013897,2.032,12.9717,-104.14,-68.2519,-80.3275,8,3,0,2.032,2.032,0,1
23,"82.step",211,657,0,30563.8,0.0220487,918.722,3,8,12.7674,0.013897,2.032,12.9717,-124.172,20.6481,-66.675,8,3,0,2.032,2.032,0,1
23,"82.step",212,657,2,30563.8,0.0220487,918.722,3,8,12.7674,0.013897,2.032,12.9717,-104.14,20.6481,-80.3275,8,3,0,2.032,2.032,0,1
23,"82.step",213,679,0,8.47865,6.11649e-06,138.556,1,2,68.8933,0.497225,10.9647,377.698,88.9,-23.8019,177.8,2,0,0,0,0,0,0
23,"82.step",214,681,0,181.437,0.000130889,161.428,1,2,73.6521,0.456253,11.7221,431.679,66.9798,-23.8019,177.8,2,2,0,11.7221,13.97,0.5,0
23,"82.step",215,691,0,157.516,0.000113632,157.947,1,9,63.8372,0.404167,10.16,324.293,62.2808,-23.8019,177.8,9,2,0,10.668,10.668,0,0
23,"82.step",216,694,0,119.621,8.62949e-05,91.4467,1,2,37.5043,0.410122,5.969,111.932,81.915,-23.8019,177.8,2,2,0,5.969,8.5852,0.5,0
23,"82.step",217,696,0,99.264,7.1609e-05,61.4433,2,9,11.9695,0.194805,1.905,11.4009,80.264,-23.8019,174.275,9,9,4,0.635,5.969,1,1
23,"82.step",218,707,0,108.411,7.82079e-05,49.2675,1,5,7.66046,0.155487,1.2192,4.66982,-13.4874,-46.1539,195.117,5,2,1,1.2192,4.318,0.2,1
23,"82.step",219,709,0,88.5564,6.38846e-05,59.1622,1,5,17.5552,0.29673,2.794,24.5246,51.2826,-49.8623,195.117,5,2,0,2.794,4.318,0.2,0
23,"82.step",220,715,0,19.8548,1.43233e-05,25.2157,1,2,7.66046,0.303797,1.2192,4.66982,-13.4874,-47.5509,195.117,2,2,1,1.2192,2.794,0.5,1
23,"82.step",221,717,0,19.8548,1.43233e-05,25.2157,1,2,7.66046,0.303797,1.2192,4.66982,51.2826,-47.8303,195.117,2,2,1,1.2192,2.794,0.5,1
23,"82.step",222,725,0,731.571,0.000527755,275.123,1,24,73.8117,0.268287,11.7475,433.552,74.422,-23.8019,177.8,24,8,0,2.54,19.7485,0.333333,0
23,"82.step",223,726,0,708.318,0.00051098,261.133,1,19,73.8117,0.282659,11.7475,433.552,81.28,-23.8019,177.8,19,5,0,11.7475,19.7485,0.263158,0
23,"82.step",224,748,0,846.431,0.000610615,263.398,1,16,32.4104,0.123047,5.15828,83.5909,51.2826,-47.2772,185.415,16,0,0,0,0,0.625,0
23,"82.step",225,753,0,47.5491,3.43019e-05,35.6764,1,5,7.66046,0.21472,1.2192,4.66982,51.2826,-37.7719,139.237,5,2,1,1.2192,3.048,0.8,1
23,"82.step",226,758,0,52.1942,3.76529e-05,37.2004,1,5,7.66046,0.205924,1.2192,4.66982,-13.4874,-37.7719,139.237,5,2,1,1.2192,3.048,0.8,1
23,"82.step",227,763,0,19.411,1.40031e-05,25.0561,1,2,7.66046,0.305732,1.2192,4.66982,51.2826,-39.1435,139.237,2,2,1,1.2192,2.7686,0.5,1
23,"82.step",228,765,0,19.411,1.40031e-05,25.0561,1,2,7.66046,0.305732,1.2192,4.66982,-13.4874,-39.1435,139.237,2,2,1,1.2192,2.7686,0.5,1
23,"82.step",229,767,0,3123.36,0.00225319,541.698,3,35,82.55,0.152391,13.1382,542.281,-17.9578,-35.7145,150.934,35,7,0,2.667,4.318,0.0285714,0
23,"82.step",230,767,1,3123.36,0.00225319,541.698,3,35,29.54,0.0545322,4.70143,69.4401,-13.4874,-35.7145,141.667,35,7,0,2.667,4.318,0.0285714,1
23,"82.step",231,767,2,3123.36,0.00225319,541.698,3,35,28.016,0.0517188,4.45888,62.4599,51.2826,-35.7145,141.277,35,7,0,2.667,4.318,0.0285714,1
23,"82.step",232,809,0,1251.39,0.000902754,274.547,1,13,33.7712,0.123007,5.37485,90.7577,-13.4874,-50.7767,191.187,13,3,0,2.4765,4.318,0,0
23,"82.step",233,837,0,379.199,0.000273554,425.958,2,12,162.712,0.381992,25.8965,2106.84,16.637,-50.7259,162.897,12,0,0,0,0,0,0
23,"82.step",234,837,1,379.199,0.000273554,425.958,2,12,50.2412,0.117949,7.99614,200.868,-29.5148,-50.7259,162.897,12,0,0,0,0,0,0
23,"82.step",235,862,0,61.8118,4.4591e-05,41.4317,1,5,7.66046,0.184894,1.2192,4.66982,51.2826,-46.5095,195.117,5,2,1,1.2192,2.794,0.8,1
23,"82.step",236,871,0,1346.22,0.000971163,534.798,5,34,82.55,0.154357,13.1382,542.281,-17.9578,-41.3025,150.934,34,8,0,2.5019,18.2245,0.323529,0
23,"82.step",237,871,1,1346.22,0.000971163,534.798,5,34,54.7624,0.102398,8.71571,238.647,66.2305,-41.3025,166.149,34,8,0,2.5019,18.2245,0.323529,0
23,"82.step",238,871,2,1346.22,0.000971163,534.798,5,34,29.7267,0.0555849,4.73114,70.3205,72.7156,-41.3025,154.795,34,8,0,2.5019,18.2245,0.323529,1
23,"82.step",239,871,3,1346.22,0.000971163,534.798,5,34,17.3956,0.0325275,2.7686,24.0808,51.2826,-41.3025,139.237,34,8,0,2.5019,18.2245,0.323529,1
23,"82.step",240,871,4,1346.22,0.000971163,534.798,5,34,17.3956,0.0325275,2.7686,24.0808,-13.4874,-41.3025,139.237,34,8,0,2.5019,18.2245,0.323529,1
23,"82.step",241,900,0,5595.3,0.00403645,594.494,8,19,114.861,0.193208,18.2807,1049.87,-511.644,-12.3529,83.368,19,11,4,1.5875,6.35,0.578947,0
23,"82.step",242,900,1,5595.3,0.00403645,594.494,8,19,39.8982,0.0671129,6.35,126.677,-521.804,-1.38014,65.7703,19,11,4,1.5875,6.35,0.578947,1
23,"82.step",243,900,2,5595.3,0.00403645,594.494,8,19,39.8982,0.0671129,6.35,126.677,-502.119,0.34706,99.8657,19,11,4,1.5875,6.35,0.578947,1
23,"82.step",244,900,3,5595.3,0.00403645,594.494,8,19,39.8982,0.0671129,6.35,126.677,-502.119,32.0971,99.8657,19,11,4,1.5875,6.35,0.578947,1
23,"82.step",245,900,4,5595.3,0.00403645,594.494,8,19,9.97456,0.0167782,1.5875,7.9173,-532.599,-21.2429,47.0728,19,11,4,1.5875,6.35,0.578947,1
23,"82.step",246,900,5,5595.3,0.00403645,594.494,8,19,9.97456,0.0167782,1.5875,7.9173,-532.599,47.3371,47.0728,19,11,4,1.5875,6.35,0.578947,1
23,"82.step",247,900,6,5595.3,0.00403645,594.494,8,19,9.97456,0.0167782,1.5875,7.9173,-494.499,47.3371,113.064,19,11,4,1.5875,6.35,0.578947,1
23,"82.step",248,900,7,5595.3,0.00403645,594.494,8,19,9.97456,0.0167782,1.5875,7.9173,-494.499,-21.2429,113.064,19,11,4,1.5875,6.35,0.578947,1
23,"82.step",249,901,0,1839.29,0.00132687,629.178,5,12,269.24,0.427923,42.8509,5768.59,-512.185,13.0471,79.281,12,4,4,1.5875,1.5875,0.333333,0
23,"82.step",250,901,1,1839.29,0.00132687,629.178,5,12,9.97456,0.0158533,1.5875,7.9173,-531.235,-21.2429,46.2854,12,4,4,1.5875,1.5875,0.333333,1
23,"82.step",251,901,2,1839.29,0.00132687,629.178,5,12,9.97456,0.0158533,1.5875,7.9173,-531.235,47.3371,46.2854,12,4,4,1.5875,1.5875,0.333333,1
23,"82.step",252,901,3,1839.29,0.00132687,629.178,5,12,9.97456,0.0158533,1.5875,7.9173,-493.135,47.3371,112.277,12,4,4,1.5875,1.5875,0.333333,1
23,"82.step",253,901,4,1839.29,0.00132687,629.178,5,12,9.97456,0.0158533,1.5875,7.9173,-493.135,-21.2429,112.277,12,4,4,1.5875,1.5875,0.333333,1
23,"82.step",254,922,0,3391.05,0.0024463,1068.05,1,8,514.075,0.481322,81.8175,21030.2,-2.47686e-14,-107.948,104.323,8,4,0,14.351,41.656,0,0
23,"82.step",255,923,0,3391.05,0.0024463,1068.05,1,8,514.075,0.481322,81.8175,21030.2,-2.47686e-14,-117.474,104.323,8,4,0,14.351,41.656,0,0
23,"82.step",256,933,0,1767.14,0.00127482,379.033,7,8,99.7456,0.263158,15.875,791.73,7.47469e-14,-23.8019,-46.736,8,8,0,2.54,29.21,0,0
23,"82.step",257,1038,0,7986.5,0.00576146,634.52,7,21,100.863,0.158959,16.0528,809.565,5.6534,-82.5485,198.899,21,15,0,2.4765,28.7528,0,0
23,"82.step",258,1038,1,7986.5,0.00576146,634.52,7,21,100.863,0.158959,16.0528,809.565,-5.6534,-82.5485,156.701,21,15,0,2.4765,28.7528,0,0
23,"82.step",259,1038,2,7986.5,0.00576146,634.52,7,21,19.9491,0.0314397,3.175,31.6692,8.90444e-17,-82.5485,177.8,21,15,0,2.4765,28.7528,0,1
23,"82.step",260,1038,3,7986.5,0.00576146,634.52,7,21,15.5603,0.024523,2.4765,19.2676,-1.14159e-16,-82.5485,123.825,21,15,0,2.4765,28.7528,0,1
23,"82.step",261,1038,5,7986.5,0.00576146,634.52,7,21,15.5603,0.024523,2.4765,19.2676,-40.1507,-82.5485,177.8,21,15,0,2.4765,28.7528,0,1
23,"82.step",262,1038,6,7986.5,0.00576146,634.52,7,21,15.5603,0.024523,2.4765,19.2676,40.1507,-82.5485,177.8,21,15,0,2.4765,28.7528,0,1
23,"82.step",263,1039,0,7654.96,0.00552229,715.593,7,21,100.863,0.14095,16.0528,809.565,5.6534,-88.8985,198.899,21,11,0,3.175,28.7528,0,0
23,"82.step",264,1039,1,7654.96,0.00552229,715.593,7,21,100.863,0.14095,16.0528,809.565,-5.6534,-88.8985,156.701,21,11,0,3.175,28.7528,0,0
23,"82.step",265,1039,2,7654.96,0.00552229,715.593,7,21,35.8286,0.0500684,5.7023,102.153,-40.1507,-88.8985,177.8,21,11,0,3.175,28.7528,0,1
23,"82.step",266,1039,3,7654.96,0.00552229,715.593,7,21,35.8286,0.0500684,5.7023,102.153,40.1507,-88.8985,177.8,21,11,0,3.175,28.7528,0,1
23,"82.step",267,1039,4,7654.96,0.00552229,715.593,7,21,35.8286,0.0500684,5.7023,102.153,2.02036e-15,-88.8985,219.075,21,11,0,3.175,28.7528,0,1
23,"82.step",268,1044,0,310.539,0.000224023,135.606,3,7,7.10188,0.0523716,1.1303,4.01363,2.8014e-14,-85.7235,228.6,7,3,3,1.1303,1.1303,0,1
23,"82.step",269,1044,1,310.539,0.000224023,135.606,3,7,7.10188,0.0523716,1.1303,4.01363,19.05,-85.7235,228.6,7,3,3,1.1303,1.1303,0,1
23,"82.step",270,1044,2,310.539,0.000224023,135.606,3,7,7.10188,0.0523716,1.1303,4.01363,-19.05,-85.7235,228.6,7,3,3,1.1303,1.1303,0,1
23,"82.step",271,1124,0,38.3071,2.76347e-05,43.0901,1,2,15.9593,0.37037,2.54,20.2683,-13.4874,-41.3025,139.237,2,2,0,2.54,4.318,0.5,0
23,"82.step",272,1126,0,38.3071,2.76347e-05,43.0901,1,2,15.9593,0.37037,2.54,20.2683,-13.4874,-50.7767,195.117,2,2,0,2.54,4.318,0.5,0
23,"82.step",273,1127,0,38.3071,2.76347e-05,43.0901,1,2,15.9593,0.37037,2.54,20.2683,51.2826,-49.8623,195.117,2,2,0,2.54,4.318,0.5,0
23,"82.step",274,1129,0,15.2012,1.09662e-05,23.9389,1,2,7.97965,0.333333,1.27,5.06707,-13.4874,-47.5509,195.117,2,2,1,1.27,2.54,0,1
23,"82.step",275,1131,0,15.2012,1.09662e-05,23.9389,1,2,7.97965,0.333333,1.27,5.06707,51.2826,-47.8303,195.117,2,2,1,1.27,2.54,0,1
23,"82.step",276,1133,0,15.2012,1.09662e-05,23.9389,1,2,7.97965,0.333333,1.27,5.06707,51.2826,-39.1435,139.237,2,2,1,1.27,2.54,0,1
23,"82.step",277,1135,0,15.2012,1.09662e-05,23.9389,1,2,7.97965,0.333333,1.27,5.06707,-13.4874,-39.1435,139.237,2,2,1,1.27,2.54,0,1
23,"82.step",278,1165,0,38.3071,2.76347e-05,43.0901,1,2,15.9593,0.37037,2.54,20.2683,51.2826,-41.3025,139.237,2,2,0,2.54,4.318,0.5,0
23,"82.step",279,1179,0,245.863,0.000177365,82.0308,1,2,22.1834,0.270428,3.5306,39.1604,-40.1507,-82.5485,177.8,2,1,0,9.525,9.525,0,0
23,"82.step",280,1181,0,243.286,0.000175506,82.7489,1,2,22.9016,0.27676,3.6449,41.737,2.13217e-16,-82.5485,219.075,2,1,0,9.525,9.525,0,0
23,"82.step",281,1184,0,245.863,0.000177365,82.0308,1,2,22.1834,0.270428,3.5306,39.1604,40.1507,-82.5485,177.8,2,1,0,9.525,9.525,0,0
23,"82.step",282,1209,0,1127.04,0.000813045,409.503,5,9,7.10188,0.0173427,1.1303,4.01363,1.38649e-14,38.1196,114.3,9,5,5,1.1303,1.1303,0,1
23,"82.step",283,1209,1,1127.04,0.000813045,409.503,5,9,7.10188,0.0173427,1.1303,4.01363,145.087,38.1196,114.3,9,5,5,1.1303,1.1303,0,1
23,"82.step",284,1209,2,1127.04,0.000813045,409.503,5,9,7.10188,0.0173427,1.1303,4.01363,81.5867,38.1196,114.3,9,5,5,1.1303,1.1303,0,1
23,"82.step",285,1209,3,1127.04,0.000813045,409.503,5,9,7.10188,0.0173427,1.1303,4.01363,19.05,38.1196,114.3,9,5,5,1.1303,1.1303,0,1
23,"82.step",286,1209,4,1127.04,0.000813045,409.503,5,9,7.10188,0.0173427,1.1303,4.01363,-19.05,38.1196,114.3,9,5,5,1.1303,1.1303,0,1
23,"82.step",287,1232,0,11488.1,0.0082875,819.369,5,21,100.863,0.123098,16.0528,809.565,5.6534,34.9446,198.899,21,14,2,1.4732,28.7528,0,0
23,"82.step",288,1232,1,11488.1,0.0082875,819.369,5,21,100.863,0.123098,16.0528,809.565,-5.6534,34.9446,156.701,21,14,2,1.4732,28.7528,0,0
23,"82.step",289,1232,2,11488.1,0.0082875,819.369,5,21,24.9364,0.0304337,3.96875,49.4832,-5.59482e-17,34.9446,177.8,21,14,2,1.4732,28.7528,0,1
23,"82.step",290,1232,3,11488.1,0.0082875,819.369,5,21,9.25639,0.011297,1.4732,6.81826,152.072,34.9446,133.35,21,14,2,1.4732,28.7528,0,1
23,"82.step",291,1233,0,11488.1,0.0082875,819.369,5,21,100.863,0.123098,16.0528,809.565,5.6534,41.2946,198.899,21,14,2,1.4732,28.7528,0,0
23,"82.step",292,1233,1,11488.1,0.0082875,819.369,5,21,100.863,0.123098,16.0528,809.565,-5.6534,41.2946,156.701,21,14,2,1.4732,28.7528,0,0
23,"82.step",293,1233,2,11488.1,0.0082875,819.369,5,21,24.9364,0.0304337,3.96875,49.4832,-5.59482e-17,41.2946,177.8,21,14,2,1.4732,28.7528,0,1
23,"82.step",294,1233,3,11488.1,0.0082875,819.369,5,21,9.25639,0.011297,1.4732,6.81826,152.072,41.2946,133.35,21,14,2,1.4732,28.7528,0,1
23,"82.step",295,1243,0,94.4989,6.81715e-05,60.0069,1,2,20.1087,0.335106,3.2004,32.178,1.0407e-16,46.0571,177.8,2,2,0,3.2004,6.35,0,0
23,"82.step",296,1245,0,94.4989,6.81715e-05,60.0069,1,2,20.1087,0.335106,3.2004,32.178,1.0407e-16,41.2946,177.8,2,2,0,3.2004,6.35,0,0
23,"82.step",297,1248,0,21.1621,1.52664e-05,31.4398,1,2,11.4907,0.365482,1.8288,10.5071,3.82459e-15,30.1821,203.2,2,2,1,1.8288,3.175,0,1
23,"82.step",298,1251,0,94.4989,6.81715e-05,60.0069,1,2,20.1087,0.335106,3.2004,32.178,1.0407e-16,34.9446,177.8,2,2,0,3.2004,6.35,0,0
23,"82.step",299,1253,0,94.4989,6.81715e-05,60.0069,1,2,20.1087,0.335106,3.2004,32.178,1.0407e-16,30.1821,177.8,2,2,0,3.2004,6.35,0,0
23,"82.step",300,1262,0,562.295,0.000405639,174.602,3,11,24.9364,0.142819,3.96875,49.4832,-1.86867e-14,30.1821,177.8,11,7,2,1.8288,7.62,0,0
23,"82.step",301,1263,0,562.295,0.000405639,174.602,3,11,24.9364,0.142819,3.96875,49.4832,-1.86867e-14,23.8321,177.8,11,7,2,1.8288,7.62,0,0
23,"82.step",302,1263,1,562.295,0.000405639,174.602,3,11,11.4907,0.0658108,1.8288,10.5071,3.82459e-15,23.8321,203.2,11,7,2,1.8288,7.62,0,1
23,"82.step",303,1282,0,6572.9,0.00474169,417.525,6,10,9.25639,0.0221697,1.4732,6.81826,3.57966e-14,38.1196,234.95,10,6,6,1.4732,1.4732,0,1
23,"82.step",304,1282,1,6572.9,0.00474169,417.525,6,10,9.25639,0.0221697,1.4732,6.81826,3.57966e-14,-85.7235,234.95,10,6,6,1.4732,1.4732,0,1
23,"82.step",305,1282,2,6572.9,0.00474169,417.525,6,10,9.25639,0.0221697,1.4732,6.81826,19.05,-85.7235,234.95,10,6,6,1.4732,1.4732,0,1
23,"82.step",306,1282,3,6572.9,0.00474169,417.525,6,10,9.25639,0.0221697,1.4732,6.81826,-19.05,-85.7235,234.95,10,6,6,1.4732,1.4732,0,1
23,"82.step",307,1282,4,6572.9,0.00474169,417.525,6,10,9.25639,0.0221697,1.4732,6.81826,19.05,38.1196,234.95,10,6,6,1.4732,1.4732,0,1
23,"82.step",308,1282,5,6572.9,0.00474169,417.525,6,10,9.25639,0.0221697,1.4732,6.81826,-19.05,38.1196,234.95,10,6,6,1.4732,1.4732,0,1
23,"82.step",309,1289,2,19795.5,0.0142805,733.836,13,20,9.25639,0.0126137,1.4732,6.81826,26.67,6.05214,107.95,20,14,13,1.4732,19.05,0,1
23,"82.step",310,1289,3,19795.5,0.0142805,733.836,13,20,9.25639,0.0126137,1.4732,6.81826,152.072,-47.6054,107.95,20,14,13,1.4732,19.05,0,1
23,"82.step",311,1289,4,19795.5,0.0142805,733.836,13,20,9.25639,0.0126137,1.4732,6.81826,152.072,-15.8554,107.95,20,14,13,1.4732,19.05,0,1
23,"82.step",312,1289,5,19795.5,0.0142805,733.836,13,20,9.25639,0.0126137,1.4732,6.81826,152.072,15.8946,107.95,20,14,13,1.4732,19.05,0,1
23,"82.step",313,1289,6,19795.5,0.0142805,733.836,13,20,9.25639,0.0126137,1.4732,6.81826,81.5867,38.1196,107.95,20,14,13,1.4732,19.05,0,1
23,"82.step",314,1289,7,19795.5,0.0142805,733.836,13,20,9.25639,0.0126137,1.4732,6.81826,145.087,38.1196,107.95,20,14,13,1.4732,19.05,0,1
23,"82.step",315,1289,8,19795.5,0.0142805,733.836,13,20,9.25639,0.0126137,1.4732,6.81826,-12.7,6.05214,107.95,20,14,13,1.4732,19.05,0,1
23,"82.step",316,1306,0,438.331,0.000316212,109.082,2,10,9.73517,0.0892467,1.5494,7.54183,-14.992,17.3551,90.2462,10,2,2,1.5494,1.5494,0,1
23,"82.step",317,1306,1,438.331,0.000316212,109.082,2,10,9.73517,0.0892467,1.5494,7.54183,-4.578,39.5801,90.2462,10,2,2,1.5494,1.5494,0,1
23,"82.step",318,1315,0,93.4063,6.73833e-05,67.2592,2,12,13.6652,0.203172,2.17488,14.8601,-13.3156,43.5171,85.09,12,0,0,0,0,0.666667,1
23,"82.step",319,1315,1,93.4063,6.73833e-05,67.2592,2,12,13.6652,0.203172,2.17488,14.8601,-8.0324,43.5171,85.09,12,0,0,0,0,0.666667,1
23,"82.step",320,1316,0,284.802,0.000205456,90.1192,1,8,13.6652,0.151635,2.17488,14.8601,-17.7352,31.5664,85.09,8,0,0,0,0,0.5,1
23,"82.step",321,1317,0,283.834,0.000204758,90.424,1,8,13.97,0.154494,2.22339,15.5304,-1.8348,31.6426,85.09,8,0,0,0,0,0.5,1
23,"82.step",322,1342,0,438.331,0.000316212,109.082,2,10,9.73517,0.0892467,1.5494,7.54183,14.992,17.3551,67.0814,10,2,2,1.5494,1.5494,0,1
23,"82.step",323,1342,1,438.331,0.000316212,109.082,2,10,9.73517,0.0892467,1.5494,7.54183,4.578,39.5801,67.0814,10,2,2,1.5494,1.5494,0,1
23,"82.step",324,1351,0,93.4063,6.73833e-05,67.2592,2,12,13.6652,0.203172,2.17488,14.8601,13.3156,43.5171,72.2376,12,0,0,0,0,0.666667,1
23,"82.step",325,1351,1,93.4063,6.73833e-05,67.2592,2,12,13.6652,0.203172,2.17488,14.8601,8.0324,43.5171,72.2376,12,0,0,0,0,0.666667,1
23,"82.step",326,1352,0,284.802,0.000205456,90.1192,1,8,13.6652,0.151635,2.17488,14.8601,17.7352,31.5664,72.2376,8,0,0,0,0,0.5,1
23,"82.step",327,1353,0,283.834,0.000204758,90.424,1,8,13.97,0.154494,2.22339,15.5304,1.8348,31.6426,72.2376,8,0,0,0,0,0.5,1
23,"82.step",328,1378,0,35.4171,2.55499e-05,47.9762,1,7,17.236,0.359262,2.7432,23.6409,5.0688,42.2471,85.09,7,5,5,1.27,1.27,0,1
23,"82.step",329,1457,0,321.272,0.000231766,149.562,2,12,17.236,0.115243,2.7432,23.6409,5.0688,46.0571,85.09,12,8,8,1.27,1.27,0,1
23,"82.step",330,1457,1,321.272,0.000231766,149.562,2,12,17.236,0.115243,2.7432,23.6409,-5.0688,46.0571,72.2376,12,8,8,1.27,1.27,0,1
23,"82.step",331,1461,0,35.4171,2.55499e-05,47.9762,1,7,17.236,0.359262,2.7432,23.6409,-5.0688,42.2471,72.2376,7,5,5,1.27,1.27,0,1
23,"82.step",332,1463,0,230.511,0.00016629,115.595,1,8,17.7148,0.153249,2.8194,24.9726,14.992,17.3551,90.2462,8,6,6,1.27,1.27,0,1
23,"82.step",333,1464,0,777.748,0.000561067,160.468,2,11,17.7148,0.110395,2.8194,24.9726,4.578,39.5801,77.3938,11,7,7,1.27,1.27,0,1
23,"82.step",334,1465,0,230.511,0.00016629,115.595,1,8,17.7148,0.153249,2.8194,24.9726,-14.992,17.3551,67.0814,8,6,6,1.27,1.27,0,1
23,"82.step",335,1467,0,777.748,0.000561067,160.468,2,11,17.7148,0.110395,2.8194,24.9726,-4.578,39.5801,79.9338,11,7,7,1.27,1.27,0,1
23,"82.step",336,1478,0,350.336,0.000252732,139.774,2,6,7.10188,0.0508097,1.1303,4.01363,26.67,6.05214,107.95,6,4,2,1.1303,74.3248,0.166667,1
23,"82.step",337,1478,1,350.336,0.000252732,139.774,2,6,7.10188,0.0508097,1.1303,4.01363,-12.7,6.05214,107.95,6,4,2,1.1303,74.3248,0.166667,1
24,"84.step",0,287,0,466.016,0.000330037,252.586,1,2,114.7,0.454105,18.2551,1046.94,549,7.78458e-16,607,2,0,0,0,0,0,0
24,"84.step",1,300,0,917.823,0.00065001,355.298,1,2,161.418,0.454317,25.6905,2073.45,365,8.29735e-16,607,2,0,0,0,0,0,0
24,"84.step",2,304,0,2354.63,0.00166757,539.136,1,2,242.127,0.449101,38.5357,4665.27,215,1.47508e-15,607,2,0,0,0,0,0,0
24,"84.step",3,448,0,3215.66,0.00227736,918.761,1,8,437.389,0.476064,69.6127,15223.9,0,-90,817,8,4,0,15.5,22.5,0,0
24,"84.step",4,455,0,3894.94,0.00275843,779.105,1,2,358.142,0.459684,57,10207,2.69258e-13,5.48489e-15,712,2,0,0,0,0,0,0
24,"84.step",5,529,0,466.016,0.000330037,252.586,1,2,114.7,0.454105,18.2551,1046.94,-549,7.78458e-16,607,2,0,0,0,0,0,0
24,"84.step",6,541,0,917.823,0.00065001,355.298,1,2,161.418,0.454317,25.6905,2073.45,-365,8.29735e-16,607,2,0,0,0,0,0,0
24,"84.step",7,546,0,2354.63,0.00166757,539.136,1,2,242.127,0.449101,38.5357,4665.27,-215,1.47508e-15,607,2,0,0,0,0,0,0
25,"85.step",0,2,0,114.306,0.00198439,52.3664,1,2,12.4682,0.238095,1.98438,12.3708,-27.305,1.47144e-14,24.13,2,2,1,1.98438,6.35,0,1
25,"85.step",1,4,0,114.306,0.00198439,52.3664,1,2,12.4682,0.238095,1.98438,12.3708,-22.5425,1.53858e-14,24.13,2,2,1,1.98438,6.35,0,1
25,"85.step",2,13,0,5.44315,9.44945e-05,27.43,1,2,12.4682,0.454545,1.98438,12.3708,22.5425,1.5106e-15,24.13,2,2,1,1.98438,2.38125,0.5,1
25,"85.step",3,17,0,53.4418,0.000927765,44.8855,1,2,14.9618,0.333333,2.38125,17.8139,-17.4625,1.86494e-14,24.13,2,2,0,2.38125,4.7625,1,0
25,"85.step",4,20,0,53.4418,0.000927765,44.8855,1,2,14.9618,0.333333,2.38125,17.8139,17.4625,1.64581e-14,24.13,2,2,0,2.38125,4.7625,1,0
25,"85.step",5,35,0,114.306,0.00198439,52.3664,1,2,12.4682,0.238095,1.98438,12.3708,27.305,2.36102e-14,24.13,2,2,1,1.98438,6.35,0,1
25,"85.step",6,64,0,403.5,0.00700487,306.97,1,97,79.7965,0.259949,12.7,506.707,-6.04241e-14,4.7752,1.81832e-15,97,49,48,0.635,12.7,0,0
25,"85.step",7,65,0,403.5,0.00700487,306.97,1,97,79.7965,0.259949,12.7,506.707,-6.04241e-14,-4.7498,1.81832e-15,97,49,48,0.635,12.7,0,0
25,"85.step",8,66,0,11.6575,0.000202378,139.175,1,37,63.8372,0.458684,10.16,324.293,-4.77308e-14,4.7752,1.04903e-15,37,37,18,0.762,10.16,0.243243,0
25,"85.step",9,67,0,165.389,0.0028712,108.523,1,2,44.686,0.411765,7.112,158.903,-3.39686e-14,-4.7498,1.24884e-16,2,1,0,10.16,10.16,0,0
25,"85.step",10,68,0,108.863,0.00188989,54.8601,1,2,14.9618,0.272727,2.38125,17.8139,-1.14228e-14,-6.35,-2.00481e-15,2,2,0,2.38125,6.35,0,0
25,"85.step",11,70,0,180.542,0.00313425,105.825,1,55,14.9618,0.141383,2.38125,17.8139,-1.14228e-14,12.2682,-2.00481e-15,55,37,27,0.762,9.906,0,1
25,"85.step",12,71,0,72.9659,0.00126671,143.634,1,2,68.6249,0.477778,10.922,374.761,5.23702e-14,-3.1623,-7.56277e-15,2,0,0,0,0,0,0
25,"85.step",13,72,0,72.9659,0.00126671,143.634,1,2,68.6249,0.477778,10.922,374.761,-5.23702e-14,3.1877,1.30112e-15,2,0,0,0,0,0,0
25,"85.step",14,287,0,165.389,0.0028712,108.523,1,2,44.686,0.411765,7.112,158.903,29.063,6.0325,-13.5523,2,1,0,10.16,10.16,0,0
25,"85.step",15,301,0,675.948,0.0117346,183.532,1,2,68.6249,0.373913,10.922,374.761,29.063,13.97,-13.5523,2,0,0,0,0,0,0
25,"85.step",16,311,0,108.863,0.00188989,54.8601,1,2,14.9618,0.272727,2.38125,17.8139,29.063,17.145,-13.5523,2,2,0,2.38125,6.35,0,0
25,"85.step",17,377,0,579.46,0.0100596,392.851,1,141,119.695,0.304682,19.05,1140.09,29.063,6.0325,-13.5523,141,85,84,0.635,19.05,0,0
25,"85.step",18,390,0,165.389,0.0028712,108.523,1,2,44.686,0.411765,7.112,158.903,29.063,15.5575,-13.5523,2,1,0,10.16,10.16,0,0
25,"85.step",19,403,0,675.948,0.0117346,183.532,1,2,68.6249,0.373913,10.922,374.761,29.063,7.62,-13.5523,2,0,0,0,0,0,0
25,"85.step",20,413,0,579.46,0.0100596,392.851,1,141,119.695,0.304682,19.05,1140.09,29.063,15.5575,-13.5523,141,85,84,0.635,19.05,0,0
25,"85.step",21,418,0,108.863,0.00188989,54.8601,1,2,14.9618,0.272727,2.38125,17.8139,29.063,4.445,-13.5523,2,2,0,2.38125,6.35,0,0
25,"85.step",22,623,0,21.6332,0.000375559,41.2947,1,2,17.3557,0.42029,2.76225,23.9704,29.063,4.445,-13.5523,2,1,0,3.81,3.81,0,0
25,"85.step",23,716,0,21.6332,0.000375559,41.2947,1,2,17.3557,0.42029,2.76225,23.9704,-1.20578e-16,-6.35,1.32636e-14,2,1,0,3.81,3.81,0,0
25,"85.step",24,844,0,32.7986,0.000569392,47.6923,1,9,7.50087,0.157276,1.1938,4.47727,-17.2466,0,15.24,9,6,2,0.898937,6.35,0.111111,1
25,"85.step",25,846,0,57.9876,0.00100668,68.4563,1,24,7.50087,0.109572,1.1938,4.47727,19.05,0,15.24,24,14,7,0.762,26.67,0.125,1
25,"85.step",26,928,0,2166.6,0.0376128,727.497,9,76,62.5844,0.086027,9.96062,311.69,45.7461,-9.8425,-14.2807,76,55,34,0.762,25.4,0,0
25,"85.step",27,928,1,2166.6,0.0376128,727.497,9,76,62.5844,0.086027,9.96062,311.69,41.3748,-9.8425,-2.27062,76,55,34,0.762,25.4,0,0
25,"85.step",28,928,2,2166.6,0.0376128,727.497,9,76,62.5844,0.086027,9.96062,311.69,28.3346,-9.8425,-30.2354,76,55,34,0.762,25.4,0,0
25,"85.step",29,928,3,2166.6,0.0376128,727.497,9,76,62.5844,0.086027,9.96062,311.69,40.3447,-9.8425,-25.8641,76,55,34,0.762,25.4,0,0
25,"85.step",30,928,4,2166.6,0.0376128,727.497,9,76,57.9961,0.07972,9.23037,267.663,31.0836,-9.8425,2.90414,76,55,34,0.762,25.4,0,0
25,"85.step",31,928,5,2166.6,0.0376128,727.497,9,76,57.9961,0.07972,9.23037,267.663,17.7555,-9.8425,-25.6782,76,55,34,0.762,25.4,0,0
25,"85.step",32,928,6,2166.6,0.0376128,727.497,9,76,50.3886,0.0692629,8.0196,202.048,15.81,-9.8425,-17.4799,76,55,34,0.762,25.4,0,0
25,"85.step",33,928,7,2166.6,0.0376128,727.497,9,76,50.3886,0.0692629,8.0196,202.048,23.5528,-9.8425,-0.875269,76,55,34,0.762,25.4,0,0
25,"85.step",34,928,8,2166.6,0.0376128,727.497,9,76,14.9618,0.0205662,2.38125,17.8139,29.063,-9.8425,-13.5523,76,55,34,0.762,25.4,0,1
25,"85.step",35,941,0,18.9583,0.000329121,24.7373,1,3,7.50087,0.303221,1.1938,4.47727,2.75237,0,-24.1898,3,2,1,1.1938,2.7559,0.333333,1
25,"85.step",36,1001,0,7.89352,0.000137034,19.9691,1,2,7.50087,0.375624,1.1938,4.47727,2.75237,76.8907,-24.1898,2,2,2,1.1938,1.98438,0.5,1
25,"85.step",37,1015,0,7.46312,0.000129562,19.8841,1,4,7.50087,0.377229,1.1938,4.47727,-17.2466,76.8907,15.24,4,2,2,1.1938,1.98438,0.25,1
25,"85.step",38,1026,0,18.9583,0.000329121,24.7373,1,3,7.50087,0.303221,1.1938,4.47727,2.75237,68.0642,-24.1898,3,2,1,1.1938,2.7559,0,1
25,"85.step",39,1030,0,1638.33,0.0284419,514.774,1,40,170.322,0.330869,27.1077,2308.52,28.3938,88.0667,-13.2405,40,18,17,0.762,5.08,0.2,0
25,"85.step",40,1084,0,43.0921,0.000748092,46.4434,1,8,7.50087,0.161506,1.1938,4.47727,-17.2466,68.0642,15.24,8,5,1,1.1938,19.9832,0,1
25,"85.step",41,1085,0,21.6332,0.000375559,41.2947,1,2,17.3557,0.42029,2.76225,23.9704,-1.20578e-16,80.4467,-1.32636e-14,2,1,0,3.81,3.81,0,0
25,"85.step",42,1113,0,57.1028,0.00099132,49.2743,1,2,17.3557,0.352227,2.76225,23.9704,29.063,85.2092,-13.5523,2,1,0,5.08,5.08,0,0
25,"85.step",43,1163,0,1875.53,0.0325596,195.101,1,3,36.7064,0.18814,5.842,107.219,29.063,86.7967,-13.5523,3,0,0,0,0,0,0
25,"85.step",44,1193,0,69.2271,0.0012018,63.5032,1,49,17.3557,0.273305,2.76225,23.9704,29.063,91.8767,-13.5523,49,32,16,0.762,12.7,0,1
25,"85.step",45,1288,0,7.89352,0.000137034,19.9691,1,2,7.50087,0.375624,1.1938,4.47727,19.05,76.8907,15.24,2,2,2,1.1938,1.98438,0.5,1
25,"85.step",46,1345,0,48.7013,0.000845468,61.121,1,16,7.50087,0.122722,1.1938,4.47727,19.05,68.0642,15.24,16,7,2,0.762,27.94,0,1
25,"85.step",47,1398,0,7.89352,0.000137034,19.9691,1,2,7.50087,0.375624,1.1938,4.47727,19.05,128.382,15.24,2,1,1,1.1938,1.1938,0.5,1
25,"85.step",48,1406,0,7.89352,0.000137034,19.9691,1,2,7.50087,0.375624,1.1938,4.47727,-17.2466,128.382,15.24,2,1,1,1.1938,1.1938,0.5,1
25,"85.step",49,1414,0,7.89352,0.000137034,19.9691,1,2,7.50087,0.375624,1.1938,4.47727,2.75237,128.382,-24.1898,2,1,1,1.1938,1.1938,0.5,1
26,"88.step",0,2,0,792.273,0.0297917,792.273,1,16,389.853,0.492069,62.047,12094.6,-4.66583e-15,-5.83229e-16,10.04,16,8,0,7.25,9.25,0,0
26,"88.step",1,14,0,431.386,0.0162213,149.549,1,9,28,0.18723,4.45634,62.3887,-9.87,70.155,4.98527,9,4,2,0.5,9.25,0,0
26,"88.step",2,18,0,851.352,0.0320133,331.7,1,8,72,0.217064,11.4592,412.53,-33.42,-36.155,5.5,8,2,0,8.25,8.25,0.25,0
26,"88.step",3,28,0,1034.07,0.0388839,334.7,1,8,72,0.215118,11.4592,412.53,-34.42,-36.155,5.5,8,3,1,0.5,9.25,0,0
26,"88.step",4,31,0,8827.76,0.331949,523.815,3,23,54.5298,0.104101,8.67868,236.623,-21.92,-56.1642,1,23,11,6,1,8.25,0.347826,0
26,"88.step",5,31,1,8827.76,0.331949,523.815,3,23,51.1416,0.097633,8.13944,208.132,-0.170618,56.655,1,23,11,6,1,8.25,0.347826,0
26,"88.step",6,31,2,8827.76,0.331949,523.815,3,23,22.0072,0.0420133,3.50255,38.5406,12.92,-60.655,1,23,11,6,1,8.25,0.347826,1
26,"88.step",7,57,0,355.904,0.013383,145.618,1,9,28,0.192283,4.45634,62.3887,-9.87,69.155,4.98527,9,3,1,1.56711,8.25,0.222222,0
28,"99.step",0,1,0,14712,0.00302619,575.096,4,8,19.9491,0.0346883,3.175,31.6692,-31.75,177.8,-889,8,5,0,3.175,6.35,0,1
28,"99.step",1,1,1,14712,0.00302619,575.096,4,8,19.9491,0.0346883,3.175,31.6692,31.75,177.8,-889,8,5,0,3.175,6.35,0,1
28,"99.step",2,1,2,14712,0.00302619,575.096,4,8,19.9491,0.0346883,3.175,31.6692,31.75,241.3,-889,8,5,0,3.175,6.35,0,1
28,"99.step",3,1,3,14712,0.00302619,575.096,4,8,19.9491,0.0346883,3.175,31.6692,-31.75,241.3,-889,8,5,0,3.175,6.35,0,1
28,"99.step",4,28,0,687.053,0.000141324,360.658,1,16,168.359,0.466812,26.7952,2255.61,584.2,279.4,-914.4,16,8,0,2.54,6.35,0,0
28,"99.step",5,29,0,687.053,0.000141324,360.658,1,16,168.359,0.466812,26.7952,2255.61,-584.2,279.4,-914.4,16,8,0,2.54,6.35,0,0
28,"99.step",6,51,0,687.053,0.000141324,360.658,1,16,168.359,0.466812,26.7952,2255.61,584.2,-279.4,-914.4,16,8,0,2.54,6.35,0,0
28,"99.step",7,65,0,687.053,0.000141324,360.658,1,16,168.359,0.466812,26.7952,2255.61,-584.2,-279.4,-914.4,16,8,0,2.54,6.35,0,0
28,"99.step",8,89,0,687.053,0.000141324,360.658,1,16,168.359,0.466812,26.7952,2255.61,-609.6,-304.8,2.02579e-15,16,8,0,2.54,6.35,0,0
28,"99.step",9,107,0,32744.8,0.00673546,1863.25,2,6,39.8982,0.0214133,6.35,126.677,-609.6,254,-568.96,6,4,0,3.175,6.35,0.333333,1
28,"99.step",10,107,1,32744.8,0.00673546,1863.25,2,6,19.9491,0.0107066,3.175,31.6692,-609.6,254,-746.76,6,4,0,3.175,6.35,0.333333,1
28,"99.step",11,109,0,32744.8,0.00673546,1863.25,2,6,39.8982,0.0214133,6.35,126.677,-609.6,257.81,-568.96,6,4,0,2.54,6.35,0.333333,1
28,"99.step",12,109,1,32744.8,0.00673546,1863.25,2,6,19.9491,0.0107066,3.175,31.6692,-609.6,257.81,-746.76,6,4,0,2.54,6.35,0.333333,1
28,"99.step",13,113,0,32744.8,0.00673546,1863.25,2,6,39.8982,0.0214133,6.35,126.677,-609.6,300.99,-568.96,6,4,0,2.54,6.35,0.333333,1
28,"99.step",14,113,1,32744.8,0.00673546,1863.25,2,6,19.9491,0.0107066,3.175,31.6692,-609.6,300.99,-746.76,6,4,0,2.54,6.35,0.333333,1
28,"99.step",15,117,0,34118.9,0.00701811,2432.16,4,34,168.359,0.0692221,26.7952,2255.61,-609.6,304.8,-914.4,34,20,0,2.54,6.35,0,0
28,"99.step",16,117,2,34118.9,0.00701811,2432.16,4,34,39.8982,0.0164044,6.35,126.677,-609.6,304.8,-568.96,34,20,0,2.54,6.35,0,1
28,"99.step",17,117,3,34118.9,0.00701811,2432.16,4,34,19.9491,0.00820221,3.175,31.6692,-609.6,304.8,-746.76,34,20,0,2.54,6.35,0,1
28,"99.step",18,155,2,34118.9,0.00701811,2432.16,4,34,39.8982,0.0164044,6.35,126.677,-609.6,-304.8,-568.96,34,20,0,2.54,6.35,0,1
28,"99.step",19,155,3,34118.9,0.00701811,2432.16,4,34,19.9491,0.00820221,3.175,31.6692,-609.6,-304.8,-746.76,34,20,0,2.54,6.35,0,1
28,"99.step",20,170,0,32744.8,0.00673546,1863.25,2,6,39.8982,0.0214133,6.35,126.677,-609.6,-300.99,-568.96,6,4,0,2.54,6.35,0.333333,1
28,"99.step",21,170,1,32744.8,0.00673546,1863.25,2,6,19.9491,0.0107066,3.175,31.6692,-609.6,-300.99,-746.76,6,4,0,2.54,6.35,0.333333,1
28,"99.step",22,174,0,32744.8,0.00673546,1863.25,2,6,39.8982,0.0214133,6.35,126.677,-609.6,-257.81,-568.96,6,4,0,2.54,6.35,0.333333,1
28,"99.step",23,174,1,32744.8,0.00673546,1863.25,2,6,19.9491,0.0107066,3.175,31.6692,-609.6,-257.81,-746.76,6,4,0,2.54,6.35,0.333333,1
28,"99.step",24,176,0,32744.8,0.00673546,1863.25,2,6,39.8982,0.0214133,6.35,126.677,-609.6,-254,-568.96,6,4,0,3.175,6.35,0.333333,1
28,"99.step",25,176,1,32744.8,0.00673546,1863.25,2,6,19.9491,0.0107066,3.175,31.6692,-609.6,-254,-746.76,6,4,0,3.175,6.35,0.333333,1
28,"99.step",26,214,0,34277.3,0.00705068,2372.32,2,32,168.359,0.0709684,26.7952,2255.61,609.6,304.8,-914.4,32,18,0,2.54,6.35,0,0
28,"99.step",27,215,0,687.053,0.000141324,360.658,1,16,168.359,0.466812,26.7952,2255.61,609.6,-304.8,1.6238e-15,16,8,0,2.54,6.35,0,0
